原書小韻號,小韻字號,字,poem_小韻內字序,poem_字,sbgy_id,sbgy_字,ytenx_小韻內字序,ytenx_流水序,ytenx_字
1,1,東,1,東,w107b0601,東,1,1,東
1,2,菄,2,菄,w107b1001,菄,2,2,菄
1,3,鶇,3,鶇,w107b1002,鶇,3,3,鶇
1,4,䍶,4,䍶,w107b1003,䍶,4,4,䍶
1,5,𠍀,5,𠍀,w108a0101,𠍀,5,5,𠍀
1,6,倲,6,倲,w108a0102,倲,6,6,倲
1,7,𩜍,7,𩜍,w108a0103,𩜍,7,7,𩜍
1,8,𢘐,8,𢘐,w108a0201,𢘐,8,8,𢘐
1,9,涷,9,涷,w108a0202,涷,9,9,涷
1,10,蝀,10,蝀,w108a0203,蝀,10,10,蝀
1,11,凍,11,凍,w108a0204,凍,11,11,凍
1,12,鯟,12,鯟,w108a0301,鯟,12,12,鯟
1,13,𢔅,13,𢔅,w108a0302,𢔅,13,13,𢔅
1,14,崠,14,崠,w108a0303,崠,14,14,崠
1,15,埬,15,埬,w108a0304,埬,15,15,埬
1,16,𧓕,16,𧓕,w108a0305,𧓕,16,16,𧓕
1,17,䰤,17,䰤,w108a0401,䰤,17,17,䰤
2,1,同,1,同,w108a0402,同,1,18,同
2,2,仝,2,仝,w108a0501,仝,2,19,仝
2,3,童,3,童,w108a0502,童,3,20,童
2,4,僮,4,僮,w108a0601,僮,4,21,僮
2,5,銅,5,銅,w108a0602,銅,5,22,銅
2,6,桐,6,桐,w108a0701,桐,6,23,桐
2,7,峒,7,峒,w108a0702,峒,7,24,峒
2,8,硐,8,硐,w108a0703,硐,8,25,硐
2,9,𦨴,9,𦨴,w108a0704,𦨴,9,26,𦨴
2,10,𧱁,10,𧱁,w108a0705,𧱁,10,27,𧱁
2,11,筒,11,筒,w108a0801,筒,11,28,筒
2,12,瞳,12,瞳,w108a0802,瞳,12,29,瞳
2,13,㼧,13,㼧,w108a0803,㼧,13,30,㼧
2,14,𤭁,14,𤭁,w108a0804,𤭁,14,31,𤭁
2,15,罿,15,罿,w108a0805,罿,15,32,罿
2,16,犝,16,犝,w108a0806,犝,16,33,犝
2,17,筩,17,筩,w108a0901,筩,17,34,筩
2,18,潼,18,潼,w108a0902,潼,18,35,潼
2,19,曈,19,曈,w108a0903,曈,19,36,曈
2,20,洞,20,洞,w108a0904,洞,20,37,洞
2,21,侗,21,侗,w108a1001,侗,21,38,侗
2,22,橦,22,橦,w108a1002,橦,22,39,橦
2,23,烔,23,烔,w108a1003,烔,23,40,烔
2,24,䴀,24,䴀,w108a1004,䴀,24,41,䴀
2,25,挏,25,挏,w108b0101,挏,25,42,挏
2,26,酮,26,酮,w108b0102,酮,26,43,酮
2,27,鮦,27,鮦,w108b0103,鮦,27,44,鮦
2,28,㼿,28,㼿,w108b0201,㼿,28,45,㼿
2,29,𦏆,29,𦏆,w108b0202,𦏆,29,46,𦏆
2,30,𦍻,30,𦍻,w108b0203,𦍻,30,47,𦍻
2,31,眮,31,眮,w108b0204,眮,31,48,眮
2,32,蕫,32,蕫,w108b0205,蕫,32,49,蕫
2,33,穜,33,穜,w108b0206,穜,33,50,穜
2,34,衕,34,衕,w108b0301,衕,34,51,衕
2,35,𩍅,35,𩍅,w108b0302,𩍅,35,52,𩍅
2,36,𢈉,36,𢈉,w108b0303,𢈉,36,53,𢈉
2,37,䆚,37,䆚,w108b0304,䆚,37,54,䆚
2,38,哃,38,哃,w108b0305,哃,38,55,哃
2,39,𢏕,39,𢏕,w108b0306,𢏕,39,56,𢏕
2,40,絧,40,絧,w108b0401,絧,40,57,絧
2,41,𨚯,41,𨚯,w108b0402,𨚯,41,58,𨚯
2,42,𨝯,42,𨝯,w108b0403,𨝯,42,59,𨝯
2,43,𪔝〈𪔜〉,43,𪔝〈𪔜〉,w108b0404,𪔝〈𪔜〉,43,60,𪔝
2,44,𩦶,44,𩦶,w108b0405,𩦶,44,61,𩦶
2,45,𪒿,45,𪒿,w108b0406,𪒿,45,62,𪒿
3,1,中,1,中,w108b0407,中,1,63,中
3,2,衷,2,衷,w108b0701,衷,2,64,衷
3,3,忠,3,忠,w108b0702,忠,3,65,忠
3,4,𦬕,4,𦬕,w108b0703,𦬕,4,66,𦬕
4,1,蟲,1,蟲,w108b0801,蟲,1,67,蟲
4,2,沖,2,沖,w108b0802,沖,2,68,沖
4,3,种,3,种,w108b0803,种,3,69,种
4,4,盅,4,盅,w108b0901,盅,4,70,盅
4,5,爞,5,爞,w108b0902,爞,5,71,爞
4,6,𦬕,6,𦬕,w108b0903,𦬕,6,72,𦬕
4,7,翀,7,翀,w108b0904,翀,7,73,翀
5,1,終,1,終,w108b0905,終,1,74,終
5,2,眾,2,眾,w109a0101,衆,2,75,衆
5,3,潀,3,潀,w109a0102,潨,3,76,潨
5,4,𣧩,4,𣧩,w109a0103,𣧩,4,77,𣧩
5,5,螽,5,螽,w109a0104,螽,5,78,螽
5,6,𧑄,6,𧑄,w109a0105,𧑄,6,79,𧑄
5,7,鼨,7,鼨,w109a0106,鼨,7,80,鼨
5,8,蔠,8,蔠,w109a0107,蔠,8,81,蔠
5,9,柊,9,柊,w109a0201,柊,9,82,柊
5,10,𩅧,10,𩅧,w109a0202,𩅧,10,83,𩅧
5,11,䶱,11,䶱,w109a0203,䶱,11,84,䶱
5,12,鴤,12,鴤,w109a0204,鴤,12,85,鴤
5,13,䈺,13,䈺,w109a0205,䈺,13,86,䈺
5,14,泈,14,泈,w109a0206,泈,14,87,泈
5,15,䝦,15,䝦,w109a0301,䝦,15,88,䝦
6,1,忡,1,忡,w109a0302,忡,1,89,忡
6,2,浺,2,浺,w109a0303,浺,2,90,浺
6,3,盅,3,盅,w109a0304,盅,3,91,盅
7,1,崇,1,崇,w109a0305,崇,1,92,崇
7,2,崈,2,崈,w109a0401,崈,2,93,崈
7,3,㓽,3,㓽,w109a0402,㓽,3,94,㓽
7,4,𩞉,4,𩞉,w109a0403,𩞉,4,95,𩞉
8,1,嵩,1,嵩,w109a0404,嵩,1,96,嵩
8,2,崧,2,崧,w109a0405,崧,2,97,崧
8,3,𪀚,3,𪀚,w109a0501,𪀚,3,98,𪀚
8,4,娀,4,娀,w109a0502,娀,4,99,娀
8,5,菘,5,菘,w109a0503,菘,5,100,菘
8,6,硹,6,硹,w109a0504,硹,6,101,硹
8,7,㣝,7,㣝,w109a0505,㣝,7,102,㣝
8,8,𧊕,8,𧊕,w109a0506,𧊕,8,103,𧊕
8,9,䯷,9,䯷,w109a0601,䯷,9,104,𨱿
9,1,戎,1,戎,w109a0602,戎,1,105,戎
9,2,𢦦,2,𢦦,w109a0603,𢦦,2,106,𢦦
9,3,茙,3,茙,w109a0604,茙,3,107,茙
9,4,㭜,4,㭜,w109a0701,㭜,4,108,㭜
9,5,駥,5,駥,w109a0702,駥,5,109,駥
9,6,𥬪,6,𥬪,w109a0703,𥬪,6,110,𥬪
9,7,𠈋,7,𠈋,w109a0704,𠈋,7,111,𠈋
9,8,狨,8,狨,w109a0705,狨,8,112,狨
9,9,絨,9,絨,w109a0801,絨,9,113,絨
10,1,弓,1,弓,w109a0802,弓,1,114,弓
10,2,躳,2,躳,w109a0901,躳,2,115,躳
10,3,躬,3,躬,w109a1001,躬,3,116,躬
10,4,㴦,4,㴦,w109a1002,㴦,4,117,㴦
10,5,宮,5,宮,w109a1003,宫,5,118,宮
10,6,匑,6,匑,w109b0101,匑,6,119,匑
11,1,融,1,融,w109b0102,融,1,120,融
11,2,融,,,w109b0201,融,,,
11,3,肜,2,肜,w109b0202,肜,2,121,肜
11,4,瀜,3,瀜,w109b0203,瀜,3,122,瀜
12,1,雄,1,雄,w109b0204,雄,1,123,雄
12,2,熊,2,熊,w109b0301,熊,2,124,熊
13,1,瞢,1,瞢,w109b0302,瞢,1,125,瞢
13,2,夢,2,夢,w109b0303,夢,2,126,夢
13,3,鄸,3,鄸,w109b0401,𨞯,3,127,𨞯
13,4,懜,4,懜,w109b0402,懜,4,128,懜
13,5,𦫰,5,𦫰,w109b0403,𦫰,5,129,𦫰
13,6,𧲎,6,𧲎,w109b0404,𧲎,6,130,𧲎
14,1,穹,1,穹,w109b0501,穹,1,131,穹
14,2,𢞏,2,𢞏,w109b0502,𢞏,2,132,𢞏
14,3,焪,3,焪,w109b0503,焪,3,133,焪
14,4,芎,4,芎,w109b0504,芎,4,134,芎
14,5,𦵡,5,𦵡,w109b0505,𦵡,5,135,𦵡
14,6,匑,6,匑,w109b0506,匑,6,136,匑
14,7,𥳎,7,𥳎,w109b0601,𥳎,7,137,𥳎
15,1,窮,1,窮,w109b0602,窮,1,138,窮
15,2,藭,2,藭,w109b0603,藭,2,139,藭
15,3,𥨪,3,𥨪,w109b0604,𥨪,3,140,𥨪
16,1,馮,1,馮,w109b0605,馮,1,141,馮
16,2,堸,2,堸,w109b0701,堸,2,142,堸
16,3,汎,3,汎,w109b0702,汎,3,143,汎
16,4,芃,4,芃,w109b0703,芃,4,144,芃
16,5,𨝭,5,𨝭,w109b0704,𨝭,5,145,𨝭
16,6,渢,6,渢,w109b0801,渢,6,146,渢
16,7,梵,7,梵,w109b0802,梵,7,147,梵
17,1,風,1,風,w109b0803,風,1,148,風
17,2,飌,2,飌,w109b0901,飌,2,149,飌
17,3,楓,3,楓,w109b0902,楓,3,150,楓
17,4,猦,4,猦,w109b1001,猦,4,151,猦
17,5,偑,5,偑,w110a0101,偑,5,152,偑
17,6,檒,6,檒,w110a0102,檒,6,153,檒
17,7,𧆉,7,𧆉,w110a0103,𧆉,7,154,𧆉
18,1,豐,1,豐,w110a0104,豐,1,155,豐
18,2,酆,2,酆,w110a0201,酆,2,156,酆
18,3,蘴,3,蘴,w110a0202,蘴,3,157,蘴
18,4,灃,4,灃,w110a0203,灃,4,158,灃
18,5,寷,5,寷,w110a0204,寷,5,159,寷
18,6,麷,6,麷,w110a0205,麷,6,160,麷
18,7,㒥,7,㒥,w110a0206,㒥,7,161,㒥
18,8,㠦,8,㠦,w110a0301,㠦,8,162,㠦
19,1,充,1,充,w110a0302,充,1,163,充
19,2,珫,2,珫,w110a0303,珫,2,164,珫
19,3,茺,3,茺,w110a0304,茺,3,165,茺
19,4,㤝,4,㤝,w110a0305,㤝,4,166,㤝
19,5,䘪,5,䘪,w110a0401,䘪,5,167,䘪
19,6,𪎽,6,𪎽,w110a0402,𪎽,6,168,𪎽
19,7,㳘,7,㳘,w110a0403,㳘,7,169,㳘
20,1,隆,1,隆,w110a0404,隆,1,170,隆
20,2,癃,2,癃,w110a0405,癃,2,171,癃
20,3,𪔳,3,𪔳,w110a0406,𪔳,3,172,𪔳
20,4,窿,4,窿,w110a0501,窿,4,173,窿
20,5,霳,5,霳,w110a0502,霳,5,174,霳
20,6,㚅,6,㚅,w110a0503,㚅,6,175,㚅
21,1,空,1,空,w110a0504,空,1,176,空
21,2,箜,2,箜,w110a0601,箜,2,177,箜
21,3,崆,3,崆,w110a0602,崆,3,178,崆
21,4,椌,4,椌,w110a0603,椌,4,179,椌
21,5,硿,5,硿,w110a0701,硿,5,180,硿
21,6,䅝,6,䅝,w110a0702,䅝,6,181,䅝
21,7,悾,7,悾,w110a0703,悾,7,182,悾
21,8,埪,8,埪,w110a0704,埪,8,183,埪
21,9,倥,9,倥,w110a0705,倥,9,184,倥
21,10,涳,10,涳,w110a0706,涳,10,185,涳
21,11,鵼,11,鵼,w110a0801,鵼,11,186,鵼
21,12,𦱇,12,𦱇,w110a0802,𦱇,12,187,𦱇
21,13,𢃐,13,𢃐,w110a0803,𢃐,13,188,𢃐
21,14,𧌆,14,𧌆,w110a0804,𧌆,14,189,𧌆
22,1,公,1,公,w110a0805,公,1,190,公
22,2,功,2,功,w111a0401,功,2,191,功
22,3,工,3,工,w111a0501,工,3,192,工
22,4,疘,4,疘,w111a0502,疘,4,193,疘
22,5,蚣,5,蚣,w111a0503,蚣,5,194,蚣
22,6,玒,6,玒,w111a0601,玒,6,195,玒
22,7,釭,7,釭,w111a0602,釭,7,196,釭
22,8,魟,8,魟,w111a0603,魟,8,197,魟
22,9,攻,9,攻,w111a0604,攻,9,198,攻
22,10,㓚,10,㓚,w111a0605,㓚,10,199,㓚
22,11,愩,11,愩,w111a0701,愩,11,200,愩
22,12,碽,12,碽,w111a0702,碽,12,201,碽
22,13,篢,13,篢,w111a0703,篢,13,202,篢
23,1,蒙,1,蒙,w111a0704,蒙,1,203,蒙
23,2,冡,2,冡,w111a0705,冡,2,204,冡
23,3,濛,3,濛,w111a0706,濛,3,205,濛
23,4,𩦺,4,𩦺,w111a0801,𩦺,4,206,𩦺
23,5,艨,5,艨,w111a0802,艨,5,207,艨
23,6,䑃,6,䑃,w111a0803,䑃,6,208,䑃
23,7,矇,7,矇,w111a0804,矇,7,209,矇
23,8,饛,8,饛,w111a0805,饛,8,210,饛
23,9,䰒,9,䰒,w111a0806,䰒,9,211,䰒
23,10,檬,10,檬,w111a0807,檬,10,212,檬
23,11,𨢊,11,𨢊,w111a0901,𨢊,11,213,𨢊
23,12,䴿,12,䴿,w111a0902,䴿,12,214,䴿
23,13,𨣘,13,𨣘,w111a0903,𨣘,13,215,𨣘
23,14,鸏,14,鸏,w111a0904,鸏,14,216,鸏
23,15,幪,15,幪,w111a0905,幪,15,217,幪
23,16,罞,16,罞,w111a0906,罞,16,218,罞
23,17,𢄐,17,𢄐,w111a0907,𢄐,17,219,𢄐
23,18,髳,18,髳,w111a1001,髳,18,220,髳
23,19,蠓,19,蠓,w111a1002,蠓,19,221,蠓
23,20,𦿏,20,𦿏,w111a1003,𦿏,20,222,𦿏
23,21,雺,21,雺,w111a1004,雺,21,223,雺
23,22,霿,22,霿,w111b0101,霿,22,224,霿
23,23,霚,23,霚,w111b0102,霚,23,225,霚
23,24,朦,24,朦,w111b0103,朦,24,226,朦
23,25,䀄,25,䀄,w111b0104,䀄,25,227,䀄
23,26,懜,26,懜,w111b0105,懜,26,228,懜
23,27,靀,27,靀,w111b0106,靀,27,229,霥
24,1,籠,1,籠,w111b0107,籠,1,230,籠
24,2,豅,2,豅,w111b0201,豅,2,231,豅
24,3,㰍,3,㰍,w111b0202,㰍,3,232,㰍
24,4,朧,4,朧,w111b0203,朧,4,233,朧
24,5,𡃡,5,𡃡,w111b0204,𡃡,5,234,𡃡
24,6,龓,6,龓,w111b0205,龓,6,235,龓
24,7,䪊,7,䪊,w111b0206,䪊,7,236,䪊
24,8,瀧,8,瀧,w111b0207,瀧,8,237,瀧
24,9,聾,9,聾,w111b0301,聾,9,238,聾
24,10,𨏠,10,𨏠,w111b0302,𨏠,10,239,𨏠
24,11,礱,11,礱,w111b0303,礱,11,240,礱
24,12,䆍,12,䆍,w111b0401,䆍,12,241,䆍
24,13,𪚗,13,𪚗,w111b0402,𪚗,13,242,𪚗
24,14,嚨,14,嚨,w111b0403,嚨,14,243,嚨
24,15,蘢,15,蘢,w111b0404,蘢,15,244,蘢
24,16,櫳,16,櫳,w111b0405,櫳,16,245,櫳
24,17,𤮨,17,𤮨,w111b0406,𤮨,17,246,𤮨
24,18,巃,18,巃,w111b0407,巃,18,247,巃
24,19,襱,19,襱,w111b0501,襱,19,248,襱
24,20,𧙥,20,𧙥,w111b0502,𧙥,20,249,𧙥
24,21,瓏,21,瓏,w111b0503,瓏,21,250,瓏
24,22,曨,22,曨,w111b0504,曨,22,251,曨
24,23,鸗,23,鸗,w111b0505,鸗,23,252,鸗
24,24,𩟭,24,𩟭,w111b0506,𩟭,24,253,𩟭
24,25,蠪,25,蠪,w111b0507,蠪,25,254,蠪
24,26,㟅,26,㟅,w111b0601,㟅,26,255,㟅
24,27,屸,27,屸,w111b0602,屸,27,256,屸
25,1,洪,1,洪,w111b0603,洪,1,257,洪
25,2,鉷,2,鉷,w111b0701,鉷,2,258,鉷
25,3,訌,3,訌,w111b0702,訌,3,259,訌
25,4,紅,4,紅,w111b0703,紅,4,260,紅
25,5,虹,5,虹,w111b0704,虹,5,261,虹
25,6,仜,6,仜,w111b0705,仜,6,262,仜
25,7,鴻,7,鴻,w111b0706,鴻,7,263,鴻
25,8,葒,8,葒,w111b0801,葒,8,264,葒
25,9,葓,9,葓,w111b0802,葓,9,265,葓
25,10,谼,10,谼,w111b0803,谼,10,266,谼
25,11,䉺,11,䉺,w111b0901,䉺,11,267,䉺
25,12,烘,12,烘,w111b0902,烘,12,268,烘
25,13,洚,13,洚,w111b0903,洚,13,269,洚
25,14,渱,14,渱,w111b0904,渱,14,270,渱
25,15,𨹁,15,𨹁,w111b1001,𨹁,15,271,𨹁
25,16,魟,16,魟,w111b1002,魟,16,272,魟
25,17,䧆,17,䧆,w111b1003,䧆,17,273,䧆
25,18,䪦,18,䪦,w111b1004,䪦,18,274,䪦
25,19,𦏺,19,𦏺,w111b1005,𦏺,19,275,𦏺
25,20,䫹,20,䫹,w111b1006,䫹,20,276,䫹
25,21,䂫,20.5,䂫,w111b1007,䂫,21,277,䂫
25,22,𨾊,21,𨾊,w111b1008,𨾊,22,278,𨾊
26,1,叢,1,叢,w112a0101,叢,1,279,叢
26,2,藂,2,藂,w112a0102,藂,2,280,藂
26,3,䕺,3,䕺,w112a0103,䕺,3,281,䕺
26,4,潀,4,潀,w112a0104,潨,4,282,潨
26,5,𥵫,5,𥵫,w112a0105,𥵫,5,283,𥵫
27,1,翁,1,翁,w112a0106,翁,1,284,翁
27,2,螉,2,螉,w112a0201,螉,2,285,螉
27,3,䱵,3,䱵,w112a0202,䱵,3,286,䱵
27,4,蓊,4,蓊,w112a0203,蓊,4,287,蓊
27,5,䈵,5,䈵,w112a0301,䈵,5,288,䈵
27,6,䩺,6,䩺,w112a0302,䩺,6,289,䩺
27,7,㮬,7,㮬,w112a0303,㮬,7,290,㮬
27,8,𩔚,8,𩔚,w112a0304,𩔚,8,291,𩔚
28,1,悤,1,悤,w112a0305,怱,1,292,怱
28,2,忩,2,忩,w112a0306,忩,2,293,忩
28,3,蔥,3,蔥,w112a0401,葱,3,294,葱
28,4,樬,4,樬,w112a0402,楤,4,295,楤
28,5,䡯,5,䡯,w112a0403,𨍉,5,296,𨍉
28,6,聰,6,聰,w112a0404,聦,6,297,聦
28,7,𦇎,7,𦇎,w112a0405,繱,7,298,繱
28,8,璁,8,璁,w112a0501,𤧚,8,299,𤧚
28,9,驄,9,驄,w112a0502,騘,9,300,騘
28,10,蟌,10,蟌,w112a0503,䗓,10,301,䗓
28,11,囪,11,囪,w112a0504,囱,11,302,囪
28,12,𨣼,12,𨣼,w112a0505,𨣭,12,303,𨣭
28,13,鏓,13,鏓,w112a0601,鍯,13,304,鍯
28,14,熜,14,熜,w112a0602,㷓,14,305,㷓
28,15,𢊕,15,𢊕,w112a0603,𢉛,15,306,𢉛
29,1,通,1,通,w112a0604,通,1,307,通
29,2,蓪,2,蓪,w112a0701,蓪,2,308,蓪
29,3,侗,3,侗,w112a0801,侗,3,309,侗
29,4,恫,4,恫,w112a0802,恫,4,310,恫
29,5,痌,5,痌,w112a0803,痌,5,311,痌
29,6,曈,6,曈,w112a0804,曈,6,312,曈
29,7,俑,7,俑,w112a0805,俑,7,313,俑
29,8,𧳆,8,𧳆,w112a0806,𧳆,8,314,𧳆
29,9,𨀜,9,𨀜,w112a0807,𨀜,9,315,𨀜
30,1,葼,1,葼,w112a0901,葼,1,316,葼
30,2,鬷,2,鬷,w112a0902,鬷,2,317,鬷
30,3,嵕,3,嵕,w112a0903,嵕,3,318,嵕
30,4,猣,4,猣,w112a0904,猣,4,319,猣
30,5,豵,5,豵,w112a0905,豵,5,320,豵
30,6,鯼,6,鯼,w112a0906,鯼,6,321,鯼
30,7,椶,7,椶,w112a1001,椶,7,322,椶
30,8,騣,8,騣,w112a1002,騣,8,323,騣
30,9,𩮰,9,𩮰,w112a1003,𩮀,9,324,𩮀
30,10,䗥,10,䗥,w112a1004,䗥,10,325,䗥
30,11,嵸,11,嵸,w112a1005,嵸,11,326,嵸
30,12,艐,12,艐,w112a1006,艐,12,327,艐
30,13,蝬,13,蝬,w112b0101,蝬,13,328,蝬
30,14,堫,14,堫,w112b0102,堫,14,329,堫
30,15,𥓻,15,𥓻,w112b0103,𥓻,15,330,𥓻
30,16,翪,16,翪,w112b0104,翪,16,331,翪
30,17,緵,17,緵,w112b0105,緵,17,332,緵
30,18,㚇,18,㚇,w112b0106,㚇,18,333,㚇
30,19,㣭,19,㣭,w112b0201,㣭,19,334,㣭
30,20,稯,20,稯,w112b0202,稯,20,335,稯
30,21,鬉,21,鬉,w112b0203,鬉,21,336,鬉
31,1,蓬,1,蓬,w112b0204,蓬,1,337,蓬
31,2,𥭗,2,𥭗,w112b0205,𥭗,2,338,𥭗
31,3,篷,3,篷,w112b0301,篷,3,339,篷
31,4,髼,4,髼,w112b0302,髼,4,340,髼
31,5,蜂,5,蜂,w112b0303,蜂,5,341,蜂
31,6,芃,6,芃,w112b0304,芃,6,342,芃
31,7,𧚋,7,𧚋,w112b0305,𧚋,7,343,𧚋
31,8,韸,8,韸,w112b0401,韸,8,344,韸
31,9,䮾,9,䮾,w112b0402,䮾,9,345,䮾
31,10,𩖛,10,𩖛,w112b0403,𩖛,10,346,𩖛
32,1,烘,1,烘,w112b0404,烘,1,347,烘
32,2,叿,2,叿,w112b0405,叿,2,348,叿
32,3,魟,3,魟,w112b0501,魟,3,349,魟
32,4,谾,4,谾,w112b0502,谾,4,350,谾
32,5,𩐠,5,𩐠,w112b0503,𩐠,5,351,𩐠
32,6,𩗄,6,𩗄,w112b0504,𩗄,6,352,𩗄
33,1,㟅,1,㟅,w112b0505,㟅,1,353,㟅
34,1,𣞷,1,𣞷,w112b0601,檧,1,354,檧
34,2,𢤄,2,𢤄,w112b0602,憽,2,355,憽
34,3,㬝,3,㬝,w112b0603,㬝〈𤾥〉,3,356,㬝
35,1,冬,1,冬,w112b0701,冬,1,357,冬
35,2,𠔙,2,𠔙,w112b0702,𠔙,2,358,𠔙
35,3,苳,3,苳,w112b0703,苳,3,359,苳
35,4,鴤,4,鴤,w112b0704,䳉,4,360,䳉
35,5,笗,5,笗,w112b0801,笗,5,361,笗
35,6,𩂓,6,𩂓,w112b0802,𩂓,6,362,𩂓
35,7,𧲴,7,𧲴,w112b0803,𧲴,7,363,𧲴
36,1,彤,1,彤,w112b0804,彤,1,364,彤
36,2,疼,2,疼,w112b0901,疼,2,365,疼
36,3,佟,3,佟,w112b0902,佟,3,366,佟
36,4,炵,4,炵,w112b0903,炵,4,367,炵
36,5,䳋,5,䳋,w112b0904,䳋,5,368,䳋
36,6,鼕,6,鼕,w112b1001,鼕,6,369,鼕
36,7,𢥞,7,𢥞,w112b1002,𢥞,7,370,𢥞
36,8,𢾮,8,𢾮,w112b1003,𢾮,8,371,𢾮
36,9,爞,9,爞,w112b1004,爞,9,372,爞
36,10,㤏,10,㤏,w112b1005,㤏,10,373,㤏
36,11,痋,11,痋,w112b1006,痋,11,374,痋
36,12,䂈,12,䂈,w112b1007,䂈,12,375,䂈
36,13,鉵,13,鉵,w112b1008,鉵,13,376,鉵
36,14,𧹝,14,𧹝,w113a0101,𧹝,14,377,𧹝
36,15,𩦶,15,𩦶,w113a0102,𩦶,15,378,𩦶
36,16,浵,16,浵,w113a0103,浵,16,379,浵
36,17,䶱,17,䶱,w113a0104,䶱,17,380,䶱
36,18,𠩁,18,𠩁,w113a0105,𠩁,18,381,𠩁
36,19,鉖,19,鉖,w113a0106,鉖,19,382,鉖
36,20,𨜳,20,𨜳,w113a0107,𨜳,20,383,𨜳
36,21,㠽,21,㠽,w113a0201,㠽,21,384,㠽
36,22,赨,22,赨,w113a0202,赨,22,385,赨
37,1,賨,1,賨,w113a0203,賨,1,386,賨
37,2,琮,2,琮,w113a0204,琮,2,387,琮
37,3,悰,3,悰,w113a0301,悰,3,388,悰
37,4,潀,4,潀,w113a0302,潨,4,389,潨
37,5,淙,5,淙,w113a0303,淙,5,390,淙
37,6,慒,6,慒,w113a0304,慒,6,391,慒
37,7,鬃,7,鬃,w113a0305,鬃,7,392,鬃
37,8,㼻,8,㼻,w113a0401,㼻,8,393,㼻
37,9,孮,9,孮,w113a0402,孮,9,394,孮
37,10,誴,10,誴,w113a0403,誴,10,395,誴
37,11,𢃏,11,𢃏,w113a0404,𢃏,11,396,𢃏
38,1,農,1,農,w113a0405,農,1,397,農
38,2,䢉,2,䢉,w113a0501,䢉,2,398,䢉
38,3,辳,3,辳,w113a0502,辳,3,399,辳
38,4,𨑋,4,𨑋,w113a0503,𨑋,4,400,𨑋
38,5,𩟊,5,𩟊,w113a0601,𩟊,5,401,𩟊
38,6,噥,6,噥,w113a0602,噥,6,402,噥
38,7,𩅽,7,𩅽,w113a0603,𩅽,7,403,𩅽
38,8,憹,8,憹,w113a0604,憹,8,404,憹
38,9,㺜,9,㺜,w113a0605,㺜,9,405,㺜
38,10,儂,10,儂,w113a0606,儂,10,406,儂
38,11,𧗕,11,𧗕,w113a0607,𧗕,11,407,𧗕
38,12,膿,12,膿,w113a0701,膿,12,408,膿
39,1,攻,1,攻,w113a0702,攻,1,409,攻
39,2,釭,2,釭,w113a0703,釭,2,410,釭
40,1,䃔,1,䃔,w113a0704,䃔,1,411,䃔
40,2,洚,2,洚,w113a0705,洚,2,412,洚
40,3,㗢,3,㗢,w113a0801,㗢,3,413,㗢
40,4,𩘎,4,𩘎,w113a0802,𩘎,4,414,𩘎
41,1,䃧,1,䃧,w113a0803,䃧,1,415,䃧
41,2,䥢〈𪔢〉,2,䥢〈𪔢〉,w113a0804,䥢〈⿱鼓釜〉,2,416,䥢
41,3,𣫣,3,𣫣,w113a0805,𣫣,3,417,𣫣
42,1,宗,1,宗,w113a0806,宗,1,418,宗
42,2,倧,2,倧,w113a1001,倧,2,419,倧
43,1,鬆,1,鬆,w113a1002,鬆,1,420,鬆
43,2,䯳,2,䯳,w113a1003,䯳,2,421,䯳
44,1,炵,1,炵,w113a1004,炵,1,422,炵
45,1,鍾,1,鍾,w113b0101,鍾,1,423,鍾
45,2,鐘,2,鐘,w113b0201,鐘,2,424,鐘
45,3,蚣,3,蚣,w113b0202,蚣,3,425,蚣
45,4,忪,4,忪,w113b0203,忪,4,426,忪
45,5,䇗,5,䇗,w113b0204,䇗,5,427,䇗
45,6,蹱,6,蹱,w113b0205,蹱,6,428,蹱
45,7,彸,7,彸,w113b0301,彸,7,429,彸
45,8,衳,8,衳,w113b0302,衳,8,430,衳
45,9,伀,9,伀,w113b0303,伀,9,431,伀
45,10,橦,10,橦,w113b0304,橦,10,432,橦
45,11,籦,11,籦,w113b0305,籦,11,433,籦
45,12,妐,12,妐,w113b0401,妐,12,434,妐
45,13,㕬,13,㕬,w113b0402,㕬,13,435,㕬
45,14,𧢸,14,𧢸,w113b0403,𧢸,14,436,𧢸
45,15,炂,15,炂,w113b0404,炂,15,437,炂
45,16,𦬘,16,𦬘,w113b0405,𦬘,16,438,𦬘
45,17,𨳗,17,𨳗,w113b0406,𨳗,17,439,𨳗
45,18,鈆,18,鈆,w113b0407,鈆,18,440,鈆
46,1,龍,1,龍,w113b0408,龍,1,441,龍
46,2,𪚝,2,𪚝,w113b0501,𪚝,2,442,𪚝
46,3,躘,3,躘,w113b0502,躘,3,443,躘
46,4,鸗,4,鸗,w113b0503,鸗,4,444,鸗
46,5,驡,5,驡,w113b0504,驡,5,445,驡
46,6,𪚠,6,𪚠,w113b0505,𪚠,6,446,𪚠
46,7,籠,7,籠,w113b0601,籠,7,447,籠
46,8,𦪽,8,𦪽,w113b0602,𦪽,8,448,𦪽
46,9,蘢,9,蘢,w113b0603,蘢,9,449,蘢
47,1,舂,1,舂,w113b0604,舂,1,450,舂
47,2,𧐍,2,𧐍,w113b0701,𧐍,2,451,𧐍
47,3,摏,3,摏,w113b0702,摏,3,452,摏
47,4,蹖,4,蹖,w113b0703,蹖,4,453,蹖
47,5,𪄻,5,𪄻,w113b0704,𪄻,5,454,𪄻
47,6,憃,6,憃,w113b0705,憃,6,455,憃
48,1,松,1,松,w113b0706,松,1,456,松
48,2,㮤,2,㮤,w113b0801,㮤,2,457,㮤
48,3,淞〈凇〉,3,淞〈凇〉,w113b0802,淞〈凇〉,3,458,淞
48,4,訟,4,訟,w113b0901,訟,4,459,訟
49,1,𧘂,1,𧘂,w113b0902,𧘂,1,460,𧘂
49,2,衝,2,衝,w113b0903,衝,2,461,衝
49,3,罿,3,罿,w113b0904,罿,3,462,罿
49,4,憧,4,憧,w113b0905,憧,4,463,憧
49,5,䡴,5,䡴,w113b1001,䡴,5,464,䡴
49,6,艟,6,艟,w113b1002,艟,6,465,艟
49,7,潼,7,潼,w113b1003,潼,7,466,潼
49,8,褈,8,褈,w113b1004,褈,8,467,褈
49,9,𠟍,9,𠟍,w113b1005,𠟍,9,468,𠟍
49,10,𠝤,10,𠝤,w113b1006,𠝤,10,469,𠝤
49,11,䂌,11,䂌,w113b1007,䂌,11,470,䂌
50,1,容,1,容,w113b1008,容,1,471,容
50,2,溶,2,溶,w114a0201,溶,2,472,溶
50,3,滽,3,滽,w114a0202,滽,3,473,滽
50,4,庸,4,庸,w114a0203,庸,4,474,庸
50,5,𦤘,5,𦤘,w114a0301,𦤘,5,475,𦤘
50,6,𧴄,6,𧴄,w114a0302,𧴄,6,476,𧴄
50,7,㺎,7,㺎,w114a0303,㺎,7,477,㺎
50,8,𤛑,8,𤛑,w114a0304,𤛑,8,478,𤛑
50,9,墉,9,墉,w114a0305,墉,9,479,墉
50,10,鎔,10,鎔,w114a0306,鎔,10,480,鎔
50,11,鏞,11,鏞,w114a0307,鏞,11,481,鏞
50,12,銿,12,銿,w114a0308,銿,12,482,銿
50,13,鄘,13,鄘,w114a0401,鄘,13,483,鄘
50,14,傭,14,傭,w114a0402,傭,14,484,傭
50,15,𪅟,15,𪅟,w114a0403,𪅟,15,485,𪅟
50,16,㼸,16,㼸,w114a0404,㼸,16,486,㼸
50,17,𤮇,17,𤮇,w114a0405,𤮇,17,487,𤮇
50,18,鱅,18,鱅,w114a0406,鱅,18,488,鱅
50,19,蓉,19,蓉,w114a0501,蓉,19,489,蓉
50,20,䗤,20,䗤,w114a0502,䗤,20,490,䗤
50,21,傛,21,傛,w114a0503,傛,21,491,傛
50,22,褣,22,褣,w114a0504,褣,22,492,褣
50,23,搈,23,搈,w114a0505,搈,23,493,搈
50,24,瑢,24,瑢,w114a0506,瑢,24,494,瑢
50,25,䈶,25,䈶,w114a0601,䈶,25,495,䈶
50,26,嵱,26,嵱,w114a0602,嵱,26,496,嵱
50,27,頌,27,頌,w114a0603,頌,27,497,頌
50,28,㝐,28,㝐,w114a0604,㝐,28,498,㝐
50,29,䡆,29,䡆,w114a0605,䡆,29,499,䡆
50,30,㟾,30,㟾,w114a0701,㟾,30,500,㟾
50,31,𨲟,31,𨲟,w114a0702,𨲟,31,501,𨲟
50,32,𪃾,32,𪃾,w114a0703,𪃾,32,502,𪃾
50,33,槦,33,槦,w114a0704,槦,33,503,槦
50,34,㣑,34,㣑,w114a0705,㣑,34,504,㣑
50,35,𢧳,35,𢧳,w114a0706,𢧳,35,505,𢧳
51,1,封,1,封,w114a0707,封,1,506,封
51,2,𡉚,2,𡉚,w114a0801,𡉚,2,507,𡉚
51,3,犎,3,犎,w114a0802,犎,3,508,犎
51,4,葑,4,葑,w114a0901,葑,4,509,葑
51,5,崶,5,崶,w114a0902,崶,5,510,崶
52,1,胷,1,胷,w114a0903,胷,1,511,胷
52,2,凶,2,凶,w114a1001,凶,2,512,凶
52,3,𣧑,3,𣧑,w114a1002,𣧑,3,513,𣧑
52,4,銎,4,銎,w114a1003,銎,4,514,銎
52,5,洶,5,洶,w114a1004,洶,5,515,洶
52,6,恟,6,恟,w114a1005,恟,6,516,恟
52,7,𧧗,7,𧧗,w114a1006,𧧗,7,517,𧧗
52,8,兇,8,兇,w114a1007,兇,8,518,兇
52,9,訩,9,訩,w114a1008,訩,9,519,訩
52,10,匈,10,匈,w114b0101,匈,10,520,匈
53,1,顒,1,顒,w114b0102,顒,1,521,顒
53,2,𩤛,2,𩤛,w114b0103,𩤛,2,522,𩤛
53,3,鰅,3,鰅,w114b0104,鰅,3,523,鰅
53,4,喁,4,喁,w114b0201,喁,4,524,喁
54,1,邕,1,邕,w114b0202,邕,1,525,邕
54,2,雍,2,雍,w114b0203,雍,2,526,雍
54,3,噰,3,噰,w114b0301,噰,3,527,噰
54,4,嗈,4,嗈,w114b0302,嗈,4,528,嗈
54,5,郺,5,郺,w114b0303,郺,5,529,郺
54,6,澭,6,澭,w114b0304,澭,6,530,澭
54,7,灉,7,灉,w114b0305,灉,7,531,灉
54,8,癰,8,癰,w114b0401,癰,8,532,癰
54,9,罋,9,罋,w114b0402,罋,9,533,罋
54,10,廱,10,廱,w114b0403,廱,10,534,廱
54,11,饔,11,饔,w114b0404,饔,11,535,饔
54,12,壅,12,壅,w114b0405,壅,12,536,壅
54,13,雝,13,雝,w114b0406,雝,13,537,雝
54,14,𪄉,14,𪄉,w114b0407,𪄉,14,538,𪄉
54,15,㻾,15,㻾,w114b0501,㻾,15,539,㻾
54,16,𧴗,16,𧴗,w114b0502,𧴗,16,540,𧴗
55,1,醲,1,醲,w114b0503,醲,1,541,醲
55,2,𨑊,2,𨑊,w114b0504,𨑊,2,542,𨑊
55,3,濃,3,濃,w114b0505,濃,3,543,濃
55,4,襛,4,襛,w114b0506,襛,4,544,襛
55,5,穠,5,穠,w114b0507,穠,5,545,穠
55,6,檂,6,檂,w114b0601,檂,6,546,檂
55,7,𪒬,7,𪒬,w114b0602,𪒬,7,547,𪒬
55,8,𨲳,8,𨲳,w114b0603,𨲳,8,548,𨲳
56,1,重,1,重,w114b0604,重,1,549,重
56,2,穜,2,穜,w114b0605,穜,2,550,穜
56,3,緟,3,緟,w114b0606,緟,3,551,緟
56,4,褈,4,褈,w114b0701,褈,4,552,褈
56,5,䳯,5,䳯,w114b0702,䳯,5,553,䳯
56,6,蝩,6,蝩,w114b0703,蝩,6,554,蝩
57,1,從,1,從,w114b0704,從,1,555,從
57,2,从,2,从,w114b0801,从,2,556,从
57,3,𩀰,3,𩀰,w114b0802,𩀰,3,557,𩀰
58,1,蹱,1,蹱,w114b0803,蹱,1,558,蹱
58,2,傭,2,傭,w114b0804,傭,2,559,傭
58,3,𦟛,3,𦟛,w114b0805,𦟛,3,560,𦟛
58,4,𨙔,4,𨙔,w114b0806,𨙦,4,561,𨙦
58,5,䝑,5,䝑,w114b0901,䝑,5,562,䝑
58,6,𨤩,6,𨤩,w114b0902,𨤩,6,563,𨤩
58,7,𪒒,7,𪒒,w114b0903,𪒒,7,564,𪒒
59,1,逢,1,逢,w114b0904,逢,1,565,逢
59,2,縫,2,縫,w114b0905,縫,2,566,縫
59,3,漨,3,漨,w114b0906,漨,3,567,漨
59,4,䩼,4,䩼,w114b1001,䩼,4,568,䩼
59,5,𥎌,5,𥎌,w114b1002,𥎌,5,569,𥎌
59,6,夆,6,夆,w114b1003,夆,6,570,夆
59,7,𥛝,7,𥛝,w114b1004,𥛝,7,571,𥛝
59,8,捀,8,捀,w114b1005,捀,8,572,捀
60,1,峯,1,峯,w115a0101,峯,1,573,峯
60,2,鋒,2,鋒,w115a0102,鋒,2,574,鋒
60,3,丰,3,丰,w115a0103,丰,3,575,丰
60,4,𡴀,4,𡴀,w115a0104,𡴀,4,576,𡴀
60,5,𢓱,5,𢓱,w115a0201,𢓱,5,577,𢓱
60,6,妦,6,妦,w115a0202,妦,6,578,妦
60,7,蠭,7,蠭,w115a0203,蠭,7,579,蠭
60,8,蜂,8,蜂,w115a0204,蜂,8,580,蜂
60,9,𧒒,9,𧒒,w115a0205,𧒒,9,581,𧒒
60,10,蘴,10,蘴,w115a0206,蘴,10,582,蘴
60,11,桻,11,桻,w115a0301,桻,11,583,桻
60,12,㷭,12,㷭,w115a0302,㷭,12,584,㷭
60,13,烽,13,烽,w115a0303,烽,13,585,烽
60,14,莑,14,莑,w115a0304,莑,14,586,莑
60,15,仹,15,仹,w115a0305,仹,15,587,仹
60,16,㸼,16,㸼,w115a0306,㸼,16,588,㸼
61,1,縱,1,縱,w115a0307,縱,1,589,縱
61,2,𣯨,2,𣯨,w115a0401,𣯨,2,590,𣯨
61,3,蹤,3,蹤,w115a0402,蹤,3,591,蹤
61,4,䡮,4,䡮,w115a0403,䡮,4,592,䡮
61,5,樅,5,樅,w115a0404,樅,5,593,樅
61,6,磫,6,磫,w115a0405,磫,6,594,磫
61,7,豵,7,豵,w115a0406,豵,7,595,豵
61,8,熧,8,熧,w115a0407,熧,8,596,熧
61,9,𧺣,9,𧺣,w115a0501,𧺣,9,597,𧺣
62,1,茸,1,茸,w115a0502,茸,1,598,茸
62,2,䩸,2,䩸,w115a0503,䩸,2,599,䩸
62,3,髶〈𩮙〉,3,髶〈𩮙〉,w115a0504,髶〈𩮙〉,3,600,髶
62,4,䇯,4,䇯,w115a0505,䇯,4,601,䇯
62,5,襛,5,襛,w115a0506,襛,5,602,襛
62,6,穠,6,穠,w115a0601,穠,6,603,穠
62,7,搑,7,搑,w115a0602,搑,7,604,搑
62,8,𥎂,8,𥎂,w115a0603,𥎂,8,605,𥎂
62,9,榵,9,榵,w115a0604,榵,9,606,榵
62,10,穁,10,穁,w115a0605,穁,10,607,穁
63,1,蛩,1,蛩,w115a0606,蛩,1,608,蛩
63,2,邛,2,邛,w115a0701,邛,2,609,邛
63,3,舼,3,舼,w115a0702,舼,3,610,舼
63,4,𦨰,4,𦨰,w115a0703,𦨰,4,611,𦨰
63,5,筇,5,筇,w115a0704,筇,5,612,筇
63,6,輁,6,輁,w115a0801,輁,6,613,輁
63,7,𦭭,7,𦭭,w115a0802,𦭭,7,614,𦭭
63,8,𥳎,8,𥳎,w115a0803,𥳎,8,615,𥳎
63,9,䂬,9,䂬,w115a0804,䂬,9,616,䂬
63,10,蛬,10,蛬,w115a0805,蛬,10,617,蛬
63,11,𠌖,11,𠌖,w115a0901,𠌖,11,618,𠌖
63,12,𩬰,12,𩬰,w115a0902,𩬰,12,619,𩬰
63,13,桏,13,桏,w115a0903,桏,13,620,桏
63,14,䅃,14,䅃,w115a0904,䅃,14,621,䅃
63,15,𤤶,15,𤤶,w115a0905,𤤶,15,622,𤤶
63,16,𩢽,16,𩢽,w115a0906,𩢽,16,623,𩢽
64,1,鱅,1,鱅,w115a1001,鱅,1,624,鱅
64,2,慵,2,慵,w115a1002,慵,2,625,慵
64,3,𩌨,3,𩌨,w115a1003,𩌨,3,626,𩌨
65,1,恭,1,恭,w115a1004,恭,1,627,恭
65,2,龔,2,龔,w115b0101,龔,2,628,龔
65,3,供,3,供,w115b0102,供,3,629,供
65,4,珙,4,珙,w115b0201,珙,4,630,珙
65,5,䢼,5,䢼,w115b0202,䢼,5,631,䢼
65,6,共,6,共,w115b0203,共,6,632,共
65,7,𤱨,7,𤱨,w115b0204,𤱨,7,633,𤱨
65,8,廾,8,廾,w115b0205,卄,8,634,廾
65,9,髸,9,髸,w115b0301,髸,9,635,髸
65,10,䳍,10,䳍,w115b0302,䳍,10,636,䳍
66,1,蜙,1,蜙,w115b0303,蜙,1,637,蜙
66,2,淞,2,淞,w115b0304,淞,2,638,淞
66,3,凇,3,凇,w115b0305,凇,3,639,凇
66,4,鬆,4,鬆,w115b0306,鬆,4,640,鬆
66,5,倯,5,倯,w115b0401,倯,5,641,倯
66,6,𢔋,6,𢔋,w115b0402,𢔋,6,642,𢔋
67,1,樅,1,樅,w115b0403,樅,1,643,樅
67,2,鏦,2,鏦,w115b0404,鏦,2,644,鏦
67,3,從,3,從,w115b0405,從,3,645,從
67,4,暰,4,暰,w115b0501,暰,4,646,暰
67,5,䗥,5,䗥,w115b0502,䗥,5,647,䗥
67,6,瑽,6,瑽,w115b0503,瑽,6,648,瑽
67,7,摐,7,摐,w115b0504,摐,7,649,摐
67,8,䐫,8,䐫,w115b0505,䐫,8,650,䐫
67,9,𥡬,9,𥡬,w115b0601,𥡬,9,651,𥡬
67,10,𧺣,10,𧺣,w115b0602,𧺣,10,652,𧺣
67,11,鬆,11,鬆,w115b0603,鬆,11,653,鬆
67,12,𨑪,12,𨑪,w115b0604,𨑪,12,654,𨑪
68,1,銎,1,銎,w115b0605,銎,1,655,銎
68,2,𥳎,2,𥳎,w115b0606,𥳎,2,656,𥳎
69,1,江,1,江,w115b0701,江,1,657,江
69,2,扛,2,扛,w115b0801,扛,2,658,扛
69,3,杠,3,杠,w115b0802,杠,3,659,杠
69,4,茳,4,茳,w115b0901,茳,4,660,茳
69,5,釭,5,釭,w115b0902,釭,5,661,釭
69,6,矼,6,矼,w115b0903,矼,6,662,矼
69,7,豇,7,豇,w115b0904,豇,7,663,豇
69,8,肛,8,肛,w115b0905,肛,8,664,肛
69,9,玒,9,玒,w115b1001,玒,9,665,玒
69,10,𧢸,10,𧢸,w115b1002,𧢸,10,666,𧢸
69,11,䜫,11,䜫,w115b1003,䜫,11,667,䜫
70,1,厖,1,厖,w115b1004,厖,1,668,厖
70,2,駹,2,駹,w115b1005,駹,2,669,駹
70,3,狵,3,狵,w115b1006,狵,3,670,狵
70,4,尨,4,尨,w116a0101,尨,4,671,尨
70,5,浝,5,浝,w116a0102,浝,5,672,浝
70,6,哤,6,哤,w116a0103,哤,6,673,哤
70,7,牻,7,牻,w116a0104,牻,7,674,牻
70,8,娏,8,娏,w116a0105,娏,8,675,娏
70,9,䵨,9,䵨,w116a0106,䵨,9,676,䵨
70,10,㟌,10,㟌,w116a0107,㟌,10,677,㟌
70,11,蛖,11,蛖,w116a0108,蛖,11,678,蛖
70,12,𥆙,12,𥆙,w116a0201,𥆙,12,679,𥆙
70,13,痝,13,痝,w116a0202,痝,13,680,痝
70,14,𠈵,14,𠈵,w116a0203,𠈵,14,681,𠈵
71,1,𦗳,1,𦗳,w116a0204,𦗳,1,682,𦗳
71,2,𣰊,2,𣰊,w116a0205,𣰊,2,683,𣰊
71,3,涳,3,涳,w116a0206,涳,3,684,涳
71,4,噥,4,噥,w116a0207,噥,4,685,噥
71,5,𩟊,5,𩟊,w116a0301,𩟊,5,686,𩟊
71,6,鬞,6,鬞,w116a0302,鬞,6,687,鬞
71,7,䁸,7,䁸,w116a0303,䁸,7,688,䁸
71,8,𪆯,8,𪆯,w116a0304,𪆯,8,689,𪆯
72,1,囪,1,囪,w116a0305,囱,1,690,囪
72,2,窻,2,窻,w116a0306,䆫,2,691,䆫
72,3,牕,3,牕,w116a0401,牎,3,692,牎
72,4,窓,4,窓,w116a0402,窓,4,693,窓
72,5,䎫,5,䎫,w116a0403,䎫,5,694,䎫
72,6,堫,6,堫,w116a0404,堫,6,695,堫
72,7,摐,7,摐,w116a0405,摐,7,696,摐
72,8,鏦,8,鏦,w116a0406,鏦,8,697,鏦
72,9,𥎋,9,𥎋,w116a0501,𥍷,9,698,𥍷
73,1,邦,1,邦,w116a0502,邦,1,699,邦
73,2,𤰫,2,𤰫,w116a0503,𤰫,2,700,𤰫
73,3,梆,3,梆,w116a0504,梆,3,701,梆
73,4,垹,4,垹,w116a0505,垹,4,702,垹
74,1,栙,1,栙,w116a0506,栙,1,703,栙
74,2,䜶,2,䜶,w116a0601,䜶,2,704,䜶
74,3,降,3,降,w116a0602,降,3,705,降
74,4,缸,4,缸,w116a0603,缸,4,706,缸
74,5,缻〈瓨〉,5,缻〈瓨〉,w116a0604,缻〈瓨〉,5,707,缻
74,6,洚,6,洚,w116a0605,洚,6,708,洚
74,7,夅,7,夅,w116a0606,夅,7,709,夅
74,8,跭,8,跭,w116a0701,跭,8,710,跭
75,1,胮,1,胮,w116a0702,胮,1,711,胮
75,2,𤵸,2,𤵸,w116a0703,𤵸,2,712,𤵸
75,3,𩐨,3,𩐨,w116a0704,𩐨,3,713,𩐨
75,4,𪔔,4,𪔔,w116a0705,𪔔,4,714,𪔔
75,5,𪐿,5,𪐿,w116a0706,𪐿,5,715,𪐿
76,1,瀧,1,瀧,w116a0707,瀧,1,716,瀧
76,2,䮾,2,䮾,w116a0801,䮾,2,717,䮾
77,1,雙,1,雙,w116a0802,雙,1,718,雙
77,2,艭,2,艭,w116a0803,艭,2,719,艭
77,3,䉶,3,䉶,w116a0901,䉶,3,720,䉶
77,4,𢥠,4,𢥠,w116a0902,𢥠,4,721,𢥠
77,5,䝄,5,䝄,w116a0903,䝄,5,722,䝄
77,6,瀧,6,瀧,w116a0904,瀧,6,723,瀧
77,7,𨇯,7,𨇯,w116a0905,𨇯,7,724,𨇯
78,1,龐,1,龐,w116a0906,龐,1,725,龐
78,2,逄,2,逄,w116a1001,逄,2,726,逄
78,3,胮,3,胮,w116a1002,胮,3,727,胮
78,4,𩐨,4,𩐨,w116a1003,𩐨,4,728,𩐨
78,5,舽,5,舽,w116a1004,舽,5,729,舽
79,1,肛,1,肛,w116b0101,肛,1,730,肛
79,2,啌,2,啌,w116b0102,啌,2,731,啌
79,3,谾,3,谾,w116b0103,谾,3,732,谾
79,4,舡,4,舡,w116b0104,舡,4,733,舡
80,1,胦,1,胦,w116b0105,胦,1,734,胦
81,1,腔,1,腔,w116b0106,腔,1,735,腔
81,2,𤟄,2,𤟄,w116b0201,𤟄,2,736,𤟄
81,3,羫,3,羫,w116b0202,羫,3,737,羫
81,4,控,4,控,w116b0203,控,4,738,控
81,5,椌,5,椌,w116b0204,椌,5,739,椌
81,6,悾,6,悾,w116b0205,悾,6,740,悾
81,7,跫,7,跫,w116b0206,跫,7,741,跫
81,8,涳,8,涳,w116b0207,涳,8,742,涳
81,9,崆,9,崆,w116b0208,崆,9,743,崆
81,10,𩩝,10,𩩝,w116b0301,𩩝,10,744,𩩝
81,11,㾤,11,㾤,w116b0302,㾤,11,745,㾤
81,12,㼹,12,㼹,w116b0303,㼹,12,746,㼹
82,1,幢,1,幢,w116b0304,幢,1,747,幢
82,2,撞,2,撞,w116b0305,撞,2,748,撞
82,3,橦,3,橦,w116b0401,橦,3,749,橦
82,4,𣃘,4,𣃘,w116b0402,𣃘,4,750,𣃘
82,5,噇,5,噇,w116b0403,噇,5,751,噇
82,6,𩪘,6,𩪘,w116b0404,𩪘,6,752,𩪘
83,1,憃,1,憃,w116b0501,憃,1,753,憃
83,2,䚎,2,䚎,w116b0502,䚎,2,754,䚎
83,3,𥡟,3,𥡟,w116b0503,𥡟,3,755,𥡟
83,4,䄝,4,䄝,w116b0504,䄝,4,756,䄝
83,5,𧜧,5,𧜧,w116b0505,𧜧,5,757,𧜧
84,1,樁,1,樁,w116b0601,樁,1,758,樁
84,2,𣻛,2,𣻛,w116b0602,𣻛,2,759,𣻛
85,1,㟅,1,㟅,w116b0603,㟅,1,760,㟅
86,1,淙,1,淙,w116b0604,淙,1,761,淙
86,2,鬃,2,鬃,w116b0605,鬃,2,762,鬃
86,3,㼻,3,㼻,w116b0606,㼻,3,763,㼻
86,4,𩞐,4,𩞐,w116b0701,𩞐,4,764,𩞐
87,1,支,1,支,w116b0801,支,1,765,支
87,2,𥾣,2,𥾣,w116b0802,𥾣,2,766,𥾣
87,3,只,3,只,w116b0901,只,3,767,只
87,4,汥,4,汥,w116b0902,汥,4,768,汥
87,5,㲍,5,㲍,w116b0903,㲍,5,769,㲍
87,6,巵,6,巵,w116b0904,卮,6,770,巵
87,7,梔,7,梔,w116b0905,栀,7,771,梔
87,8,枝,8,枝,w116b0906,枝,8,772,枝
87,9,衹,9,衹,w116b1001,衹〈祇〉,9,773,衹
87,10,㽻,10,㽻,w116b1002,㽻,10,774,㽻
87,11,衼,11,衼,w116b1003,衼,11,775,衼
87,12,肢,12,肢,w116b1004,肢,12,776,肢
87,13,胑,13,胑,w116b1005,胑,13,777,胑
87,14,𨈛,14,𨈛,w116b1006,𨈛,14,778,𨈛
87,15,禔,15,禔,w117a0101,禔,15,779,禔
87,16,馶,16,馶,w117a0102,馶,16,780,馶
87,17,氏,17,氏,w117a0103,氏,17,781,氏
87,18,疻,18,疻,w117a0104,疻,18,782,疻
87,19,㩼,19,㩼,w117a0105,㩼,19,783,㩼
87,20,鳷,20,鳷,w117a0106,鳷,20,784,鳷
87,21,䧴,21,䧴,w117a0201,䧴,21,785,䧴
87,22,觶,22,觶,w117a0202,觶,22,786,觶
87,23,榰,23,榰,w117a0203,榰,23,787,榰
87,24,㯄,24,㯄,w117a0204,㯄,24,788,㯄
87,25,𪂅,25,𪂅,w117a0301,𪂅,25,789,𪂅
87,26,𧌔,26,𧌔,w117a0302,𧌔,26,790,𧌔
87,27,眵,27,眵,w117a0303,眵,27,791,眵
87,28,䡋,28,䡋,w117a0304,䡋,28,792,䡋
87,29,𩍲,29,𩍲,w117a0305,𩍲,29,793,𩍲
88,1,移,1,移,w117a0401,移,1,794,移
88,2,䄬,2,䄬,w117a0501,䄬,2,795,䄬
88,3,迻,3,迻,w117a0502,迻,3,796,迻
88,4,𠩗,4,𠩗,w117a0503,𠩗,4,797,𠩗
88,5,杝,5,杝,w117a0504,杝,5,798,杝
88,6,鉹,6,鉹,w117a0505,鉹,6,799,鉹
88,7,袲,7,袲,w117a0506,袲,7,800,袲
88,8,箷,8,箷,w117a0601,箷,8,801,箷
88,9,𥠥,9,𥠥,w117a0602,𥠥〈椸〉,9,802,𥠥
88,10,㥴,10,㥴,w117a0603,㥴,10,803,㥴
88,11,詑,11,詑,w117a0604,詑,11,804,詑
88,12,簃,12,簃,w117a0605,簃,12,805,簃
88,13,䔟,13,䔟,w117a0606,䔟,13,806,䔟
88,14,熪,14,熪,w117a0701,熪,14,807,熪
88,15,扅,15,扅,w117a0702,扅,15,808,扅
88,16,衪,16,衪,w117a0703,衪,16,809,衪
88,17,暆,17,暆,w117a0704,暆,17,810,暆
88,18,迆,18,迆,w117a0705,迆,18,811,迆
88,19,𤝻,19,𤝻,w117a0706,𤝻,19,812,𤝻
88,20,栘,20,栘,w117a0801,栘,20,813,栘
88,21,歋,21,歋,w117a0802,歋,21,814,歋
88,22,酏,22,酏,w117a0803,酏,22,815,酏
88,23,匜,23,匜,w117a0804,匜,23,816,匜
88,24,拸,24,拸,w117a0901,拸,24,817,拸
88,25,謻,25,謻,w117a0902,謻,25,818,謻
88,26,𠗺,26,𠗺,w117a0903,𠗺,26,819,𠗺
88,27,蛇,27,蛇,w117a0904,蛇,27,820,蛇
88,28,虵,28,虵,w117a0905,虵,28,821,虵
88,29,螔,29,螔,w117a1001,螔,29,822,螔
88,30,𠐀,30,𠐀,w117a1002,𠐀,30,823,𠐀
88,31,𣣢,31,𣣢,w117a1003,𣣢,31,824,𣣢
88,32,䬁,32,䬁,w117a1004,䬁,32,825,䬁
89,1,爲,1,爲,w117a1005,爲,1,826,爲
89,2,為,2,為,w117b0101,為,2,827,為
89,3,潙,3,潙,w117b0102,潙,3,828,潙
89,4,䧦,4,䧦,w117b0103,䧦,4,829,䧦
89,5,鄬,5,鄬,w117b0201,鄬,5,830,鄬
89,6,𩻟,6,𩻟,w117b0202,𩻟,6,831,𩻟
90,1,嬀,1,嬀,w117b0203,嬀,1,832,嬀
90,2,潙,2,潙,w117b0301,潙,2,833,潙
91,1,𪎮,1,𪎮,w117b0302,𪎮,1,834,𪎮
91,2,麾,2,麾,w117b0303,麾,2,835,麾
91,3,噅,3,噅,w117b0401,噅,3,836,噅
91,4,撝,4,撝,w117b0402,撝,4,837,撝
91,5,𩻟,5,𩻟,w117b0403,𩻟,5,838,𩻟
91,6,䧦,6,䧦,w117b0404,䧦,6,839,䧦
92,1,逶,1,逶,w117b0405,逶,1,840,逶
92,2,𣨙,2,𣨙,w117b0406,𣨙,2,841,𣨙
92,3,萎,3,萎,w117b0501,萎,3,842,萎
92,4,㮃,4,㮃,w117b0502,㮃,4,843,㮃
92,5,覣,5,覣,w117b0503,覣,5,844,覣
92,6,蜲,6,蜲,w117b0504,蜲,6,845,蜲
92,7,痿,7,痿,w117b0505,痿,7,846,痿
92,8,倭,8,倭,w117b0506,倭,8,847,倭
92,9,委,9,委,w117b0507,委,9,848,委
92,10,䴧,10,䴧,w117b0508,䴧,10,849,䴧
92,11,蟡,11,蟡,w117b0509,蟡,11,850,蟡
93,1,糜,1,糜,w117b0601,糜,1,851,糜
93,2,縻,2,縻,w117b0602,縻,2,852,縻
93,3,㸏,3,㸏,w117b0603,㸏,3,853,㸏
93,4,𪎕,4,𪎕,w117b0604,𪎕,4,854,𪎕
93,5,蘼,5,蘼,w117b0605,蘼,5,855,蘼
93,6,䊳,6,䊳,w117b0701,䊳,6,856,䊳
93,7,𪎭,7,𪎭,w117b0702,𪎭,7,857,𪎭
93,8,𦗕,8,𦗕,w117b0703,𦗕,8,858,𦗕
93,9,醿,9,醿,w117b0704,醿,9,859,醿
94,1,隓,1,隓,w117b0705,隓,1,860,隓
94,2,墮,2,墮,w117b0801,墮,2,861,墮
94,3,隳,3,隳,w117b0802,隳,3,862,隳
94,4,眭,4,眭,w117b0803,眭,4,863,眭
94,5,觿,5,觿,w117b0804,觿,5,864,觿
94,6,睢,6,睢,w117b0805,睢,6,865,睢
94,7,䜐,7,䜐,w117b0901,䜐,7,866,䜐
94,8,鑴,8,鑴,w117b0902,鑴,8,867,鑴
94,9,蘳,9,蘳,w117b0903,蘳,9,868,蘳
95,1,鬌,1,鬌,w117b0904,鬌,1,869,鬌
95,2,錘,2,錘,w117b0905,錘,2,870,錘
95,3,甀,3,甀,w117b1001,甀,3,871,甀
96,1,𡍮,1,𡍮,w117b1002,𡍮,1,872,𡍮
96,2,垂,2,垂,w117b1003,垂,2,873,垂
96,3,陲,3,陲,w117b1004,陲,3,874,陲
96,4,倕,4,倕,w117b1005,倕,4,875,倕
96,5,𦈼,5,𦈼,w117b1006,𦈼,5,876,𦈼
96,6,𨿠,6,𨿠,w118a0101,𨿠,6,877,𨿠
96,7,圌,7,圌,w118a0102,圌,7,878,圌
96,8,篅,8,篅,w118a0103,篅,8,879,篅
96,9,𥳙,9,𥳙,w118a0104,𥳙,9,880,𥳙
96,10,𠃀,10,𠃀,w118a0105,𠂹,10,881,𠂹
97,1,羸,1,羸,w118a0106,羸,1,882,羸
97,2,𡰠,2,𡰠,w118a0201,𡰠,2,883,𡰠
98,1,吹,1,吹,w118a0202,吹,1,884,吹
98,2,炊,2,炊,w118a0203,炊,2,885,炊
98,3,䶴,3,䶴,w118a0204,䶴,3,886,䶴
99,1,鈹,1,鈹,w118a0205,鈹,1,887,鈹
99,2,帔,2,帔,w118a0301,帔,2,888,帔
99,3,鮍,3,鮍,w118a0302,鮍,3,889,鮍
99,4,披,4,披,w118a0303,披,4,890,披
99,5,𤱍,5,𤱍,w118a0304,𤱍,5,891,𤱍
99,6,耚,6,耚,w118a0305,耚,6,892,耚
99,7,狓,7,狓,w118a0306,狓,7,893,狓
99,8,翍,8,翍,w118a0307,翍,8,894,翍
99,9,旇,9,旇,w118a0401,旇,9,895,旇
99,10,秛,10,秛,w118a0402,秛,10,896,秛
99,11,𤿎,11,𤿎,w118a0403,𤿎,11,897,𤿎
99,12,㱟,12,㱟,w118a0404,㱟,12,898,㱟
100,1,陂,1,陂,w118a0405,陂,1,899,陂
100,2,詖,2,詖,w118a0406,詖,2,900,詖
100,3,碑,3,碑,w118a0501,碑,3,901,碑
100,4,羆,4,羆,w118a0502,羆,4,902,羆
100,5,𥀍,5,𥀍,w118a0601,𥀍,5,903,𥀍
100,6,𨰟,6,𨰟,w118a0602,𨰟,6,904,𨰟
100,7,𤜑,7,𤜑,w118a0603,𤜑,7,905,𤜑
100,8,𨧦,8,𨧦,w118a0604,𨧦,8,906,𨧦
100,9,𥶓,9,𥶓,w118a0605,𥶓,9,907,𥶓
100,10,襬,10,襬,w118a0606,襬,10,908,襬
100,11,藣,11,藣,w118a0607,藣,11,909,藣
101,1,隨,1,隨,w118a0701,隨,1,910,隨
101,2,隋,2,隋,w118a0702,隋,2,911,隋
101,3,𥶻,3,𥶻,w118a0801,𥶻,3,912,𥶻
102,1,虧,1,虧,w118a0802,虧,1,913,虧
103,1,闚,1,闚,w118a0803,闚,1,914,闚
103,2,窺,2,窺,w118a0901,窺,2,915,窺
104,1,奇,1,奇,w118a0902,竒,1,916,竒
104,2,琦,2,琦,w118a0903,琦,2,917,琦
104,3,騎,3,騎,w118a0904,騎,3,918,騎
104,4,鵸,4,鵸,w118a1001,鵸,4,919,鵸
104,5,弜,5,弜,w118a1002,弜,5,920,弜
104,6,鬾,6,鬾,w118a1003,鬾,6,921,鬾
104,7,碕,7,碕,w118a1004,碕,7,922,碕
104,8,𢺷,8,𢺷,w118b0101,𢺷,8,923,𢺷
104,9,㩽,9,㩽,w118b0102,⿰朿支〈⿰朿攴〉,9,924,㩽
104,10,錡,10,錡,w118b0103,錡,10,925,錡
105,1,祇,1,祇,w118b0104,祇,1,926,祇
105,2,示,2,示,w118b0105,示,2,927,示
105,3,衹,3,衹,w118b0201,衹,3,928,衹
105,4,岐,4,岐,w118b0202,岐,4,929,岐
105,5,歧,5,歧,w118b0301,歧,5,930,歧
105,6,𨙸,6,𨙸,w118b0302,𨙸,6,931,𨙸
105,7,馶,7,馶,w118b0303,馶,7,932,馶
105,8,疧,8,疧,w118b0304,疧,8,933,疧
105,9,蚑,9,蚑,w118b0305,蚑,9,934,蚑
105,10,忯,10,忯,w118b0306,忯,10,935,忯
105,11,䞚,11,䞚,w118b0401,䞚,11,936,䞚
105,12,翄,12,翄,w118b0402,翄,12,937,翄
105,13,𢻚,13,𢻚,w118b0403,𢻚,13,938,𢻚
105,14,軝,14,軝,w118b0404,軝,14,939,軝
105,15,𩉬,15,𩉬,w118b0501,𩉬,15,940,𩉬
105,16,芪,16,芪,w118b0502,芪,16,941,芪
105,17,汥,17,汥,w118b0503,汥,17,942,汥
105,18,跂,18,跂,w118b0504,跂,18,943,跂
105,19,䲬,19,䲬,w118b0505,䲬,19,944,䲬
105,20,蚔,20,蚔,w118b0506,蚔,20,945,蚔
105,21,䉻,21,䉻,w118b0601,䉻,21,946,䉻
105,22,𦭲,22,𦭲,w118b0602,𦭲,22,947,𦭲
105,23,伎,23,伎,w118b0603,伎,23,948,伎
105,24,𨱜,24,𨱜,w118b0604,𨱜,24,949,𨱜
105,25,𠁭,25,𠁭,w118b0605,𠁭,25,950,𠁭
106,1,犧,1,犧,w118b0606,犧,1,951,犧
106,2,羲,2,羲,w118b0701,羲,2,952,羲
106,3,焁,3,焁,w118b0702,焁,3,953,焁
106,4,桸,4,桸,w118b0703,桸,4,954,桸
106,5,巇,5,巇,w118b0704,巇,5,955,巇
106,6,羛,6,羛,w118b0705,羛,6,956,羛
106,7,戲,7,戲,w118b0801,戲,7,957,戲
106,8,𤃪,8,𤃪,w118b0802,𤃪,8,958,𤃪
106,9,曦,9,曦,w118b0803,曦,9,959,曦
106,10,𢹍,10,𢹍,w118b0804,𢹍,10,960,𢹍
106,11,𧕆,11,𧕆,w118b0805,𧕆,11,961,𧕆
106,12,䚙,12,䚙,w118b0806,䚙,12,962,䚙
106,13,䖒,13,䖒,w118b0901,䖒,13,963,䖒
106,14,㺣,14,㺣,w118b0902,㺣,14,964,㺣
106,15,𣤴,15,𣤴,w118b0903,𣤴〈嚱〉,15,965,𣤴
106,16,𢨛,16,𢨛,w118b0904,𢨛〈𣤴〉,16,966,𢨛
106,17,㚀,17,㚀,w118b0905,㚀,17,967,㚀
106,18,隵,18,隵,w118b0906,隵,18,968,隵
107,1,㩻,1,㩻,w118b0907,㩻,1,969,㩻
107,2,觭,2,觭,w118b0908,觭,2,970,觭
107,3,踦,3,踦,w118b1001,踦,3,971,踦
107,4,㱦,4,㱦,w118b1002,㱦,4,972,㱦
107,5,崎,5,崎,w118b1003,崎,5,973,崎
107,6,𦖊,6,𦖊,w118b1004,𦖊,6,974,𦖊
107,7,碕,7,碕,w118b1005,碕,7,975,碕
107,8,𤘌,8,𤘌,w118b1006,𤘌,8,976,𤘌
107,9,㥓,9,㥓,w119a0101,㥓,9,977,㥓
107,10,䗁,10,䗁,w119a0102,䗁,10,978,䗁
107,11,攲,11,攲,w119a0103,攲,11,979,攲
108,1,宜,1,宜,w119a0104,宜,1,980,宜
108,2,宐,2,宐,w119a0201,宐,2,981,宐
108,3,𠣨,3,𠣨,w119a0202,𠣨〈𡪀〉,3,982,𠣨
108,4,㝖,4,㝖,w119a0203,㝖〈𡨆〉,4,983,㝖
108,5,儀,5,儀,w119a0204,儀,5,984,儀
108,6,𥫃,6,𥫃,w119a0301,𥫃,6,985,𥪺
108,7,䣡,7,䣡,w119a0302,䣡,7,986,䣡
108,8,䴊,8,䴊,w119a0303,䴊,8,987,䴊
108,9,轙,9,轙,w119a0304,轙,9,988,轙
108,10,涯,10,涯,w119a0305,涯,10,989,涯
108,11,崖,11,崖,w119a0306,崖,11,990,崖
109,1,皮,1,皮,w119a0401,皮,1,991,皮
109,2,疲,2,疲,w119a0402,疲,2,992,疲
109,3,郫,3,郫,w119a0403,郫,3,993,郫
109,4,罷,4,罷,w119a0404,罷,4,994,罷
109,5,㯅,5,㯅,w119a0501,㯅,5,995,㯅
109,6,犤,6,犤,w119a0502,犤,6,996,犤
110,1,提,1,提,w119a0503,提,1,997,提
110,2,𦑡,2,𦑡,w119a0504,𦑡,2,998,𦑡
110,3,㖷,3,㖷,w119a0505,㖷,3,999,㖷
110,4,匙,4,匙,w119a0506,匙,4,1000,匙
110,5,䈕,5,䈕,w119a0601,䈕,5,1001,䈕
110,6,堤,6,堤,w119a0602,堤,6,1002,堤
110,7,禔,7,禔,w119a0603,禔,7,1003,禔
110,8,𦳚,8,𦳚,w119a0604,𦳚,8,1004,𦳚
110,9,忯,9,忯,w119a0701,忯,9,1005,忯
110,10,姼,10,姼,w119a0702,姼,10,1006,姼
110,11,眂,11,眂,w119a0703,眂,11,1007,眂
110,12,𣏚,12,𣏚,w119a0704,𣏚,12,1008,𣏚
111,1,兒,1,兒,w119a0705,兒,1,1009,兒
111,2,𠒆,2,𠒆,w119a0801,𠒆,2,1010,𠒆
111,3,唲,3,唲,w119a0802,唲,3,1011,唲
111,4,婼,4,婼,w119a0803,婼,4,1012,婼
112,1,離,1,離,w119a0804,離,1,1013,離
112,2,籬,2,籬,w119a0901,籬,2,1014,籬
112,3,醨,3,醨,w119a0902,醨,3,1015,醨
112,4,罹,4,罹,w119a1001,罹,4,1016,罹
112,5,璃,5,璃,w119a1002,璃,5,1017,璃
112,6,酈,6,酈,w119a1003,酈,6,1018,酈
112,7,𣀷,7,𣀷,w119a1004,𣀷,7,1019,𣀷
112,8,驪,8,驪,w119a1005,驪,8,1020,驪
112,9,𪖂,9,𪖂,w119a1006,𪖂,9,1021,𪖂
112,10,樆,10,樆,w119b0101,樆,10,1022,樆
112,11,鸝,11,鸝,w119b0102,鸝,11,1023,鸝
112,12,鵹,12,鵹,w119b0103,鵹,12,1024,鵹
112,13,𪅆,13,𪅆,w119b0104,𪅆,13,1025,𪅆
112,14,縭,14,縭,w119b0105,縭,14,1026,縭
112,15,褵,15,褵,w119b0106,褵,15,1027,褵
112,16,蘺,16,蘺,w119b0107,蘺,16,1028,蘺
112,17,䕻,17,䕻,w119b0201,䕻,17,1029,䕻
112,18,麗,18,麗,w119b0202,麗,18,1030,麗
112,19,离,19,离,w119b0203,离,19,1031,离
112,20,䍦,20,䍦,w119b0204,䍦,20,1032,䍦
112,21,㰚,21,㰚,w119b0205,㰚,21,1033,㰚
112,22,蠡,22,蠡,w119b0206,蠡,22,1034,蠡
112,23,䅻,23,䅻,w119b0301,䅻,23,1035,䅻
112,24,孋,24,孋,w119b0302,孋,24,1036,孋
112,25,漓,25,漓,w119b0303,漓,25,1037,漓
112,26,灕,26,灕,w119b0304,灕,26,1038,灕
112,27,𧕯,27,𧕯,w119b0305,𧕯,27,1039,𧕯
112,28,㷰,28,㷰,w119b0401,㷰,28,1040,㷰
112,29,𧕮,29,𧕮,w119b0402,𧕮,29,1041,𧕮
112,30,攡,30,攡,w119b0403,攡,30,1042,攡
112,31,黐,31,黐,w119b0404,黐,31,1043,黐
112,32,矖,32,矖,w119b0405,矖,32,1044,矖
112,33,穲,33,穲,w119b0406,穲,33,1045,穲
112,34,𢟢,34,𢟢,w119b0407,𢟢,34,1046,𢟢
112,35,𢥗,35,𢥗,w119b0501,𢥗,35,1047,𢥗
112,36,謧,36,謧,w119b0502,謧,36,1048,謧
112,37,劙,37,劙,w119b0503,劙,37,1049,劙
113,1,疵,1,疵,w119b0504,疵,1,1050,疵
113,2,骴,2,骴,w119b0505,骴,2,1051,骴
113,3,玼,3,玼,w119b0506,玼,3,1052,玼
113,4,茈,4,茈,w119b0507,茈,4,1053,茈
113,5,𣐑,5,𣐑,w119b0601,𣐑,5,1054,𣐑
113,6,胔,6,胔,w119b0602,胔,6,1055,胔
113,7,飺,7,飺,w119b0603,飺,7,1056,飺
113,8,鴜,8,鴜,w119b0604,鴜,8,1057,鴜
114,1,貲,1,貲,w119b0605,貲,1,1058,貲
114,2,頿,2,頿,w119b0701,頿,2,1059,頿
114,3,鴜,3,鴜,w119b0702,鴜,3,1060,鴜
114,4,𪕊,4,𪕊,w119b0703,𪕊,4,1061,𪕊
114,5,鮆,5,鮆,w119b0704,鮆,5,1062,鮆
114,6,訾,6,訾,w119b0705,訾,6,1063,訾
114,7,鄑,7,鄑,w119b0801,鄑,7,1064,鄑
114,8,㠿,8,㠿,w119b0802,㠿,8,1065,㠿
114,9,媊,9,媊,w119b0803,媊,9,1066,媊
114,10,𨚖,10,𨚖,w119b0901,𨚖,10,1067,𨚖
114,11,㰣,11,㰣,w119b0902,㰣,11,1068,㰣
114,12,鈭,12,鈭,w119b0903,鈭,12,1069,鈭
114,13,姕,13,姕,w119b0904,姕,13,1070,姕
114,14,𦺱,14,𦺱,w119b0905,𦺱,14,1071,𦺱
114,15,䖪,15,䖪,w119b0906,䖪,15,1072,䖪
114,16,觜,16,觜,w119b1001,觜,16,1073,觜
115,1,羈,1,羈,w119b1002,羈,1,1074,羈
115,2,畸,2,畸,w119b1003,畸,2,1075,畸
115,3,羇,3,羇,w119b1004,羇,3,1076,羇
115,4,掎,4,掎,w119b1005,掎,4,1077,掎
115,5,攲,5,攲,w120a0101,攲,5,1078,攲
115,6,奇,6,奇,w120a0102,奇,6,1079,竒
115,7,㱦,7,㱦,w120a0103,㱦,7,1080,㱦
115,8,妓,8,妓,w120a0104,妓,8,1081,妓
115,9,躸,9,躸,w120a0105,躸,9,1082,躸
116,1,卑,1,卑,w120a0201,𤰞,1,1083,卑
116,2,鵯,2,鵯,w120a0202,鵯,2,1084,鵯
116,3,椑,3,椑,w120a0203,椑,3,1085,椑
116,4,箄,4,箄,w120a0301,箄,4,1086,箄
116,5,裨,5,裨,w120a0302,裨,5,1087,裨
116,6,鞞,6,鞞,w120a0303,鞞,6,1088,鞞
116,7,𩔹,7,𩔹,w120a0304,𩔹,7,1089,𩔹
116,8,痺〈庳〉,8,痺〈庳〉,w120a0401,痺〈庳〉,8,1090,痺
116,9,渒,9,渒,w120a0402,𣴪,9,1091,渒
116,10,錍,10,錍,w120a0403,錍,10,1092,錍
116,11,𢃍,11,𢃍,w120a0404,𢃍,11,1093,𢃍
117,1,陴,1,陴,w120a0405,陴,1,1094,陴
117,2,𩫫,2,𩫫,w120a0406,𩫫,2,1095,𩫫
117,3,焷,3,焷,w120a0407,焷,3,1096,焷
117,4,脾,4,脾,w120a0501,𦜉,4,1097,脾
117,5,䴽,5,䴽,w120a0502,䴽,5,1098,䴽
117,6,埤,6,埤,w120a0503,𡌨,6,1099,埤
117,7,裨,7,裨,w120a0504,裨,7,1100,裨
117,8,蜱,8,蜱,w120a0601,蜱,8,1101,蜱
117,9,𧓎,9,𧓎,w120a0602,𧓎,9,1102,𧓎
117,10,螷,10,螷,w120a0603,螷,10,1103,螷
117,11,蠯,11,蠯,w120a0604,蠯,11,1104,蠯
117,12,㯅,12,㯅,w120a0701,㯅,12,1105,㯅
117,13,郫,13,郫,w120a0702,郫,13,1106,郫
117,14,𪌈,14,𪌈,w120a0703,𪌈,14,1107,𪌈
117,15,紕,15,紕,w120a0704,紕,15,1108,紕
118,1,䌳,1,䌳,w120a0705,䌳,1,1109,䌳
118,2,絁,2,絁,w120a0801,絁,2,1110,絁
118,3,施,3,施,w120a0802,施,3,1111,施
118,4,葹,4,葹,w120a0803,葹,4,1112,葹
118,5,䙾,5,䙾,w120a0804,䙾,5,1113,䙾
118,6,鍦,6,鍦,w120a0901,鍦,6,1114,鍦
118,7,鉈,7,鉈,w120a0902,鉈,7,1115,鉈
118,8,鸍,8,鸍,w120a0903,鸍,8,1116,鸍
118,9,𪓿,9,𪓿,w120a0904,𪓿,9,1117,𪓿
118,10,䗐,10,䗐,w120a0905,䗐,10,1118,䗐
118,11,𧠜,11,𧠜,w120a0906,𧠜,11,1119,𧠜
118,12,𢻫,12,𢻫,w120a0907,𢻱,12,1120,𢻫
119,1,斯,1,斯,w120a1001,斯,1,1121,斯
119,2,虒,2,虒,w120a1002,虒,2,1122,虒
119,3,𩆵,3,𩆵,w120a1003,𩆵,3,1123,𩆵
119,4,榹,4,榹,w120a1004,榹,4,1124,榹
119,5,㴲,5,㴲,w120b0101,㴲,5,1125,㴲
119,6,廝,6,廝,w120b0102,廝,6,1126,廝
119,7,㒋,7,㒋,w120b0103,㒋,7,1127,㒋
119,8,凘,8,凘,w120b0104,凘,8,1128,凘
119,9,磃,9,磃,w120b0105,磃,9,1129,磃
119,10,㾷,10,㾷,w120b0106,㾷,10,1130,㾷
119,11,傂,11,傂,w120b0201,傂,11,1131,傂
119,12,謕,12,謕,w120b0202,謕,12,1132,謕
119,13,鼶,13,鼶,w120b0203,鼶,13,1133,鼶
119,14,𪆁,14,𪆁,w120b0204,𪆁,14,1134,𪆁
119,15,蟴,15,蟴,w120b0205,蟴,15,1135,蟴
119,16,㽄,16,㽄,w120b0301,㽄,16,1136,㽄
119,17,螔,17,螔,w120b0302,螔,17,1137,螔
119,18,䫢,18,䫢,w120b0303,䫢,18,1138,䫢
119,19,䌳,19,䌳,w120b0304,䌳,19,1139,䌳
119,20,䔮,20,䔮,w120b0305,䔮,20,1140,䔮
119,21,菥,21,菥,w120b0401,菥,21,1141,菥
119,22,𥕶,22,𥕶,w120b0402,𥕶,22,1142,𥕶
119,23,蜤,23,蜤,w120b0403,蜤,23,1143,蜤
119,24,燍,24,燍,w120b0404,燍,24,1144,燍
119,25,禠,25,禠,w120b0405,禠,25,1145,禠
119,26,鐁,26,鐁,w120b0501,鐁,26,1146,鐁
120,1,差,1,差,w120b0502,差,1,1147,差
120,2,嵯,2,嵯,w120b0503,嵯,2,1148,嵯
120,3,齹,3,齹,w120b0504,𪙉,3,1149,𪙉
120,4,縒,4,縒,w120b0505,縒,4,1150,縒
121,1,摛,1,摛,w120b0601,摛,1,1151,摛
121,2,螭,2,螭,w120b0602,螭,2,1152,螭
121,3,誺,3,誺,w120b0603,誺,3,1153,誺
121,4,魑,4,魑,w120b0604,魑,4,1154,魑
121,5,黐,5,黐,w120b0605,黐,5,1155,黐
121,6,㷰,6,㷰,w120b0606,㷰,6,1156,㷰
121,7,离,7,离,w120b0701,离,7,1157,离
121,8,𡴥,8,𡴥,w120b0702,𡴥,8,1158,𡴥
121,9,彲,9,彲,w120b0703,彲,9,1159,彲
122,1,彌,1,彌,w120b0704,彌,1,1160,彌
122,2,𢏏,2,𢏏,w120b0801,弥,2,1161,𢏏
122,3,鸍,3,鸍,w120b0802,鸍,3,1162,鸍
122,4,镾,4,镾,w120b0803,镾,4,1163,镾
122,5,䍘,5,䍘,w120b0901,䍘,5,1164,䍘
122,6,𥹄,6,𥹄,w120b0902,𥹄,6,1165,𨤐
122,7,𥉓,7,𥉓,w120b0903,𥉓,7,1166,𥉓
122,8,瓕,8,瓕,w120b0904,㣆,8,1167,㣆
122,9,獼,9,獼,w120b0905,獼,9,1168,獼
122,10,𥸀,10,𥸀,w120b0906,𥸀,10,1169,𥸀
122,11,擟〈檷〉,11,擟〈檷〉,w120b0907,擟,11,1170,擟
122,12,麊,12,麊,w120b0908,麊,12,1171,麊
122,13,冞,13,冞,w120b1001,冞,13,1172,冞
122,14,㜷,14,㜷,w120b1002,㜷,14,1173,㜷
122,15,䥸,15,䥸,w120b1003,䥸,15,1174,䥸
122,16,𥎖,16,𥎖,w120b1004,𥎖,16,1175,𥎖
122,17,瀰,17,瀰,w120b1005,瀰,17,1176,瀰
123,1,雌,1,雌,w120b1006,雌,1,1177,雌
123,2,胔,2,胔,w121a0101,𦙼,2,1178,𦙼
123,3,姕,3,姕,w121a0102,姕,3,1179,姕
123,4,鈭,4,鈭,w121a0103,鈭,4,1180,鈭
123,5,𦍧,5,𦍧,w121a0104,𦍧,5,1181,𦍧
124,1,知,1,知,w121a0105,知,1,1182,知
124,2,䵹,2,䵹,w121a0201,䵹,2,1183,䵹
124,3,鼅,3,鼅,w121a0202,鼅,3,1184,鼅
124,4,蜘,4,蜘,w121a0203,蜘,4,1185,蜘
124,5,䣽,5,䣽,w121a0204,䣽,5,1186,䣽
124,6,䝷,6,䝷,w121a0205,䝷,6,1187,䝷
125,1,漪,1,漪,w121a0206,漪,1,1188,漪
125,2,猗,2,猗,w121a0301,猗,2,1189,猗
125,3,椅,3,椅,w121a0302,椅,3,1190,椅
125,4,旖,4,旖,w121a0303,旖,4,1191,旖
125,5,禕,5,禕,w121a0304,禕,5,1192,禕
125,6,陭,6,陭,w121a0305,陭,6,1193,陭
125,7,欹,7,欹,w121a0401,欹,7,1194,欹
125,8,㾨,8,㾨,w121a0402,㾨,8,1195,㾨
125,9,犄,9,犄,w121a0403,犄,9,1196,犄
125,10,𩕲,10,𩕲,w121a0404,𩕲,10,1197,𩕲
125,11,檹,11,檹,w121a0405,檹,11,1198,檹
126,1,馳,1,馳,w121a0406,馳,1,1199,馳
126,2,趍,2,趍,w121a0501,趍,2,1200,趍
126,3,池,3,池,w121a0502,池,3,1201,池
126,4,簃,4,簃,w121a0601,簃,4,1202,簃
126,5,篪,5,篪,w121a0602,篪,5,1203,篪
126,6,䶵,6,䶵,w121a0701,䶵,6,1204,䶵
126,7,踟,7,踟,w121a0702,踟,7,1205,踟
126,8,褫,8,褫,w121a0703,褫,8,1206,褫
126,9,䪧,9,䪧,w121a0704,䪧,9,1207,䪧
126,10,䶔,10,䶔,w121a0705,䶔,10,1208,䶔
126,11,誃,11,誃,w121a0801,誃,11,1209,誃
126,12,傂,12,傂,w121a0802,傂,12,1210,傂
126,13,䞾,13,䞾,w121a0803,䞾,13,1211,䞾
127,1,眭,1,眭,w121a0804,眭,1,1212,眭
128,1,危,1,危,w121a0805,危,1,1213,危
128,2,㕒,2,㕒,w121a0901,㕒,2,1214,㕒
128,3,洈,3,洈,w121a0902,洈,3,1215,洈
128,4,峗,4,峗,w121a0903,峗,4,1216,峗
129,1,詑,1,詑,w121a0904,詑,1,1217,詑
129,2,焁,2,焁,w121a0905,焁,2,1218,焁
130,1,釃,1,釃,w121a1001,釃,1,1219,釃
130,2,簁,2,簁,w121a1002,簁,2,1220,簁
130,3,欐,3,欐,w121a1003,欐,3,1221,欐
130,4,襹,4,襹,w121a1004,襹,4,1222,襹
130,5,褷,5,褷,w121a1005,褷,5,1223,褷
130,6,𧕯,6,𧕯,w121b0101,𧕯,6,1224,𧕯
130,7,籭,7,籭,w121b0102,籭,7,1225,籭
131,1,䪎,1,䪎,w121b0103,䪎,1,1226,䪎
131,2,䭨,2,䭨,w121b0104,䭨,2,1227,䭨
132,1,痿,1,痿,w121b0105,痿,1,1228,痿
132,2,䬐,2,䬐,w121b0201,䬐,2,1229,䬐
133,1,厜,1,厜,w121b0202,厜,1,1230,厜
133,2,觜,2,觜,w121b0203,觜,2,1231,觜
133,3,纗,3,纗,w121b0204,纗,3,1232,纗
133,4,惢,4,惢,w121b0205,惢,4,1233,惢
133,5,嫢,5,嫢,w121b0301,嫢,5,1234,嫢
133,6,㭰,6,㭰,w121b0302,㭰,6,1235,㭰
134,1,𩓸,1,𩓸,w121b0303,𩓸,1,1236,𩓸
134,2,𩓡,2,𩓡,w121b0304,𩓡,2,1237,𩓡
134,3,槻,3,槻,w121b0305,槻,3,1238,槻
134,4,規,4,規,w121b0306,規,4,1239,規
134,5,鬹,5,鬹,w121b0401,鬹,5,1240,鬹
134,6,𨾚,6,𨾚,w121b0402,𨾚,6,1241,𨾚
134,7,摫,7,摫,w121b0403,摫,7,1242,摫
135,1,劑,1,劑,w121b0404,劑,1,1243,劑
135,2,㭰,2,㭰,w121b0405,㭰,2,1244,㭰
135,3,𦸺,3,𦸺,w121b0501,𦸺,3,1245,𦸺
135,4,臇,4,臇,w121b0502,臇,4,1246,臇
135,5,𤎱,5,𤎱,w121b0503,⿰火⿱隹冋〈𤎱〉,5,1247,𤎱
135,6,㷷,6,㷷,w121b0504,㷷,6,1248,㷷
136,1,衰,1,衰,w121b0505,衰,1,1249,衰
136,2,夊,2,夊,w121b0506,夊,2,1250,夊
137,1,腄,1,腄,w121b0601,腄,1,1251,腄
137,2,箠,2,箠,w121b0602,箠,2,1252,箠
137,3,㩾,3,㩾,w121b0603,㩾,3,1253,㩾
138,1,䮔,1,䮔,w121b0604,䮔,1,1254,䮔
139,1,眵,1,眵,w121b0605,眵,1,1255,眵
139,2,䌳,2,䌳,w121b0701,䌳,2,1256,䌳
140,1,齜,1,齜,w121b0702,齜,1,1257,齜
141,1,𤿎〈𢻹〉,1,𤿎,w121b0703,𤿎,1,1258,𤿎
142,1,䔺,1,䔺,w121b0704,䔺,1,1259,䔺
142,2,𩁌,2,𩁌,w121b0801,𩁌,2,1260,𩁌
142,3,蠵,3,蠵,w121b0802,蠵,3,1261,蠵
142,4,欈,4,欈,w121b0803,欈,4,1262,欈
142,5,𧲚,5,𧲚,w121b0804,𧲚,5,1263,𧲚
142,6,䝐,6,䝐,w121b0805,䝐,6,1264,䝐
143,1,齹,1,齹,w121b0806,齹,1,1265,齹
144,1,脂,1,脂,w121b1001,脂,1,1266,脂
144,2,祗,2,祗,w122a0101,祗,2,1267,祗
144,3,汦〈泜〉,3,汦〈泜〉,w122a0102,汦〈泜〉,3,1268,汦
144,4,砥,4,砥,w122a0103,砥,4,1269,砥
144,5,栺,5,栺,w122a0104,栺,5,1270,栺
144,6,鴲,6,鴲,w122a0105,鴲,6,1271,鴲
144,7,㴯,7,㴯,w122a0106,㴯,7,1272,㴯
144,8,疻,8,疻,w122a0201,疻,8,1273,疻
144,9,䓜,9,䓜,w122a0202,䓜,9,1274,䓜
144,10,𥁼,10,𥁼,w122a0203,⿱汦皿〈𥁼〉,10,1275,𥁼
145,1,姨,1,姨,w122a0204,姨,1,1276,姨
145,2,彝,2,彝,w122a0205,彞,2,1277,彞
145,3,寅,3,寅,w122a0301,寅,3,1278,寅
145,4,夷,4,夷,w122a0302,夷,4,1279,夷
145,5,峓,5,峓,w122a0601,峓,5,1280,峓
145,6,恞,6,恞,w122a0602,恞,6,1281,恞
145,7,眱,7,眱,w122a0603,眱,7,1282,眱
145,8,㰘,8,㰘,w122a0604,㰘,8,1283,𣟗
145,9,珆,9,珆,w122a0605,珆,9,1284,珆
145,10,蔩,10,蔩,w122a0606,蔩,10,1285,蔩
145,11,𡰥,11,𡰥,w122a0701,𡰥,11,1286,𡰥
145,12,痍,12,痍,w122a0702,痍,12,1287,痍
145,13,䧅,13,䧅,w122a0703,䧅,13,1288,䧅
145,14,荑,14,荑,w122a0704,荑,14,1289,荑
145,15,桋,15,桋,w122a0705,桋,15,1290,桋
145,16,蛦,16,蛦,w122a0706,蛦,16,1291,蛦
145,17,胰,17,胰,w122a0801,胰,17,1292,胰
145,18,鮧,18,鮧,w122a0802,鮧,18,1293,鮧
145,19,羠,19,羠,w122a0803,羠,19,1294,羠
145,20,羨,20,羨,w122a0804,羨,20,1295,羨
145,21,鏔,21,鏔,w122a0805,鏔,21,1296,鏔
145,22,𢓡,22,𢓡,w122a0901,𢓡,22,1297,𢓡
145,23,鴺,23,鴺,w122a0902,鴺,23,1298,鴺
145,24,𡱐,24,𡱐,w122a0903,𡱐,24,1299,𡱐
145,25,跠,25,跠,w122a0904,跠,25,1300,跠
145,26,洟,26,洟,w122a0905,洟,26,1301,洟
146,1,師,1,師,w122a0906,師,1,1302,師
146,2,鰤,2,鰤,w122b0301,鰤,2,1303,鰤
146,3,蒒,3,蒒,w122b0302,蒒,3,1304,蒒
146,4,篩,4,篩,w122b0303,篩,4,1305,篩
146,5,獅,5,獅,w122b0304,獅,5,1306,獅
146,6,螄,6,螄,w122b0305,螄,6,1307,螄
147,1,𣬈,1,𣬈,w122b0306,𣬈,1,1308,𣬈
147,2,毗,2,毗,w122b0401,毗,2,1309,毗
147,3,比,3,比,w122b0402,比,3,1310,比
147,4,琵,4,琵,w122b0403,琵,4,1311,琵
147,5,㮰,5,㮰,w122b0501,㮰,5,1312,㮰
147,6,芘,6,芘,w122b0502,芘,6,1313,芘
147,7,沘,7,沘,w122b0503,沘,7,1314,沘
147,8,貔,8,貔,w122b0504,貔,8,1315,貔
147,9,豼,9,豼,w122b0505,豼,9,1316,豼
147,10,膍,10,膍,w122b0506,膍,10,1317,膍
147,11,肶,11,肶,w122b0601,肶,11,1318,肶
147,12,蚍,12,蚍,w122b0602,蚍,12,1319,蚍
147,13,𧖈,13,𧖈,w122b0603,𧖈,13,1320,𧖈
147,14,枇,14,枇,w122b0604,枇,14,1321,枇
147,15,仳,15,仳,w122b0605,仳,15,1322,仳
147,16,𨈚,16,𨈚,w122b0606,𨈚,16,1323,𨈚
147,17,魮,17,魮,w122b0607,魮,17,1324,魮
147,18,鈚,18,鈚,w122b0701,鈚,18,1325,鈚
147,19,𦳈,19,𦳈,w122b0702,𦳈,19,1326,𦳈
147,20,𦊁,20,𦊁,w122b0703,𦊁,20,1327,𦊁
147,21,阰,21,阰,w122b0704,阰,21,1328,阰
147,22,𧑜,22,𧑜,w122b0705,𧑜,22,1329,𧑜
147,23,鵧,23,鵧,w122b0801,鵧,23,1330,鵧
148,1,咨,1,咨,w122b0802,咨,1,1331,咨
148,2,資,2,資,w122b0803,資,2,1332,資
148,3,粢,3,粢,w122b0804,粢,3,1333,粢
148,4,𪗉,4,𪗉,w122b0805,𪗉,4,1334,𪗉
148,5,𪗋,5,𪗋,w122b0806,𪗋,5,1335,𪗋
148,6,𧞓,6,𧞓,w122b0901,𧞓,6,1336,𧞓
148,7,諮,7,諮,w122b0902,諮,7,1337,諮
148,8,姿,8,姿,w122b0903,姿,8,1338,姿
148,9,齍,9,齍,w122b0904,齍,9,1339,齍
148,10,澬,10,澬,w122b0905,澬,10,1340,澬
148,11,𣳩,11,𣳩,w122b0906,𣳩,11,1341,𣳩
148,12,齎,12,齎,w122b1001,齎,12,1342,齎
148,13,蒫,13,蒫,w122b1002,蒫,13,1343,蒫
148,14,𩆂,14,𩆂,w122b1003,𩆂,14,1344,𩆂
148,15,𩄚,15,𩄚,w122b1004,𩄚,15,1345,𩄚
149,1,飢,1,飢,w122b1005,飢,1,1346,飢
149,2,机,2,机,w123a0101,机,2,1347,机
149,3,肌,3,肌,w123a0102,肌,3,1348,肌
149,4,虮,4,虮,w123a0103,虮,4,1349,虮
150,1,鴟,1,鴟,w123a0104,鴟,1,1350,鴟
150,2,𨾦,2,𨾦,w123a0105,𨾦,2,1351,𨾦
150,3,𪀒,3,𪀒,w123a0106,鵄,3,1352,鵄
150,4,胵,4,胵,w123a0107,胵,4,1353,胵
150,5,𩶅,5,𩶅,w123a0201,𩶅,5,1354,𩶅
150,6,𧪡,6,𧪡,w123a0202,𧪡,6,1355,𧪡
150,7,𨒬,7,𨒬,w123a0203,𨒬,7,1356,𨒬
151,1,絺,1,絺,w123a0204,絺,1,1357,絺
151,2,辴,2,辴,w123a0205,辴,2,1358,辴
151,3,郗,3,郗,w123a0206,郗,3,1359,郗
151,4,𥭘,4,𥭘,w123a0301,𥭘,4,1360,𥭘
151,5,脪,5,脪,w123a0302,脪,5,1361,脪
151,6,瓻,6,瓻,w123a0303,瓻,6,1362,瓻
151,7,訵,7,訵,w123a0304,訵,7,1363,訵
152,1,郪,1,郪,w123a0305,郪,1,1364,郪
152,2,趑,2,趑,w123a0401,趑,2,1365,趑
152,3,𨌅,3,𨌅,w123a0402,𨌅,3,1366,𨌅
152,4,趀,4,趀,w123a0403,趀,4,1367,趀
152,5,𧾒,5,𧾒,w123a0404,𧾒,5,1368,𧾒
152,6,𧠵〈𧠥〉,6,𧠵〈𧠥〉,w123a0501,𧠵〈𧠥〉,6,1369,𧠵
152,7,𡰾,7,𡰾,w123a0502,𡰾,7,1370,𡰾
152,8,𡳠,8,𡳠,w123a0503,𡳠,8,1371,𡳠
152,9,蠀,9,蠀,w123a0504,蠀,9,1372,蠀
153,1,茨,1,茨,w123a0505,茨,1,1373,茨
153,2,薋,2,薋,w123a0601,薋,2,1374,薋
153,3,薺,3,薺,w123a0602,薺,3,1375,薺
153,4,餈,4,餈,w123a0603,餈,4,1376,餈
153,5,𩜴,5,𩜴,w123a0604,𩜴,5,1377,𩜴
153,6,垐,6,垐,w123a0605,垐,6,1378,垐
153,7,䆅,7,䆅,w123a0606,䆅,7,1379,䆅
153,8,蠐,8,蠐,w123a0607,𧓉,8,1380,𧓉
153,9,瓷,9,瓷,w123a0701,瓷,9,1381,瓷
153,10,澬,10,澬,w123a0702,澬,10,1382,澬
153,11,𥿆,11,𥿆,w123a0703,𥿆,11,1383,𥿆
153,12,𨌅,12,𨌅,w123a0704,𨌅,12,1384,𨌅
153,13,𩆂,13,𩆂,w123a0705,𩆂,13,1385,𩆂
154,1,尼,1,尼,w123a0801,尼,1,1386,尼
154,2,柅,2,柅,w123a0802,柅,2,1387,柅
154,3,怩,3,怩,w123a0803,怩,3,1388,怩
154,4,蚭,4,蚭,w123a0804,蚭,4,1389,蚭
154,5,跜,5,跜,w123a0805,跜,5,1390,跜
154,6,呢,6,呢,w123a0901,呢,6,1391,呢
154,7,𩚯,7,𩚯,w123a0902,𩚯,7,1392,𩚯
154,8,䝚,8,䝚,w123a0903,䝚,8,1393,䝚
155,1,墀,1,墀,w123a0904,墀,1,1394,墀
155,2,𡎰,2,𡎰,w123a1001,𡎰,2,1395,𡎰
155,3,坻,3,坻,w123a1002,坻,3,1396,坻
155,4,泜,4,泜,w123a1003,泜,4,1397,泜
155,5,遲,5,遲,w123a1004,遲,5,1398,遲
155,6,遟,6,遟,w123b0101,遟,6,1399,遟
155,7,蚳,7,蚳,w123b0102,蚳,7,1400,蚳
155,8,岻,8,岻,w123b0103,岻,8,1401,岻
155,9,彽,9,彽,w123b0104,彽,9,1402,彽
155,10,阺,10,阺,w123b0105,阺,10,1403,阺
155,11,荎,11,荎,w123b0201,荎,11,1404,荎
155,12,菭,12,菭,w123b0202,菭,12,1405,菭
155,13,謘,13,謘,w123b0203,謘,13,1406,謘
155,14,莉,14,莉,w123b0204,莉,14,1407,莉
155,15,貾,15,貾,w123b0205,貾,15,1408,貾
156,1,私,1,私,w123b0301,私,1,1409,私
156,2,鋖,2,鋖,w123b0302,鋖,2,1410,鋖
156,3,厶,3,厶,w123b0303,厶,3,1411,厶
156,4,𦮺,4,𦮺,w123b0304,𦮺,4,1412,𦮺
156,5,㺨,5,㺨,w123b0305,㺨,5,1413,㺨
157,1,尸,1,尸,w123b0401,尸,1,1414,尸
157,2,鳲,2,鳲,w123b0402,鳲,2,1415,鳲
157,3,屍,3,屍,w123b0501,屍,3,1416,屍
157,4,蓍,4,蓍,w123b0502,蓍,4,1417,蓍
158,1,鬐,1,鬐,w123b0601,鬐,1,1418,鬐
158,2,𦓀,2,𦓀,w123b0602,𦓀,2,1419,𦓀
158,3,耆,3,耆,w123b0701,耆,3,1420,耆
158,4,愭,4,愭,w123b0702,愭,4,1421,愭
158,5,𧡺,5,𧡺,w123b0703,𧡺,5,1422,𧡺
158,6,𥉙,6,𥉙,w123b0704,𥉙,6,1423,𥉙
158,7,䅲,7,䅲,w123b0705,䅲,7,1424,䅲
158,8,祁,8,祁,w123b0706,祁,8,1425,祁
158,9,𨪌,9,𨪌,w123b0801,𨪌,9,1426,𨪌
158,10,鰭,10,鰭,w123b0802,鰭,10,1427,鰭
158,11,鮨,11,鮨,w123b0803,鮨,11,1428,鮨
159,1,伊,1,伊,w123b0804,伊,1,1429,伊
159,2,咿,2,咿,w123b1001,咿,2,1430,咿
159,3,蛜,3,蛜,w123b1002,蛜,3,1431,𧉅
159,4,黝,4,黝,w123b1003,黝,4,1432,黝
159,5,黟,5,黟,w123b1004,黟,5,1433,黟
160,1,棃,1,棃,w123b1005,棃,1,1434,棃
160,2,梨,2,梨,w124a0101,梨,2,1435,梨
160,3,𠠍,3,𠠍,w124a0102,𠠍,3,1436,𠠍
160,4,秜,4,秜,w124a0103,秜,4,1437,秜
160,5,蜊,5,蜊,w124a0104,蜊,5,1438,蜊
160,6,蔾,6,蔾,w124a0105,蔾,6,1439,蔾
160,7,犂,7,犂,w124a0106,犂,7,1440,犂
160,8,刕,8,刕,w124a0107,刕,8,1441,刕
160,9,𢤂,9,𢤂,w124a0201,𢤂,9,1442,𢤂
160,10,鯬,10,鯬,w124a0202,鯬,10,1443,鯬
160,11,鑗,11,鑗,w124a0203,鑗,11,1444,鑗
160,12,䴻,12,䴻,w124a0204,䴻,12,1445,䴻
160,13,蟍,13,蟍,w124a0205,蟍,13,1446,蟍
160,14,𨟀,14,𨟀,w124a0206,𨟀,14,1447,𨟀
161,1,葵,1,葵,w124a0301,葵,1,1448,葵
161,2,鄈,2,鄈,w124a0302,鄈,2,1449,鄈
161,3,楑,3,楑,w124a0303,楑,3,1450,楑
161,4,𩹍,4,𩹍,w124a0304,𩹍,4,1451,𩹍
161,5,𢜽,5,𢜽,w124a0401,𢜽,5,1452,𢜽
161,6,𦝢,6,𦝢,w124a0402,𦝢,6,1453,𦝢
161,7,䳫,7,䳫,w124a0403,䳫,7,1454,䳫
161,8,𧍜,8,𧍜,w124a0404,𧍜,8,1455,𧍜
162,1,追,1,追,w124a0405,追,1,1456,追
162,2,䨨,2,䨨,w124a0406,䨨,2,1457,䨨
162,3,娺,3,娺,w124a0407,娺,3,1458,娺
163,1,龜,1,龜,w124a0501,龜,1,1459,龜
163,2,𪚦,2,𪚦,w124a0502,〾龜,2,1460,𪚦
163,3,𠃾,3,𠃾,w124a0601,𠃾,3,1461,𤕣
163,4,䟸,4,䟸,w124a0602,䟸,4,1462,䟸
163,5,螝,5,螝,w124a0603,螝,5,1463,螝
163,6,騩,6,騩,w124a0604,騩,6,1464,騩
164,1,蕤,1,蕤,w124a0605,蕤,1,1465,蕤
164,2,甤,2,甤,w124a0606,甤,2,1466,甤
164,3,緌,3,緌,w124a0701,緌,3,1467,緌
164,4,擩,4,擩,w124a0702,擩〈㨎〉,4,1468,擩
164,5,桵,5,桵,w124a0703,桵,5,1469,桵
164,6,䅑,6,䅑,w124a0704,䅑,6,1470,䅑
164,7,捼,7,捼,w124a0705,捼,7,1471,捼
165,1,衰,1,衰,w124a0706,衰,1,1472,衰
165,2,榱,2,榱,w124a0801,榱,2,1473,榱
165,3,𤸬,3,𤸬,w124a0802,𤸬,3,1474,𤸬
166,1,惟,1,惟,w124a0803,惟,1,1475,惟
166,2,𣄧,2,𣄧,w124a0901,𣄧,2,1476,𣄧
166,3,維,3,維,w124a0902,維,3,1477,維
166,4,遺,4,遺,w124a0903,遺,4,1478,遺
166,5,濰,5,濰,w124a0904,濰,5,1479,濰
166,6,壝,6,壝,w124a1001,壝,6,1480,壝
166,7,𥌰,7,𥌰,w124a1002,𥌰,7,1481,𥌰
166,8,蓶,8,蓶,w124a1003,蓶,8,1482,蓶
166,9,䜅,9,䜅,w124a1004,䜅,9,1483,䜅
166,10,琟,10,琟,w124a1005,琟,10,1484,琟
166,11,唯,11,唯,w124a1006,唯,11,1485,唯
166,12,𧔥,12,𧔥,w124a1007,𧔥,12,1486,𧔥
167,1,㶟,1,㶟,w124b0101,㶟,1,1487,㶟
167,2,纍,2,纍,w124b0102,纍,2,1488,纍
167,3,虆,3,虆,w124b0201,虆,3,1489,虆
167,4,欙,4,欙,w124b0202,欙,4,1490,欙
167,5,𤜖,5,𤜖,w124b0203,𤜖,5,1491,𤜖
167,6,𡿔,6,𡿔,w124b0204,𡿔,6,1492,𡿔
167,7,㠥,7,㠥,w124b0205,㠥,7,1493,㠥
167,8,𡤯,8,𡤯,w124b0206,𡤯,8,1494,𡤯
167,9,瓃,9,瓃,w124b0301,瓃,9,1495,瓃
167,10,𥍔,10,𥍔,w124b0302,𥍔,10,1496,𥍔
167,11,鸓,11,鸓,w124b0303,鸓,11,1497,鸓
167,12,儽,12,儽,w124b0304,儽,12,1498,儽
167,13,纝,13,纝,w124b0305,纝,13,1499,纝
168,1,綏,1,綏,w124b0401,綏,1,1500,綏
168,2,雖,2,雖,w124b0402,雖,2,1501,雖
168,3,荾,3,荾,w124b0501,荾,3,1502,荾
168,4,荽,4,荽,w124b0502,荽,4,1503,荽
168,5,䒘,5,䒘,w124b0503,䒘,5,1504,䒘
168,6,葰,6,葰,w124b0504,葰,6,1505,葰
168,7,浽,7,浽,w124b0601,浽,7,1506,浽
168,8,奞,8,奞,w124b0602,奞,8,1507,奞
168,9,夊,9,夊,w124b0603,夊,9,1508,夊
168,10,睢,10,睢,w124b0604,睢,10,1509,睢
168,11,濉,11,濉,w124b0701,濉,11,1510,濉
168,12,䅑,12,䅑,w124b0702,䅑,12,1511,䅑
169,1,逵,1,逵,w124b0703,逵,1,1512,逵
169,2,夔,2,夔,w124b0704,夔,2,1513,夔
169,3,𣦞,3,𣦞,w124b0801,𣦞,3,1514,𣦞
169,4,馗,4,馗,w124b0901,馗,4,1515,馗
169,5,戣,5,戣,w124b0902,戣,5,1516,戣
169,6,鍨,6,鍨,w124b0903,鍨,6,1517,鍨
169,7,騤,7,騤,w124b0904,騤,7,1518,騤
169,8,犪,8,犪,w124b0905,犪,8,1519,犪
169,9,躨,9,躨,w124b1001,躨,9,1520,躨
169,10,𦝢,10,𦝢,w124b1002,𦝢,10,1521,𦝢
169,11,艽,11,艽,w124b1003,艽,11,1522,艽
169,12,䟸,12,䟸,w124b1004,䟸,12,1523,䟸
169,13,𠊾,13,𠊾,w124b1005,𠊾,13,1524,𠊾
169,14,𨾎,14,𨾎,w124b1006,𨾗,14,1525,𨾗
169,15,頯,15,頯,w125a0101,頯,15,1526,頯
169,16,𠐽,16,𠐽,w125a0102,𠐽,16,1527,𠐽
169,17,𧢦,17,𧢦,w125a0103,𧢦,17,1528,𧢦
169,18,𢌳,18,𢌳,w125a0104,𢌳,18,1529,𢌳
169,19,頄,19,頄,w125a0105,頄,19,1530,頄
170,1,眉,1,眉,w125a0106,眉,1,1531,眉
170,2,睂,2,睂,w125a0107,睂,2,1532,睂
170,3,嵋,3,嵋,w125a0201,嵋,3,1533,嵋
170,4,湄,4,湄,w125a0202,湄,4,1534,湄
170,5,𤃱,5,𤃱,w125a0203,𤃱,5,1535,𤃱
170,6,鶥,6,鶥,w125a0204,鶥,6,1536,鶥
170,7,楣,7,楣,w125a0301,楣,7,1537,楣
170,8,瑂,8,瑂,w125a0302,瑂,8,1538,瑂
170,9,矀,9,矀,w125a0303,矀,9,1539,矀
170,10,覹,10,覹,w125a0304,覹,10,1540,覹
170,11,䉠,11,䉠,w125a0305,䉠,11,1541,䉠
170,12,黴,12,黴,w125a0306,黴,12,1542,黴
170,13,麋,13,麋,w125a0401,麋,13,1543,麋
170,14,蘪,14,蘪,w125a0402,蘪,14,1544,蘪
170,15,郿,15,郿,w125a0403,郿,15,1545,郿
170,16,㵟,16,㵟,w125a0404,㵟,16,1546,㵟
170,17,薇,17,薇,w125a0501,薇,17,1547,薇
170,18,𦗕,18,𦗕,w125a0502,𦗕,18,1548,𦗕
170,19,葿,19,葿,w125a0503,葿,19,1549,葿
170,20,攗,20,攗,w125a0504,攗〈𣟸〉,20,1550,攗
171,1,悲,1,悲,w125a0505,悲,1,1551,悲
172,1,錐,1,錐,w125a0601,錐,1,1552,錐
172,2,隹,2,隹,w125a0602,隹,2,1553,隹
172,3,𪋇,3,𪋇,w125a0603,𪋇,3,1554,𪋇
172,4,騅,4,騅,w125a0604,騅,4,1555,騅
172,5,㮅,5,㮅,w125a0701,㮅,5,1556,㮅
172,6,䶆,6,䶆,w125a0702,䶆,6,1557,䶆
172,7,萑,7,萑,w125a0703,萑,7,1558,萑
172,8,鵻,8,鵻,w125a0704,鵻,8,1559,鵻
173,1,誰,1,誰,w125a0705,誰,1,1560,誰
173,2,䜅,2,䜅,w125a0706,䜅,2,1561,䜅
173,3,脽,3,脽,w125a0707,脽,3,1562,脽
174,1,帷,1,帷,w125a0801,帷,1,1563,帷
175,1,邳,1,邳,w125a0802,邳,1,1564,邳
175,2,鉟,2,鉟,w125a0901,鉟,2,1565,鉟
175,3,䲹,3,䲹,w125a0902,䲹,3,1566,䲹
175,4,岯,4,岯,w125a0903,岯,4,1567,岯
175,5,魾,5,魾,w125a0904,魾,5,1568,魾
175,6,䫠,6,䫠,w125a1001,䫠,6,1569,䫠
176,1,丕,1,丕,w125a1002,丕,1,1570,丕
176,2,㔻,2,㔻,w125a1003,㔻,2,1571,㔻
176,3,伾,3,伾,w125a1004,伾,3,1572,伾
176,4,秠,4,秠,w125a1005,秠,4,1573,秠
176,5,䪹,5,䪹,w125b0101,䪹,5,1574,䪹
176,6,駓,6,駓,w125b0102,駓,6,1575,駓
176,7,怌,7,怌,w125b0103,怌,7,1576,怌
176,8,䫠,8,䫠,w125b0104,䫠,8,1577,䫠
176,9,豾,9,豾,w125b0105,豾,9,1578,豾
176,10,髬,10,髬,w125b0106,髬,10,1579,髬
176,11,魾,11,魾,w125b0107,魾,11,1580,魾
176,12,鉟,12,鉟,w125b0108,鉟,12,1581,鉟
177,1,倠,1,倠,w125b0109,倠,1,1582,倠
177,2,婎,2,婎,w125b0201,婎,2,1583,婎
177,3,睢,3,睢,w125b0202,睢,3,1584,睢
177,4,眭,4,眭,w125b0203,眭,4,1585,眭
177,5,𢊄,5,𢊄,w125b0204,𢊄〈𡠓〉,5,1586,𢊄
177,6,𢊿,,,w125b0205,𢊿,6,1587,𢊿
178,1,鎚,1,鎚,w125b0206,鎚,1,1588,鎚
178,2,椎,2,椎,w125b0301,椎,2,1589,椎
178,3,槌,3,槌,w125b0302,槌,3,1590,槌
178,4,桘,4,桘,w125b0303,桘,4,1591,桘
178,5,顀,5,顀,w125b0304,顀,5,1592,顀
179,1,推,1,推,w125b0305,推,1,1593,推
179,2,蓷,2,蓷,w125b0306,蓷,2,1594,蓷
180,1,胝,1,胝,w125b0401,胝,1,1595,胝
180,2,疷,2,疷,w125b0402,疷,2,1596,疷
180,3,秪,3,秪,w125b0403,秪,3,1597,秪
180,4,氐,4,氐,w125b0404,氐,4,1598,氐
181,1,紕,1,紕,w125b0405,紕,1,1599,紕
181,2,㩺〈𢻹〉,2,㩺〈𢻹〉,w125b0406,㩺,2,1600,㩺
181,3,𦀘,3,𦀘,w125b0407,𦀘,3,1601,𦀘
181,4,𧧺,4,𧧺,w125b0501,𧧺,4,1602,𧧺
181,5,悂,5,悂,w125b0502,悂,5,1603,悂
181,6,𢞗,6,𢞗,w125b0503,𢞗,6,1604,𢞗
182,1,嶉,1,嶉,w125b0504,嶉,1,1605,嶉
182,2,檇,2,檇,w125b0505,檇,2,1606,檇
183,1,巋,1,巋,w125b0506,巋,1,1607,巋
183,2,蘬,2,蘬,w125b0601,蘬,2,1608,蘬
184,1,狋,1,狋,w125b0602,狋,1,1609,狋
185,1,咦,1,咦,w125b0603,咦,1,1610,咦
185,2,忾,2,忾,w125b0604,忾,2,1611,忾
185,3,䐅,3,䐅,w125b0701,䐅,3,1612,䐅
185,4,𣢂,4,𣢂,w125b0702,𣢂,4,1613,𣢂
185,5,屎,5,屎,w125b0703,屎,5,1614,屎
186,1,之,1,之,w125b0801,之,1,1615,之
186,2,臸,2,臸,w125b0802,臸,2,1616,臸
186,3,芝,3,芝,w125b0803,芝,3,1617,芝
186,4,㞢,4,㞢,w125b0901,㞢,4,1618,㞢
187,1,飴,1,飴,w125b0902,飴,1,1619,飴
187,2,𩛛,2,𩛛,w125b0903,𩛛〈⿱食芖〉,2,1620,𩛛
187,3,䬮,3,䬮,w125b0904,䬮,3,1621,䬮
187,4,怡,4,怡,w125b0905,怡,4,1622,怡
187,5,弬,5,弬,w125b1001,弬,5,1623,弬
187,6,媐,6,媐,w125b1002,媐,6,1624,媐
187,7,异,7,异,w125b1003,异,7,1625,异
187,8,㼢,8,㼢,w125b1004,㼢,8,1626,㼢
187,9,𣐵,9,𣐵,w125b1005,𣐵,9,1627,𣐵
187,10,鏔,10,鏔,w125b1006,鏔,10,1628,鏔
187,11,圯,11,圯,w126a0101,圯,11,1629,圯
187,12,貽,12,貽,w126a0102,貽,12,1630,貽
187,13,巸,13,巸,w126a0103,巸,13,1631,巸
187,14,洍,14,洍,w126a0104,洍,14,1632,洍
187,15,𦣞,15,𦣞,w126a0105,𦣝,15,1633,𦣝
187,16,𩠢,16,𩠢,w126a0106,𩠢,16,1634,𩠞
187,17,頤,17,頤,w126a0201,頤,17,1635,頤
187,18,詒,18,詒,w126a0202,詒,18,1636,詒
187,19,㺿,19,㺿,w126a0203,㺿,19,1637,㺿
187,20,沶,20,沶,w126a0204,沶,20,1638,沶
187,21,宧,21,宧,w126a0205,宧,21,1639,宧
187,22,𦚟,22,𦚟,w126a0206,𦚟,22,1640,𦚟
187,23,䱌,23,䱌,w126a0207,䱌,23,1641,䱌
187,24,姬,24,姬,w126a0208,姬,24,1642,姬
187,25,台,25,台,w126a0301,台,25,1643,台
187,26,眙,26,眙,w126a0302,眙,26,1644,眙
187,27,瓵,27,瓵,w126a0303,瓵,27,1645,瓵
188,1,時,1,時,w126a0304,時,1,1646,時
188,2,旹,2,旹,w126a0401,峕,2,1647,旹
188,3,塒,3,塒,w126a0402,塒,3,1648,塒
188,4,鼭,4,鼭,w126a0403,鼭,4,1649,鼭
188,5,榯,5,榯,w126a0404,榯,5,1650,榯
188,6,蒔,6,蒔,w126a0405,蒔,6,1651,蒔
188,7,鰣,7,鰣,w126a0501,鰣,7,1652,鰣
189,1,疑,1,疑,w126a0502,疑,1,1653,疑
189,2,嶷,2,嶷,w126a0503,嶷,2,1654,嶷
189,3,觺,3,觺,w126a0504,觺,3,1655,觺
190,1,思,1,思,w126a0601,思,1,1656,思
190,2,恖,2,恖,w126a0602,恖,2,1657,恖
190,3,司,3,司,w126a0603,司,3,1658,司
190,4,罳,4,罳,w126a0801,罳,4,1659,罳
190,5,伺,5,伺,w126a0802,伺,5,1660,伺
190,6,絲,6,絲,w126a0803,絲,6,1661,絲
190,7,緦,7,緦,w126a0901,緦,7,1662,緦
190,8,𥯨,8,𥯨,w126a0902,𥯨,8,1663,𥯨
190,9,禗,9,禗,w126a0903,禗,9,1664,禗
190,10,覗,10,覗,w126a0904,覗,10,1665,覗
190,11,㺇,11,㺇,w126a1001,㺇,11,1666,㺇
190,12,𥄶,12,𥄶,w126a1002,𥄶,12,1667,𥄶
190,13,蕬,13,蕬,w126a1003,蕬,13,1668,蕬
190,14,偲,14,偲,w126a1004,偲,14,1669,偲
190,15,楒,15,楒,w126a1005,楒,15,1670,楒
191,1,輜,1,輜,w126a1006,輜,1,1671,輜
191,2,颸,2,颸,w126b0101,颸,2,1672,颸
192,1,其,1,其,w126b0102,其,1,1673,其
192,2,期,2,期,w126b0201,期,2,1674,期
192,3,旗,3,旗,w126b0301,旗,3,1675,旗
192,4,綦,4,綦,w126b0501,綦,4,1676,綦
192,5,綨,5,綨,w126b0502,綨,5,1677,綨
192,6,𢃛,6,𢃛,w126b0503,𢃛,6,1678,𢃛
192,7,萁,7,萁,w126b0504,萁,7,1679,萁
192,8,𧯯,8,𧯯,w126b0505,𧯯,8,1680,𧯯
192,9,蜝,9,蜝,w126b0506,蜝,9,1681,蜝
192,10,琪,10,琪,w126b0601,琪,10,1682,琪
192,11,麒,11,麒,w126b0602,麒,11,1683,麒
192,12,騏,12,騏,w126b0603,騏,12,1684,騏
192,13,淇,13,淇,w126b0604,淇,13,1685,淇
192,14,䳢,14,䳢,w126b0605,䳢,14,1686,䳢
192,15,錤,15,錤,w126b0701,錤,15,1687,錤
192,16,藄,16,藄,w126b0702,藄,16,1688,藄
192,17,棊,17,棊,w126b0703,棊,17,1689,棊
192,18,櫀,18,櫀,w126b0704,櫀,18,1690,櫀
192,19,碁,19,碁,w126b0705,碁,19,1691,碁
192,20,𤪌,20,𤪌,w126b0706,𤪌,20,1692,𤪌
192,21,璂,21,璂,w126b0707,璂,21,1693,璂
192,22,鯕,22,鯕,w126b0801,鯕,22,1694,鯕
192,23,蘄,23,蘄,w126b0802,蘄,23,1695,蘄
192,24,祺,24,祺,w126b0803,祺,24,1696,祺
192,25,禥,25,禥,w126b0804,禥,25,1697,禥
192,26,踑,26,踑,w126b0901,踑,26,1698,踑
192,27,𦪆,27,𦪆,w126b0902,𦪆,27,1699,𦪆
192,28,䑴,28,䑴,w126b0903,䑴,28,1700,䑴
192,29,𢍁,29,𢍁,w126b0904,𢍁,29,1701,畁
192,30,䶞,30,䶞,w126b0905,䶞,30,1702,䶞
193,1,詩,1,詩,w126b0906,詩,1,1703,詩
193,2,邿,2,邿,w126b1001,邿,2,1704,邿
193,3,齝,3,齝,w126b1002,齝,3,1705,齝
193,4,𪗪,4,𪗪,w126b1003,𪗪,4,1706,𪗪
193,5,呞,5,呞,w126b1004,呞,5,1707,呞
193,6,䀢,6,䀢,w126b1005,䀢,6,1708,䀢
194,1,而,1,而,w126b1006,而,1,1709,而
194,2,栭,2,栭,w127a0101,栭,2,1710,栭
194,3,𣚊,3,𣚊,w127a0102,𣚊,3,1711,𣚊
194,4,𨼏,4,𨼏,w127a0103,𨼏,4,1712,𨼏
194,5,陾,5,陾,w127a0104,⿰阝⿱而犬〈陾〉,5,1713,陾
194,6,陑,6,陑,w127a0105,陑,6,1714,陑
194,7,髵,7,髵,w127a0106,髵,7,1715,髵
194,8,峏,8,峏,w127a0201,峏,8,1716,峏
194,9,𨎪,9,𨎪,w127a0202,𨎪,9,1717,𨎪
194,10,輀,10,輀,w127a0203,輀,10,1718,輀
194,11,𦠌,11,𦠌,w127a0204,𦠌,11,1719,𦠌
194,12,胹,12,胹,w127a0205,胹,12,1720,胹
194,13,𦓒,13,𦓒,w127a0206,𦓒,13,1721,𦓒
194,14,𩰴,14,𩰴,w127a0207,𩰴,14,1722,𩰴
194,15,洏,15,洏,w127a0208,洏,15,1723,洏
194,16,鮞,16,鮞,w127a0209,鮞,16,1724,鮞
194,17,耏,17,耏,w127a0301,耏,17,1725,耏
194,18,咡,18,咡,w127a0302,咡,18,1726,咡
194,19,䎠,19,䎠,w127a0303,䎠,19,1727,䎠
194,20,誀,20,誀,w127a0304,誀,20,1728,誀
194,21,鴯,21,鴯,w127a0305,鴯,21,1729,鴯
195,1,欺,1,欺,w127a0401,欺,1,1730,欺
195,2,娸,2,娸,w127a0402,娸,2,1731,娸
195,3,䫥,3,䫥,w127a0403,䫥,3,1732,䫥
195,4,䫏,4,䫏,w127a0404,䫏,4,1733,䫏
195,5,𠐾,5,𠐾,w127a0405,𠐾,5,1734,𠐾
195,6,魌,6,魌,w127a0501,魌,6,1735,魌
195,7,僛,7,僛,w127a0502,僛,7,1736,僛
195,8,𪅾,8,𪅾,w127a0503,𪅾,8,1737,𪅾
195,9,𪀩〈𡖾〉,9,𪀩〈𡖾〉,w127a0504,𪀩〈𡖾〉,9,1738,𪀩
195,10,䶞,10,䶞,w127a0505,䶞,10,1739,䶞
195,11,抾,11,抾,w127a0506,抾,11,1740,抾
196,1,姬,1,姬,w127a0507,姬,1,1741,姬
196,2,朞,2,朞,w127a0601,朞,2,1742,朞
196,3,稘,3,稘,w127a0602,稘,3,1743,稘
196,4,基,4,基,w127a0603,基,4,1744,基
196,5,箕,5,箕,w127a0604,箕,5,1745,箕
196,6,萁,6,萁,w127a0605,萁,6,1746,萁
196,7,䇫,7,䇫,w127a0701,䇫,7,1747,䇫
196,8,諅,8,諅,w127a0702,諅,8,1748,諅
196,9,其,9,其,w127a0703,其,9,1749,其
196,10,錤,10,錤,w127a0704,錤,10,1750,錤
196,11,居,11,居,w127a0801,居,11,1751,居
196,12,諆,12,諆,w127a0802,諆,12,1752,諆
197,1,詞,1,詞,w127a0803,詞,1,1753,詞
197,2,祠,2,祠,w127a0804,祠,2,1754,祠
197,3,柌,3,柌,w127a0805,柌,3,1755,柌
197,4,辭,4,辭,w127a0806,辭,4,1756,辭
197,5,辤,5,辤,w127a0901,辤,5,1757,辤
197,6,辝,6,辝,w127a0902,辝,6,1758,辝
197,7,𥿆,7,𥿆,w127a0903,𥿆,7,1759,𥿆
198,1,釐,1,釐,w127a0904,釐,1,1760,釐
198,2,貍,2,貍,w127a0905,貍,2,1761,貍
198,3,狸,3,狸,w127a1001,狸,3,1762,狸
198,4,氂,4,氂,w127a1002,氂,4,1763,氂
198,5,嫠,5,嫠,w127a1003,嫠,5,1764,嫠
198,6,剺,6,剺,w127a1004,剺,6,1765,剺
198,7,梩,7,梩,w127a1005,梩,7,1766,梩
198,8,犛,8,犛,w127a1006,犛,8,1767,犛
198,9,𣁟,9,𣁟,w127a1007,𣁟,9,1768,𣁟
198,10,倈,10,倈,w127a1008,倈,10,1769,倈
198,11,艃,11,艃,w127b0101,艃,11,1770,艃
198,12,𣮉,12,𣮉,w127b0102,𣮉,12,1771,𣮉
198,13,孷,13,孷,w127b0103,孷,13,1772,孷
198,14,𢟤,14,𢟤,w127b0104,𢟤,14,1773,𢟤
198,15,𩭇,15,𩭇,w127b0105,𩭇,15,1774,𩭇
198,16,㾖,16,㾖,w127b0106,㾖,16,1775,㾖
198,17,筣,17,筣,w127b0201,筣,17,1776,筣
198,18,斄,18,斄,w127b0202,斄,18,1777,斄
198,19,𠩬,19,𠩬,w127b0203,𠩬,19,1778,𠩬
198,20,𠭰,20,𠭰,w127b0204,𠭰,20,1779,𠭰
199,1,菑,1,菑,w127b0205,葘,1,1780,葘
199,2,甾,2,甾,w127b0301,甾,2,1781,甾
199,3,𦸜,3,𦸜,w127b0302,𦸜〈𦵰〉,3,1782,𦸜
199,4,淄,4,淄,w127b0303,湽,4,1783,湽
199,5,𥀜〈㿳〉,5,𥀜〈㿳〉,w127b0401,𥀜〈㿳〉,5,1784,𥀜
199,6,茬,6,茬,w127b0402,茬,6,1785,茬
199,7,輜,7,輜,w127b0403,輜,7,1786,輺
199,8,錙,8,錙,w127b0501,錙,8,1787,鍿
199,9,鶅,9,鶅,w127b0502,鶅,9,1788,鶅
199,10,緇,10,緇,w127b0503,緇,10,1789,緇
199,11,䊷,11,䊷,w127b0504,䊷,11,1790,䊷
199,12,椔,12,椔,w127b0505,椔,12,1791,椔
199,13,鯔,13,鯔,w127b0506,鯔,13,1792,鯔
199,14,䎩,14,䎩,w127b0507,䎩,14,1793,䎩
199,15,䣎,15,䣎,w127b0508,䣎,15,1794,䣎
200,1,僖,1,僖,w127b0509,僖,1,1795,僖
200,2,歖,2,歖,w127b0601,歖,2,1796,歖
200,3,熙,3,熙,w127b0602,煕,3,1797,熙
200,4,嬉,4,嬉,w127b0603,嬉,4,1798,嬉
200,5,禧,5,禧,w127b0604,禧,5,1799,禧
200,6,媐,6,媐,w127b0605,媐,6,1800,媐
200,7,譆,7,譆,w127b0606,譆,7,1801,譆
200,8,𠩺,8,𠩺,w127b0701,𠩺,8,1802,𠩺
200,9,瞦,9,瞦,w127b0702,瞦,9,1803,瞦
200,10,㶼,10,㶼,w127b0703,㶼,10,1804,㶼
200,11,熹,11,熹,w127b0704,熹,11,1805,熹
200,12,嘻,12,嘻,w127b0705,嘻,12,1806,嘻
200,13,𣢑,13,𣢑,w127b0706,𣢑,13,1807,𣢑
200,14,娭,14,娭,w127b0707,娭,14,1808,娭
200,15,誒,15,誒,w127b0801,誒,15,1809,誒
201,1,醫,1,醫,w127b0802,醫,1,1810,醫
201,2,毉,2,毉,w127b0901,毉,2,1811,毉
201,3,譩,3,譩,w127b0902,譩,3,1812,譩
201,4,㿄,4,㿄,w127b0903,㿄,4,1813,㿄
201,5,噫,5,噫,w127b0904,噫,5,1814,噫
202,1,癡,1,癡,w127b0905,癡,1,1815,癡
202,2,齝,2,齝,w127b0906,齝,2,1816,齝
202,3,笞,3,笞,w127b0907,笞,3,1817,笞
202,4,痴,4,痴,w127b1001,痴,4,1818,痴
203,1,治,1,治,w127b1002,治,1,1819,治
203,2,持,2,持,w127b1003,持,2,1820,持
203,3,莉,3,莉,w127b1004,莉,3,1821,莉
204,1,蚩,1,蚩,w127b1005,蚩,1,1822,蚩
204,2,嗤,2,嗤,w128a0101,嗤,2,1823,嗤
204,3,妛,3,妛,w128a0102,妛,3,1824,妛
204,4,媸,4,媸,w128a0103,媸,4,1825,媸
204,5,𦐉,5,𦐉,w128a0104,𦐉,5,1826,𦐉
204,6,𣍆,6,𣍆,w128a0105,𣍆,6,1827,𣍆
204,7,𥉍,7,𥉍,w128a0106,𥉍,7,1828,𥉍
205,1,慈,1,慈,w128a0107,慈,1,1829,慈
205,2,礠,2,礠,w128a0201,礠,2,1830,礠
205,3,鶿,3,鶿,w128a0202,鶿,3,1831,鶿
205,4,濨,4,濨,w128a0301,濨,4,1832,濨
205,5,兹,5,兹,w128a0302,兹,5,1833,兹
206,1,兹,1,兹,w128a0303,兹,1,1834,兹
206,2,孳,2,孳,w128a0304,孳,2,1835,孳
206,3,嵫,3,嵫,w128a0401,嵫,3,1836,嵫
206,4,孜,4,孜,w128a0402,孜,4,1837,孜
206,5,滋,5,滋,w128a0403,滋,5,1838,滋
206,6,嗞,6,嗞,w128a0404,嗞,6,1839,嗞
206,7,𪑿,7,𪑿,w128a0405,𪑿,7,1840,𪑿
206,8,鎡,8,鎡,w128a0406,鎡,8,1841,鎡
206,9,孖,9,孖,w128a0501,孖,9,1842,孖
206,10,鼒,10,鼒,w128a0502,鼒,10,1843,鼒
206,11,鰦,11,鰦,w128a0503,鰦,11,1844,鰦
206,12,仔,12,仔,w128a0504,仔,12,1845,仔
206,13,鶿,13,鶿,w128a0505,鶿,13,1846,鷀
206,14,稵,14,稵,w128a0506,稵,14,1847,稵
207,1,茬,1,茬,w128a0507,茬,1,1848,茬
208,1,漦,1,漦,w128a0601,漦,1,1849,漦
209,1,抾,1,抾,w128a0602,抾,1,1850,抾
210,1,䀵,1,䀵,w128a0603,䀵,1,1851,䀵
211,1,微,1,微,w128a0701,微,1,1852,微
211,2,𢼸,2,𢼸,w128a0702,𢼸,2,1853,𢼸
211,3,㵟,3,㵟,w128a0703,㵟,3,1854,㵟
211,4,薇,4,薇,w128a0704,薇,4,1855,薇
211,5,䉠,5,䉠,w128a0705,䉠,5,1856,䉠
211,6,䥩,6,䥩,w128a0706,䥩,6,1857,䥩
211,7,癓,7,癓,w128a0801,癓,7,1858,癓
211,8,矀,8,矀,w128a0802,矀,8,1859,矀
212,1,揮,1,揮,w128a0803,揮,1,1860,揮
212,2,煇,2,煇,w128a0804,煇,2,1861,煇
212,3,輝,3,輝,w128a0805,輝,3,1862,輝
212,4,暉,4,暉,w128a0901,暉,4,1863,暉
212,5,徽,5,徽,w128a0902,徽,5,1864,徽
212,6,翬,6,翬,w128a0903,翬,6,1865,翬
212,7,褘,7,褘,w128a0904,褘,7,1866,褘
212,8,鰴,8,鰴,w128a0905,鰴,8,1867,鰴
212,9,楎,9,楎,w128a0906,楎,9,1868,楎
212,10,幑,10,幑,w128a1001,幑,10,1869,幑
212,11,瀈,11,瀈,w128a1002,瀈,11,1870,瀈
212,12,㫎,12,㫎,w128a1003,㫎,12,1871,㫎
212,13,𤟤,13,𤟤,w128a1004,𤟤,13,1872,𤟤
213,1,幃,1,幃,w128a1005,幃,1,1873,幃
213,2,韋,2,韋,w128b0101,韋,2,1874,韋
213,3,闈,3,闈,w128b0201,闈,3,1875,闈
213,4,圍,4,圍,w128b0202,圍,4,1876,圍
213,5,䙟,5,䙟,w128b0203,䙟,5,1877,䙟
213,6,𩎯,6,𩎯,w128b0204,𩎯,6,1878,𩎯
213,7,違,7,違,w128b0205,違,7,1879,違
213,8,湋,8,湋,w128b0206,湋,8,1880,湋
213,9,囗,9,囗,w128b0207,囗,9,1881,囗
213,10,鍏,10,鍏,w128b0208,鍏,10,1882,鍏
213,11,潿,11,潿,w128b0301,潿,11,1883,潿
213,12,婔,12,婔,w128b0302,｛婔｝,12,1884,婔
213,13,𧝕,13,𧝕,w128b0303,𧝕,13,1885,𧝕
213,14,𠆎,14,𠆎,w128b0304,𠆎〈⿳亠圍乂〉,14,1886,𠆎
213,15,𢾁,15,𢾁,w128b0305,𢾁,15,1887,𢾁
214,1,霏,1,霏,w128b0306,霏,1,1888,霏
214,2,䬠,2,䬠,w128b0307,䬠,2,1889,䬠
214,3,妃,3,妃,w128b0401,妃,3,1890,妃
214,4,菲,4,菲,w128b0402,菲,4,1891,菲
214,5,䩁,5,䩁,w128b0403,䩁,5,1892,䩁
214,6,婓,6,婓,w128b0404,婓,6,1893,婓
214,7,騑,7,騑,w128b0405,騑,7,1894,騑
214,8,裶,8,裶,w128b0406,裶,8,1895,裶
214,9,𥇖,9,𥇖,w128b0407,𥇖,9,1896,𥇖
215,1,猆,1,猆,w128b0501,猆,1,1897,猆
215,2,飛,2,飛,w128b0502,飛,2,1898,飛
215,3,扉,3,扉,w128b0503,扉,3,1899,扉
215,4,緋,4,緋,w128b0504,緋,4,1900,緋
215,5,𩙲,5,𩙲,w128b0505,𩙲,5,1901,𩙲
215,6,非,6,非,w128b0601,非,6,1902,非
215,7,馡,7,馡,w128b0602,馡,7,1903,馡
215,8,𩹉,8,𩹉,w128b0603,𩹉,8,1904,𩹉
215,9,騛,9,騛,w128b0604,騛,9,1905,騛
215,10,騑,10,騑,w128b0605,騑,10,1906,騑
215,11,誹,11,誹,w128b0701,誹,11,1907,誹
215,12,餥,12,餥,w128b0702,餥,12,1908,餥
216,1,肥,1,肥,w128b0703,肥,1,1909,肥
216,2,腓,2,腓,w128b0704,腓,2,1910,腓
216,3,䈈,3,䈈,w128b0705,䈈,3,1911,䈈
216,4,淝,4,淝,w128b0706,淝,4,1912,淝
216,5,𤷂,5,𤷂,w128b0801,𤷂,5,1913,𤷂
216,6,痱,6,痱,w128b0802,痱,6,1914,痱
216,7,蜰,7,蜰,w128b0803,蜰,7,1915,蜰
216,8,𩇯〈䨽〉,8,𩇯〈䨽〉,w128b0804,𩇯,8,1916,𩇯
216,9,蟦,9,蟦,w128b0901,蟦,9,1917,蟦
216,10,賁,10,賁,w128b0902,賁,10,1918,賁
216,11,裴,11,裴,w128b0903,裴,11,1919,裴
217,1,威,1,威,w128b0904,威,1,1920,威
217,2,葳,2,葳,w128b1001,葳,2,1921,葳
217,3,隇,3,隇,w128b1002,隇,3,1922,隇
217,4,嵔,4,嵔,w128b1003,㟪,4,1923,㟪
217,5,蝛,5,蝛,w128b1004,蝛,5,1924,蝛
217,6,鰄,6,鰄,w128b1005,鰄,6,1925,鰄
217,7,媁,7,媁,w129a0101,媁,7,1926,媁
217,8,楲,8,楲,w129a0102,楲,8,1927,楲
218,1,祈,1,祈,w129a0103,祈,1,1928,祈
218,2,頎,2,頎,w129a0104,頎,2,1929,頎
218,3,旂,3,旂,w129a0105,旂,3,1930,旂
218,4,𩴆,4,𩴆,w129a0201,𩴆,4,1931,𩴆
218,5,畿,5,畿,w129a0202,畿,5,1932,畿
218,6,㙨,6,㙨,w129a0203,㙨,6,1933,㙨
218,7,崎,7,崎,w129a0204,崎,7,1934,崎
218,8,碕,8,碕,w129a0205,碕,8,1935,碕
218,9,圻,9,圻,w129a0206,圻,9,1936,圻
218,10,刏,10,刏,w129a0301,刏,10,1937,刏
218,11,𧰙,11,𧰙,w129a0302,𧰙,11,1938,𧰙
218,12,𦠄,12,𦠄,w129a0303,𦠄,12,1939,𦠄
218,13,俟,13,俟,w129a0304,俟,13,1940,俟
218,14,幾,14,幾,w129a0401,幾,14,1941,幾
218,15,蚚,15,蚚,w129a0402,蚚,15,1942,蚚
218,16,玂,16,玂,w129a0403,玂,16,1943,玂
218,17,蟣,17,蟣,w129a0404,蟣,17,1944,蟣
218,18,岓,18,岓,w129a0501,岓,18,1945,岓
218,19,𪙧,19,𪙧,w129a0502,𪙧,19,1946,𪙧
219,1,機,1,機,w129a0503,機,1,1947,機
219,2,譏,2,譏,w129a0504,譏,2,1948,譏
219,3,蘄,3,蘄,w129a0601,蘄,3,1949,蘄
219,4,嘰,4,嘰,w129a0602,嘰,4,1950,嘰
219,5,𦺬,5,𦺬,w129a0603,𦺬,5,1951,𦺬
219,6,磯,6,磯,w129a0604,磯,6,1952,磯
219,7,鞿,7,鞿,w129a0605,鞿,7,1953,鞿
219,8,饑,8,饑,w129a0606,饑,8,1954,饑
219,9,禨,9,禨,w129a0607,禨,9,1955,禨
219,10,幾,10,幾,w129a0701,幾,10,1956,幾
219,11,䟇,11,䟇,w129a0702,䟇,11,1957,䟇
219,12,鐖,12,鐖,w129a0703,鐖,12,1958,鐖
219,13,僟,13,僟,w129a0704,僟,13,1959,僟
219,14,璣,14,璣,w129a0705,璣,14,1960,璣
219,15,刏,15,刏,w129a0801,刏,15,1961,刏
219,16,𧗇,16,𧗇,w129a0802,𧗇〈𧗇〉,16,1962,𧗇
220,1,希,1,希,w129a0803,希,1,1963,希
220,2,晞,2,晞,w129a0804,晞,2,1964,晞
220,3,莃,3,莃,w129a0805,莃,3,1965,莃
220,4,鵗,4,鵗,w129a0901,鵗,4,1966,鵗
220,5,睎,5,睎,w129a0902,睎,5,1967,睎
220,6,稀,6,稀,w129a0903,稀,6,1968,稀
220,7,豨,7,豨,w129a0904,豨,7,1969,豨
220,8,𧻶,8,𧻶,w129a0905,𧻶,8,1970,𧻶
220,9,桸,9,桸,w129a0906,桸,9,1971,桸
220,10,悕,10,悕,w129a0907,悕,10,1972,悕
220,11,俙,11,俙,w129a0908,俙,11,1973,俙
220,12,欷,12,欷,w129a1001,欷,12,1974,欷
221,1,依,1,依,w129a1002,依,1,1975,依
221,2,郼,2,郼,w129a1003,郼,2,1976,郼
221,3,衣,3,衣,w129a1004,衣,3,1977,衣
221,4,譩,4,譩,w129b0101,譩,4,1978,繶
221,5,㛄,5,㛄,w129b0102,㛄,5,1979,㛄
221,6,㐆,6,㐆,w129b0103,㐆,6,1980,㐆
221,7,䧇,7,䧇,w129b0104,䧇,7,1981,䧇
221,8,㥋,8,㥋,w129b0105,㥋,8,1982,㥋
222,1,沂,1,沂,w129b0106,沂,1,1983,沂
222,2,溰〈凒〉,2,溰〈凒〉,w129b0201,溰〈凒〉,2,1984,溰
223,1,巍,1,巍,w129b0202,巍,1,1985,巍
223,2,犩,2,犩,w129b0203,犩,2,1986,犩
224,1,歸,1,歸,w129b0204,歸,1,1987,歸
224,2,㱕,2,㱕,w129b0301,㱕,2,1988,㱕
224,3,騩,3,騩,w129b0302,騩,3,1989,騩
225,1,蘬,1,蘬,w129b0401,蘬,1,1990,蘬
225,2,𧢦,2,𧢦,w129b0402,𧢦,2,1991,𧢦
226,1,魚,1,魚,w129b0501,魚,1,1992,魚
226,2,𩺰,2,𩺰,w129b0601,𩺰,2,1993,𩺰
226,3,漁,3,漁,w129b0602,漁,3,1994,漁
226,4,𩼪,4,𩼪,w129b0603,𩼪,4,1995,𩼪
226,5,䰻,5,䰻,w129b0604,䰻,5,1996,䰻
226,6,䱷,6,䱷,w129b0605,䱷,6,1997,䱷
226,7,齬,7,齬,w129b0701,齬,7,1998,齬
226,8,鋙,8,鋙,w129b0702,鋙,8,1999,鋙
226,9,䁩,9,䁩,w129b0703,䁩,9,2000,䁩
226,10,衙,10,衙,w129b0704,衙,10,2001,衙
227,1,初,1,初,w129b0705,初,1,2002,初
227,2,𠿝,2,𠿝,w129b0801,𠿝,2,2003,𠿝
228,1,書,1,書,w129b0802,書,1,2004,書
228,2,鵨,2,鵨,w129b0901,鵨,2,2005,鵨
228,3,瑹,3,瑹,w129b0902,瑹,3,2006,瑹
228,4,舒,4,舒,w129b0903,舒,4,2007,舒
228,5,𦺗,5,𦺗,w129b1001,𦺗,5,2008,𦺗
228,6,紓,6,紓,w129b1002,紓,6,2009,紓
228,7,𨛭,7,𨛭,w129b1003,𨛭,7,2010,𨛭
229,1,居,1,居,w129b1004,居,1,2011,居
229,2,𡨢,2,𡨢,w130a0101,𡨢,2,2012,𡨢
229,3,据,3,据,w130a0102,据,3,2013,据
229,4,裾,4,裾,w130a0103,裾,4,2014,裾
229,5,琚,5,琚,w130a0104,琚,5,2015,琚
229,6,䝻,6,䝻,w130a0105,䝻,6,2016,䝻
229,7,鶋,7,鶋,w130a0106,鶋,7,2017,鶋
229,8,車,8,車,w130a0107,車,8,2018,車
229,9,蜛,9,蜛,w130a0108,蜛,9,2019,蜛
229,10,崌,10,崌,w130a0201,崌,10,2020,崌
229,11,椐,11,椐,w130a0202,椐,11,2021,椐
229,12,涺,12,涺,w130a0203,涺,12,2022,涺
229,13,𦱅,13,𦱅,w130a0204,𦱅,13,2023,𦱅
229,14,腒,14,腒,w130a0205,腒,14,2024,腒
230,1,渠,1,渠,w130a0206,渠,1,2025,渠
230,2,𨎶,2,𨎶,w130a0301,𨎶,2,2026,𨎶
230,3,𦄽,3,𦄽,w130a0302,𦄽,3,2027,𦄽
230,4,璩,4,璩,w130a0303,璩,4,2028,璩
230,5,磲,5,磲,w130a0304,磲,5,2029,磲
230,6,蕖,6,蕖,w130a0305,蕖,6,2030,蕖
230,7,籧,7,籧,w130a0401,籧,7,2031,籧
230,8,𥴧,8,𥴧,w130a0402,𥴧,8,2032,𥴧
230,9,淭,9,淭,w130a0403,淭,9,2033,淭
230,10,醵,10,醵,w130a0404,醵,10,2034,醵
230,11,腒,11,腒,w130a0405,腒,11,2035,腒
230,12,𪆫,12,𪆫,w130a0406,𪆫,12,2036,𪆫
230,13,螶,13,螶,w130a0407,螶,13,2037,螶
230,14,蟝,14,蟝,w130a0501,蟝,14,2038,蟝
230,15,䝣,15,䝣,w130a0502,䝣,15,2039,䝣
230,16,豦,16,豦,w130a0503,豦,16,2040,豦
230,17,蘧,17,蘧,w130a0601,蘧,17,2041,蘧
230,18,鐻,18,鐻,w130a0602,鐻,18,2042,鐻
230,19,璖,19,璖,w130a0603,璖,19,2043,璖
230,20,𨞙,20,𨞙,w130a0604,𨞙,20,2044,𨞙
230,21,㯫,21,㯫,w130a0605,㯫,21,2045,㯫
230,22,䟊,22,䟊,w130a0701,䟊,22,2046,䟊
230,23,𦼫,23,𦼫,w130a0702,𦼫,23,2047,𦼫
230,24,䆽,24,䆽,w130a0703,䆽,24,2048,䆽
230,25,𧝔,25,𧝔,w130a0704,𧝔,25,2049,𧝔
230,26,懅,26,懅,w130a0705,懅,26,2050,懅
231,1,余,1,余,w130a0706,余,1,2051,余
231,2,蜍,2,蜍,w130a0801,蜍,2,2052,蜍
231,3,藇,3,藇,w130a0802,藇,3,2053,藇
231,4,㶛,4,㶛,w130a0803,㶛,4,2054,㶛
231,5,餘,5,餘,w130a0804,餘,5,2055,餘
231,6,輿,6,輿,w130a1001,輿,6,2056,輿
231,7,旟,7,旟,w130b0101,旟,7,2057,旟
231,8,鵌,8,鵌,w130b0201,鵌,8,2058,鵌
231,9,璵,9,璵,w130b0202,璵,9,2059,璵
231,10,艅,10,艅,w130b0301,艅,10,2060,艅
231,11,畬,11,畬,w130b0302,畬,11,2061,畬
231,12,𤰩,12,𤰩,w130b0303,𤰩,12,2062,𤰩
231,13,｛㶛｝,13,㶛,w130b0304,｛㶛｝,13,2063,𤄕
231,14,歟,14,歟,w130b0305,歟,14,2064,歟
231,15,與,15,與,w130b0306,與,15,2065,與
231,16,譽,16,譽,w130b0307,譽,16,2066,譽
231,17,嬩,17,嬩,w130b0401,嬩,17,2067,嬩
231,18,舁,18,舁,w130b0402,舁,18,2068,舁
231,19,擧,19,擧,w130b0403,擧〈𢹏〉,19,2069,擧
231,20,妤,20,妤,w130b0404,妤,20,2070,妤
231,21,伃,21,伃,w130b0405,伃,21,2071,伃
231,22,㦛,22,㦛,w130b0406,㦛,22,2072,㦛
231,23,𪋮,23,𪋮,w130b0407,𪋮,23,2073,𪋮
231,24,予,24,予,w130b0501,予,24,2074,予
231,25,㺞,25,㺞,w130b0502,㺞,25,2075,㺞
231,26,𩦡,26,𩦡,w130b0503,𩦡,26,2076,𩦡
231,27,𧾚,27,𧾚,w130b0504,𧾚,27,2077,𧾚
231,28,狳,28,狳,w130b0505,狳,28,2078,狳
231,29,鸒,29,鸒,w130b0601,鸒,29,2079,鸒
231,30,雓,30,雓,w130b0602,雓,30,2080,雓
232,1,胥,1,胥,w130b0603,胥,1,2081,胥
232,2,䱬,2,䱬,w130b0701,䱬,2,2082,䱬
232,3,䈝,3,䈝,w130b0702,䈝,3,2083,䈝
232,4,稰,4,稰,w130b0703,稰,4,2084,稰
232,5,楈,5,楈,w130b0704,楈,5,2085,楈
232,6,藇,6,藇,w130b0705,藇,6,2086,藇
232,7,諝,7,諝,w130b0801,諝,7,2087,諝
232,8,㥠,8,㥠,w130b0802,㥠,8,2088,㥠
232,9,湑,9,湑,w130b0803,湑,9,2089,湑
232,10,蝑,10,蝑,w130b0804,蝑,10,2090,蝑
232,11,揟,11,揟,w130b0805,揟,11,2091,揟
233,1,疽,1,疽,w130b0806,疽,1,2092,疽
233,2,岨,2,岨,w130b0807,岨,2,2093,岨
233,3,砠,3,砠,w130b0901,砠,3,2094,砠
233,4,䢸,4,䢸,w130b0902,䢸,4,2095,䢸
233,5,趄,5,趄,w130b0903,趄,5,2096,趄
233,6,苴,6,苴,w130b0904,苴,6,2097,苴
233,7,沮,7,沮,w130b0905,沮,7,2098,沮
233,8,狙,8,狙,w130b1001,狙,8,2099,狙
233,9,䏣,9,䏣,w130b1002,䏣,9,2100,䏣
233,10,蛆,10,蛆,w130b1003,蛆,10,2101,蛆
233,11,雎,11,雎,w130b1004,雎,11,2102,雎
233,12,蒩,12,蒩,w130b1005,蒩,12,2103,蒩
233,13,𣻐,13,𣻐,w131a0101,𣻐,13,2104,𣻐
233,14,伹,14,伹,w131a0102,伹,14,2105,伹
233,15,坥,15,坥,w131a0103,坥,15,2106,坥
233,16,𡳆,16,𡳆,w131a0104,𡳆,16,2107,𡳆
234,1,鉏,1,鉏,w131a0105,鉏,1,2108,鉏
234,2,鋤,2,鋤,w131a0201,鋤,2,2109,鋤
234,3,耡,3,耡,w131a0202,耡,3,2110,耡
234,4,豠,4,豠,w131a0203,豠,4,2111,豠
234,5,𧱑,5,𧱑,w131a0204,𧱑,5,2112,𧱑
234,6,𪆷,6,𪆷,w131a0205,𪆷,6,2113,𪆷
235,1,攄,1,攄,w131a0301,攄,1,2114,攄
235,2,㯉,2,㯉,w131a0302,㯉,2,2115,㯉
235,3,筡,3,筡,w131a0303,筡,3,2116,筡
235,4,摴,4,摴,w131a0304,摴,4,2117,摴
236,1,疏,1,疏,w131a0305,䟽,1,2118,䟽
236,2,梳,2,梳,w131a0401,梳,2,2119,梳
236,3,綀,3,綀,w131a0402,綀,3,2120,綀
236,4,蔬,4,蔬,w131a0403,蔬,4,2121,蔬
236,5,疎,5,疎,w131a0501,踈,5,2122,踈
236,6,𥿇,6,𥿇,w131a0502,𥿇,6,2123,𥿇
236,7,釃,7,釃,w131a0503,釃,7,2124,釃
236,8,𦌿,8,𦌿,w131a0504,𦌿,8,2125,𦌿
236,9,𤕟,9,𤕟,w131a0505,𤕟,9,2126,𤕟
236,10,㽰,10,㽰,w131a0506,㽰〈𤴙〉,10,2127,㽰
236,11,疋,11,疋,w131a0507,疋,11,2128,疋
237,1,虛,1,虛,w131a0508,虛,1,2129,虚
237,2,驉,2,驉,w131a0601,驉,2,2130,驉
237,3,歔,3,歔,w131a0602,歔,3,2131,歔
237,4,噓,4,噓,w131a0603,噓,4,2132,噓
237,5,魖,5,魖,w131a0604,魖,5,2133,魖
237,6,𥛳,6,𥛳,w131a0605,𥛳,6,2134,𥛳
238,1,徐,1,徐,w131a0606,徐,1,2135,徐
238,2,䣄,2,䣄,w131a0801,䣄,2,2136,䣄
238,3,䍱,3,䍱,w131a0802,䍱,3,2137,䍱
238,4,俆,4,俆,w131a0803,俆,4,2138,俆
239,1,於,1,於,w131a0804,於,1,2139,於
239,2,扵,2,扵,w131a0901,扵,2,2140,扵
239,3,箊,3,箊,w131a0902,箊,3,2141,箊
239,4,淤,4,淤,w131a0903,淤,4,2142,淤
239,5,唹,5,唹,w131a0904,唹,5,2143,唹
240,1,豬,1,豬,w131a0905,豬,1,2144,豬
240,2,䐗,2,䐗,w131a0906,䐗,2,2145,䐗
240,3,猪,3,猪,w131a0907,猪,3,2146,猪
240,4,瀦,4,瀦,w131a1001,瀦,4,2147,瀦
240,5,櫫,5,櫫,w131a1002,櫫,5,2148,櫫
240,6,藸,6,藸,w131a1003,藸,6,2149,藸
241,1,臚,1,臚,w131a1004,臚,1,2150,臚
241,2,閭,2,閭,w131b0101,閭,2,2151,閭
241,3,䰕,3,䰕,w131b0301,䰕,3,2152,䰕
241,4,廬,4,廬,w131b0302,廬,4,2153,廬
241,5,蘆,5,蘆,w131b0401,蘆,5,2154,蘆
241,6,櫚,6,櫚,w131b0501,櫚,6,2155,櫚
241,7,驢,7,驢,w131b0502,驢,7,2156,驢
241,8,藘,8,藘,w131b0503,藘,8,2157,藘
241,9,䕡,9,䕡,w131b0504,䕡,9,2158,䕡
241,10,爈,10,爈,w131b0505,爈,10,2159,爈
241,11,𤁵,11,𤁵,w131b0506,𤁵,11,2160,𤁵
241,12,㠠,12,㠠,w131b0601,㠠,12,2161,㠠
241,13,櫖,13,櫖,w131b0602,櫖,13,2162,櫖
241,14,璷,14,璷,w131b0603,璷,14,2163,璷
241,15,䮉,15,䮉,w131b0604,䮉,15,2164,䮉
241,16,𥶆,16,𥶆,w131b0605,𥶆,16,2165,𥶆
241,17,𢣻,17,𢣻,w131b0701,𢣻,17,2166,𢣻
242,1,諸,1,諸,w131b0702,諸,1,2167,諸
242,2,櫧,2,櫧,w131b0801,櫧,2,2168,櫧
242,3,㶆,3,㶆,w131b0901,㶆,3,2169,㶆
242,4,藷,4,藷,w131b0902,藷,4,2170,藷
242,5,𧄔,5,𧄔,w131b0903,𧄔,5,2171,𧄔
242,6,䃴,6,䃴,w131b0904,䃴,6,2172,䃴
242,7,蠩,7,蠩,w131b0905,蠩,7,2173,蠩
243,1,除,1,除,w131b1001,除,1,2174,除
243,2,躇,2,躇,w131b1002,躇,2,2175,躇
243,3,儲,3,儲,w131b1003,儲,3,2176,儲
243,4,涂,4,涂,w131b1004,涂,4,2177,涂
243,5,篨,5,篨,w131b1005,篨,5,2178,篨
243,6,𦿀,6,𦿀,w132a0101,𦿀,6,2179,𦿀
243,7,宁,7,宁,w132a0102,宁,7,2180,宁
243,8,㾻,8,㾻,w132a0103,㾻,8,2181,㾻
243,9,著,9,著,w132a0104,著,9,2182,著
243,10,滁,10,滁,w132a0105,滁,10,2183,滁
243,11,蒢,11,蒢,w132a0201,蒢,11,2184,蒢
243,12,屠,12,屠,w132a0202,屠,12,2185,屠
243,13,藸,13,藸,w132a0301,藸,13,2186,藸
244,1,如,1,如,w132a0302,如,1,2187,如
244,2,蕠,2,蕠,w132a0401,蕠,2,2188,蒘
244,3,𨚴,3,𨚴,w132a0402,𨚴,3,2189,𨚴
244,4,洳,4,洳,w132a0403,洳,4,2190,洳
244,5,鴽,5,鴽,w132a0404,鴽,5,2191,鴽
244,6,𨾵,6,𨾵,w132a0501,𨾵,6,2192,𨾵
244,7,𥨲〈𡫽〉,7,𥨲〈𡫽〉,w132a0502,𥨲,7,2193,𡫽
244,8,茹,8,茹,w132a0503,茹,8,2194,茹
245,1,且,1,且,w132a0601,且,1,2195,且
245,2,蛆,2,蛆,w132a0602,蛆,2,2196,蛆
245,3,苴,3,苴,w132a0701,苴,3,2197,苴
245,4,沮,4,沮,w132a0702,沮,4,2198,沮
246,1,虛,1,虛,w132a0801,虚,1,2199,虚
246,2,墟,2,墟,w132a0802,墟,2,2200,墟
246,3,𥬔,3,𥬔,w132a0803,𥬔,3,2201,𥬔
246,4,袪,4,袪,w132a0804,袪,4,2202,袪
246,5,阹,5,阹,w132a0805,阹,5,2203,阹
246,6,椐,6,椐,w132a0901,椐,6,2204,椐
246,7,胠,7,胠,w132a0902,胠,7,2205,胠
246,8,魼,8,魼,w132a0903,魼,8,2206,魼
246,9,㠊,9,㠊,w132a0904,㠊,9,2207,㠊
246,10,𢴮,10,𢴮,w132a0905,𢴮,10,2208,𢴮
246,11,㭕,11,㭕,w132a0906,㭕,11,2209,㭕
246,12,䒧,12,䒧,w132a0907,䒧,12,2210,䒧
247,1,菹,1,菹,w132a1001,菹,1,2211,菹
247,2,𧄗〈𧗘〉,2,𧄗〈𧗘〉,w132a1002,𧄗〈𧗘〉,2,2212,𧄗
247,3,䶥,3,䶥,w132a1003,䶥,3,2213,䶥
247,4,沮,4,沮,w132a1004,沮,4,2214,沮
248,1,蜍,1,蜍,w132a1005,蜍,1,2215,蜍
248,2,𧄔,2,𧄔,w132b0101,𧄔,2,2216,𧄔
249,1,袽,1,袽,w132b0102,袽,1,2217,袽
249,2,帤,2,帤,w132b0103,帤,2,2218,帤
249,3,𣭠,3,𣭠,w132b0104,𣭠,3,2219,𣭠
249,4,蒘,4,蒘,w132b0105,蒘,4,2220,蒘
249,5,𣖹,5,𣖹,w132b0201,𣖹,5,2221,𣖹
249,6,挐,6,挐,w132b0202,挐,6,2222,挐
250,1,虞,1,虞,w132b0301,虞,1,2223,虞
250,2,𩦢,2,𩦢,w132b0401,𩦢,2,2224,𩦢
250,3,愚,3,愚,w132b0402,愚,3,2225,愚
250,4,娛,4,娛,w132b0501,娛,4,2226,娛
250,5,湡,5,湡,w132b0502,湡,5,2227,湡
250,6,堣,6,堣,w132b0503,堣,6,2228,堣
250,7,𪃍,7,𪃍,w132b0504,𪃍,7,2229,𪃍
250,8,嵎,8,嵎,w132b0601,嵎,8,2230,嵎
250,9,髃,9,髃,w132b0602,髃,9,2231,髃
250,10,禺,10,禺,w132b0603,禺,10,2232,禺
250,11,隅,11,隅,w132b0604,隅,11,2233,隅
250,12,䴁,12,䴁,w132b0701,䴁,12,2234,䴁
250,13,鰅,13,鰅,w132b0702,鰅,13,2235,鰅
250,14,鍝,14,鍝,w132b0703,鍝,14,2236,鍝
250,15,澞,15,澞,w132b0704,澞,15,2237,澞
250,16,𧍪,16,𧍪,w132b0705,𧍪,16,2238,𧍪
250,17,㷒,17,㷒,w132b0801,㷒,17,2239,㷒
250,18,齵,18,齵,w132b0802,齵,18,2240,齵
250,19,鸆,19,鸆,w132b0803,鸆,19,2241,鸆
250,20,𨜖,20,𨜖,w132b0804,𨜖,20,2242,𨜖
251,1,芻,1,芻,w132b0901,芻,1,2243,芻
251,2,犓,2,犓,w132b0902,犓,2,2244,犓
252,1,無,1,無,w132b0903,無,1,2245,無
252,2,毋,2,毋,w132b1001,毋,2,2246,毋
252,3,瞴,3,瞴,w133a0201,瞴,3,2247,瞴
252,4,膴,4,膴,w133a0202,膴,4,2248,膴
252,5,蕪,5,蕪,w133a0203,蕪,5,2249,蕪
252,6,誣,6,誣,w133a0301,誣,6,2250,誣
252,7,巫,7,巫,w133a0302,巫,7,2251,巫
252,8,莁,8,莁,w133a0401,莁,8,2252,莁
252,9,璑,9,璑,w133a0402,璑,9,2253,璑
252,10,𨼊,10,𨼊,w133a0403,𨼊,10,2254,𨼊
252,11,䉑,11,䉑,w133a0404,䉑,11,2255,䉑
252,12,鷡,12,鷡,w133a0405,鷡,12,2256,鷡
252,13,𦌬,13,𦌬,w133a0406,𦌬,13,2257,𦌬
252,14,蝥,14,蝥,w133a0407,蝥,14,2258,蝥
252,15,𢜮,15,𢜮,w133a0501,𢜮,15,2259,𢜮
252,16,无,16,无,w133a0502,无,16,2260,无
252,17,𢃀,17,𢃀,w133a0503,𢃀,17,2261,𢃀
252,18,譕,18,譕,w133a0504,譕,18,2262,譕
252,19,墲,19,墲,w133a0601,墲,19,2263,墲
252,20,鵐,20,鵐,w133a0602,鵐,20,2264,鵐
252,21,憮,21,憮,w133a0603,憮,21,2265,憮
252,22,䍢,22,䍢,w133a0604,䍢,22,2266,䍢
253,1,于,1,于,w133a0605,于,1,2267,于
253,2,迂,2,迂,w133a0901,迂,2,2268,迂
253,3,盂,3,盂,w133a0902,盂,3,2269,盂
253,4,邘,4,邘,w133a0903,邘,4,2270,邘
253,5,雩,5,雩,w133a1001,雩,5,2271,雩
253,6,𦏴,6,𦏴,w133a1002,𦏴,6,2272,𦏴
253,7,竽,7,竽,w133a1003,竽,7,2273,竽
253,8,玗,8,玗,w133b0101,玗,8,2274,玗
253,9,芋,9,芋,w133b0102,芋,9,2275,芋
253,10,汙,10,汙,w133b0103,汙,10,2276,汙
253,11,䣿,11,䣿,w133b0104,䣿,11,2277,䣿
253,12,杅,12,杅,w133b0105,杅,12,2278,杅
253,13,釪,13,釪,w133b0106,釪,13,2279,釪
253,14,𧘘,14,𧘘,w133b0107,𧘘,14,2280,𧘘
253,15,骬,15,骬,w133b0201,骬,15,2281,骬
253,16,𠌶,16,𠌶,w133b0202,𠌶,16,2282,𠌶
253,17,謣,17,謣,w133b0203,謣,17,2283,謣
253,18,䩒,18,䩒,w133b0204,䩒,18,2284,䩒
253,19,䢓,19,䢓,w133b0205,䢓,19,2285,䢓
253,20,𦱃,20,𦱃,w133b0206,𦱃,20,2286,𦱃
254,1,訏,1,訏,w133b0207,訏,1,2287,訏
254,2,吁,2,吁,w133b0301,吁,2,2288,吁
254,3,雩,3,雩,w133b0302,雩,3,2289,雩
254,4,欨,4,欨,w133b0303,欨,4,2290,欨
254,5,㽳,5,㽳,w133b0304,㽳,5,2291,㽳
254,6,盱,6,盱,w133b0305,盱,6,2292,盱
254,7,𧙆,7,𧙆,w133b0306,𧙆,7,2293,𧙆
254,8,𥈈,8,𥈈,w133b0401,𥈈,8,2294,𥈈
254,9,姁,9,姁,w133b0402,姁,9,2295,姁
254,10,𦀒,10,𦀒,w133b0403,𦀒,10,2296,𦀒
254,11,扜,11,扜,w133b0404,扜,11,2297,扜
254,12,𠌶,12,𠌶,w133b0405,𠌶,12,2298,𠌶
254,13,荂,13,荂,w133b0406,荂,13,2299,荂
254,14,𢖳,14,𢖳,w133b0501,𢖳,14,2300,𢖳
254,15,䣿,15,䣿,w133b0502,䣿,15,2301,䣿
254,16,旴,16,旴,w133b0503,旴,16,2302,旴
254,17,䩒,17,䩒,w133b0504,䩒,17,2303,䩒
254,18,㰭,18,㰭,w133b0505,㰭,18,2304,㰭
254,19,虖,19,虖,w133b0506,虖,19,2305,虖
254,20,𣚏,20,𣚏,w133b0507,𣚏,20,2306,𥈸
255,1,衢,1,衢,w133b0508,衢,1,2307,衢
255,2,劬,2,劬,w133b0601,劬,2,2308,劬
255,3,軥,3,軥,w133b0602,軥,3,2309,軥
255,4,氍,4,氍,w133b0603,氍,4,2310,氍
255,5,眗〈胊〉,5,眗〈胊〉,w133b0604,眗〈朐〉,5,2311,眗
255,6,䧁,6,䧁,w133b0701,䧁,6,2312,䧁
255,7,臞,7,臞,w133b0702,臞,7,2313,臞
255,8,癯,8,癯,w133b0703,癯,8,2314,癯
255,9,鴝,9,鴝,w133b0704,鴝,9,2315,鴝
255,10,鸜,10,鸜,w133b0705,鸜,10,2316,鸜
255,11,灈,11,灈,w133b0801,灈,11,2317,灈
255,12,躣,12,躣,w133b0802,躣,12,2318,躣
255,13,忂,13,忂,w133b0803,忂,13,2319,忂
255,14,𩢳,14,𩢳,w133b0804,𩢳,14,2320,𩢳
255,15,鼩,15,鼩,w133b0901,鼩,15,2321,鼩
255,16,蘧,16,蘧,w133b0902,蘧,16,2322,蘧
255,17,斪,17,斪,w133b0903,斪,17,2323,斪
255,18,句,18,句,w133b0904,句,18,2324,句
255,19,蠷,19,蠷,w133b0905,蠷,19,2325,蠷
255,20,瞿,20,瞿,w133b1001,瞿,20,2326,瞿
255,21,欋,21,欋,w133b1002,欋,21,2327,欋
255,22,葋,22,葋,w134a0101,葋,22,2328,葋
255,23,翵,23,翵,w134a0102,翵,23,2329,翵
255,24,𦐛,24,𦐛,w134a0103,翑,24,2330,翑
255,25,蚼,25,蚼,w134a0104,蚼,25,2331,蚼
255,26,𪓞,26,𪓞,w134a0105,𪓞,26,2332,𪓞
255,27,𧾱,27,𧾱,w134a0106,𧾱,27,2333,𧾱
255,28,䞤,28,䞤,w134a0107,䞤,28,2334,䞤
255,29,𠣪,29,𠣪,w134a0201,𠣪〈胊〉,29,2335,𠣪
255,30,絇,30,絇,w134a0202,絇,30,2336,絇
255,31,𡱺,31,𡱺,w134a0203,𡱺,31,2337,𡱺
255,32,𥃔,32,𥃔,w134a0204,𥃔〈〾𥃔〉,32,2338,𥃔
255,33,𥗫,33,𥗫,w134a0205,𥗫,33,2339,𥗫
255,34,戵,34,戵,w134a0206,戵,34,2340,戵
255,35,鑺,35,鑺,w134a0207,鑺,35,2341,鑺
255,36,姁,36,姁,w134a0208,姁,36,2342,姁
256,1,儒,1,儒,w134a0209,儒,1,2343,儒
256,2,獳,2,獳,w134a0301,獳,2,2344,獳
256,3,濡,3,濡,w134a0302,濡,3,2345,濡
256,4,襦,4,襦,w134a0303,襦,4,2346,襦
256,5,懦,5,懦,w134a0401,懦,5,2347,懦
256,6,嚅,6,嚅,w134a0402,嚅,6,2348,嚅
256,7,鱬,7,鱬,w134a0403,鱬,7,2349,鱬
256,8,𪋯,8,𪋯,w134a0404,𪋯,8,2350,𪋯
256,9,嬬,9,嬬,w134a0405,嬬,9,2351,嬬
256,10,繻,10,繻,w134a0406,繻,10,2352,繻
256,11,顬,11,顬,w134a0501,顬,11,2353,顬
256,12,䞕,12,䞕,w134a0502,䞕,12,2354,䞕
256,13,臑,13,臑,w134a0503,臑,13,2355,臑
256,14,醹,14,醹,w134a0504,醹,14,2356,醹
256,15,㼱,15,㼱,w134a0505,㼱,15,2357,㼱
256,16,䰰,16,䰰,w134a0506,䰰,16,2358,䰰
257,1,須,1,須,w134a0601,須,1,2359,須
257,2,鬚,2,鬚,w134a0701,鬚,2,2360,鬚
257,3,嬃,3,嬃,w134a0702,嬃,3,2361,嬃
257,4,𩓣,4,𩓣,w134a0703,𩓣,4,2362,𩓣
257,5,𥪥,5,𥪥,w134a0704,𥪥,5,2363,𥪥
257,6,繻,6,繻,w134a0705,繻,6,2364,繻
257,7,𢄼,7,𢄼,w134a0706,𢄼,7,2365,𢄼
257,8,𪋯,8,𪋯,w134a0707,𪋯,8,2366,𪋯
257,9,需,9,需,w134a0801,需,9,2367,需
257,10,娶,10,娶,w134a0802,娶,10,2368,娶
257,11,緰,11,緰,w134a0803,緰,11,2369,緰
257,12,蕦,12,蕦,w134a0804,蕦,12,2370,蕦
257,13,鑐,13,鑐,w134a0805,鑐,13,2371,鑐
257,14,隃,14,隃,w134a0806,隃,14,2372,隃
258,1,株,1,株,w134a0901,株,1,2373,株
258,2,誅,2,誅,w134a0902,誅,2,2374,誅
258,3,邾,3,邾,w134a0903,邾,3,2375,邾
258,4,鼄,4,鼄,w134a0904,鼄,4,2376,鼄
258,5,蛛,5,蛛,w134a0905,蛛,5,2377,蛛
258,6,跦,6,跦,w134a1001,跦,6,2378,跦
258,7,袾,7,袾,w134a1002,袾,7,2379,袾
258,8,列,8,列,w134a1003,列,8,2380,列
258,9,㦵,9,㦵,w134a1004,㦵,9,2381,㦵
258,10,鴸,10,鴸,w134a1005,鴸,10,2382,鴸
258,11,𪏿,11,𪏿,w134a1006,𪏿,11,2383,𪏿
259,1,貙,1,貙,w134a1007,貙,1,2384,貙
259,2,𤠾,2,𤠾,w134b0101,𤠾,2,2385,𤠾
260,1,殊,1,殊,w134b0102,殊,1,2386,殊
260,2,銖,2,銖,w134b0103,銖,2,2387,銖
260,3,洙,3,洙,w134b0104,洙,3,2388,洙
260,4,茱,4,茱,w134b0105,茱,4,2389,茱
260,5,㼡,5,㼡,w134b0201,㼡,5,2390,㼡
260,6,殳,6,殳,w134b0202,殳,6,2391,殳
260,7,𢎦,7,𢎦,w134b0203,𢎦,7,2392,𢎦
260,8,㸡,8,㸡,w134b0301,㸡,8,2393,㸡
260,9,𦤂,9,𦤂,w134b0302,𦤂,9,2394,𦤂
260,10,陎,10,陎,w134b0303,陎,10,2395,陎
260,11,𠘧,11,𠘧,w134b0304,𠘧,11,2396,𠘧
260,12,杸,12,杸,w134b0305,杸,12,2397,杸
261,1,逾,1,逾,w134b0401,逾,1,2398,逾
261,2,踰,2,踰,w134b0402,踰,2,2399,踰
261,3,窬,3,窬,w134b0403,窬,3,2400,窬
261,4,臾,4,臾,w134b0404,㬰,4,2401,臾
261,5,楰,5,楰,w134b0405,楰,5,2402,楰
261,6,腴,6,腴,w134b0501,𦚤,6,2403,腴
261,7,諛,7,諛,w134b0502,䛕,7,2404,諛
261,8,隃,8,隃,w134b0503,隃,8,2405,隃
261,9,鄃,9,鄃,w134b0504,鄃,9,2406,鄃
261,10,覦,10,覦,w134b0505,覦,10,2407,覦
261,11,𨵦,11,𨵦,w134b0506,𨵦,11,2408,𨵦
261,12,俞,12,俞,w134b0507,俞,12,2409,俞
261,13,歈,13,歈,w134b0601,歈,13,2410,歈
261,14,愉,14,愉,w134b0602,愉,14,2411,愉
261,15,𢋅,15,𢋅,w134b0603,𢋅,15,2412,𢋅
261,16,揄,16,揄,w134b0604,揄,16,2413,揄
261,17,褕,17,褕,w134b0701,褕,17,2414,褕
261,18,瑜,18,瑜,w134b0702,瑜,18,2415,瑜
261,19,崳,19,崳,w134b0703,崳,19,2416,崳
261,20,㥚,20,㥚,w134b0704,㤤,20,2417,㥚
261,21,羭,21,羭,w134b0705,羭,21,2418,羭
261,22,蝓,22,蝓,w134b0706,蝓,22,2419,蝓
261,23,榆,23,榆,w134b0707,榆,23,2420,榆
261,24,萸,24,萸,w134b0801,茰,24,2421,萸
261,25,堬,25,堬,w134b0802,堬,25,2422,堬
261,26,牏,26,牏,w134b0803,牏,26,2423,牏
261,27,渝,27,渝,w134b0804,渝,27,2424,渝
261,28,媮,28,媮,w134b0901,媮,28,2425,媮
261,29,𤜹,29,𤜹,w134b0902,𤜹,29,2426,𤜹
261,30,㳛,30,㳛,w134b0903,㳛,30,2427,㳛
261,31,𤧙,31,𤧙,w134b1001,㻀,31,2428,𤧙
261,32,瘉,32,瘉,w134b1002,瘉,32,2429,瘉
261,33,螸,33,螸,w134b1003,螸,33,2430,螸
261,34,蕍,34,蕍,w134b1004,蕍,34,2431,蕍
261,35,𦺮,35,𦺮,w134b1005,𦺮,35,2432,𦺮
261,36,䩱,36,䩱,w134b1006,䩱,36,2433,䩱
261,37,䜽,37,䜽,w134b1007,䜽,37,2434,䜽
261,38,萮,38,萮,w135a0101,萮,38,2435,萮
261,39,𧃠〈蘛〉,39,𧃠〈蘛〉,w135a0102,𧃠,39,2436,𧃠
261,40,舀,40,舀,w135a0103,舀,40,2437,舀
261,41,㼶,41,㼶,w135a0104,㼶,41,2438,㼶
261,42,騟,42,騟,w135a0105,騟,42,2439,騟
261,43,𢔢,43,𢔢,w135a0106,𢔢,43,2440,𢔢
261,44,𥯮,44,𥯮,w135a0107,𥯮,44,2441,𥯮
261,45,𥔢,45,𥔢,w135a0108,𥑷,45,2442,𥔢
262,1,區,1,區,w135a0201,區,1,2443,區
262,2,鰸,2,鰸,w135a0202,鰸,2,2444,鰸
262,3,驅,3,驅,w135a0301,驅,3,2445,驅
262,4,敺,4,敺,w135a0302,敺,4,2446,敺
262,5,嶇,5,嶇,w135a0303,嶇,5,2447,嶇
262,6,軀,6,軀,w135a0304,軀,6,2448,軀
262,7,摳,7,摳,w135a0305,摳,7,2449,摳
262,8,䧢,8,䧢,w135a0306,䧢,8,2450,䧢
263,1,朱,1,朱,w135a0307,朱,1,2451,朱
263,2,珠,2,珠,w135a0501,珠,2,2452,珠
263,3,侏,3,侏,w135a0502,侏,3,2453,侏
263,4,絑,4,絑,w135a0503,絑,4,2454,絑
263,5,秼〈祩〉,5,秼〈祩〉,w135a0504,秼〈祩〉,5,2455,秼
263,6,咮,6,咮,w135a0601,咮,6,2456,咮
263,7,鴸,7,鴸,w135a0602,鴸,7,2457,鴸
263,8,鮢,8,鮢,w135a0603,鮢,8,2458,鮢
263,9,𤝹,9,𤝹,w135a0604,𤝹,9,2459,𤝹
263,10,硃,10,硃,w135a0605,硃,10,2460,硃
264,1,趨,1,趨,w135a0606,趨,1,2461,趨
264,2,趍,2,趍,w135a0607,趍,2,2462,趍
264,3,鯫,3,鯫,w135a0701,鯫,3,2463,鯫
265,1,慺,1,慺,w135a0702,慺,1,2464,慺
265,2,蔞,2,蔞,w135a0703,蔞,2,2465,蔞
265,3,氀,3,氀,w135a0801,氀,3,2466,氀
265,4,瞜,4,瞜,w135a0802,瞜,4,2467,瞜
265,5,䱾,5,䱾,w135a0803,䱾,5,2468,䱾
265,6,嶁,6,嶁,w135a0804,㟺,6,2469,㟺
265,7,䝏,7,䝏,w135a0805,䝏,7,2470,䝏
265,8,㺏,8,㺏,w135a0806,㺏,8,2471,㺏
265,9,摟,9,摟,w135a0807,摟,9,2472,摟
265,10,鷜,10,鷜,w135a0808,鷜,10,2473,鷜
265,11,鏤,11,鏤,w135a0901,鏤,11,2474,鏤
265,12,䣚,12,䣚,w135a0902,䣚,12,2475,䣚
265,13,婁,13,婁,w135a0903,𡝤,13,2476,婁
265,14,瘻,14,瘻,w135a0904,瘻,14,2477,瘻
265,15,𤗬,15,𤗬,w135a1001,𤗬,15,2478,𤗬
265,16,膢,16,膢,w135a1002,膢,16,2479,膢
266,1,扶,1,扶,w135a1003,扶,1,2480,扶
266,2,𢺻〈𢻳〉,2,𢺻〈𢻳〉,w135b0101,𢺻〈𢻳〉,2,2481,𢺻
266,3,芙,3,芙,w135b0102,芙,3,2482,芙
266,4,符,4,符,w135b0103,符,4,2483,符
266,5,颫,5,颫,w135b0201,颫,5,2484,颫
266,6,鳧,6,鳧,w135b0301,鳧,6,2485,鳧
266,7,榑,7,榑,w135b0302,榑,7,2486,榑
266,8,苻,8,苻,w135b0303,苻,8,2487,苻
266,9,蚨,9,蚨,w135b0401,蚨,9,2488,蚨
266,10,夫,10,夫,w135b0402,夫,10,2489,夫
266,11,𦽏,11,𦽏,w135b0403,𦽏,11,2490,𦽏
266,12,𣿆,12,𣿆,w135b0501,𣿆,12,2491,𣿆
266,13,枹,13,枹,w135b0502,枹,13,2492,枹
266,14,瓿,14,瓿,w135b0503,瓿,14,2493,瓿
266,15,𧥱,15,𧥱,w135b0504,𧥱,15,2494,𧥱
266,16,枎,16,枎,w135b0505,枎,16,2495,枎
266,17,坿,17,坿,w135b0506,坿,17,2496,坿
266,18,泭,18,泭,w135b0601,泭,18,2497,泭
266,19,𣻜,19,𣻜,w135b0602,𣻜,19,2498,𣻜
266,20,𤱽,20,𤱽,w135b0603,𤱽,20,2499,𤱽
266,21,𣘧,21,𣘧,w135b0604,𣘧,21,2500,𣘧
266,22,𣻥,22,𣻥,w135b0605,𣻥,22,2501,𣻥
266,23,𢞦,23,𢞦,w135b0701,𢞦,23,2502,𢞦
266,24,𦑹,24,𦑹,w135b0702,𦑹,24,2503,𦑹
266,25,𦔾〈𥄑〉,25,𦔾〈𥄑〉,w135b0703,𦔾〈𥄑〉,25,2504,𦔾
266,26,玸,26,玸,w135b0704,玸,26,2505,玸
267,1,䅳,1,䅳,w135b0705,䅳,1,2506,䅳
267,2,雛,2,雛,w135b0706,雛,2,2507,雛
267,3,鶵,3,鶵,w135b0801,鶵,3,2508,鶵
267,4,媰,4,媰,w135b0802,媰,4,2509,媰
268,1,㑳,1,㑳,w135b0803,㑳,1,2510,㑳
268,2,搊,2,搊,w135b0901,搊,2,2511,搊
269,1,敷,1,敷,w135b0902,敷,1,2512,敷
269,2,麩,2,麩,w135b0903,麩,2,2513,麩
269,3,麱,3,麱,w135b0904,麱,3,2514,麱
269,4,孚,4,孚,w135b0905,孚,4,2515,孚
269,5,𣞒,5,𣞒,w135b0906,𣞒,5,2516,𣞒
269,6,郛,6,郛,w135b1001,郛,6,2517,郛
269,7,鄜,7,鄜,w135b1002,鄜,7,2518,鄜
269,8,鋪,8,鋪,w135b1003,鋪,8,2519,鋪
269,9,筟,9,筟,w135b1004,筟,9,2520,筟
269,10,俘,10,俘,w135b1005,俘,10,2521,俘
269,11,痡,11,痡,w135b1006,痡,11,2522,痡
269,12,殍,12,殍,w136a0101,殍,12,2523,殍
269,13,怤,13,怤,w136a0102,怤,13,2524,怤
269,14,䎔,14,䎔,w136a0103,䎔,14,2525,䎔
269,15,𧀮,15,𧀮,w136a0104,𧀮,15,2526,𧀮
269,16,孵,16,孵,w136a0105,孵,16,2527,孵
269,17,豧,17,豧,w136a0106,豧,17,2528,豧
269,18,尃,18,尃,w136a0107,尃,18,2529,尃
269,19,䱐,19,䱐,w136a0108,䱐,19,2530,䱐
269,20,罦,20,罦,w136a0109,罦,20,2531,罦
269,21,稃,21,稃,w136a0201,稃,21,2532,稃
269,22,𥹃,22,𥹃,w136a0202,𥹃,22,2533,𥹃
269,23,莩,23,莩,w136a0203,莩,23,2534,莩
269,24,泭,24,泭,w136a0204,泭,24,2535,泭
269,25,郙,25,郙,w136a0205,郙,25,2536,郙
269,26,㕊,26,㕊,w136a0301,㕊,26,2537,㕊
269,27,桴,27,桴,w136a0302,桴,27,2538,桴
269,28,䒀,28,䒀,w136a0303,䒀,28,2539,䒀
269,29,㩤,29,㩤,w136a0304,㩤,29,2540,㩤
269,30,姇,30,姇,w136a0305,姇,30,2541,姇
269,31,荂,31,荂,w136a0306,荂,31,2542,荂
269,32,紨,32,紨,w136a0401,紨,32,2543,紨
269,33,䓵,33,䓵,w136a0402,䓵,33,2544,䓵
269,34,㲗,34,㲗,w136a0403,㲗,34,2545,㲗
269,35,䓏,35,䓏,w136a0404,䓏,35,2546,䓏
269,36,秿,36,秿,w136a0405,秿,36,2547,秿
270,1,諏,1,諏,w136a0406,諏,1,2548,諏
270,2,㖩,2,㖩,w136a0501,㖩,2,2549,㖩
270,3,𡸨,3,𡸨,w136a0502,𡸨,3,2550,𡸨
270,4,娵,4,娵,w136a0503,娵,4,2551,娵
270,5,陬,5,陬,w136a0504,陬,5,2552,陬
270,6,嗺〈嶉〉,6,嗺〈嶉〉,w136a0505,嗺,6,2553,嗺
270,7,掫,7,掫,w136a0506,掫,7,2554,掫
271,1,跗,1,跗,w136a0507,跗,1,2555,跗
271,2,趺,2,趺,w136a0508,趺,2,2556,趺
271,3,膚,3,膚,w136a0601,膚,3,2557,膚
271,4,肤,4,肤,w136a0602,肤,4,2558,肤
271,5,邞,5,邞,w136a0603,邞,5,2559,邞
271,6,鈇,6,鈇,w136a0604,鈇,6,2560,鈇
271,7,衭,7,衭,w136a0605,衭,7,2561,衭
271,8,㠸,8,㠸,w136a0606,㠸,8,2562,㠸
271,9,玞,9,玞,w136a0607,玞,9,2563,玞
271,10,𩿧,10,𩿧,w136a0701,𩿧,10,2564,𩿧
271,11,𧀴,11,𧀴,w136a0702,𧀴,11,2565,𧀴
271,12,簠,12,簠,w136a0703,簠,12,2566,簠
271,13,夫,13,夫,w136a0704,夫,13,2567,夫
271,14,鳺,14,鳺,w136a0801,鳺,14,2568,鳺
271,15,柎,15,柎,w136a0802,柎,15,2569,柎
271,16,扶,16,扶,w136a0803,扶,16,2570,扶
271,17,𩬙,17,𩬙,w136a0804,𩬙,17,2571,𩬙
271,18,𩵩,18,𩵩,w136a0805,𩵩,18,2572,𩵩
271,19,䄮,19,䄮,w136a0806,䄮,19,2573,䄮
271,20,䃿,20,䃿,w136a0901,䃿,20,2574,䃿
271,21,妋,21,妋,w136a0902,妋,21,2575,妋
272,1,紆,1,紆,w136a0903,紆,1,2576,紆
272,2,䩒,2,䩒,w136a0904,䩒,2,2577,䩒
272,3,陓,3,陓,w136a1001,陓,3,2578,陓
272,4,扜,4,扜,w136a1002,扜,4,2579,扜
272,5,䩽,5,䩽,w136a1003,䩽,5,2580,䩽
272,6,䙔,6,䙔,w136a1004,䙔,6,2581,䙔
272,7,蓲,7,蓲,w136a1005,蓲,7,2582,蓲
272,8,迂,8,迂,w136a1006,迂,8,2583,迂
272,9,䣿,9,䣿,w136b0101,䣿,9,2584,䣿
272,10,㝼,10,㝼,w136b0102,㝼,10,2585,㝼
272,11,虶,11,虶,w136b0103,虶,11,2586,虶
272,12,䨕,12,䨕,w136b0104,䨕,12,2587,䨕
273,1,輸,1,輸,w136b0105,輸,1,2588,輸
273,2,鄃,2,鄃,w136b0201,鄃,2,2589,鄃
273,3,隃,3,隃,w136b0202,隃,3,2590,隃
274,1,樞,1,樞,w136b0203,樞,1,2591,樞
274,2,姝,2,姝,w136b0204,姝,2,2592,姝
274,3,𩪍,3,𩪍,w136b0301,𩪍,3,2593,𩪍
274,4,袾,4,袾,w136b0302,袾,4,2594,袾
274,5,䇬,5,䇬,w136b0303,䇬,5,2595,䇬
275,1,廚,1,廚,w136b0304,廚,1,2596,廚
275,2,躕,2,躕,w136b0305,躕,2,2597,蹰
275,3,趎,3,趎,w136b0306,趎,3,2598,趎
275,4,幮,4,幮,w136b0307,幮,4,2599,幮
275,5,裯,5,裯,w136b0401,裯,5,2600,裯
276,1,拘,1,拘,w136b0402,拘,1,2601,拘
276,2,駒,2,駒,w136b0403,駒,2,2602,駒
276,3,䀠,3,䀠,w136b0404,䀠,3,2603,䀠
276,4,眗,4,眗,w136b0405,眗,4,2604,眗
276,5,岣,5,岣,w136b0406,岣,5,2605,岣
276,6,㪺,6,㪺,w136b0501,㪺,6,2606,㪺
276,7,𨞜,7,𨞜,w136b0502,𨞜,7,2607,𨞜
276,8,捄,8,捄,w136b0503,捄,8,2608,捄
276,9,跔,9,跔,w136b0504,跔,9,2609,跔
276,10,鮈,10,鮈,w136b0505,鮈,10,2610,鮈
276,11,俱,11,俱,w136b0506,俱,11,2611,俱
276,12,痀,12,痀,w136b0507,痀,12,2612,痀
276,13,𥇛,13,𥇛,w136b0601,𥇛,13,2613,𥇛
276,14,𥗫,14,𥗫,w136b0602,𥗫,14,2614,𥗫
277,1,毹,1,毹,w136b0603,毹,1,2615,毹
277,2,㡏,2,㡏,w136b0604,㡏,2,2616,㡏
277,3,橾,3,橾,w136b0605,橾,3,2617,橾
277,4,螋,4,螋,w136b0606,螋,4,2618,螋
278,1,模,1,模,w136b0701,模,1,2619,模
278,2,橅,2,橅,w136b0702,橅,2,2620,橅
278,3,摸,3,摸,w136b0703,摸,3,2621,摸
278,4,嫫,4,嫫,w136b0704,嫫,4,2622,嫫
278,5,㡔,5,㡔,w136b0801,㡔,5,2623,㡔
278,6,𨡭,6,𨡭,w136b0802,𨡭,6,2624,𨡭
278,7,謨,7,謨,w136b0803,謨,7,2625,謨
278,8,𠻚,8,𠻚,w136b0804,𠻚,8,2626,𠻚
278,9,墲,9,墲,w136b0805,墲,9,2627,墲
278,10,无,10,无,w136b0806,无,10,2628,无
278,11,䉑,11,䉑,w136b0807,䉑,11,2629,䉑
278,12,膜,12,膜,w136b0901,膜,12,2630,膜
279,1,酺,1,酺,w136b0902,酺,1,2631,酺
279,2,匍,2,匍,w136b1001,匍,2,2632,匍
279,3,蜅,3,蜅,w136b1002,蜅,3,2633,蜅
279,4,荹,4,荹,w136b1003,荹,4,2634,荹
279,5,樸,5,樸,w136b1004,樸,5,2635,樸
279,6,菩,6,菩,w137a0101,菩,6,2636,菩
279,7,䔕,7,䔕,w137a0102,䔕,7,2637,䔕
279,8,蒲,8,蒲,w137a0103,蒲,8,2638,蒲
279,9,蒱,9,蒱,w137a0301,蒱,9,2639,蒱
279,10,䈻,10,䈻,w137a0302,䈻,10,2640,䈻
280,1,胡,1,胡,w137a0303,胡,1,2641,胡
280,2,𩑶,2,𩑶,w137a0501,𩑶,2,2642,𩑶
280,3,𠴱,3,𠴱,w137a0502,𠴱,3,2643,𠴱
280,4,壺,4,壺,w137a0503,壺,4,2644,壺
280,5,狐,5,狐,w137a0601,狐,5,2645,狐
280,6,瓳,6,瓳,w137a0701,瓳,6,2646,瓳
280,7,餬,7,餬,w137a0702,餬,7,2647,餬
280,8,瑚,8,瑚,w137a0703,瑚,8,2648,瑚
280,9,湖,9,湖,w137a0704,湖,9,2649,湖
280,10,鶘,10,鶘,w137a0801,鶘,10,2650,鶘
280,11,猢,11,猢,w137a0802,猢,11,2651,猢
280,12,醐,12,醐,w137a0803,醐,12,2652,醐
280,13,𪏻,13,𪏻,w137a0804,𪏻,13,2653,𪏻
280,14,䊀,14,䊀,w137a0805,䊀,14,2654,䊀
280,15,𪍒,15,𪍒,w137a0806,𪍒,15,2655,𪍒
280,16,糊,16,糊,w137a0807,糊,16,2656,糊
280,17,弧,17,弧,w137a0808,弧,17,2657,弧
280,18,乎,18,乎,w137a0809,乎,18,2658,乎
280,19,𠂞,19,𠂞,w137a0810,𠂞,19,2659,𠀒
280,20,𪕱,20,𪕱,w137a0901,𪕱,20,2660,𪕱
280,21,瓠,21,瓠,w137a0902,瓠,21,2661,瓠
280,22,葫,22,葫,w137a0903,葫,22,2662,葫
280,23,㾰,23,㾰,w137a0904,㾰,23,2663,㾰
280,24,魱,24,魱,w137a0905,魱,24,2664,魱
280,25,箶,25,箶,w137a1001,箶,25,2665,箶
280,26,䉉,26,䉉,w137a1002,䉉,26,2666,䉉
280,27,𥶜,27,𥶜,w137a1003,𥶜,27,2667,𥶜
280,28,𧛞,28,𧛞,w137a1004,𧛞,28,2668,𧛞
280,29,㯛,29,㯛,w137a1005,㯛,29,2669,㯛
280,30,虖,30,虖,w137a1006,虖,30,2670,虖
281,1,孤,1,孤,w137b0101,孤,1,2671,孤
281,2,苽,2,苽,w137b0102,苽,2,2672,苽
281,3,菰,3,菰,w137b0103,菰,3,2673,菰
281,4,胍,4,胍,w137b0104,胍,4,2674,胍
281,5,𡗷,5,𡗷,w137b0201,𡗷,5,2675,𡗷
281,6,姑,6,姑,w137b0202,姑,6,2676,姑
281,7,辜,7,辜,w137b0203,辜,7,2677,辜
281,8,呱,8,呱,w137b0204,呱,8,2678,呱
281,9,泒,9,泒,w137b0205,𣲖,9,2679,泒
281,10,酤,10,酤,w137b0206,酤,10,2680,酤
281,11,觚,11,觚,w137b0207,觚,11,2681,觚
281,12,蛄,12,蛄,w137b0208,蛄,12,2682,蛄
281,13,箛,13,箛,w137b0301,箛,13,2683,箛
281,14,鴣,14,鴣,w137b0302,鴣,14,2684,鴣
281,15,橭,15,橭,w137b0303,橭,15,2685,橭
281,16,𠷞,16,𠷞,w137b0304,𠷞,16,2686,𠷞
281,17,沽,17,沽,w137b0305,沽,17,2687,沽
281,18,柧,18,柧,w137b0306,柧,18,2688,柧
281,19,𨬟,19,𨬟,w137b0307,𨬟,19,2689,𨬕
281,20,䉉,20,䉉,w137b0401,䉉,20,2690,䉉
281,21,𧇡,21,𧇡,w137b0402,𧇡,21,2691,𧇡
281,22,盬,22,盬,w137b0403,盬,22,2692,盬
281,23,嫴,23,嫴,w137b0404,嫴,23,2693,嫴
281,24,罛,24,罛,w137b0405,罛,24,2694,罛
281,25,軱,25,軱,w137b0406,軱,25,2695,軱
281,26,箍,26,箍,w137b0501,箍,26,2696,箍
281,27,䐻,27,䐻,w137b0502,䐻,27,2697,䐻
281,28,㼋,28,㼋,w137b0503,㼋,28,2698,㼋
282,1,徒,1,徒,w137b0504,徒,1,2699,徒
282,2,𨑒,2,𨑒,w137b0505,𨑒,2,2700,𨑒
282,3,屠,3,屠,w137b0601,屠,3,2701,屠
282,4,瘏,4,瘏,w137b0602,瘏,4,2702,瘏
282,5,塗,5,塗,w137b0603,塗,5,2703,塗
282,6,途,6,途,w137b0701,途,6,2704,途
282,7,酴,7,酴,w137b0702,酴,7,2705,酴
282,8,駼,8,駼,w137b0703,駼,8,2706,駼
282,9,𤙛,9,𤙛,w137b0704,𤙛,9,2707,𤙛
282,10,鵌,10,鵌,w137b0705,鵌,10,2708,鵌
282,11,涂,11,涂,w137b0801,涂,11,2709,涂
282,12,梌,12,梌,w137b0802,梌,12,2710,梌
282,13,㭸,13,㭸,w137b0803,梚〈㭸〉,13,2711,㭸
282,14,荼,14,荼,w137b0804,荼,14,2712,荼
282,15,圖,15,圖,w137b0805,圖,15,2713,圖
282,16,啚,16,啚,w137b0806,啚,16,2714,啚
282,17,廜,17,廜,w137b0807,廜,17,2715,廜
282,18,䣝,18,䣝,w137b0901,䣝,18,2716,䣝
282,19,菟,19,菟,w137b0902,菟,19,2717,菟
282,20,捈,20,捈,w137b0903,捈,20,2718,捈
282,21,䣄,21,䣄,w137b0904,䣄,21,2719,䣄
282,22,䅷,22,䅷,w137b0905,䅷,22,2720,䅷
282,23,嵞,23,嵞,w137b0906,嵞,23,2721,嵞
282,24,峹,24,峹,w137b1001,峹,24,2722,峹
282,25,𣘻,25,𣘻,w137b1002,𣘻,25,2723,𣘻
282,26,鍍,26,鍍,w137b1003,鍍,26,2724,鍍
282,27,䤅,27,䤅,w137b1004,䤅,27,2725,䤅
282,28,蒤,28,蒤,w137b1005,蒤,28,2726,蒤
282,29,䖘,29,䖘,w137b1006,䖘,29,2727,䖘
282,30,鷵,30,鷵,w137b1007,鷵,30,2728,鷵
282,31,筡,31,筡,w138a0101,筡,31,2729,筡
283,1,奴,1,奴,w138a0102,奴,1,2730,奴
283,2,㚢,2,㚢,w138a0103,㚢,2,2731,㚢
283,3,砮,3,砮,w138a0104,砮,3,2732,砮
283,4,駑,4,駑,w138a0105,駑,4,2733,駑
283,5,帑,5,帑,w138a0201,帑,5,2734,帑
283,6,孥,6,孥,w138a0202,孥,6,2735,孥
283,7,笯,7,笯,w138a0203,笯,7,2736,笯
284,1,呼,1,呼,w138a0204,呼,1,2737,呼
284,2,嘑,2,嘑,w138a0301,嘑,2,2738,嘑
284,3,虖,3,虖,w138a0401,虖,3,2739,虖
284,4,𧦝,4,𧦝,w138a0402,𧦝,4,2740,𧦝
284,5,歑,5,歑,w138a0403,歑,5,2741,歑
284,6,戲,6,戲,w138a0404,戲,6,2742,戲
284,7,謼,7,謼,w138a0405,謼,7,2743,謼
284,8,膴,8,膴,w138a0501,膴,8,2744,膴
284,9,幠,9,幠,w138a0502,幠,9,2745,幠
284,10,葫,10,葫,w138a0503,葫,10,2746,葫
284,11,恗,11,恗,w138a0504,恗,11,2747,恗
284,12,軤,12,軤,w138a0505,軤,12,2748,軤
284,13,虍,13,虍,w138a0506,虍,13,2749,虍
284,14,苸,14,苸,w138a0601,苸,14,2750,苸
284,15,雐,15,雐,w138a0602,雐,15,2751,雐
284,16,䰧,16,䰧,w138a0603,䰧,16,2752,䰧
284,17,滹,17,滹,w138a0604,滹,17,2753,滹
285,1,吾,1,吾,w138a0605,吾,1,2754,吾
285,2,鼯,2,鼯,w138a0801,鼯,2,2755,鼯
285,3,𪁙,3,𪁙,w138a0802,𪁙,3,2756,𪁙
285,4,𧋋,4,𧋋,w138a0803,𧋋,4,2757,𧋋
285,5,吳,5,吳,w138a0804,吳,5,2758,吳
285,6,浯,6,浯,w138a0901,浯,6,2759,浯
285,7,䓊,7,䓊,w138a0902,䓊,7,2760,䓊
285,8,㹳,8,㹳,w138a0903,㹳,8,2761,㹳
285,9,㻍,9,㻍,w138a0904,㻍,9,2762,㻍
285,10,珸,10,珸,w138a0905,珸,10,2763,珸
285,11,蜈,11,蜈,w138a0906,蜈,11,2764,蜈
285,12,郚,12,郚,w138a1001,郚,12,2765,郚
285,13,齬,13,齬,w138a1002,齬,13,2766,齬
285,14,鯃,14,鯃,w138a1003,鯃,14,2767,鯃
285,15,娪,15,娪,w138a1004,娪,15,2768,娪
285,16,鋘,16,鋘,w138a1005,鋘,16,2769,鋘
285,17,梧,17,梧,w138a1006,梧,17,2770,梧
285,18,峿,18,峿,w138b0101,峿,18,2771,峿
285,19,麌,19,麌,w138b0102,麌,19,2772,麌
285,20,𦨼,20,𦨼,w138b0103,𦨼,20,2773,𦨳
285,21,祦,21,祦,w138b0104,祦,21,2774,祦
286,1,租,1,租,w138b0105,租,1,2775,租
286,2,蒩,2,蒩,w138b0106,蒩,2,2776,蒩
287,1,盧,1,盧,w138b0201,盧,1,2777,盧
287,2,鑪,2,鑪,w138b0401,鑪,2,2778,鑪
287,3,壚,3,壚,w138b0501,壚,3,2779,壚
287,4,籚,4,籚,w138b0502,籚,4,2780,籚
287,5,蘆,5,蘆,w138b0503,蘆,5,2781,蘆
287,6,顱,6,顱,w138b0504,顱,6,2782,顱
287,7,髗,7,髗,w138b0601,髗,7,2783,髗
287,8,鱸,8,鱸,w138b0602,鱸,8,2784,鱸
287,9,攎,9,攎,w138b0603,攎,9,2785,攎
287,10,櫨,10,櫨,w138b0604,櫨,10,2786,櫨
287,11,轤,11,轤,w138b0605,轤,11,2787,轤
287,12,黸,12,黸,w138b0606,黸,12,2788,黸
287,13,獹,13,獹,w138b0607,獹,13,2789,獹
287,14,鸕,14,鸕,w138b0608,鸕,14,2790,鸕
287,15,艫,15,艫,w138b0701,艫,15,2791,艫
287,16,纑,16,纑,w138b0702,纑,16,2792,纑
287,17,瀘,17,瀘,w138b0703,瀘,17,2793,瀘
287,18,瓐,18,瓐,w138b0704,瓐,18,2794,瓐
287,19,爐,19,爐,w138b0705,爐,19,2795,爐
287,20,玈,20,玈,w138b0801,玈,20,2796,玈
287,21,𢐸,21,𢐸,w138b0802,𢐸,21,2797,𢐸
287,22,㢚,22,㢚,w138b0803,㢚,22,2798,㢚
287,23,𤮧,23,𤮧,w138b0804,𤮧,23,2799,𤮧
287,24,嚧,24,嚧,w138b0805,嚧,24,2800,嚧
287,25,矑,25,矑,w138b0806,矑,25,2801,矑
287,26,㿖,26,㿖,w138b0807,㿖,26,2802,㿖
287,27,㭔,27,㭔,w138b0808,㭔,27,2803,㭔
287,28,䰕,28,䰕,w138b0901,䰕,28,2804,䰕
287,29,𧇄,29,𧇄,w138b0902,𧇄,29,2805,𧇄
287,30,𧆨,30,𧆨,w138b0903,𧆨,30,2806,𧆨
287,31,罏,31,罏,w138b0904,罏,31,2807,罏
287,32,蠦,32,蠦,w138b0905,蠦,32,2808,蠦
287,33,㪭,33,㪭,w138b0906,㪭,33,2809,㪭
287,34,𦿊,34,𦿊,w138b1001,𦿊,34,2810,𦿊
288,1,蘇,1,蘇,w138b1002,蘇,1,2811,蘇
288,2,穌,2,穌,w138b1003,穌,2,2812,穌
288,3,㢝,3,㢝,w138b1004,㢝,3,2813,㢝
288,4,酥,4,酥,w139a0101,酥,4,2814,酥
289,1,徂,1,徂,w139a0102,徂,1,2815,徂
289,2,䢐,2,䢐,w139a0103,䢐,2,2816,䢐
289,3,殂,3,殂,w139a0104,殂,3,2817,殂
289,4,𣨐,4,𣨐,w139a0105,𣨐,4,2818,𣨐
290,1,烏,1,烏,w139a0106,烏,1,2819,烏
290,2,嗚,2,嗚,w139a0301,嗚,2,2820,嗚
290,3,洿,3,洿,w139a0302,洿,3,2821,洿
290,4,汚,4,汚,w139a0303,汚,4,2822,汚
290,5,杇,5,杇,w139a0304,杇,5,2823,杇
290,6,圬,6,圬,w139a0401,圬,6,2824,圬
290,7,釫,7,釫,w139a0402,釫,7,2825,釫
290,8,鰞,8,鰞,w139a0403,鰞,8,2826,鰞
290,9,歍,9,歍,w139a0404,歍,9,2827,歍
290,10,鎢,10,鎢,w139a0405,鎢,10,2828,鎢
290,11,𢎰,11,𢎰,w139a0406,𢎰,11,2829,㢪
290,12,於,12,於,w139a0501,於,12,2830,於
290,13,瑦,13,瑦,w139a0502,瑦,13,2831,瑦
290,14,鄔,14,鄔,w139a0503,鄔,14,2832,鄔
290,15,盓,15,盓,w139a0504,盓,15,2833,盓
290,16,螐,16,螐,w139a0505,螐,16,2834,螐
290,17,惡,17,惡,w139a0506,惡,17,2835,惡
290,18,扝,18,扝,w139a0601,扝,18,2836,扝
290,19,𦶀,19,𦶀,w139a0602,𦶀,19,2837,𦶀
290,20,㮧,20,㮧,w139a0603,㮧,20,2838,㮧
290,21,鴮,21,鴮,w139a0604,鴮,21,2839,鴮
291,1,逋,1,逋,w139a0605,逋,1,2840,逋
291,2,餔,2,餔,w139a0606,餔,2,2841,餔
291,3,𥂈,3,𥂈,w139a0701,𥂈,3,2842,𥂈
291,4,晡,4,晡,w139a0702,晡,4,2843,晡
291,5,庯,5,庯,w139a0703,庯,5,2844,庯
291,6,陠,6,陠,w139a0704,陠,6,2845,陠
291,7,鵏,7,鵏,w139a0705,鵏,7,2846,鵏
291,8,𧻷,8,𧻷,w139a0706,𧻷,8,2847,𧻷
291,9,峬,9,峬,w139a0707,峬,9,2848,峬
291,10,誧,10,誧,w139a0801,誧,10,2849,誧
291,11,秿,11,秿,w139a0802,秿,11,2850,秿
291,12,鯆,12,鯆,w139a0803,鯆,12,2851,鯆
291,13,抪,13,抪,w139a0804,抪,13,2852,抪
292,1,枯,1,枯,w139a0805,枯,1,2853,枯
292,2,刳,2,刳,w139a0806,刳,2,2854,刳
292,3,扝,3,扝,w139a0901,扝,3,2855,扝
292,4,郀,4,郀,w139a0902,郀,4,2856,郀
292,5,軲,5,軲,w139a0903,軲,5,2857,軲
292,6,㱠,6,㱠,w139a0904,㱠,6,2858,㱠
292,7,跍,7,跍,w139a0905,跍,7,2859,跍
292,8,挎,8,挎,w139a0906,挎,8,2860,挎
292,9,𢎰,9,𢎰,w139a0907,𢎰,9,2861,㢪
292,10,橭,10,橭,w139a1001,橭,10,2862,橭
292,11,鮬,11,鮬,w139a1002,鮬,11,2863,鮬
293,1,麤,1,麤,w139a1003,麤,1,2864,麤
293,2,麁,2,麁,w139b0101,麁,2,2865,麁
293,3,𧆓,3,𧆓,w139b0102,𧆓,3,2866,𧆓
293,4,𥼡,4,𥼡,w139b0103,𥼡,4,2867,𥼡
293,5,觕,5,觕,w139b0104,觕,5,2868,觕
293,6,𤿚,6,𤿚,w139b0105,𤿚,6,2869,𤿚
294,1,㻌,1,㻌,w139b0201,㻌,1,2870,㻌
294,2,稌,2,稌,w139b0202,稌,2,2871,稌
294,3,悇,3,悇,w139b0203,悇,3,2872,悇
294,4,嶀,4,嶀,w139b0204,嶀,4,2873,嶀
294,5,㻯,5,㻯,w139b0205,㻯,5,2874,㻯
294,6,𡸂,6,𡸂,w139b0206,𡸂,6,2875,𡸂
294,7,庩,7,庩,w139b0207,庩,7,2876,庩
294,8,䞮,8,䞮,w139b0301,䞮,8,2877,䞮
294,9,梌,9,梌,w139b0302,梌,9,2878,梌
294,10,㻬,10,㻬,w139b0303,㻬,10,2879,㻬
294,11,捈,11,捈,w139b0304,捈,11,2880,捈
294,12,䩣,12,䩣,w139b0305,䩣,12,2881,䩣
295,1,都,1,都,w139b0306,都,1,2882,都
295,2,𥳉,2,𥳉,w139b0401,𥳉,2,2883,𥳉
295,3,闍,3,闍,w139b0402,闍,3,2884,闍
295,4,𦘴,4,𦘴,w139b0403,𦘴,4,2885,𦘴
295,5,𧷿,5,𧷿,w139b0404,𧷿,5,2886,𧷿
295,6,醏,6,醏,w139b0501,醏,6,2887,醏
295,7,䩲,7,䩲,w139b0502,䩲,7,2888,䩲
296,1,𥠵,1,𥠵,w139b0503,𥠵,1,2889,𥠵
296,2,鋪,2,鋪,w139b0504,鋪,2,2890,鋪
296,3,鯆,3,鯆,w139b0505,鯆,3,2891,鯆
296,4,𩹲,4,𩹲,w139b0601,𩹲,4,2892,𩹲
296,5,𨁏,5,𨁏,w139b0602,𨁏,5,2893,𨁏
296,6,痡,6,痡,w139b0603,痡,6,2894,痡
296,7,誧,7,誧,w139b0604,誧,7,2895,誧
296,8,𧱹,8,𧱹,w139b0605,𧱹,8,2896,豧
296,9,陠,9,陠,w139b0606,陠,9,2897,陠
296,10,墲,10,墲,w139b0607,墲,10,2898,墲
296,11,䮒,11,䮒,w139b0701,䮒,11,2899,䮒
296,12,𢼹,12,𢼹,w139b0702,𢼹,12,2900,𢼹
297,1,齊,1,齊,w139b0801,齊,1,2901,齊
297,2,臍,2,臍,w139b0901,臍,2,2902,臍
297,3,麡,3,麡,w139b0902,麡,3,2903,麡
297,4,蠐,4,蠐,w139b1001,蠐,4,2904,蠐
297,5,𪗍,5,𪗍,w139b1002,𪗍,5,2905,𪗍
297,6,懠,6,懠,w139b1003,懠,6,2906,懠
297,7,䶒,7,䶒,w139b1004,䶒,7,2907,䶒
297,8,癠,8,癠,w140a0101,癠,8,2908,癠
297,9,𨥦,9,𨥦,w140a0102,𨥦,9,2909,𨥳
298,1,黎,1,黎,w140a0103,黎,1,2910,黎
298,2,犁,2,犁,w140a0104,犂,2,2911,犁
298,3,𤛿,3,𤛿,w140a0201,𤛿,3,2912,𤛿
298,4,莉,4,莉,w140a0202,莉,4,2913,莉
298,5,黧,5,黧,w140a0203,黧,5,2914,黧
298,6,藜,6,藜,w140a0204,藜,6,2915,藜
298,7,鯬,7,鯬,w140a0205,鯬,7,2916,鯬
298,8,𦃇,8,𦃇,w140a0206,𦃇,8,2917,𦃇
298,9,盠,9,盠,w140a0301,盠,9,2918,盠
298,10,邌,10,邌,w140a0302,邌,10,2919,邌
298,11,𨛫,11,𨛫,w140a0303,𨛫,11,2920,𨛫
298,12,廲,12,廲,w140a0304,廲,12,2921,廲
298,13,蔾,13,蔾,w140a0305,蔾,13,2922,蔾
298,14,筣,14,筣,w140a0306,筣,14,2923,筣
298,15,驪,15,驪,w140a0307,驪,15,2924,驪
298,16,瓈,16,瓈,w140a0401,瓈,16,2925,瓈
298,17,𥌛,17,𥌛,w140a0402,𥌛,17,2926,𥌛
298,18,𩧋,18,𩧋,w140a0403,𩧋,18,2927,𩧋
298,19,㦒,19,㦒,w140a0404,㦒,19,2928,㦒
298,20,謧,20,謧,w140a0405,謧,20,2929,謧
298,21,𨿯,21,𨿯,w140a0501,𨿯,21,2930,𨿯
299,1,妻,1,妻,w140a0502,妻,1,2931,妻
299,2,萋,2,萋,w140a0503,萋,2,2932,萋
299,3,淒,3,淒,w140a0504,淒,3,2933,淒
299,4,凄,4,凄,w140a0505,凄,4,2934,凄
299,5,悽,5,悽,w140a0506,悽,5,2935,悽
299,6,鶈,6,鶈,w140a0507,鶈,6,2936,鶈
299,7,郪,7,郪,w140a0601,郪,7,2937,郪
299,8,緀,8,緀,w140a0602,緀,8,2938,緀
299,9,齌,9,齌,w140a0603,齌,9,2939,齌
299,10,霋,10,霋,w140a0604,霋,10,2940,霋
300,1,低,1,低,w140a0605,低,1,2941,低
300,2,氐,2,氐,w140a0701,氐,2,2942,氐
300,3,袛,3,袛,w140a0702,袛,3,2943,袛
300,4,磾,4,磾,w140a0703,磾,4,2944,磾
300,5,鞮,5,鞮,w140a0704,鞮,5,2945,鞮
300,6,腣,6,腣,w140a0705,腣,6,2946,腣
300,7,羝,7,羝,w140a0801,羝,7,2947,羝
300,8,眡,8,眡,w140a0802,眡,8,2948,眡
300,9,隄,9,隄,w140a0803,隄,9,2949,隄
300,10,堤,10,堤,w140a0804,堤,10,2950,堤
300,11,岻,11,岻,w140a0805,岻,11,2951,岻
300,12,䧑,12,䧑,w140a0806,䧑,12,2952,䧑
300,13,奃,13,奃,w140a0807,奃,13,2953,奃
300,14,趆,14,趆,w140a0808,趆,14,2954,趆
300,15,𡰖,15,𡰖,w140a0809,𡰖,15,2955,𡰖
300,16,鍉,16,鍉,w140a0901,鍉,16,2956,鍉
300,17,柢,17,柢,w140a0902,柢,17,2957,柢
300,18,䐎,18,䐎,w140a0903,䐎,18,2958,䐎
300,19,䚣,19,䚣,w140a0904,䚣,19,2959,䚣
300,20,𥿄,20,𥿄,w140a0905,𥿄,20,2960,𥿄
300,21,揥,21,揥,w140a0906,揥,21,2961,揥
300,22,㓳,22,㓳,w140a0907,㓳,22,2962,㓳
300,23,䬫,23,䬫,w140a1001,䬫,23,2963,䬫
301,1,嗁,1,嗁,w140a1002,嗁,1,2964,嗁
301,2,啼,2,啼,w140a1003,啼,2,2965,啼
301,3,㖒,3,㖒,w140a1004,㖒,3,2966,㖒
301,4,蹏,4,蹏,w140a1005,蹏,4,2967,蹏
301,5,蹄,5,蹄,w140a1006,蹄,5,2968,蹄
301,6,𥶛,6,𥶛,w140a1007,𥶛,6,2969,𥶛
301,7,提,7,提,w140a1008,提,7,2970,提
301,8,詆,8,詆,w140a1009,詆,8,2971,詆
301,9,瑅,9,瑅,w140b0101,瑅,9,2972,瑅
301,10,隄,10,隄,w140b0102,隄,10,2973,隄
301,11,桋,11,桋,w140b0103,桋,11,2974,桋
301,12,題,12,題,w140b0104,題,12,2975,題
301,13,媞,13,媞,w140b0105,媞,13,2976,媞
301,14,𧡨,14,𧡨,w140b0201,𧡨,14,2977,𧡨
301,15,綈,15,綈,w140b0202,綈,15,2978,綈
301,16,罤,16,罤,w140b0203,罤,16,2979,罤
301,17,𣹲,17,𣹲,w140b0204,𣹲,17,2980,𣹲
301,18,𣖅,18,𣖅,w140b0205,𣖅,18,2981,𣖅
301,19,締,19,締,w140b0206,締,19,2982,締
301,20,蕛,20,蕛,w140b0207,蕛,20,2983,蕛
301,21,稊,21,稊,w140b0301,稊,21,2984,稊
301,22,𦯔,22,𦯔,w140b0302,𦯔,22,2985,𦯔
301,23,䬾,23,䬾,w140b0303,䬾,23,2986,䬾
301,24,醍,24,醍,w140b0304,醍,24,2987,醍
301,25,褆,25,褆,w140b0305,褆,25,2988,褆
301,26,鵜,26,鵜,w140b0306,鵜,26,2989,鵜
301,27,荑,27,荑,w140b0401,荑,27,2990,荑
301,28,禔,28,禔,w140b0402,禔,28,2991,禔
301,29,䱱,29,䱱,w140b0403,䱱,29,2992,䱱
301,30,崹,30,崹,w140b0404,崹,30,2993,崹
301,31,緹,31,緹,w140b0405,緹,31,2994,緹
301,32,鷤,32,鷤,w140b0406,鷤,32,2995,鷤
301,33,鼶,33,鼶,w140b0407,鼶,33,2996,鼶
301,34,騠,34,騠,w140b0501,騠,34,2997,騠
301,35,折,35,折,w140b0502,折,35,2998,折
301,36,䨑,36,䨑,w140b0503,䨑,36,2999,䨑
301,37,銕,37,銕,w140b0504,銕,37,3000,銕
301,38,䱱,38,䱱,w140b0601,䱱,38,3001,䱱
301,39,䖙,39,䖙,w140b0602,䖙,39,3002,䖙
301,40,𥉘,40,𥉘,w140b0603,𥉘,40,3003,𥉘
301,41,䬫,41,䬫,w140b0604,䬫,41,3004,䬫
301,42,䚣,42,䚣,w140b0605,䚣,42,3005,䚣
301,43,𢔭,43,𢔭,w140b0606,𢔭,43,3006,𢔭
301,44,謕,44,謕,w140b0701,謕,44,3007,謕
301,45,𡰄,45,𡰄,w140b0702,𡰄,45,3008,𡰄
301,46,厗,46,厗,w140b0703,厗,46,3009,厗
301,47,𪂿,47,𪂿,w140b0704,𪂿,47,3010,𪂿
301,48,鶙,48,鶙,w140b0705,鶙,48,3011,鶙
301,49,𡰖,49,𡰖,w140b0706,𡰖,49,3012,𡰖
301,50,蝭,50,蝭,w140b0707,蝭,50,3013,蝭
301,51,𨪉,51,𨪉,w140b0801,𨪉,51,3014,𨪉
301,52,鴺,52,鴺,w140b0802,鴺,52,3015,鴺
301,53,㡗,53,㡗,w140b0803,㡗,53,3016,㡗
301,54,銻,54,銻,w140b0804,銻,54,3017,銻
301,55,鮷,55,鮷,w140b0805,鮷,55,3018,鮷
301,56,趧,56,趧,w140b0806,趧,56,3019,趧
301,57,𧋘,57,𧋘,w140b0807,𧋘,57,3020,𧋘
301,58,鮧,58,鮧,w140b0808,鮧,58,3021,鮧
301,59,鯷,59,鯷,w140b0809,鯷,59,3022,鯷
301,60,䐎〈睼〉,60,䐎〈睼〉,w140b0901,䐎〈睼〉,60,3023,䐎
302,1,豍,1,豍,w140b0902,豍,1,3024,豍
302,2,㡙,2,㡙,w140b0903,㡙,2,3025,㡙
302,3,螕,3,螕,w140b0904,螕,3,3026,螕
302,4,㯅,4,㯅,w140b0905,㯅,4,3027,㯅
302,5,𦱔,5,𦱔,w140b0906,𦱔,5,3028,𦱔
302,6,蓖,6,蓖,w140b0907,蓖,6,3029,蓖
302,7,𦀘,7,𦀘,w140b0908,𦀘,7,3030,𦀘
302,8,篦,8,篦,w140b1001,篦,8,3031,篦
302,9,梐,9,梐,w140b1002,梐,9,3032,梐
302,10,𥏠,10,𥏠,w140b1003,𥏠,10,3033,𥏠
302,11,𨻼,11,𨻼,w140b1004,𨻼,11,3034,𨻼
302,12,狴,12,狴,w140b1005,狴,12,3035,狴
302,13,箄,13,箄,w141a0101,箄,13,3036,箄
302,14,鎞,14,鎞,w141a0102,鎞,14,3037,鎞
302,15,悂,15,悂,w141a0103,悂,15,3038,悂
302,16,䚜,16,䚜,w141a0104,䚜,16,3039,䚜
303,1,雞,1,雞,w141a0105,雞,1,3040,雞
303,2,鷄,2,鷄,w141a0106,鷄,2,3041,鷄
303,3,稽,3,稽,w141a0107,稽,3,3042,稽
303,4,枅,4,枅,w141a0201,枅,4,3043,枅
303,5,笄,5,笄,w141a0202,笄,5,3044,笄
303,6,㮷,6,㮷,w141a0203,㮷,6,3045,㮷
303,7,䗗,7,䗗,w141a0204,䗗,7,3046,䗗
303,8,卟,8,卟,w141a0205,卟,8,3047,卟
303,9,𥝌,9,𥝌,w141a0301,𥝌,9,3048,𥝌
303,10,𨪴,10,𨪴,w141a0302,𨪴,10,3049,𨪴
304,1,奚,1,奚,w141a0303,奚,1,3050,奚
304,2,豯,2,豯,w141a0401,豯,2,3051,豯
304,3,徯,3,徯,w141a0402,徯,3,3052,徯
304,4,㜎,4,㜎,w141a0403,㜎,4,3053,㜎
304,5,蹊,5,蹊,w141a0404,蹊,5,3054,蹊
304,6,螇,6,螇,w141a0405,螇,6,3055,螇
304,7,榽,7,榽,w141a0406,榽,7,3056,榽
304,8,騱,8,騱,w141a0407,騱,8,3057,騱
304,9,胿,9,胿,w141a0501,胿,9,3058,胿
304,10,𡗞,10,𡗞,w141a0502,𡗞,10,3059,𡗞
304,11,郋,11,郋,w141a0503,郋,11,3060,郋
304,12,𪓷,12,𪓷,w141a0504,𪓷,12,3061,𪓷
304,13,傒,13,傒,w141a0505,傒,13,3062,傒
304,14,嵇,14,嵇,w141a0506,嵆,14,3063,嵇
304,15,兮,15,兮,w141a0601,兮,15,3064,兮
304,16,鼷,16,鼷,w141a0602,鼷,16,3065,鼷
304,17,蒵,17,蒵,w141a0603,蒵,17,3066,蒵
304,18,貕,18,貕,w141a0604,貕,18,3067,貕
305,1,鷖,1,鷖,w141a0605,鷖,1,3068,鷖
305,2,翳,2,翳,w141a0701,翳,2,3069,翳
305,3,𧫦,3,𧫦,w141a0702,𧫦,3,3070,𧫦
305,4,嫛,4,嫛,w141a0703,嫛,4,3071,嫛
305,5,黳,5,黳,w141a0704,黳,5,3072,黳
305,6,𦎣,6,𦎣,w141a0705,𦎣,6,3073,𦎣
305,7,㙠,7,㙠,w141a0706,㙠,7,3074,㙠
305,8,䃜,8,䃜,w141a0707,䃜,8,3075,䃜
305,9,黟,9,黟,w141a0708,黟,9,3076,黟
305,10,繄,10,繄,w141a0801,繄,10,3077,繄
305,11,䚷,11,䚷,w141a0802,䚷,11,3078,䚷
305,12,𣕁,12,𣕁,w141a0803,𣕁,12,3079,𣕁
306,1,倪,1,倪,w141a0804,倪,1,3080,倪
306,2,蜺,2,蜺,w141a0901,蜺,2,3081,蜺
306,3,霓,3,霓,w141a0902,霓,3,3082,霓
306,4,郳,4,郳,w141a0903,郳,4,3083,郳
306,5,齯,5,齯,w141a0904,齯,5,3084,齯
306,6,婗,6,婗,w141a0905,婗,6,3085,婗
306,7,輗,7,輗,w141a1001,輗,7,3086,輗
306,8,棿,8,棿,w141a1002,棿,8,3087,棿
306,9,猊,9,猊,w141a1003,猊,9,3088,猊
306,10,麑,10,麑,w141a1004,麑,10,3089,麑
306,11,貎,11,貎,w141a1005,貎,11,3090,貎
306,12,鯢,12,鯢,w141a1006,鯢,12,3091,鯢
306,13,兒,13,兒,w141a1007,兒,13,3092,兒
306,14,䘽,14,䘽,w141b0101,䘽,14,3093,䘽
306,15,𠆵,15,𠆵,w141b0102,𠆵,15,3094,𠆵
306,16,觬,16,觬,w141b0103,觬,16,3095,觬
306,17,𣕁,17,𣕁,w141b0104,𣕁,17,3096,𣕁
306,18,㪒,18,㪒,w141b0105,㪒,18,3097,㪒
307,1,醯,1,醯,w141b0106,醯,1,3098,醯
307,2,䒊,2,䒊,w141b0201,䒊〈𣢍〉,2,3099,䒊
307,3,𦫬,3,𦫬,w141b0202,𦫬,3,3100,𦫬
307,4,㡗,4,㡗,w141b0203,㡗,4,3101,㡗
307,5,橀,5,橀,w141b0204,橀,5,3102,橀
307,6,忚,6,忚,w141b0205,忚,6,3103,忚
308,1,西,1,西,w141b0206,西,1,3104,西
308,2,卤,2,卤,w141b0601,卤,2,3105,卤
308,3,𠧪〈𠧧〉,3,𠧪〈𠧧〉,w141b0602,𠧪〈卥〉,3,3106,𠧧
308,4,棲,4,棲,w141b0603,棲,4,3107,棲
308,5,栖,5,栖,w141b0604,栖,5,3108,栖
308,6,㽄,6,㽄,w141b0605,㽄,6,3109,㽄
308,7,犀,7,犀,w141b0606,犀,7,3110,犀
308,8,嘶,8,嘶,w141b0701,嘶,8,3111,嘶
308,9,撕,9,撕,w141b0702,撕,9,3112,撕
308,10,㾷,10,㾷,w141b0703,㾷,10,3113,㾷
308,11,𤺊,11,𤺊,w141b0704,𤺊,11,3114,𤺊
308,12,㯕,12,㯕,w141b0705,㯕,12,3115,㯕
308,13,屖,13,屖,w141b0706,屖,13,3116,屖
308,14,𧬊,14,𧬊,w141b0707,𧬊,14,3117,𧬊
308,15,粞,15,粞,w141b0801,粞,15,3118,粞
308,16,𠞂,16,𠞂,w141b0802,𠞂,16,3119,𠞂
309,1,梯,1,梯,w141b0803,梯,1,3120,梯
309,2,睇,2,睇,w141b0804,睇,2,3121,睇
309,3,鷈,3,鷈,w141b0805,鷈,3,3122,鷈
309,4,𠥸,4,𠥸,w141b0806,𠥸,4,3123,𠥸
309,5,䖙,5,䖙,w141b0807,䖙,5,3124,䖙
309,6,㔸,6,㔸,w141b0808,㔸,6,3125,㔸
309,7,𨁃,7,𨁃,w141b0901,𨁃,7,3126,𨁃
309,8,謕,8,謕,w141b0902,謕,8,3127,謕
309,9,𩤽,9,𩤽,w141b0903,𩤽,9,3128,𩤽
310,1,鼙,1,鼙,w141b0904,鼙,1,3129,鼙
310,2,鞞,2,鞞,w141b1001,鞞,2,3130,鞞
310,3,椑,3,椑,w141b1002,椑,3,3131,椑
310,4,膍,4,膍,w141b1003,膍,4,3132,膍
310,5,崥,5,崥,w141b1004,崥,5,3133,崥
310,6,㼰,6,㼰,w141b1005,㼰,6,3134,㼰
310,7,笓,7,笓,w142a0101,笓,7,3135,笓
311,1,磇,1,磇,w142a0102,磇,1,3136,磇
311,2,𨻼,2,𨻼,w142a0103,𨻼,2,3137,𨻼
311,3,𠜱,3,𠜱,w142a0104,𠜱,3,3138,𠜱
311,4,𪄆,4,𪄆,w142a0105,𪄆,4,3139,𪄆
311,5,錍,5,錍,w142a0106,錍,5,3140,錍
311,6,批,6,批,w142a0201,批,6,3141,批
311,7,鈚,7,鈚,w142a0202,鈚,7,3142,鈚
312,1,齎,1,齎,w142a0203,齎,1,3143,齎
312,2,賷,2,賷,w142a0204,賷,2,3144,賷
312,3,𩐒〈䪡〉,3,𩐒〈䪡〉,w142a0205,𩐋〈䪡〉,3,3145,𩐒
312,4,齏,4,齏,w142a0206,齏,4,3146,齏
312,5,𧆌,5,𧆌,w142a0301,𧆌,5,3147,𧅱
312,6,𨥦,6,𨥦,w142a0302,𨥳,6,3148,𨥳
312,7,櫅,7,櫅,w142a0303,櫅,7,3149,櫅
312,8,䂑,8,䂑,w142a0304,䂑,8,3150,䂑
312,9,擠,9,擠,w142a0305,擠,9,3151,擠
312,10,齌,10,齌,w142a0306,齌,10,3152,齌
312,11,躋,11,躋,w142a0307,躋,11,3153,躋
312,12,隮,12,隮,w142a0401,隮,12,3154,隮
312,13,麡,13,麡,w142a0402,麡,13,3155,麡
312,14,𢥎,14,𢥎,w142a0403,𢥎,14,3156,𢥎
312,15,啙,15,啙,w142a0404,啙,15,3157,啙
313,1,迷,1,迷,w142a0405,迷,1,3158,迷
313,2,𡝡,2,𡝡,w142a0406,𡝡,2,3159,𡝠
313,3,䤍,3,䤍,w142a0501,䤍,3,3160,䤍
313,4,麛,4,麛,w142a0502,麛,4,3161,麛
313,5,𧠠,5,𧠠,w142a0503,𧠠,5,3162,𧠠
313,6,𪓬,6,𪓬,w142a0504,𪓬,6,3163,𪓬
314,1,泥,1,泥,w142a0505,泥,1,3164,泥
314,2,埿,2,埿,w142a0601,埿,2,3165,埿
314,3,屔,3,屔,w142a0602,屔,3,3166,屔
314,4,臡,4,臡,w142a0701,臡,4,3167,臡
315,1,谿,1,谿,w142a0702,谿,1,3168,谿
315,2,嵠,2,嵠,w142a0703,嵠,2,3169,嵠
315,3,溪,3,溪,w142a0704,溪,3,3170,溪
315,4,磎,4,磎,w142a0705,磎,4,3171,磎
315,5,鸂,5,鸂,w142a0706,鸂,5,3172,鸂
315,6,檕,6,檕,w142a0707,檕,6,3173,檕
315,7,螇,7,螇,w142a0801,螇,7,3174,螇
315,8,𤳤,8,𤳤,w142a0802,𤳤,8,3175,𤳤
316,1,圭,1,圭,w142a0803,圭,1,3176,圭
316,2,珪,2,珪,w142a0901,珪,2,3177,珪
316,3,邽,3,邽,w142a0902,邽,3,3178,邽
316,4,閨,4,閨,w142a0903,閨,4,3179,閨
316,5,袿,5,袿,w142a0904,袿,5,3180,袿
316,6,窐,6,窐,w142a1001,窐,6,3181,窐
316,7,鮭,7,鮭,w142a1002,鮭,7,3182,鮭
316,8,𪊧,8,𪊧,w142a1003,𪊧,8,3183,𪊧
316,9,洼,9,洼,w142a1004,洼,9,3184,洼
316,10,𨾴,10,𨾴,w142b0101,𨾴,10,3185,𨾴
316,11,𡌲,11,𡌲,w142b0102,𡌲,11,3186,𡌲
316,12,胿,12,胿,w142b0103,胿,12,3187,胿
316,13,𦓯,13,𦓯,w142b0104,𦓯,13,3188,𦓯
316,14,㰪,14,㰪,w142b0105,㰪,14,3189,㰪
316,15,茥,15,茥,w142b0106,茥,15,3190,茥
317,1,睽,1,睽,w142b0107,睽,1,3191,睽
317,2,奎,2,奎,w142b0201,奎,2,3192,奎
317,3,湀,3,湀,w142b0202,湀,3,3193,湀
317,4,刲,4,刲,w142b0203,刲,4,3194,刲
317,5,𠝥,5,𠝥,w142b0204,𠝥,5,3195,𠝥
317,6,茥,6,茥,w142b0205,茥,6,3196,茥
317,7,䯓,7,䯓,w142b0206,䯓,7,3197,䯓
317,8,聧,8,聧,w142b0301,聧,8,3198,聧
317,9,鮭,9,鮭,w142b0302,鮭,9,3199,鮭
317,10,䖯,10,䖯,w142b0303,䖯,10,3200,䖯
317,11,蝰,11,蝰,w142b0304,蝰,11,3201,蝰
317,12,㨒,12,㨒,w142b0305,㨒,12,3202,㨒
317,13,楏,13,楏,w142b0401,楏,13,3203,楏
317,14,藈,14,藈,w142b0402,藈,14,3204,藈
317,15,𡐠,15,𡐠,w142b0403,𡐠,15,3205,𡐠
318,1,攜,1,攜,w142b0404,攜,1,3206,攜
318,2,携,2,携,w142b0405,携,2,3207,携
318,3,蠵,3,蠵,w142b0406,蠵,3,3208,蠵
318,4,鑴,4,鑴,w142b0407,鑴,4,3209,鑴
318,5,窐,5,窐,w142b0501,窐,5,3210,窐
318,6,𩰳,6,𩰳,w142b0502,𩰳,6,3211,𩰳
318,7,畦,7,畦,w142b0503,畦,7,3212,畦
318,8,驨,8,驨,w142b0504,驨,8,3213,驨
318,9,｛𪈥｝,8.5,𪈥,w142b0505,｛𪈥｝,,,
318,10,巂,9,巂,w142b0506,巂,9,3214,雟
318,11,酅,10,酅,w142b0507,酅,10,3215,酅
318,12,𢥘,11,𢥘,w142b0508,𢥘,11,3216,𢥘
318,13,𦋅,12,𦋅,w142b0601,𦋅,12,3217,𦋅
318,14,𣫴,13,𣫴,w142b0602,𣫴,13,3218,𣫴
318,15,𡸔,14,𡸔,w142b0603,𡸔,14,3219,𡸔
318,16,纗,15,纗,w142b0604,纗,15,3220,纗
318,17,讗,16,讗,w142b0605,讗,16,3221,讗
318,18,㔒,17,㔒,w142b0606,㔒,17,3222,㔒
318,19,䙵,18,䙵,w142b0701,䙵,18,3223,䙵
318,20,黊,19,黊,w142b0702,黊,19,3224,黊
318,21,𡰢,20,𡰢,w142b0703,𡰢,20,3225,𡰢
318,22,眭,21,眭,w142b0704,眭,21,3226,眭
318,23,觿,22,觿,w142b0705,觿,22,3227,觿
318,24,䀘,23,䀘,w142b0706,䀘,23,3228,䀘
319,1,臡,1,臡,w142b0801,臡,1,3229,臡
320,1,栘,1,栘,w142b0802,栘,1,3230,栘
321,1,烓,1,烓,w142b0803,烓,1,3231,烓
321,2,𧟼,2,𧟼,w142b0901,𧟼,2,3232,𧟼
321,3,𤮰,3,𤮰,w142b0902,𤮰,3,3233,𤮰
322,1,睳,1,睳,w142b0903,睳,1,3234,睳
323,1,佳,1,佳,w142b1001,佳,1,3235,佳
323,2,街,2,街,w142b1002,街,2,3236,街
324,1,㥟,1,㥟,w142b1003,㥟,1,3237,㥟
324,2,鮭,2,鮭,w143a0101,鮭,2,3238,鮭
324,3,膎,3,膎,w143a0102,膎,3,3239,膎
324,4,鞵,4,鞵,w143a0103,鞵,4,3240,鞵
324,5,鞋,5,鞋,w143a0104,鞋,5,3241,鞋
324,6,㨙,6,㨙,w143a0105,㨙,6,3242,㨙
324,7,䙎,7,䙎,w143a0106,䙎,7,3243,䙎
324,8,榽,8,榽,w143a0107,榽,8,3244,榽
325,1,牌,1,牌,w143a0108,牌,1,3245,牌
325,2,䱝,2,䱝,w143a0201,䱝,2,3246,䱝
325,3,𥱼,3,𥱼,w143a0202,𥱼,3,3247,𥱼
325,4,郫,4,郫,w143a0203,郫,4,3248,郫
325,5,蠯,5,蠯,w143a0204,蠯,5,3249,蠯
325,6,棑,6,棑,w143a0205,棑,6,3250,棑
325,7,犤,7,犤,w143a0301,犤,7,3251,犤
326,1,媧,1,媧,w143a0302,媧,1,3252,媧
326,2,緺,2,緺,w143a0303,緺,2,3253,緺
326,3,𧬭,3,𧬭,w143a0304,𧬭,3,3254,𧬭
326,4,腡,4,腡,w143a0305,腡,4,3255,腡
326,5,蝸,5,蝸,w143a0306,蝸,5,3256,蝸
326,6,騧,6,騧,w143a0307,騧,6,3257,騧
326,7,歄,7,歄,w143a0308,歄,7,3258,歄
327,1,蛙,1,蛙,w143a0309,蛙,1,3259,蛙
327,2,鼃,2,鼃,w143a0401,鼃,2,3260,鼃
328,1,咼,1,咼,w143a0402,咼,1,3261,咼
328,2,喎,2,喎,w143a0403,喎,2,3262,喎
328,3,絓,3,絓,w143a0404,絓,3,3263,絓
328,4,䓙,4,䓙,w143a0405,䓙,4,3264,䓙
328,5,𦹬,5,𦹬,w143a0406,𦹬,5,3265,𦹬
328,6,䦱,6,䦱,w143a0407,䦱,6,3266,䦱
329,1,柴,1,柴,w143a0501,柴,1,3267,柴
329,2,祡,2,祡,w143a0502,祡,2,3268,祡
329,3,𪗶,3,𪗶,w143a0503,𪗶,3,3269,𪗶
329,4,茈,4,茈,w143a0504,茈,4,3270,茈
329,5,㧘,5,㧘,w143a0505,㧘,5,3271,㧘
329,6,㾹,6,㾹,w143a0601,㾹,6,3272,㾹
329,7,𨌅,7,𨌅,w143a0602,𨌅,7,3273,𨌅
329,8,查,8,查,w143a0603,査,8,3274,査
330,1,釵,1,釵,w143a0604,釵,1,3275,釵
330,2,靫,2,靫,w143a0605,靫,2,3276,靫
330,3,𩑐,3,𩑐,w143a0701,𩑐,3,3277,𩑐
330,4,叉,4,叉,w143a0702,叉,4,3278,叉
330,5,芆,5,芆,w143a0703,芆,5,3279,芆
330,6,䐤,6,䐤,w143a0704,䐤,6,3280,䐤
330,7,㼮,7,㼮,w143a0705,㼮,7,3281,㼮
330,8,差,8,差,w143a0706,差,8,3282,差
330,9,𠞊,9,𠞊,w143a0801,𠞊,9,3283,𠞊
331,1,竵,1,竵,w143a0802,竵,1,3284,竵
331,2,𦶎,2,𦶎,w143a0803,𦶎,2,3285,𦶎
331,3,𠿎,3,𠿎,w143a0804,𠿎,3,3286,𡁑
331,4,𩝨,4,𩝨,w143a0805,𩝨,4,3287,𩝨
332,1,䍲,1,䍲,w143a0806,䍲,1,3288,䍲
332,2,掜,2,掜,w143a0901,掜,2,3289,掜
332,3,誽,3,誽,w143a0902,誽,3,3290,誽
333,1,崖,1,崖,w143a0903,崖,1,3291,崖
333,2,涯,2,涯,w143a0904,涯,2,3292,涯
333,3,啀,3,啀,w143a0905,啀,3,3293,啀
333,4,𪘲,4,𪘲,w143a0906,𪘲,4,3294,𪘲
333,5,猚,5,猚,w143a0907,猚,5,3295,猚
333,6,厓,6,厓,w143a1001,厓,6,3296,厓
333,7,𩂢,7,𩂢,w143a1002,𩂢,7,3297,𩂢
334,1,娃,1,娃,w143a1003,娃,1,3298,娃
334,2,洼,2,洼,w143a1004,洼,2,3299,洼
334,3,哇,3,哇,w143a1005,哇,3,3300,哇
334,4,㰪,4,㰪,w143a1006,㰪,4,3301,㰪
334,5,𠴺〈唲〉,5,𠴺〈唲〉,w143a1007,𠴺〈唲〉,5,3302,𠴺
335,1,崽,1,崽,w143a1008,崽,1,3303,崽
335,2,籭,2,籭,w143b0101,籭,2,3304,籭
335,3,諰,3,諰,w143b0102,諰,3,3305,諰
336,1,㗨,1,㗨,w143b0103,㗨,1,3306,㗨
336,2,㰨,2,㰨,w143b0104,㰨,2,3307,㰨
337,1,扠,1,扠,w143b0201,扠,1,3308,扠
338,1,䁲,1,䁲,w143b0202,䁲,1,3309,䁲
338,2,𩍃,2,𩍃,w143b0203,𩍃,2,3310,𩍃
339,1,鼃,1,鼃,w143b0204,鼃,1,3311,鼃
340,1,皆,1,皆,w143b0301,皆,1,3312,皆
340,2,偕,2,偕,w143b0302,偕,2,3313,偕
340,3,䕸,3,䕸,w143b0303,䕸,3,3314,䕸
340,4,稭,4,稭,w143b0304,稭,4,3315,稭
340,5,喈,5,喈,w143b0305,喈,5,3316,喈
340,6,階,6,階,w143b0306,階,6,3317,階
340,7,𦝨,7,𦝨,w143b0401,𦝨,7,3318,𦝨
340,8,薢,8,薢,w143b0402,薢,8,3319,薢
340,9,荄,9,荄,w143b0403,荄,9,3320,荄
340,10,痎,10,痎,w143b0404,痎,10,3321,痎
340,11,堦,11,堦,w143b0405,堦,11,3322,堦
340,12,楷,12,楷,w143b0406,楷,12,3323,楷
340,13,鶛,13,鶛,w143b0501,鶛,13,3324,鶛
340,14,湝,14,湝,w143b0502,湝,14,3325,湝
340,15,街,15,街,w143b0503,街,15,3326,街
340,16,𤭧,16,𤭧,w143b0504,𤭧,16,3327,𤭧
340,17,𩘅,17,𩘅,w143b0601,𩘅,17,3328,𩘅
340,18,蝔,18,蝔,w143b0602,蝔,18,3329,蝔
340,19,鍇,19,鍇,w143b0603,鍇,19,3330,鍇
341,1,𢰇,1,𢰇,w143b0604,𢰇,1,3331,𢰇
342,1,諧,1,諧,w143b0701,諧,1,3332,諧
342,2,𩤠,2,𩤠,w143b0702,𩤠,2,3333,𩤠
342,3,骸,3,骸,w143b0703,骸,3,3334,骸
342,4,瑎,4,瑎,w143b0704,瑎,4,3335,瑎
342,5,湝,5,湝,w143b0705,湝,5,3336,湝
342,6,龤,6,龤,w143b0706,龤,6,3337,龤
342,7,蝔,7,蝔,w143b0801,蝔,7,3338,蝔
342,8,鞋,8,鞋,w143b0802,鞋,8,3339,鞋
342,9,䓳,9,䓳,w143b0803,䓳,9,3340,䓳
343,1,排,1,排,w143b0804,排,1,3341,排
343,2,俳,2,俳,w143b0901,俳,2,3342,俳
343,3,輫,3,輫,w143b0902,輫,3,3343,輫
343,4,牌,4,牌,w143b0903,牌,4,3344,牌
343,5,猈,5,猈,w143b0904,猈,5,3345,猈
343,6,𩑢,6,𩑢,w143b0905,𩑢,6,3346,𩑢
344,1,乖,1,乖,w143b0906,乖,1,3347,乖
344,2,𦮃,2,𦮃,w143b1001,𦮃,2,3348,𦮃
344,3,𠦬,3,𠦬,w143b1002,𠦬,3,3349,𠦬
344,4,㾩,4,㾩,w143b1003,㾩,4,3350,㾩
345,1,懷,1,懷,w143b1004,懷,1,3351,懷
345,2,褱,2,褱,w144a0101,褱,2,3352,褱
345,3,櫰,3,櫰,w144a0102,櫰,3,3353,櫰
345,4,槐,4,槐,w144a0103,槐,4,3354,槐
345,5,㜳,5,㜳,w144a0201,㜳,5,3355,㜳
345,6,𪊉,6,𪊉,w144a0202,𪊉,6,3356,𪊉
345,7,㠢,7,㠢,w144a0203,㠢,7,3357,㠢
345,8,𤜄,8,𤜄,w144a0204,𤜄,8,3358,𤜄
345,9,淮,9,淮,w144a0205,淮,9,3359,淮
345,10,褢,10,褢,w144a0206,褢,10,3360,褢
345,11,𧞷,11,𧞷,w144a0207,𧞷,11,3361,𧞷
345,12,瀤,12,瀤,w144a0301,瀤,12,3362,瀤
346,1,匯,1,匯,w144a0302,匯,1,3363,匯
346,2,㨤,2,㨤,w144a0303,㨤,2,3364,㨤
346,3,㔞,3,㔞,w144a0304,㔞,3,3365,㔞
347,1,豺,1,豺,w144a0305,豺,1,3366,豺
347,2,儕,2,儕,w144a0401,儕,2,3367,儕
347,3,麡,3,麡,w144a0402,麡,3,3368,麡
347,4,𡺵,4,𡺵,w144a0403,𡺵,4,3369,𡺵
348,1,差,1,差,w144a0404,差,1,3370,差
348,2,䞗,2,䞗,w144a0501,䞗,2,3371,䞗
349,1,虺,1,虺,w144a0502,虺,1,3372,虺
350,1,尵,1,尵,w144a0503,尵,1,3373,尵
350,2,𩓬,2,𩓬,w144a0504,𩓬,2,3374,𩓬
351,1,埋,1,埋,w144a0505,埋,1,3375,埋
351,2,薶,2,薶,w144a0601,薶,2,3376,薶
351,3,霾,3,霾,w144a0602,霾,3,3377,霾
351,4,㦟,4,㦟,w144a0603,㦟,4,3378,㦟
352,1,齋,1,齋,w144a0604,齋,1,3379,齋
353,1,崴,1,崴,w144a0701,崴,1,3380,崴
353,2,碨,2,碨,w144a0702,碨,2,3381,碨
353,3,䴜,3,䴜,w144a0703,䴜,3,3382,䴜
353,4,溾,4,溾,w144a0704,溾,4,3383,溾
354,1,𪘨,1,𪘨,w144a0705,𪘨,1,3384,𪘨
354,2,榸,2,榸,w144a0801,榸,2,3385,榸
355,1,唻,1,唻,w144a0802,唻,1,3386,唻
356,1,揩,1,揩,w144a0803,揩,1,3387,揩
356,2,𦂄,2,𦂄,w144a0804,𦂄,2,3388,𦂄
356,3,𢔡,3,𢔡,w144a0805,𢔡,3,3389,𢔡
356,4,𥻄,4,𥻄,w144a0806,𥻄,4,3390,𥻄
357,1,搱,1,搱,w144a0807,摨,1,3391,摨
358,1,崽,1,崽,w144a0901,崽,1,3392,崽
358,2,𥳧,2,𥳧,w144a0902,𥳧,2,3393,𥳧
359,1,𩂢,1,𩂢,w144a1001,𩂢,1,3394,𩂢
359,2,娾,2,娾,w144a1002,娾,2,3395,娾
360,1,搋,1,搋,w144a1003,搋,1,3396,搋
361,1,𢓬〈俙〉,1,𢓬〈俙〉,w144a1004,𢓬,1,3397,𢓬
362,1,䐯,1,䐯,w144a1005,䐯,1,3398,䐯
363,1,膗,1,膗,w144a1006,膗,1,3399,膗
363,2,𢶀,2,𢶀,w144b0101,𢶀,2,3400,𢶀
364,1,灰,1,灰,w144b0201,灰,1,3401,灰
364,2,䖶,2,䖶,w144b0202,䖶,2,3402,䖶
364,3,鼿,3,鼿,w144b0203,鼿,3,3403,鼽
364,4,豗,4,豗,w144b0204,豗,4,3404,豗
364,5,㾯,5,㾯,w144b0205,㾯,5,3405,㾯
364,6,虺,6,虺,w144b0301,虺,6,3406,虺
365,1,恢,1,恢,w144b0302,恢,1,3407,恢
365,2,詼,2,詼,w144b0303,詼,2,3408,詼
365,3,悝,3,悝,w144b0304,悝,3,3409,悝
365,4,魁,4,魁,w144b0305,魁,4,3410,魁
365,5,𥲖〈䈛〉,5,𥲖〈䈛〉,w144b0306,𥲖〈䈛〉,5,3411,𥲖
365,6,㷇,6,㷇,w144b0401,㷇,6,3412,㷇
365,7,顝,7,顝,w144b0402,顝,7,3413,顝
365,8,盔,8,盔,w144b0403,盔,8,3414,盔
366,1,隈,1,隈,w144b0404,隈,1,3415,隈
366,2,煨,2,煨,w144b0405,煨,2,3416,煨
366,3,䋿,3,䋿,w144b0406,䋿,3,3417,䋿
366,4,渨,4,渨,w144b0407,渨,4,3418,渨
366,5,椳,5,椳,w144b0408,椳,5,3419,椳
366,6,偎,6,偎,w144b0501,偎,6,3420,偎
366,7,䬐,7,䬐,w144b0502,𩗯,7,3421,𩗯
366,8,揋,8,揋,w144b0503,揋,8,3422,揋
366,9,𧤖,9,𧤖,w144b0504,𧤖,9,3423,𧤖
366,10,葨,10,葨,w144b0505,葨,10,3424,葨
366,11,鰃,11,鰃,w144b0506,鰃,11,3425,鰃
367,1,回,1,回,w144b0507,回,1,3426,回
367,2,洄,2,洄,w144b0601,洄,2,3427,洄
367,3,迴,3,迴,w144b0602,迴,3,3428,迴
367,4,槐,4,槐,w144b0603,槐,4,3429,槐
367,5,徊,5,徊,w144b0701,徊,5,3430,徊
367,6,瑰,6,瑰,w144b0702,瑰,6,3431,瑰
367,7,蚘,7,蚘,w144b0703,蚘,7,3432,蚘
367,8,蛕,8,蛕,w144b0704,蛕,8,3433,蛕
367,9,佪,9,佪,w144b0705,佪,9,3434,佪
367,10,烠,10,烠,w144b0706,烠,10,3435,烠
367,11,𤜡,11,𤜡,w144b0707,𤜡,11,3436,𤜡
367,12,𩢱,12,𩢱,w144b0801,𩢱,12,3437,𩢱
367,13,茴,13,茴,w144b0802,茴,13,3438,茴
368,1,枚,1,枚,w144b0803,枚,1,3439,枚
368,2,梅,2,梅,w144b0804,梅,2,3440,梅
368,3,媒,3,媒,w144b0901,媒,3,3441,媒
368,4,玟,4,玟,w144b0902,玟,4,3442,玫
368,5,煤,5,煤,w144b0903,煤,5,3443,煤
368,6,脢,6,脢,w144b0904,脢,6,3444,脢
368,7,脄,7,脄,w144b0905,脄,7,3445,脄
368,8,腜,8,腜,w144b1001,腜,8,3446,腜
368,9,禖,9,禖,w144b1002,禖,9,3447,禖
368,10,䍙,10,䍙,w144b1003,䍙,10,3448,䍙
368,11,莓,11,莓,w144b1004,莓,11,3449,莓
368,12,塺,12,塺,w144b1005,塺,12,3450,塺
368,13,鋂,13,鋂,w144b1006,鋂,13,3451,鋂
368,14,䊈,14,䊈,w144b1007,䊈,14,3452,䊈
368,15,䤂,15,䤂,w145a0101,䤂,15,3453,䤂
369,1,傀,1,傀,w145a0102,傀,1,3454,傀
369,2,𤪿,2,𤪿,w145a0103,𤪿,2,3455,𤪿
369,3,𠐤,3,𠐤,w145a0104,𠐤,3,3456,𠐤
369,4,瑰,4,瑰,w145a0105,瑰,4,3457,瑰
369,5,瓌,5,瓌,w145a0106,瓌,5,3458,瓌
369,6,鞼,6,鞼,w145a0201,鞼,6,3459,鞼
369,7,櫰,7,櫰,w145a0202,櫰,7,3460,櫰
369,8,膭,8,膭,w145a0203,膭,8,3461,膭
369,9,䐩,9,䐩,w145a0204,䐩,9,3462,䐩
369,10,䕇,10,䕇,w145a0205,䕇,10,3463,䕇
370,1,雷,1,雷,w145a0301,雷,1,3464,雷
370,2,𩂩,2,𩂩,w145a0302,𩂩,2,3465,𩂩
370,3,儡,3,儡,w145a0303,儡,3,3466,儡
370,4,㔣,4,㔣,w145a0304,㔣,4,3467,㔣
370,5,瓃,5,瓃,w145a0401,瓃,5,3468,瓃
370,6,櫑,6,櫑,w145a0402,櫑,6,3469,櫑
370,7,罍,7,罍,w145a0403,罍,7,3470,罍
370,8,鑘,8,鑘,w145a0404,鑘,8,3471,鑘
370,9,𦌵,9,𦌵,w145a0405,𦌵,9,3472,𦌵
370,10,鐳,10,鐳,w145a0406,鐳,10,3473,鐳
370,11,𤮚,11,𤮚,w145a0501,𤮚〈㽌〉,11,3474,𤮚
370,12,畾,12,畾,w145a0502,畾,12,3475,畾
370,13,轠,13,轠,w145a0503,轠,13,3476,轠
371,1,穨,1,穨,w145a0504,穨,1,3477,穨
371,2,頹,2,頹,w145a0505,頽,2,3478,頽
371,3,㿉,3,㿉,w145a0506,㿉,3,3479,㿉
371,4,隤,4,隤,w145a0507,隤,4,3480,隤
371,5,墤,5,墤,w145a0508,墤,5,3481,墤
371,6,㢈,6,㢈,w145a0601,㢈,6,3482,㢈
371,7,魋,7,魋,w145a0602,魋,7,3483,魋
371,8,尵,8,尵,w145a0603,尵,8,3484,尵
371,9,蘈,9,蘈,w145a0604,蘈,9,3485,蘈
371,10,𧮓,10,𧮓,w145a0701,𧮓,10,3486,𧮓
371,11,𧝋,11,𧝋,w145a0702,𧝋,11,3487,𧝋
371,12,蹪,12,蹪,w145a0703,蹪,12,3488,蹪
371,13,𤗴,13,𤗴,w145a0704,𤗴,13,3489,𤗴
372,1,崔,1,崔,w145a0705,崔,1,3490,崔
372,2,催,2,催,w145a0801,催,2,3491,催
372,3,縗,3,縗,w145a0802,縗,3,3492,縗
372,4,𨻵,4,𨻵,w145a0803,𨻵,4,3493,𨻵
372,5,𢕘,5,𢕘,w145a0804,𢕘,5,3494,𢕘
372,6,𧽠,6,𧽠,w145a0805,𧽠,6,3495,𧽠
373,1,磓,1,磓,w145a0806,磓,1,3496,磓
373,2,塠,2,塠,w145a0807,塠,2,3497,塠
373,3,頧,3,頧,w145a0901,頧,3,3498,頧
373,4,䭔,4,䭔,w145a0902,䭔,4,3499,䭔
373,5,堆,5,堆,w145a0903,堆,5,3500,堆
373,6,鴭,6,鴭,w145a0904,鴭,6,3501,鴭
373,7,𢈹,7,𢈹,w145a0905,⿸厂阜〈𢈹〉,7,3502,𠩰
373,8,鎚,8,鎚,w145a0906,鎚,8,3503,鎚
373,9,搥,9,搥,w145a0907,搥,9,3504,搥
373,10,䜃,10,䜃,w145a1001,䜃,10,3505,䜃
373,11,嵟,11,嵟,w145a1002,嵟,11,3506,嵟
373,12,𩈜,12,𩈜,w145a1003,𩈜,12,3507,𩈜
373,13,𠂤,13,𠂤,w145a1004,𠂤,13,3508,𠂤
373,14,敦,14,敦,w145a1005,敦,14,3509,敦
373,15,𡏩,15,𡏩,w145a1006,𡏩,15,3510,𡏩
374,1,𤗯,1,𤗯,w145a1007,𤗯,1,3511,𤗯
374,2,挼,2,挼,w145a1008,挼,2,3512,挼
374,3,䪎,3,䪎,w145b0101,䪎,3,3513,䪎
374,4,毸,4,毸,w145b0102,毸,4,3514,毸
374,5,嗺,5,嗺,w145b0103,嗺,5,3515,嗺
374,6,蓑,6,蓑,w145b0104,蓑,6,3516,蓑
375,1,摧,1,摧,w145b0105,摧,1,3517,摧
375,2,崔,2,崔,w145b0201,崔,2,3518,崔
375,3,慛,3,慛,w145b0202,慛,3,3519,慛
375,4,槯,4,槯,w145b0203,槯,4,3520,槯
375,5,檇,5,檇,w145b0204,檇,5,3521,檇
376,1,裴,1,裴,w145b0205,裴,1,3522,裴
376,2,徘,2,徘,w145b0301,徘,2,3523,徘
376,3,培,3,培,w145b0302,培,3,3524,培
376,4,陪,4,陪,w145b0401,陪,4,3525,陪
376,5,𨛬,5,𨛬,w145b0402,𨛬,5,3526,𨛬
376,6,䣙,6,䣙,w145b0403,䣙,6,3527,䣙
376,7,婄,7,婄,w145b0404,婄,7,3528,婄
376,8,棓,8,棓,w145b0405,棓,8,3529,棓
376,9,毰,9,毰,w145b0406,毰,9,3530,毰
376,10,𤗏,10,𤗏,w145b0501,𤗏,10,3531,𤗏
376,11,𩑢,11,𩑢,w145b0502,𩑢,11,3532,𩑢
376,12,輫,12,輫,w145b0503,輫,12,3533,輫
377,1,桮,1,桮,w145b0504,桮,1,3534,桮
377,2,杯,2,杯,w145b0505,杯,2,3535,杯
377,3,盃,3,盃,w145b0506,盃,3,3536,盃
378,1,肧,1,肧,w145b0507,肧,1,3537,肧
378,2,坯,2,坯,w145b0508,坯〈坏〉,2,3538,坯
378,3,㾦,3,㾦,w145b0601,㾦,3,3539,㾦
378,4,醅,4,醅,w145b0602,醅,4,3540,醅
378,5,衃,5,衃,w145b0603,衃,5,3541,衃
378,6,𩵣,6,𩵣,w145b0604,𩵣,6,3542,𩵣
378,7,𤬃,7,𤬃,w145b0605,𤬃,7,3543,𤬃
378,8,抔,8,抔,w145b0606,抔,8,3544,抔
379,1,鮠,1,鮠,w145b0607,鮠,1,3545,鮠
379,2,桅,2,桅,w145b0608,桅,2,3546,桅
379,3,嵬,3,嵬,w145b0701,嵬,3,3547,嵬
379,4,磑,4,磑,w145b0702,磑,4,3548,磑
379,5,峞,5,峞,w145b0703,峞,5,3549,峞
380,1,𨌴,1,𨌴,w145b0704,𨌴,1,3550,𨌴
380,2,𨋱,2,𨋱,w145b0705,𨋱,2,3551,𨋱
380,3,㷟,3,㷟,w145b0706,㷟,3,3552,㷟
380,4,蓷,4,蓷,w145b0707,蓷,4,3553,蓷
380,5,推,5,推,w145b0708,推,5,3554,推
380,6,藬,6,藬,w145b0801,藬,6,3555,藬
380,7,㞜,7,㞜,w145b0802,㞜,7,3556,㞜
381,1,𢅼〈𢆃〉,1,𢅼〈𢆃〉,w145b0803,𢅼,1,3557,𢅼
381,2,捼,2,捼,w145b0804,捼,2,3558,捼
381,3,𨡌,3,𨡌,w145b0805,𨡌,3,3559,𨡌
382,1,嗺,1,嗺,w145b0806,嗺,1,3560,嗺
382,2,脧,2,脧,w145b0901,脧,2,3561,脧
382,3,䘒,3,䘒,w145b0902,䘒,3,3562,䘒
382,4,𡱥,4,𡱥,w145b0903,𡱥,4,3563,𡱥
383,1,咍,1,咍,w145b1001,咍,1,3564,咍
383,2,㾂,2,㾂,w145b1002,㾂,2,3565,㾂
383,3,𨸜,3,𨸜,w145b1003,𨸜〈𣢇〉,3,3566,𨸜
384,1,開,1,開,w145b1004,開,1,3567,開
384,2,㱾,2,㱾,w146a0101,㱾,2,3568,㱾
384,3,侅,3,侅,w146a0102,侅,3,3569,侅
384,4,奒,4,奒,w146a0103,奒,4,3570,奒
384,5,㚊,5,㚊,w146a0104,㚊,5,3571,㚊
385,1,哀,1,哀,w146a0201,哀,1,3572,哀
385,2,埃,2,埃,w146a0202,埃,2,3573,埃
385,3,唉,3,唉,w146a0203,唉,3,3574,唉
385,4,㶼,4,㶼,w146a0204,㶼,4,3575,㶼
385,5,欸,5,欸,w146a0205,欸,5,3576,欸
385,6,毐,6,毐,w146a0206,毐,6,3577,毐
386,1,臺,1,臺,w146a0301,臺,1,3578,臺
386,2,擡,2,擡,w146a0302,擡,2,3579,擡
386,3,菭,3,菭,w146a0303,菭,3,3580,菭
386,4,苔,4,苔,w146a0401,苔,4,3581,苔
386,5,炱,5,炱,w146a0402,炱,5,3582,炱
386,6,嬯,6,嬯,w146a0403,嬯,6,3583,嬯
386,7,薹,7,薹,w146a0404,薹,7,3584,薹
386,8,䈚,8,䈚,w146a0405,䈚,8,3585,䈚
386,9,儓,9,儓,w146a0406,儓,9,3586,儓
386,10,檯,10,檯,w146a0407,檯,10,3587,檯
386,11,駘,11,駘,w146a0408,駘,11,3588,駘
386,12,𪒴,12,𪒴,w146a0409,𪒴,12,3589,𪒴
386,13,籉,13,籉,w146a0501,籉,13,3590,籉
386,14,跆,14,跆,w146a0502,跆,14,3591,跆
386,15,𩿡,15,𩿡,w146a0503,𩿡,15,3592,𩿡
387,1,該,1,該,w146a0504,該,1,3593,該
387,2,豥,2,豥,w146a0505,豥,2,3594,豥
387,3,垓,3,垓,w146a0506,垓,3,3595,垓
387,4,荄,4,荄,w146a0601,荄,4,3596,荄
387,5,郂,5,郂,w146a0602,郂,5,3597,郂
387,6,㱯,6,㱯,w146a0603,㱯,6,3598,㱯
387,7,剴,7,剴,w146a0604,剴,7,3599,剴
387,8,陔,8,陔,w146a0701,陔,8,3600,陔
387,9,姟,9,姟,w146a0702,姟,9,3601,姟
387,10,絯,10,絯,w146a0703,絯,10,3602,絯
387,11,晐,11,晐,w146a0704,晐,11,3603,晐
387,12,峐,12,峐,w146a0705,峐,12,3604,峐
387,13,祴,13,祴,w146a0706,祴,13,3605,祴
387,14,侅,14,侅,w146a0707,侅,14,3606,侅
387,15,賅,15,賅,w146a0801,賅,15,3607,賅
387,16,㨟,16,㨟,w146a0802,㨟,16,3608,㨟
387,17,胲,17,胲,w146a0803,胲,17,3609,胲
387,18,䬵,18,䬵,w146a0804,䬵,18,3610,䬵
387,19,䶣,19,䶣,w146a0805,䶣,19,3611,䶣
387,20,䐩,20,䐩,w146a0806,䐩,20,3612,䐩
388,1,裁,1,裁,w146a0807,裁,1,3613,裁
388,2,纔,2,纔,w146a0808,纔,2,3614,纔
388,3,財,3,財,w146a0901,財,3,3615,財
388,4,才,4,才,w146a0902,才,4,3616,才
388,5,材,5,材,w146a0903,材,5,3617,材
388,6,䴭,6,䴭,w146a0904,䴭,6,3618,䴭
388,7,溨,7,溨,w146a0905,溨〈渽〉,7,3619,溨
388,8,鼒,8,鼒,w146a0906,鼒,8,3620,鼒
388,9,𦬁,9,𦬁,w146a1001,𦬁,9,3621,𦬁
389,1,來,1,來,w146a1002,來,1,3622,來
389,2,萊,2,萊,w146a1003,萊,2,3623,萊
389,3,郲,3,郲,w146b0101,郲,3,3624,郲
389,4,騋,4,騋,w146b0201,騋,4,3625,騋
389,5,崍,5,崍,w146b0202,崍,5,3626,崍
389,6,斄,6,斄,w146b0203,𣀗,6,3627,斄
389,7,𤦃,7,𤦃,w146b0204,𤦃,7,3628,𤦃
389,8,𧳟,8,𧳟,w146b0205,𧳟,8,3629,𧳟
389,9,猍,9,猍,w146b0206,猍,9,3630,猍
389,10,淶,10,淶,w146b0207,淶,10,3631,淶
389,11,鯠,11,鯠,w146b0301,鯠,11,3632,鯠
389,12,鶆,12,鶆,w146b0302,鶆,12,3633,鶆
389,13,䅘,13,䅘,w146b0303,䅘,13,3634,䅘
389,14,𣮉,14,𣮉,w146b0304,𣮉,14,3635,𣮉
389,15,䋱,15,䋱,w146b0305,䋱,15,3636,䋱
389,16,庲,16,庲,w146b0306,庲,16,3637,庲
389,17,㾢,17,㾢,w146b0401,㾢,17,3638,㾢
389,18,棶,18,棶,w146b0402,棶,18,3639,棶
389,19,犛,19,犛,w146b0403,犛,19,3640,犛
389,20,逨,20,逨,w146b0404,逨,20,3641,逨
389,21,𪎂,21,𪎂,w146b0405,𪎂,21,3642,𪎂
389,22,麳,22,麳,w146b0406,麳,22,3643,麳
389,23,𤲓,23,𤲓,w146b0407,𤲓,23,3644,𤲓
389,24,𪑚,24,𪑚,w146b0408,𪑚,24,3645,𪑚
389,25,徠,25,徠,w146b0501,徠,25,3646,徠
390,1,烖,1,烖,w146b0502,烖,1,3647,烖
390,2,灾,2,灾,w146b0503,灾,2,3648,灾
390,3,災,3,災,w146b0504,災,3,3649,災
390,4,𤆎,4,𤆎,w146b0505,𤆎,4,3650,𤆎
390,5,栽,5,栽,w146b0506,栽,5,3651,栽
390,6,哉,6,哉,w146b0507,哉,6,3652,哉
390,7,𡿧,7,𡿧,w146b0508,𡿧,7,3653,𡿧
390,8,𦸜〈菑〉,8,𦸜〈菑〉,w146b0601,𦸜〈𦵰〉,8,3654,𦸜
390,9,𢦏,9,𢦏,w146b0602,𢦒,9,3655,𢦔
390,10,𦳦,10,𦳦,w146b0603,𦳦,10,3656,𦳦
390,11,渽,11,渽,w146b0604,渽,11,3657,渽
390,12,睵,12,睵,w146b0605,睵,12,3658,睵
391,1,猜,1,猜,w146b0606,猜,1,3659,猜
391,2,偲,2,偲,w146b0701,偲,2,3660,偲
391,3,睵,3,睵,w146b0702,睵,3,3661,睵
391,4,䞗,4,䞗,w146b0703,䞗,4,3662,䞗
392,1,𤗏,1,𤗏,w146b0704,𤗏,1,3663,𤗏
392,2,㯁,2,㯁,w146b0705,㯁,2,3664,㯁
393,1,胎,1,胎,w146b0706,胎,1,3665,胎
393,2,孡,2,孡,w146b0801,孡,2,3666,孡
393,3,鮐,3,鮐,w146b0802,鮐,3,3667,鮐
393,4,台,4,台,w146b0803,台,4,3668,台
393,5,邰,5,邰,w146b0804,邰,5,3669,邰
393,6,𧉟,6,𧉟,w146b0805,𧉟,6,3670,𧉟
393,7,𩬠,7,𩬠,w146b0806,𩬠,7,3671,𩬠
394,1,孩,1,孩,w146b0901,孩,1,3672,孩
394,2,咳,2,咳,w146b0902,咳,2,3673,咳
394,3,頦,3,頦,w146b0903,頦,3,3674,頦
394,4,㨟,4,㨟,w146b0904,㨟,4,3675,㨟
394,5,𧻲,5,𧻲,w146b0905,𧻲,5,3676,𧻲
394,6,䠽,6,䠽,w146b0906,䠽,6,3677,䠽
394,7,䱺,7,䱺,w146b0907,䱺,7,3678,䱺
394,8,豥,8,豥,w146b0908,豥,8,3679,豥
395,1,鰓,1,鰓,w146b1001,鰓,1,3680,鰓
395,2,揌,2,揌,w146b1002,揌,2,3681,揌
395,3,粞,3,粞,w146b1003,粞,3,3682,粞
395,4,䚡,4,䚡,w146b1004,䚡,4,3683,䚡
395,5,顋,5,顋,w146b1005,顋,5,3684,顋
395,6,愢,6,愢,w146b1006,愢,6,3685,愢
395,7,𪃄,7,𪃄,w146b1007,𪃄,7,3686,𪃄
395,8,毢,8,毢,w146b1008,毢,8,3687,毢
396,1,皚,1,皚,w147a0101,皚,1,3688,皚
396,2,嵦,2,嵦,w147a0102,嵦,2,3689,嵦
396,3,敳,3,敳,w147a0103,敳,3,3690,敳
396,4,㱯,4,㱯,w147a0104,㱯,4,3691,㱯
396,5,隑,5,隑,w147a0105,隑,5,3692,隑
396,6,剴,6,剴,w147a0106,剴,6,3693,剴
396,7,獃,7,獃,w147a0107,獃,7,3694,獃
397,1,能,1,能,w147a0201,能,1,3695,能
397,2,㾍,2,㾍,w147a0202,㾍,2,3696,㾍
398,1,𪒴,1,𪒴,w147a0203,𪒴,1,3697,𪒴
398,2,懛,2,懛,w147a0204,懛,2,3698,懛
399,1,㹗,1,㹗,w147a0301,㹗,1,3699,㹗
400,1,𡜊,1,𡜊,w147a0302,𡜊,1,3700,𡜊
401,1,真,1,真,w147a0401,眞,1,3701,眞
401,2,甄,2,甄,w147a0402,甄,2,3702,甄
401,3,振,3,振,w147a0501,振,3,3703,振
401,4,禛,4,禛,w147a0502,禛,4,3704,禛
401,5,稹,5,稹,w147a0503,稹,5,3705,稹
401,6,磌,6,磌,w147a0504,磌,6,3706,磌
401,7,畛,7,畛,w147a0505,畛,7,3707,畛
401,8,籈,8,籈,w147a0506,籈,8,3708,籈
401,9,侲,9,侲,w147a0601,侲,9,3709,侲
401,10,桭,10,桭,w147a0602,桭,10,3710,桭
401,11,蒖,11,蒖,w147a0603,蒖,11,3711,蒖
401,12,唇,12,唇,w147a0604,唇,12,3712,唇
401,13,㖘,13,㖘,w147a0605,㖘,13,3713,㖘
401,14,帪,14,帪,w147a0606,帪,14,3714,帪
401,15,薽,15,薽,w147a0607,薽,15,3715,薽
401,16,㲀,16,㲀,w147a0608,㲀,16,3716,㲀
402,1,𤣆,1,𤣆,w147a0701,𤣆,1,3717,𤣆
402,2,胂,2,胂,w147a0702,胂,2,3718,胂
402,3,縝,3,縝,w147a0703,縝,3,3719,縝
403,1,因,1,因,w147a0704,因,1,3720,因
403,2,茵,2,茵,w147a0801,茵,2,3721,茵
403,3,鞇,3,鞇,w147a0802,鞇,3,3722,鞇
403,4,禋,4,禋,w147a0803,禋,4,3723,禋
403,5,𥛛,4.5,𥛛,w147a0804,𥛛,5,3724,𥛛
403,6,闉,5,闉,w147a0805,闉,6,3725,闉
403,7,駰,6,駰,w147a0806,駰,7,3726,駰
403,8,湮,7,湮,w147a0901,湮,8,3727,湮
403,9,烟,8,烟,w147a0902,烟,9,3728,烟
403,10,氤,9,氤,w147a0903,氤,10,3729,氤
403,11,絪,10,絪,w147a0904,絪,11,3730,絪
403,12,垔,11,垔,w147a0905,垔,12,3731,垔
403,13,陻,12,陻,w147a0906,陻,13,3732,陻
403,14,㘻,13,㘻,w147a0907,㘻,14,3733,㘻
403,15,堙,14,堙,w147a1001,堙,15,3734,堙
403,16,洇,15,洇,w147a1002,洇,16,3735,洇
403,17,姻,16,姻,w147a1003,姻,17,3736,姻
403,18,婣,17,婣,w147a1004,婣,18,3737,婣
403,19,諲,18,諲,w147a1005,諲,19,3738,諲
403,20,裀,19,裀,w147b0101,裀,20,3739,裀
403,21,𦎣,20,𦎣,w147b0102,𦎣,21,3740,𦎣
403,22,歅,21,歅,w147b0103,歅,22,3741,歅
403,23,㧢,22,㧢,w147b0104,㧢,23,3742,㧢
404,1,新,1,新,w147b0105,新,1,3743,新
404,2,辛,2,辛,w147b0201,辛,2,3744,辛
404,3,薪,3,薪,w147b0301,薪,3,3745,薪
405,1,辰,1,辰,w147b0401,辰,1,3746,辰
405,2,晨,2,晨,w147b0402,晨,2,3747,晨
405,3,䢅,3,䢅,w147b0403,䢅,3,3748,䢅
405,4,敐,4,敐,w147b0404,敐〈㲀〉,4,3749,敐
405,5,宸,5,宸,w147b0405,宸,5,3750,宸
405,6,鷐,6,鷐,w147b0501,鷐,6,3751,鷐
405,7,麎,7,麎,w147b0502,麎,7,3752,麎
405,8,桭,8,桭,w147b0503,桭,8,3753,桭
405,9,茞,9,茞,w147b0504,茞,9,3754,茞
405,10,屒,10,屒,w147b0505,屒,10,3755,屒
405,11,臣,11,臣,w147b0506,臣,11,3756,臣
405,12,䢻,12,䢻,w147b0601,䢻,12,3757,䢻
405,13,䣅,13,䣅,w147b0602,䣅,13,3758,䣅
406,1,仁,1,仁,w147b0603,仁,1,3759,仁
406,2,朲,2,朲,w147b0701,朲,2,3760,朲
406,3,人,3,人,w147b0702,人,3,3761,人
407,1,神,1,神,w147b0801,神,1,3762,神
407,2,晨,2,晨,w147b0901,晨,2,3763,晨
408,1,親,1,親,w147b0902,親,1,3764,親
408,2,寴,2,寴,w147b1001,寴,2,3765,寴
408,3,𡪔,3,𡪔,w147b1002,𡩁,3,3766,𡪔
409,1,礥,1,礥,w147b1003,礥,1,3767,礥
409,2,𧥺,2,𧥺,w147b1004,𧥺,2,3768,𧥺
409,3,㘋,3,㘋,w147b1005,㘋,3,3769,㘋
410,1,申,1,申,w147b1006,申,1,3770,申
410,2,伸,2,伸,w148a0201,伸,2,3771,伸
410,3,紳,3,紳,w148a0202,紳,3,3772,紳
410,4,娠,4,娠,w148a0203,娠,4,3773,娠
410,5,呻,5,呻,w148a0204,呻,5,3774,呻
410,6,𣢘,6,𣢘,w148a0205,𣢘,6,3775,𣢘
410,7,𠲳,7,𠲳,w148a0206,𠲳,7,3776,𠲳
410,8,眒,8,眒,w148a0301,眒,8,3777,眒
410,9,胂,9,胂,w148a0302,胂,9,3778,胂
410,10,㑗,10,㑗,w148a0303,㑗,10,3779,㑗
410,11,𩉼,11,𩉼,w148a0304,𩉼,11,3780,𩉼
410,12,𠭙,12,𠭙,w148a0305,𣇗,12,3781,𣇗
410,13,身,13,身,w148a0306,身,13,3782,身
410,14,柛,14,柛,w148a0307,柛,14,3783,柛
410,15,䰠,15,䰠,w148a0401,䰠,15,3784,䰠
410,16,訷,16,訷,w148a0402,訷,16,3785,訷
411,1,賓,1,賓,w148a0403,賔,1,3786,賔
411,2,𧶉,2,𧶉,w148a0501,𧶉,2,3787,𧶉
411,3,濱,3,濱,w148a0502,濵,3,3788,濱
411,4,檳,4,檳,w148a0503,㯽,4,3789,檳
411,5,䚔,5,䚔,w148a0504,䚔,5,3790,䚔
411,6,顮,6,顮,w148a0505,顮,6,3791,顮
411,7,儐,7,儐,w148a0506,儐,7,3792,儐
411,8,鑌,8,鑌,w148a0507,鑌,8,3793,鑌
411,9,矉,9,矉,w148a0508,矉,9,3794,矉
411,10,𩴱,10,𩴱,w148a0601,𩴱,10,3795,𩴱
412,1,㷠,1,㷠,w148a0602,㷠,1,3796,㷠
412,2,燐,2,燐,w148a0603,燐,2,3797,燐
412,3,鄰,3,鄰,w148a0604,鄰,3,3798,鄰
412,4,轔,4,轔,w148a0701,轔,4,3799,轔
412,5,嶙,5,嶙,w148a0702,嶙,5,3800,嶙
412,6,粼,6,粼,w148a0703,粼,6,3801,粼
412,7,磷,7,磷,w148a0704,磷,7,3802,磷
412,8,疄,8,疄,w148a0705,疄,8,3803,疄
412,9,麟,9,麟,w148a0706,麟,9,3804,麟
412,10,麐,10,麐,w148a0801,麐,10,3805,麐
412,11,鱗,11,鱗,w148a0802,鱗,11,3806,鱗
412,12,璘,12,璘,w148a0803,璘,12,3807,璘
412,13,駗,13,駗,w148a0804,駗,13,3808,駗
412,14,翷,14,翷,w148a0805,翷,14,3809,翷
412,15,𧲂,15,𧲂,w148a0806,𧲂,15,3810,𧲂
412,16,瞵,16,瞵,w148a0901,瞵,16,3811,瞵
412,17,獜,17,獜,w148a0902,獜,17,3812,獜
412,18,驎,18,驎,w148a0903,驎,18,3813,驎
412,19,壣,19,壣,w148a0904,𡑜,19,3814,壣
412,20,𩻜,20,𩻜,w148a0905,𩻜,20,3815,𩻜
412,21,鏻,21,鏻,w148a0906,鏻,21,3816,鏻
412,22,繗,22,繗,w148a0907,繗,22,3817,繗
412,23,潾,23,潾,w148a1001,潾,23,3818,潾
413,1,𥎊,1,𥎊,w148a1002,𥎊,1,3819,𥎊
413,2,㨷,2,㨷,w148a1003,㨷,2,3820,㨷
413,3,堇,3,堇,w148a1004,堇,3,3821,堇
413,4,墐,4,墐,w148a1005,墐,4,3822,墐
413,5,魿,5,魿,w148a1006,魿,5,3823,魿
414,1,珍,1,珍,w148a1007,珍,1,3824,珍
414,2,鎮,2,鎮,w148b0101,鎭,2,3825,鎭
414,3,填,3,填,w148b0102,塡,3,3826,塡
415,1,陳,1,陳,w148b0103,陳,1,3827,陳
415,2,敶,2,敶,w148b0301,敶,2,3828,敶
415,3,䍶,3,䍶,w148b0302,䍶,3,3829,䍶
415,4,趁,4,趁,w148b0303,趁,4,3830,趁
415,5,塵,5,塵,w148b0401,塵,5,3831,塵
416,1,津,1,津,w148b0402,津,1,3832,津
416,2,𦪉,2,𦪉,w148b0403,𦪉,2,3833,𦩨
416,3,璡,3,璡,w148b0404,璡,3,3834,璡
416,4,濜,4,濜,w148b0405,濜,4,3835,濜
416,5,𦘔,5,𦘔,w148b0501,𦘔,5,3836,𦘔
417,1,瞋,1,瞋,w148b0502,瞋,1,3837,瞋
417,2,嗔,2,嗔,w148b0503,嗔,2,3838,嗔
417,3,謓,3,謓,w148b0504,謓,3,3839,謓
417,4,䐜,4,䐜,w148b0505,䐜,4,3840,䐜
417,5,𣞟,5,𣞟,w148b0601,𣞟,5,3841,𣞟
417,6,縝,6,縝,w148b0602,縝,6,3842,縝
418,1,秦,1,秦,w148b0603,秦,1,3843,秦
418,2,螓,2,螓,w148b0701,螓,2,3844,螓
418,3,𤚩,3,𤚩,w148b0702,𤚩,3,3845,𤚩
419,1,寅,1,寅,w148b0703,寅,1,3846,寅
419,2,夤,2,夤,w148b0801,夤,2,3847,夤
419,3,𦟘,3,𦟘,w148b0802,𦟘,3,3848,𦟘
419,4,蔩,4,蔩,w148b0803,蔩,4,3849,蔩
419,5,螾,5,螾,w148b0804,螾,5,3850,螾
419,6,𡐔,6,𡐔,w148b0805,𡐔,6,3851,𡐔
420,1,紉,1,紉,w148b0806,紉,1,3852,紉
421,1,繽,1,繽,w148b0807,繽,1,3853,繽
421,2,䎙,2,䎙,w148b0901,䎙,2,3854,䎙
421,3,𩴱,3,𩴱,w148b0902,𩴱,3,3855,𩴱
421,4,𢣐,4,𢣐,w148b0903,𢣐,4,3856,𢣐
421,5,𨷚〈𩰝〉,5,𨷚〈𩰝〉,w148b0904,𨷚〈𩰝〉,5,3857,𩰝
422,1,頻,1,頻,w148b0905,頻,1,3858,頻
422,2,蘋,2,蘋,w148b1001,蘋,2,3859,蘋
422,3,薲,3,薲,w148b1002,薲,3,3860,薲
422,4,嬪,4,嬪,w148b1003,嬪,4,3861,嬪
422,5,㰋,5,㰋,w149a0101,㰋,5,3862,㰋
422,6,玭,6,玭,w149a0102,玭,6,3863,玭
422,7,蠙,7,蠙,w149a0103,蠙,7,3864,蠙
422,8,獱,8,獱,w149a0104,獱,8,3865,獱
422,9,顰,9,顰,w149a0105,顰,9,3866,顰
422,10,𧭹,10,𧭹,w149a0106,𧭹,10,3867,𧭹
422,11,嚬,11,嚬,w149a0107,嚬,11,3868,嚬
422,12,𩴱,12,𩴱,w149a0108,𩴱,12,3869,𩴱
422,13,𦇖,13,𦇖,w149a0201,𦇖,13,3870,𦇖
422,14,𡤉,14,𡤉,w149a0202,𡤉,14,3871,𡤉
423,1,銀,1,銀,w149a0203,銀,1,3872,銀
423,2,㹞,2,㹞,w149a0301,㹞,2,3873,㹞
423,3,狺,3,狺,w149a0302,狺,3,3874,狺
423,4,䖜,4,䖜,w149a0303,䖜,4,3875,䖜
423,5,檭,5,檭,w149a0304,檭,5,3876,檭
423,6,鄞,6,鄞,w149a0305,鄞,6,3877,鄞
423,7,圁,7,圁,w149a0306,圁,7,3878,圁
423,8,誾,8,誾,w149a0307,誾,8,3879,誾
423,9,訔,9,訔,w149a0401,訔,9,3880,訔
423,10,嚚,10,嚚,w149a0402,嚚,10,3881,嚚
423,11,䓄,11,䓄,w149a0403,䓄,11,3882,䓄
423,12,珢,12,珢,w149a0404,珢,12,3883,珢
423,13,䴦,13,䴦,w149a0405,䴦,13,3884,䴦
423,14,垠,14,垠,w149a0501,垠,14,3885,垠
423,15,𪛊,15,𪛊,w149a0502,𪛊,15,3886,𪛊
423,16,泿,16,泿,w149a0503,泿,16,3887,泿
424,1,巾,1,巾,w149a0504,巾,1,3888,巾
425,1,麏,1,麏,w149a0505,麏,1,3889,麏
425,2,麇,2,麇,w149a0601,麇,2,3890,麇
425,3,麕,3,麕,w149a0602,麕,3,3891,麕
425,4,頵,4,頵,w149a0603,頵,4,3892,頵
425,5,莙,5,莙,w149a0604,莙,5,3893,莙
425,6,汮,6,汮,w149a0605,汮,6,3894,汮
426,1,筠,1,筠,w149a0606,筠,1,3895,筠
426,2,囩,2,囩,w149a0607,囩,2,3896,囩
426,3,縜,3,縜,w149a0701,縜,3,3897,縜
426,4,荺,4,荺,w149a0702,荺,4,3898,荺
427,1,囷,1,囷,w149a0703,囷,1,3899,囷
427,2,箘,2,箘,w149a0704,箘,2,3900,箘
427,3,箟,3,箟,w149a0705,箟,3,3901,箟
427,4,輑,4,輑,w149a0706,輑,4,3902,輑
427,5,蜠,5,蜠,w149a0801,蜠,5,3903,𧋕
427,6,峮,6,峮,w149a0802,峮,6,3904,峮
427,7,𡈋,7,𡈋,w149a0803,𡈋,7,3905,𡈋
428,1,珉,1,珉,w149a0804,珉,1,3906,珉
428,2,岷,2,岷,w149a0805,岷,2,3907,岷
428,3,罠,3,罠,w149a0901,罠,3,3908,罠
428,4,閩,4,閩,w149a0902,閩,4,3909,閩
428,5,緍,5,緍,w149a0903,緡,5,3910,緡
428,6,䪸,6,䪸,w149a1001,䪸,6,3911,䪸
428,7,笢,7,笢,w149a1002,笢,7,3912,笢
428,8,旻,8,旻,w149a1003,旻,8,3913,旻
428,9,旼,9,旼,w149a1004,旼,9,3914,旼
428,10,痻,10,痻,w149a1005,𤸅,10,3915,𤸅
428,11,闅,11,闅,w149a1006,闅,11,3916,闅
428,12,汶,12,汶,w149a1007,汶,12,3917,汶
428,13,捪,13,捪,w149b0101,㨉,13,3918,㨉
428,14,忞,14,忞,w149b0102,忞,14,3919,忞
428,15,盿,15,盿,w149b0103,盿,15,3920,盿
428,16,睧,16,睧,w149b0104,䁕,16,3921,䁕
428,17,錉,17,錉,w149b0105,鍲,17,3922,鍲
428,18,𪂆,18,𪂆,w149b0106,𪃯,18,3923,𪃯
428,19,鈱,19,鈱,w149b0107,鈱,19,3924,鈱
429,1,貧,1,貧,w149b0108,貧,1,3925,貧
429,2,𡧋,2,𡧋,w149b0201,𡧋,2,3926,𡧋
430,1,𪔗,1,𪔗,w149b0202,𪔗,1,3927,𪔗
430,2,鼘,2,鼘,w149b0203,鼘,2,3928,鼘
430,3,駰,3,駰,w149b0204,駰,3,3929,駰
431,1,贇,1,贇,w149b0205,贇,1,3930,贇
431,2,奫,2,奫,w149b0301,奫,2,3931,奫
431,3,頵,3,頵,w149b0302,頵,3,3932,頵
431,4,蝹,4,蝹,w149b0303,蝹,4,3933,蝹
432,1,彬,1,彬,w149b0304,彬,1,3934,彬
432,2,斌,2,斌,w149b0305,斌,2,3935,斌
432,3,份,3,份,w149b0306,份,3,3936,份
432,4,玢,4,玢,w149b0401,玢,4,3937,玢
432,5,豳,5,豳,w149b0402,豳,5,3938,豳
432,6,邠,6,邠,w149b0403,邠,6,3939,邠
432,7,汃,7,汃,w149b0404,汃,7,3940,汃
432,8,霦,8,霦,w149b0501,霦,8,3941,霦
432,9,㻞,9,㻞,w149b0502,㻞,9,3942,㻞
432,10,𥇖,10,𥇖,w149b0503,𥇖,10,3943,𥇖
432,11,攽,11,攽,w149b0504,攽,11,3944,攽
432,12,虨,12,虨,w149b0505,虨,12,3945,虨
432,13,砏,13,砏,w149b0506,砏,13,3946,砏
433,1,民,1,民,w149b0507,民,1,3947,民
433,2,闅,2,闅,w149b0601,闅,2,3948,闅
433,3,睧,3,睧,w149b0602,䁕,3,3949,䁕
433,4,泯,4,泯,w149b0603,泯,4,3950,泯
433,5,怋,5,怋,w149b0604,怋,5,3951,怋
434,1,諄,1,諄,w149b0701,諄,1,3952,諄
434,2,惇,2,惇,w149b0702,惇,2,3953,惇
434,3,𥇜,3,𥇜,w149b0703,𥇜,3,3954,𥇜
434,4,肫,4,肫,w149b0704,肫,4,3955,肫
434,5,訰,5,訰,w149b0705,訰,5,3956,訰
435,1,椿,1,椿,w149b0706,椿,1,3957,椿
435,2,楯,2,楯,w149b0801,楯,2,3958,楯
435,3,輴,3,輴,w149b0802,輴,3,3959,輴
435,4,䡅,4,䡅,w149b0803,䡅,4,3960,䡅
435,5,鶞,5,鶞,w149b0804,鶞,5,3961,鶞
435,6,杶,6,杶,w149b0805,杶,6,3962,杶
435,7,櫄,7,櫄,w149b0806,櫄,7,3963,櫄
435,8,瑃,8,瑃,w149b0807,瑃,8,3964,瑃
436,1,䣩,1,䣩,w149b0808,䣩,1,3965,䣩
436,2,㡒,2,㡒,w149b0901,㡒,2,3966,㡒
437,1,荀,1,荀,w149b0902,荀,1,3967,荀
437,2,郇,2,郇,w149b0903,郇,2,3968,郇
437,3,詢,3,詢,w149b1001,詢,3,3969,詢
437,4,眴,4,眴,w149b1002,眴,4,3970,眴
437,5,峋,5,峋,w149b1003,峋,5,3971,峋
437,6,珣,6,珣,w149b1004,珣,6,3972,珣
437,7,𣖼,7,𣖼,w149b1005,𣖼,7,3973,𣓓
437,8,洵,8,洵,w149b1006,洵,8,3974,洵
437,9,恂,9,恂,w150a0101,恂,9,3975,恂
437,10,畇,10,畇,w150a0102,畇,10,3976,畇
437,11,檈,11,檈,w150a0103,檈,11,3977,檈
437,12,槆,12,槆,w150a0104,槆,12,3978,槆
437,13,姰,13,姰,w150a0105,姰,13,3979,姰
437,14,㰬,14,㰬,w150a0106,㰬,14,3980,㰬
438,1,純,1,純,w150a0201,純,1,3981,純
438,2,蓴,2,蓴,w150a0202,蓴,2,3982,蓴
438,3,蒓,3,蒓,w150a0203,蒓,3,3983,蒓
438,4,醇,4,醇,w150a0204,醇,4,3984,醇
438,5,鶉,5,鶉,w150a0205,鶉,5,3985,鶉
438,6,𦎫,6,𦎫,w150a0301,𦎧,6,3986,𦎧
438,7,陙,7,陙,w150a0302,陙,7,3987,陙
438,8,𢗋,8,𢗋,w150a0303,𢗋,8,3988,𢗋
438,9,錞,9,錞,w150a0304,錞,9,3989,錞
438,10,淳,10,淳,w150a0305,淳,10,3990,淳
438,11,𡗥,11,𡗥,w150a0401,𡗥,11,3991,𡗥
438,12,焞,12,焞,w150a0402,焞,12,3992,焞
438,13,䣩,13,䣩,w150a0403,䣩,13,3993,䣩
439,1,犉,1,犉,w150a0404,犉,1,3994,犉
439,2,𩀋,2,𩀋,w150a0405,𩀋,2,3995,𩀋
439,3,瞤,3,瞤,w150a0406,瞤,3,3996,瞤
439,4,眴,4,眴,w150a0501,眴,4,3997,眴
440,1,脣,1,脣,w150a0502,脣,1,3998,脣
440,2,漘,2,漘,w150a0503,漘,2,3999,漘
440,3,䔚,3,䔚,w150a0504,䔚,3,4000,䔚
440,4,㸪,4,㸪,w150a0505,㸪,4,4001,㸪
440,5,紃,5,紃,w150a0506,紃,5,4002,紃
441,1,淪,1,淪,w150a0601,淪,1,4003,淪
441,2,倫,2,倫,w150a0602,倫,2,4004,倫
441,3,論,3,論,w150a0603,論,3,4005,論
441,4,䑳,4,䑳,w150a0604,䑳,4,4006,䑳
441,5,輪,5,輪,w150a0701,輪,5,4007,輪
441,6,陯,6,陯,w150a0702,陯,6,4008,陯
441,7,鯩,7,鯩,w150a0703,鯩,7,4009,鯩
441,8,蜦,8,蜦,w150a0704,蜦,8,4010,蜦
441,9,棆,9,棆,w150a0801,棆,9,4011,棆
441,10,綸,10,綸,w150a0802,綸,10,4012,綸
441,11,惀,11,惀,w150a0803,惀,11,4013,惀
441,12,侖,12,侖,w150a0804,侖,12,4014,侖
441,13,踚,13,踚,w150a0805,踚,13,4015,踚
441,14,掄,14,掄,w150a0901,掄,14,4016,掄
441,15,䈁,15,䈁,w150a0902,䈁,15,4017,䈁
442,1,屯,1,屯,w150a0903,屯,1,4018,屯
442,2,窀,2,窀,w150a0904,窀,2,4019,窀
442,3,迍,3,迍,w150a0905,迍,3,4020,迍
442,4,㡒,4,㡒,w150a1001,㡒,4,4021,㡒
443,1,逡,1,逡,w150a1002,逡,1,4022,逡
443,2,竣,2,竣,w150a1003,竣,2,4023,竣
443,3,皴,3,皴,w150a1004,皴,3,4024,皴
443,4,㕙,4,㕙,w150a1005,㕙,4,4025,㕙
443,5,壿,5,壿,w150b0101,墫〈壿〉,5,4026,墫
443,6,捘,6,捘,w150b0102,捘,6,4027,捘
443,7,竴,7,竴,w150b0103,竴,7,4028,竴
443,8,踆,8,踆,w150b0104,踆,8,4029,踆
443,9,𠣟,9,𠣟,w150b0105,𠣟,9,4030,𠣟
443,10,夋,10,夋,w150b0106,夋,10,4031,夋
444,1,遵,1,遵,w150b0107,遵,1,4032,遵
444,2,跧,2,跧,w150b0201,跧,2,4033,跧
444,3,僎,3,僎,w150b0202,僎,3,4034,僎
444,4,嶟,4,嶟,w150b0203,嶟,4,4035,嶟
444,5,鷷,5,鷷,w150b0204,鷷,5,4036,鷷
445,1,春,1,春,w150b0205,春,1,4037,春
446,1,鷷,1,鷷,w150b0301,鷷,1,4038,鷷
447,1,勻,1,勻,w150b0401,勻,1,4039,勻
447,2,畇,2,畇,w150b0402,畇,2,4040,畇
448,1,旬,1,旬,w150b0403,旬,1,4041,旬
448,2,𠣙,2,𠣙,w150b0404,𠣙,2,4042,𠣙
448,3,巡,3,巡,w150b0501,巡,3,4043,巡
448,4,馴,4,馴,w150b0502,馴,4,4044,馴
448,5,循,5,循,w150b0503,循,5,4045,循
448,6,揗,6,揗,w150b0504,揗,6,4046,揗
448,7,㸪,7,㸪,w150b0505,㸪,7,4047,㸪
448,8,紃,8,紃,w150b0506,紃,8,4048,紃
448,9,䋸,9,䋸,w150b0507,䋸,9,4049,䋸
448,10,𪀠,10,𪀠,w150b0601,𪀠,10,4050,𪀠
448,11,洵,11,洵,w150b0602,洵,11,4051,洵
448,12,楯,12,楯,w150b0603,楯,12,4052,楯
448,13,灥,13,灥,w150b0604,灥,13,4053,灥
448,14,㽦,14,㽦,w150b0605,㽦,14,4054,㽦
448,15,𧾩,15,𧾩,w150b0606,𧾩,15,4055,𧾩
448,16,畇,16,畇,w150b0607,畇,16,4056,畇
448,17,䖲,17,䖲,w150b0608,䖲,17,4057,䖲
449,1,均,1,均,w150b0701,均,1,4058,均
449,2,鈞,2,鈞,w150b0702,鈞,2,4059,鈞
449,3,袀,3,袀,w150b0801,袀,3,4060,袀
449,4,汮,4,汮,w150b0802,汮,4,4061,汮
450,1,𧼒,1,𧼒,w150b0803,𧼒,1,4062,𧼒
451,1,砏,1,砏,w150b0901,砏,1,4063,砏
451,2,虨,2,虨,w150b0902,虨,2,4064,虨
452,1,臻,1,臻,w150b1001,臻,1,4065,臻
452,2,蓁,2,蓁,w150b1002,蓁,2,4066,蓁
452,3,搸,3,搸,w150b1003,搸,3,4067,搸
452,4,溱,4,溱,w150b1004,溱,4,4068,溱
452,5,潧,5,潧,w150b1005,潧,5,4069,潧
452,6,𣓀,6,𣓀,w151a0101,𣓀,6,4070,𣓀
452,7,榛,7,榛,w151a0102,榛,7,4071,榛
452,8,樼,8,樼,w151a0103,樼,8,4072,樼
452,9,瀙,9,瀙,w151a0104,瀙,9,4073,瀙
452,10,𨬖,10,𨬖,w151a0105,𨬖,10,4074,𨬖
452,11,轃,11,轃,w151a0106,轃,11,4075,轃
453,1,莘,1,莘,w151a0107,莘,1,4076,莘
453,2,㜪,2,㜪,w151a0201,㜪,2,4077,㜪
453,3,扟,3,扟,w151a0202,扟,3,4078,扟
453,4,駪,4,駪,w151a0203,駪,4,4079,駪
453,5,籸,5,籸,w151a0204,籸,5,4080,籸
453,6,䯂,6,䯂,w151a0205,䯂,6,4081,䯂
453,7,甡,7,甡,w151a0206,甡,7,4082,甡
453,8,兟,8,兟,w151a0207,兟,8,4083,兟
453,9,詵,9,詵,w151a0208,詵,9,4084,詵
453,10,侁,10,侁,w151a0301,侁,10,4085,侁
453,11,𩺵,11,𩺵,w151a0302,𩺵,11,4086,𩺵
453,12,屾,12,屾,w151a0303,屾,12,4087,屾
453,13,𨐔,13,𨐔,w151a0304,𨐔,13,4088,𨐔
453,14,燊,14,燊,w151a0305,燊,14,4089,燊
453,15,𦐹,15,𦐹,w151a0306,𦐹,15,4090,𦐹
453,16,𢓠,16,𢓠,w151a0401,𢓠,16,4091,𢓠
453,17,𣘘,17,𣘘,w151a0402,𣘘,17,4092,㯜
453,18,阠,18,阠,w151a0403,阠,18,4093,阠
453,19,姺,19,姺,w151a0404,姺,19,4094,姺
453,20,㾕,20,㾕,w151a0405,㾕,20,4095,㾕
454,1,𦿒,1,𦿒,w151a0406,𦿒,1,4096,𦿒
454,2,㲀,2,㲀,w151a0501,㲀,2,4097,㲀
454,3,帘,3,帘,w151a0502,帘,3,4098,帘
455,1,文,1,文,w151a0601,文,1,4099,文
455,2,聞,2,聞,w151a0701,聞,2,4100,聞
455,3,𦖞,3,𦖞,w151a0702,𦖫,3,4101,𦖫
455,4,彣,4,彣,w151a0703,彣,4,4102,彣
455,5,紋,5,紋,w151a0704,紋,5,4103,紋
455,6,雯,6,雯,w151a0705,雯,6,4104,雯
455,7,馼,7,馼,w151a0706,馼,7,4105,馼
455,8,蟁,8,蟁,w151a0801,蟁,8,4106,蟁
455,9,蚊,9,蚊,w151a0901,蚊,9,4107,蚊
455,10,䘇,10,䘇,w151a0902,䘇,10,4108,螡
455,11,䰚,11,䰚,w151a0903,䰚,11,4109,䰚
455,12,鳼,12,鳼,w151a0904,鳼,12,4110,鳼
455,13,闅,13,闅,w151a0905,闅,13,4111,闅
455,14,汶,14,汶,w151a1001,汶,14,4112,汶
455,15,鼤,15,鼤,w151a1002,鼤,15,4113,鼤
455,16,閩,16,閩,w151a1003,閩,16,4114,閩
456,1,雲,1,雲,w151a1004,雲,1,4115,雲
456,2,芸,2,芸,w151b0101,芸,2,4116,芸
456,3,蕓,3,蕓,w151b0201,蕓,3,4117,蕓
456,4,𦔐,4,𦔐,w151b0202,𦔐,4,4118,𦔐
456,5,𦓷,5,𦓷,w151b0203,𦓷,5,4119,𦓷
456,6,耘,6,耘,w151b0204,耘,6,4120,耘
456,7,鄖,7,鄖,w151b0205,鄖,7,4121,鄖
456,8,妘,8,妘,w151b0301,妘,8,4122,妘
456,9,紜,9,紜,w151b0302,紜,9,4123,紜
456,10,溳,10,溳,w151b0303,溳,10,4124,溳
456,11,澐,11,澐,w151b0304,澐,11,4125,澐
456,12,云,12,云,w151b0305,云,12,4126,云
456,13,篔,13,篔,w151b0306,篔,13,4127,篔
456,14,䢵,14,䢵,w151b0401,䢵,14,4128,䢵
456,15,員,15,員,w151b0402,貟,15,4129,員
456,16,𪔅,16,𪔅,w151b0403,𪔅,16,4130,𪔅
456,17,愪,17,愪,w151b0404,愪,17,4131,愪
456,18,沄,18,沄,w151b0405,沄,18,4132,沄
456,19,𧶊,19,𧶊,w151b0406,𧶊,19,4133,𧶊
456,20,耺,20,耺,w151b0407,耺,20,4134,耺
456,21,橒,21,橒,w151b0501,橒,21,4135,橒
456,22,䉙,22,䉙,w151b0502,䉙,22,4136,䉙
457,1,熅,1,熅,w151b0503,煴,1,4137,煴
457,2,氳,2,氳,w151b0504,氲,2,4138,氳
457,3,縕,3,縕,w151b0505,緼,3,4139,緼
457,4,馧,4,馧,w151b0506,馧,4,4140,馧
457,5,蒕,5,蒕,w151b0507,蒀,5,4141,蒀
457,6,𥠺,6,𥠺,w151b0601,𥠺,6,4142,𥠺
457,7,䡝,7,䡝,w151b0602,䡝,7,4143,䡝
457,8,蘊,8,蘊,w151b0603,藴,8,4144,蘊
457,9,蝹,9,蝹,w151b0604,蝹,9,4145,蝹
457,10,㚃,10,㚃,w151b0605,㚃,10,4146,㚃
458,1,汾,1,汾,w151b0606,汾,1,4147,汾
458,2,墳,2,墳,w151b0701,墳,2,4148,墳
458,3,氛,3,氛,w151b0702,氛,3,4149,氛
458,4,𣱦,4,𣱦,w151b0703,𣱦,4,4150,𣱦
458,5,鼖,5,鼖,w151b0704,鼖,5,4151,鼖
458,6,䩿,6,䩿,w151b0801,䩿,6,4152,䩿
458,7,𪔵,7,𪔵,w151b0802,𪔵,7,4153,𪔵
458,8,濆,8,濆,w151b0803,濆,8,4154,濆
458,9,焚,9,焚,w151b0804,焚,9,4155,焚
458,10,燌,10,燌,w151b0805,燌,10,4156,燌
458,11,羒,11,羒,w151b0806,羒,11,4157,羒
458,12,豶,12,豶,w151b0807,豶,12,4158,豶
458,13,頒,13,頒,w151b0901,頒,13,4159,頒
458,14,羵,14,羵,w151b0902,羵,14,4160,羵
458,15,䴅,15,䴅,w151b0903,䴅,15,4161,䴅
458,16,枌,16,枌,w151b0904,枌,16,4162,枌
458,17,鳻,17,鳻,w151b0905,鳻,17,4163,鳻
458,18,蕡,18,蕡,w151b1001,蕡,18,4164,蕡
458,19,𦶁〈萉〉,19,𦶁〈萉〉,w151b1002,𦶁〈萉〉,19,4165,𦶁
458,20,橨,20,橨,w151b1003,橨,20,4166,橨
458,21,棼,21,棼,w151b1004,棼,21,4167,棼
458,22,賁,22,賁,w151b1005,賁,22,4168,賁
458,23,葐,23,葐,w151b1006,葐,23,4169,葐
458,24,魵,24,魵,w151b1007,魵,24,4170,魵
458,25,𧮱,25,𧮱,w152a0101,𧮱,25,4171,𧮱
458,26,妢,26,妢,w152a0102,妢,26,4172,妢
458,27,棻,27,棻,w152a0103,棻,27,4173,棻
458,28,梤,28,梤,w152a0104,梤,28,4174,梤
458,29,肦,29,肦,w152a0105,肦,29,4175,朌
458,30,䫶,30,䫶,w152a0106,䫶,30,4176,䫶
458,31,鐼,31,鐼,w152a0107,鐼,31,4177,鐼
458,32,馩,32,馩,w152a0201,馩,32,4178,馩
458,33,馚,33,馚,w152a0202,馚,33,4179,馚
458,34,㞣,34,㞣,w152a0203,㞣,34,4180,㞣
458,35,鼢,35,鼢,w152a0204,鼢,35,4181,鼢
458,36,蚡,36,蚡,w152a0205,蚡,36,4182,蚡
458,37,轒,37,轒,w152a0206,轒,37,4183,轒
459,1,分,1,分,w152a0301,分,1,4184,分
459,2,饙,2,饙,w152a0302,饙,2,4185,饙
459,3,餴,3,餴,w152a0303,餴,3,4186,餴
459,4,扮,4,扮,w152a0304,扮,4,4187,扮
459,5,𡊅,5,𡊅,w152a0305,𡊄,5,4188,𡊄
459,6,𣯻,6,𣯻,w152a0306,𣯻,6,4189,𣯻
460,1,羣,1,羣,w152a0401,羣,1,4190,羣
460,2,帬,2,帬,w152a0402,帬,2,4191,帬
460,3,裠,3,裠,w152a0403,裠,3,4192,裠
460,4,宭,4,宭,w152a0501,宭,4,4193,宭
460,5,𤸷,5,𤸷,w152a0502,𤸷,5,4194,𤸷
461,1,薰,1,薰,w152a0503,薫,1,4195,薰
461,2,曛,2,曛,w152a0504,曛,2,4196,曛
461,3,勳,3,勳,w152a0601,勲,3,4197,勲
461,4,勛,4,勛,w152a0602,勛,4,4198,勛
461,5,熏,5,熏,w152a0603,熏,5,4199,熏
461,6,燻,6,燻,w152a0604,燻,6,4200,燻
461,7,獯,7,獯,w152a0605,獯,7,4201,獯
461,8,纁,8,纁,w152a0606,纁,8,4202,纁
461,9,醺,9,醺,w152a0607,醺,9,4203,醺
461,10,葷,10,葷,w152a0701,葷,10,4204,葷
461,11,焄,11,焄,w152a0702,焄,11,4205,焄
461,12,臐,12,臐,w152a0703,臐,12,4206,臐
462,1,君,1,君,w152a0704,君,1,4207,君
462,2,軍,2,軍,w152a0901,軍,2,4208,軍
462,3,皸,3,皸,w152a1001,皸,3,4209,皸
462,4,桾,4,桾,w152a1002,桾,4,4210,桾
462,5,䇹,5,䇹,w152a1003,䇹,5,4211,䇹
462,6,莙,6,莙,w152a1004,莙,6,4212,莙
462,7,宭,7,宭,w152a1005,宭,7,4213,宭
462,8,鮶,8,鮶,w152b0101,鮶,8,4214,鮶
463,1,芬,1,芬,w152b0102,芬,1,4215,芬
463,2,紛,2,紛,w152b0103,紛,2,4216,紛
463,3,𢁥,3,𢁥,w152b0104,𢁥,3,4217,𢁥
463,4,𣬩,4,𣬩,w152b0105,𣬩,4,4218,𣬩
463,5,衯,5,衯,w152b0201,衯,5,4219,衯
463,6,𦐈,6,𦐈,w152b0202,𦐈,6,4220,𦐈
463,7,棻,7,棻,w152b0203,棻,7,4221,棻
463,8,砏,8,砏,w152b0204,砏,8,4222,砏
463,9,㞣,9,㞣,w152b0205,㞣,9,4223,㞣
463,10,氛,10,氛,w152b0206,氛,10,4224,氛
463,11,雰,11,雰,w152b0207,雰,11,4225,雰
463,12,𨷹〈𩰟〉,12,𨷹〈𩰟〉,w152b0301,𨷹〈𩰟〉,12,4226,𨷹
463,13,錀,13,錀,w152b0302,錀,13,4227,錀
464,1,欣,1,欣,w152b0401,欣,1,4228,欣
464,2,忻,2,忻,w152b0402,忻,2,4229,忻
464,3,昕,3,昕,w152b0403,昕,3,4230,昕
464,4,訢,4,訢,w152b0404,訢,4,4231,訢
464,5,炘,5,炘,w152b0405,炘,5,4232,炘
464,6,邤,6,邤,w152b0501,邤,6,4233,邤
465,1,殷,1,殷,w152b0502,殷,1,4234,殷
465,2,慇,2,慇,w152b0503,慇,2,4235,慇
465,3,㶏,3,㶏,w152b0601,㶏,3,4236,㶏
465,4,溵,4,溵,w152b0602,溵,4,4237,溵
466,1,勤,1,勤,w152b0603,勤,1,4238,勤
466,2,芹,2,芹,w152b0604,芹,2,4239,芹
466,3,懃,3,懃,w152b0701,懃,3,4240,懃
466,4,慬,4,慬,w152b0702,慬,4,4241,慬
466,5,懄,5,懄,w152b0703,懄,5,4242,懄
466,6,瘽,6,瘽,w152b0704,瘽,6,4243,瘽
466,7,𥎊,7,𥎊,w152b0705,𥎊,7,4244,𥎊
466,8,蘄,8,蘄,w152b0706,蘄,8,4245,蘄
467,1,斤,1,斤,w152b0707,斤,1,4246,斤
467,2,筋,2,筋,w152b0801,筋,2,4247,筋
467,3,䈥,3,䈥,w152b0901,䈥,3,4248,䈥
467,4,釿,4,釿,w152b0902,釿,4,4249,釿
468,1,䖐,1,䖐,w152b0903,䖐,1,4250,䖐
468,2,㹜,2,㹜,w152b0904,㹜,2,4251,㹜
468,3,圻,3,圻,w152b0905,圻,3,4252,圻
468,4,垠,4,垠,w152b0906,垠,4,4253,垠
468,5,齗,5,齗,w152b1001,齗,5,4254,齗
468,6,齦,6,齦,w152b1002,齦,6,4255,齦
468,7,䴦,7,䴦,w152b1003,䴦,7,4256,䴦
468,8,斦,8,斦,w152b1004,斦,8,4257,斦
468,9,𪛊,9,𪛊,w152b1005,𪛊,9,4258,𪛊
468,10,䓄,10,䓄,w152b1006,䓄,10,4259,䓄
468,11,狺,11,狺,w152b1007,狺,11,4260,狺
468,12,鄞,12,鄞,w152b1008,鄞,12,4261,鄞
469,1,元,1,元,w153a0101,元,1,4262,元
469,2,原,2,原,w153a0102,原,2,4263,原
469,3,𨙅,3,𨙅,w153a0201,邍,3,4264,𨙅
469,4,源,4,源,w153a0301,源,4,4265,源
469,5,厵,5,厵,w153a0302,厵〈𠫐〉,5,4266,厵
469,6,杬,6,杬,w153a0401,杬,6,4267,杬
469,7,嫄,7,嫄,w153a0402,嫄,7,4268,嫄
469,8,沅,8,沅,w153a0403,沅,8,4269,沅
469,9,騵,9,騵,w153a0404,騵,9,4270,騵
469,10,黿,10,黿,w153a0501,黿,10,4271,黿
469,11,羱,11,羱,w153a0502,羱,11,4272,羱
469,12,蚖,12,蚖,w153a0503,蚖,12,4273,蚖
469,13,𧔞,13,𧔞,w153a0601,𧔞,13,4274,𧔞
469,14,芫,14,芫,w153a0602,芫,14,4275,芫
469,15,邧,15,邧,w153a0603,邧,15,4276,邧
469,16,榞,16,榞,w153a0604,榞,16,4277,榞
469,17,謜,17,謜,w153a0701,謜,17,4278,謜
469,18,㹉,18,㹉,w153a0702,㹉,18,4279,㹉
469,19,䬧,19,䬧,w153a0703,䬧,19,4280,䬧
469,20,獂,20,獂,w153a0704,獂,20,4281,獂
469,21,阮,21,阮,w153a0705,阮,21,4282,阮
469,22,蒝,22,蒝,w153a0801,蒝,22,4283,蒝
470,1,袁,1,袁,w153a0802,𡋡,1,4284,袁
470,2,爰,2,爰,w153a0803,爰,2,4285,爰
470,3,垣,3,垣,w153a0901,垣,3,4286,垣
470,4,𩫧,4,𩫧,w153a0902,𩫧,4,4287,𩫧
470,5,園,5,園,w153a0903,園,5,4288,園
470,6,援,6,援,w153a0904,援,6,4289,援
470,7,榬,7,榬,w153a0905,榬,7,4290,榬
470,8,轅,8,轅,w153a1001,轅,8,4291,轅
470,9,鶢,9,鶢,w153a1002,鶢,9,4292,鶢
470,10,媛,10,媛,w153a1003,媛,10,4293,媛
470,11,洹,11,洹,w153a1004,洹,11,4294,洹
470,12,溒,12,溒,w153b0101,溒,12,4295,溒
470,13,𧻚,13,𧻚,w153b0102,𧻚,13,4296,𧻚
470,14,蝯,14,蝯,w153b0103,蝯,14,4297,蝯
470,15,猨,15,猨,w153b0104,猨,15,4298,猨
470,16,猿,16,猿,w153b0201,猿,16,4299,猿
471,1,煩,1,煩,w153b0202,煩,1,4300,煩
471,2,番,2,番,w153b0203,番,2,4301,番
471,3,𨆌,3,𨆌,w153b0204,𨆌,3,4302,𨆌
471,4,蹯,4,蹯,w153b0301,蹯,4,4303,蹯
471,5,繁,5,繁,w153b0302,繁,5,4304,繁
471,6,蘩,6,蘩,w153b0303,蘩,6,4305,蘩
471,7,薠,7,薠,w153b0304,薠,7,4306,薠
471,8,樊,8,樊,w153b0305,樊,8,4307,樊
471,9,𢶃,9,𢶃,w153b0401,𢶃,9,4308,𢶃
471,10,繙,10,繙,w153b0402,繙,10,4309,繙
471,11,燔,11,燔,w153b0403,燔,11,4310,燔
471,12,膰,12,膰,w153b0404,膰,12,4311,膰
471,13,瀿,13,瀿,w153b0405,瀿,13,4312,瀿
471,14,羳,14,羳,w153b0501,羳,14,4313,羳
471,15,𩐏,15,𩐏,w153b0502,𩐏,15,4314,䪤
471,16,鷭,16,鷭,w153b0503,鷭,16,4315,鷭
471,17,蟠,17,蟠,w153b0504,蟠,17,4316,蟠
471,18,蕃,18,蕃,w153b0505,蕃,18,4317,蕃
471,19,蠜,19,蠜,w153b0506,蠜,19,4318,蠜
471,20,礬,20,礬,w153b0507,礬,20,4319,礬
471,21,𪖇,21,𪖇,w153b0601,𪖇,21,4320,𪖇
471,22,𨟄,22,𨟄,w153b0602,𨟄,22,4321,𨟄
471,23,鐇,23,鐇,w153b0603,鐇,23,4322,鐇
471,24,璠,24,璠,w153b0604,璠,24,4323,璠
471,25,笲,25,笲,w153b0605,笲,25,4324,笲
471,26,𥢌,26,𥢌,w153b0606,𥢌,26,4325,𥢌
471,27,㺕,27,㺕,w153b0701,㺕,27,4326,㺕
471,28,襎,28,襎,w153b0702,襎,28,4327,襎
471,29,袢,29,袢,w153b0703,袢,29,4328,袢
471,30,棥,30,棥,w153b0704,棥,30,4329,棥
471,31,䋣,31,䋣,w153b0705,緐,31,4330,緐
471,32,𥿋,32,𥿋,w153b0706,𥿋,32,4331,𥿋
471,33,墦,33,墦,w153b0707,墦,33,4332,墦
471,34,𢐲,34,𢐲,w153b0708,𢐲,34,4333,𢐲
471,35,䮳,35,䮳,w153b0801,䮳,35,4334,䮳
471,36,旛,36,旛,w153b0802,旛,36,4335,旛
471,37,𧢜,37,𧢜,w153b0803,𧢜,37,4336,𧢜
471,38,藩,38,藩,w153b0804,藩,38,4337,藩
472,1,飜,1,飜,w153b0805,飜,1,4338,飜
472,2,翻,2,翻,w153b0806,翻,2,4339,翻
472,3,旛,3,旛,w153b0807,旛,3,4340,旛
472,4,番,4,番,w153b0808,番,4,4341,番
472,5,幡,5,幡,w153b0901,幡,5,4342,幡
472,6,𤄫,6,𤄫,w153b0902,𤄫,6,4343,𤃳
472,7,𤄜,7,𤄜,w153b0903,𤄜,7,4344,𤄜
472,8,轓,8,轓,w153b0904,轓,8,4345,轓
472,9,繙,9,繙,w153b0905,繙,9,4346,繙
472,10,反,10,反,w153b0906,反,10,4347,反
473,1,暄,1,暄,w153b1001,暄,1,4348,暄
473,2,煖,2,煖,w153b1002,煖,2,4349,煖
473,3,喛,3,喛,w153b1003,喛,3,4350,喛
473,4,萱,4,萱,w153b1004,萱,4,4351,萱
473,5,䁔,5,䁔,w153b1005,䁔,5,4352,䁔
473,6,諼,6,諼,w153b1006,諼,6,4353,諼
473,7,塤,7,塤,w153b1007,塤,7,4354,塤
473,8,壎,8,壎,w154a0101,壎,8,4355,壎
473,9,䳦,9,䳦,w154a0102,䳦,9,4356,䳦
473,10,吅,10,吅,w154a0103,吅,10,4357,吅
473,11,貆,11,貆,w154a0104,貆,11,4358,貆
473,12,喧,12,喧,w154a0201,喧,12,4359,喧
473,13,諠,13,諠,w154a0202,諠,13,4360,諠
473,14,愋,14,愋,w154a0203,愋,14,4361,愋
473,15,讙,15,讙,w154a0204,讙,15,4362,讙
473,16,翧,16,翧,w154a0205,翧,16,4363,翧
473,17,䚭,17,䚭,w154a0206,䚭,17,4364,䚭
473,18,䚙,18,䚙,w154a0207,䚙,18,4365,䚙
473,19,蝖,19,蝖,w154a0301,蝖,19,4366,蝖
474,1,鴛,1,鴛,w154a0302,鴛,1,4367,鴛
474,2,冤,2,冤,w154a0303,冤,2,4368,冤
474,3,㠾,3,㠾,w154a0304,㠾,3,4369,㠾
474,4,鵷,4,鵷,w154a0305,鵷,4,4370,鵷
474,5,𣹠,5,𣹠,w154a0306,𣹠,5,4371,𣹠
474,6,惌,6,惌,w154a0401,惌,6,4372,惌
474,7,䥉,7,䥉,w154a0402,䥉,7,4373,䥉
474,8,宛,8,宛,w154a0403,宛,8,4374,宛
474,9,蜿,9,蜿,w154a0404,蜿,9,4375,蜿
474,10,𩝸,10,𩝸,w154a0405,𩝸,10,4376,𩝸
474,11,蒬,11,蒬,w154a0406,蒬,11,4377,蒬
474,12,怨,12,怨,w154a0501,怨,12,4378,怨
474,13,𡟰,13,𡟰,w154a0502,𡟰,13,4379,𡟰
474,14,葾,14,葾,w154a0503,葾,14,4380,葾
474,15,䡝,15,䡝,w154a0504,䡝,15,4381,䡝
474,16,䩩,16,䩩,w154a0505,䩩,16,4382,䩩
474,17,裷,17,裷,w154a0506,裷,17,4383,裷
474,18,眢,18,眢,w154a0507,眢,18,4384,眢
475,1,言,1,言,w154a0508,言,1,4385,言
475,2,琂,2,琂,w154a0601,琂,2,4386,琂
475,3,甗,3,甗,w154a0602,甗,3,4387,甗
475,4,䇾,4,䇾,w154a0701,䇾,4,4388,䇾
475,5,䓂,5,䓂,w154a0702,䓂,5,4389,䓂
476,1,攑,1,攑,w154a0703,攑,1,4390,攑
476,2,䞿,2,䞿,w154a0704,䞿,2,4391,䞿
477,1,軒,1,軒,w154a0705,軒,1,4392,軒
477,2,掀,2,掀,w154a0801,掀,2,4393,掀
477,3,鶱,3,鶱,w154a0802,鶱,3,4394,鶱
477,4,䡣,4,䡣,w154a0803,䡣〈𨍓〉,4,4395,䡣
477,5,蓒,5,蓒,w154a0804,蓒,5,4396,蓒
477,6,䞿,6,䞿,w154a0805,䞿,6,4397,䞿
478,1,𢳚,1,𢳚,w154a0806,𢳚,1,4398,𢳚
478,2,𣘖,2,𣘖,w154a0901,𣘖,2,4399,𣘖
478,3,靬,3,靬,w154a0902,靬,3,4400,靬
478,4,鞬,4,鞬,w154a0903,鞬,4,4401,鞬
478,5,𩎀,5,𩎀,w154a0904,𩎀,5,4402,𩎀
478,6,㓺,6,㓺,w154a0905,㓺,6,4403,㓺
478,7,犍,7,犍,w154a0906,犍,7,4404,犍
478,8,腱,8,腱,w154a1001,腱,8,4405,腱
478,9,騝,9,騝,w154a1002,騝,9,4406,騝
478,10,䭈,10,䭈,w154a1003,䭈,10,4407,䭈
478,11,𩱡,11,𩱡,w154a1004,𩱡,11,4408,𩱡
478,12,𩱤,12,𩱤,w154a1005,𩱤,12,4409,𩱤
479,1,蔫,1,蔫,w154a1006,蔫,1,4410,蔫
479,2,焉,2,焉,w154b0101,焉,2,4411,焉
480,1,蕃,1,蕃,w154b0102,蕃,1,4412,蕃
480,2,藩,2,藩,w154b0103,藩,2,4413,藩
480,3,轓,3,轓,w154b0104,轓,3,4414,轓
480,4,鱕,4,鱕,w154b0105,鱕,4,4415,鱕
480,5,籓,5,籓,w154b0201,籓,5,4416,籓
480,6,鐇,6,鐇,w154b0202,鐇,6,4417,鐇
481,1,𥴤,1,𥴤,w154b0203,𥴤,1,4418,𥴤
481,2,赶,2,赶,w154b0204,赶,2,4419,赶
482,1,樠,1,樠,w154b0205,樠,1,4420,樠
483,1,䰟,1,䰟,w154b0301,䰟,1,4421,䰟
483,2,㮯,2,㮯,w154b0501,㮯,2,4422,㮯
483,3,䮝,3,䮝,w154b0502,䮝,3,4423,䮝
483,4,𤟤,4,𤟤,w154b0503,𤟤,4,4424,𤟤
483,5,餛,5,餛,w154b0504,餛,5,4425,餛
483,6,餫,6,餫,w154b0505,餫,6,4426,餫
483,7,䴷,7,䴷,w154b0506,䴷,7,4427,䴷
483,8,鼲,8,鼲,w154b0507,鼲,8,4428,鼲
483,9,楎,9,楎,w154b0601,楎,9,4429,楎
483,10,渾,10,渾,w154b0602,渾,10,4430,渾
483,11,沄,11,沄,w154b0701,沄,11,4431,沄
483,12,忶,12,忶,w154b0702,忶,12,4432,忶
483,13,𦸌〈𦺊〉,13,𦸌〈𦺊〉,w154b0703,𦸌〈𦺊〉,13,4433,𦸌
483,14,俒,14,俒,w154b0704,俒,14,4434,俒
483,15,㑮,15,㑮,w154b0705,㑮,15,4435,㑮
483,16,䡣,16,䡣,w154b0706,䡣,16,4436,䡣
483,17,𡍦,17,𡍦,w154b0801,堚,17,4437,堚
483,18,𢣒,18,𢣒,w154b0802,𢣒,18,4438,𢣒
483,19,𣝂,19,𣝂,w154b0803,𣝂,19,4439,𣝂
483,20,㨡,20,㨡,w154b0804,㨡,20,4440,㨡
483,21,煇,21,煇,w154b0805,煇,21,4441,煇
483,22,顐,22,顐,w154b0806,顐,22,4442,顐
483,23,𧡡,23,𧡡,w154b0807,𧡡,23,4443,𧡡
483,24,琿,24,琿,w154b0808,琿,24,4444,琿
484,1,昆,1,昆,w154b0809,昆,1,4445,昆
484,2,晜,2,晜,w154b0901,晜,2,4446,晜
484,3,𥊽,3,𥊽,w154b0902,𥊽,3,4447,𥊽
484,4,菎,4,菎,w154b0903,菎,4,4448,菎
484,5,㡓,5,㡓,w154b0904,㡓,5,4449,㡓
484,6,褌,6,褌,w154b1001,褌,6,4450,褌
484,7,崐,7,崐,w154b1002,崐,7,4451,崐
484,8,琨,8,琨,w154b1003,琨,8,4452,琨
484,9,鵾,9,鵾,w154b1004,鵾,9,4453,鵾
484,10,鶤,10,鶤,w154b1005,鶤,10,4454,鶤
484,11,鯤,11,鯤,w154b1006,鯤,11,4455,鯤
484,12,䖵,12,䖵,w154b1007,䖵,12,4456,䖵
484,13,蜫,13,蜫,w154b1008,蜫,13,4457,蜫
484,14,惃,14,惃,w154b1009,惃,14,4458,惃
484,15,㱎,15,㱎,w155a0101,㱎,15,4459,㱎
484,16,錕,16,錕,w155a0102,錕,16,4460,錕
484,17,瑻,17,瑻,w155a0103,瑻,17,4461,瑻
484,18,𪋆,18,𪋆,w155a0104,𪋆,18,4462,𪋆
484,19,猑,19,猑,w155a0105,猑,19,4463,猑
484,20,騉,20,騉,w155a0106,騉,20,4464,騉
485,1,𥁕,1,𥁕,w155a0107,𥁕,1,4465,𥁕
485,2,溫,2,溫,w155a0201,温,2,4466,溫
485,3,轀,3,轀,w155a0301,輼,3,4467,輼
485,4,薀,4,薀,w155a0302,蕰,4,4468,蕰
485,5,𩥈,5,𩥈,w155a0401,𩥈,5,4469,𩥈
485,6,殟,6,殟,w155a0402,殟,6,4470,殟
485,7,鴛,7,鴛,w155a0403,鴛,7,4471,鴛
485,8,𨜵,8,𨜵,w155a0404,𨜵,8,4472,𨜵
485,9,豱,9,豱,w155a0405,豱,9,4473,豱
485,10,縕,10,縕,w155a0406,緼,10,4474,緼
485,11,韞,11,韞,w155a0407,韞,11,4475,韞
485,12,㼔,12,㼔,w155a0501,㼔,12,4476,㼔
485,13,𪉸,13,𪉸,w155a0502,𪉸,13,4477,𪉸
486,1,門,1,門,w155a0503,門,1,4478,門
486,2,捫,2,捫,w155a0901,捫,2,4479,捫
486,3,樠,3,樠,w155a0902,樠,3,4480,樠
486,4,虋,4,虋,w155a0903,虋,4,4481,虋
486,5,璊,5,璊,w155a0904,璊,5,4482,璊
486,6,亹,6,亹,w155a0905,亹,6,4483,亹
486,7,𤅣,7,𤅣,w155a0906,𤅣,7,4484,𤅣
486,8,怋,8,怋,w155a1001,怋,8,4485,怋
486,9,䫒,9,䫒,w155a1002,䫒,9,4486,䫒
486,10,𣯩,10,𣯩,w155a1003,𣯩,10,4487,𣯩
486,11,䟂,11,䟂,w155a1004,䟂,11,4488,䟂
486,12,䊟,12,䊟,w155a1005,䊟,12,4489,䊟
486,13,𪈿,13,𪈿,w155a1006,𪈿,13,4490,𪈿
487,1,孫,1,孫,w155a1007,孫,1,4491,孫
487,2,蓀,2,蓀,w155b0701,蓀,2,4492,蓀
487,3,飧,3,飧,w155b0702,飧,3,4493,飧
487,4,蕵,4,蕵,w155b0703,蕵,4,4494,蕵
487,5,猻,5,猻,w155b0704,猻,5,4495,猻
487,6,搎,6,搎,w155b0705,搎,6,4496,搎
488,1,尊,1,尊,w155b0706,尊,1,4497,尊
488,2,罇,2,罇,w155b0901,罇,2,4498,罇
488,3,樽,3,樽,w155b0902,樽,3,4499,樽
488,4,嶟,4,嶟,w155b0903,嶟,4,4500,嶟
488,5,繜,5,繜,w155b0904,繜,5,4501,繜
489,1,存,1,存,w155b0905,存,1,4502,存
489,2,蹲,2,蹲,w155b0906,蹲,2,4503,蹲
489,3,拵,3,拵,w155b0907,拵,3,4504,拵
489,4,𨚲,4,𨚲,w155b1001,𨚲,4,4505,𨚲
489,5,袸,5,袸,w155b1002,袸,5,4506,袸
490,1,敦,1,敦,w155b1003,敦,1,4507,敦
490,2,惇,2,惇,w155b1004,惇,2,4508,惇
490,3,弴,3,弴,w156a0101,弴,3,4509,弴
490,4,㢯〈弤〉,4,㢯〈弤〉,w156a0102,㢯〈弤〉,4,4510,㢯
490,5,驐,5,驐,w156a0103,驐,5,4511,驐
490,6,墩,6,墩,w156a0104,墩,6,4512,墩
490,7,𤭞,7,𤭞,w156a0105,𤭞,7,4513,𤭞
491,1,暾,1,暾,w156a0106,暾,1,4514,暾
491,2,燉,2,燉,w156a0201,燉,2,4515,燉
491,3,涒,3,涒,w156a0202,涒,3,4516,涒
491,4,𪏆,4,𪏆,w156a0203,𪏆,4,4517,𪏆
491,5,噋,5,噋,w156a0204,噋,5,4518,噋
491,6,𧑒,6,𧑒,w156a0205,𧑒,6,4519,𧑒
491,7,黗,7,黗,w156a0301,黗,7,4520,黗
492,1,屯,1,屯,w156a0302,屯,1,4521,屯
492,2,豚,2,豚,w156a0303,豚,2,4522,豚
492,3,㹠,3,㹠,w156a0304,㹠,3,4523,㹠
492,4,豘,4,豘,w156a0305,豘,4,4524,豘
492,5,窀,5,窀,w156a0306,窀,5,4525,窀
492,6,臀,6,臀,w156a0401,臀,6,4526,臀
492,7,𡱂,7,𡱂,w156a0402,𡱂,7,4527,𡱂
492,8,𦞠,8,𦞠,w156a0403,𦞠,8,4528,𦞠
492,9,𩪡,9,𩪡,w156a0404,𩪡,9,4529,𩪡
492,10,軘,10,軘,w156a0405,軘,10,4530,軘
492,11,飩,11,飩,w156a0406,飩,11,4531,飩
492,12,𥴫,12,𥴫,w156a0407,𥴫,12,4532,𥴫
492,13,坉,13,坉,w156a0408,坉,13,4533,坉
492,14,沌,14,沌,w156a0501,沌,14,4534,沌
492,15,邨,15,邨,w156a0502,邨,15,4535,邨
492,16,燉,16,燉,w156a0503,燉,16,4536,燉
492,17,忳,17,忳,w156a0504,忳,17,4537,忳
492,18,啍,18,啍,w156a0505,啍,18,4538,啍
492,19,芚,19,芚,w156a0506,芚,19,4539,芚
492,20,庉,20,庉,w156a0601,庉,20,4540,庉
492,21,𪎶,21,𪎶,w156a0602,𪎶,21,4541,𪎶
492,22,𤫭,22,𤫭,w156a0603,𤫭,22,4542,𤫭
493,1,村,1,村,w156a0604,村,1,4543,村
494,1,㑮,1,㑮,w156a0605,㑮,1,4544,㑮
494,2,瘒,2,瘒,w156a0701,瘒,2,4545,瘒
494,3,顐,3,顐,w156a0702,顐,3,4546,顐
494,4,梱,4,梱,w156a0703,梱,4,4547,梱
495,1,盆,1,盆,w156a0704,盆,1,4548,盆
495,2,葐,2,葐,w156a0801,葐,2,4549,葐
495,3,𪂽,3,𪂽,w156a0802,𪂽,3,4550,𪂽
495,4,湓,4,湓,w156a0803,湓,4,4551,湓
496,1,奔,1,奔,w156a0804,奔,1,4552,奔
496,2,賁,2,賁,w156a0901,賁,2,4553,賁
496,3,䴅,3,䴅,w156a1001,䴅,3,4554,䴅
496,4,犇,4,犇,w156a1002,犇,4,4555,犇
497,1,論,1,論,w156a1003,論,1,4556,論
497,2,崘,2,崘,w156b0101,崘,2,4557,崘
497,3,掄,3,掄,w156b0102,掄,3,4558,掄
497,4,菕,4,菕,w156b0103,菕,4,4559,菕
498,1,坤,1,坤,w156b0104,坤,1,4560,坤
498,2,𡿦,2,𡿦,w156b0105,𡿦,2,4561,巛
498,3,髡,3,髡,w156b0201,髡,3,4562,髡
498,4,𩒱,4,𩒱,w156b0202,𩒱,4,4563,𩒱
498,5,臗,5,臗,w156b0203,臗,5,4564,臗
498,6,髖,6,髖,w156b0204,髖,6,4565,髖
498,7,豤,7,豤,w156b0205,豤,7,4566,豤
499,1,昏,1,昏,w156b0206,昏,1,4567,昏
499,2,惛,2,惛,w156b0207,惛,2,4568,惛
499,3,婚,3,婚,w156b0208,婚,3,4569,婚
499,4,棔,4,棔,w156b0301,棔,4,4570,棔
499,5,閽,5,閽,w156b0302,閽,5,4571,閽
499,6,殙,6,殙,w156b0303,殙,6,4572,殙
499,7,𣣏,7,𣣏,w156b0304,𣣏,7,4573,𣣏
500,1,濆,1,濆,w156b0305,濆,1,4574,濆
500,2,噴,2,噴,w156b0401,噴,2,4575,噴
500,3,歕,3,歕,w156b0402,歕,3,4576,歕
501,1,黁,1,黁,w156b0403,黁,1,4577,黁
502,1,痕,1,痕,w156b0501,痕,1,4578,痕
502,2,鞎,2,鞎,w156b0502,鞎,2,4579,鞎
502,3,拫,3,拫,w156b0503,拫,3,4580,拫
502,4,㯊,4,㯊,w156b0504,㯊,4,4581,㯊
503,1,根,1,根,w156b0505,根,1,4582,根
503,2,跟,2,跟,w156b0601,跟,2,4583,跟
503,3,𣥦,3,𣥦,w156b0602,𣥦,3,4584,𣥦
503,4,珢,4,珢,w156b0603,珢,4,4585,珢
504,1,恩,1,恩,w156b0604,恩,1,4586,恩
504,2,𤇯,2,𤇯,w156b0701,𤇯,2,4587,𤇯
504,3,煾,3,煾,w156b0702,煾,3,4588,煾
505,1,吞,1,吞,w156b0703,吞,1,4589,吞
506,1,垠,1,垠,w156b0704,垠,1,4590,垠
506,2,圻,2,圻,w156b0801,圻,2,4591,圻
506,3,泿,3,泿,w156b0802,泿,3,4592,泿
507,1,寒,1,寒,w156b0901,寒,1,4593,寒
507,2,𩏑,2,𩏑,w156b0902,𩏑,2,4594,𩏑
507,3,𦺦,4,𦺦,w157a0101,𦺦,4,4596,𦺦
507,4,翰,5,翰,w157a0102,翰,5,4597,翰
507,5,鶾,6,鶾,w157a0103,鶾,6,4598,鶾
507,6,邯,7,邯,w157a0104,邯,7,4599,邯
507,7,邗,8,邗,w157a0201,邗,8,4600,邗
507,8,虷,9,虷,w157a0202,虷,9,4601,虷
507,9,汗,10,汗,w157a0203,汗,10,4602,汗
507,10,𧃙,11,𧃙,w157a0204,𧃙,11,4603,𧃙
507,11,䮧,12,䮧,w157a0301,䮧,12,4604,䮧
508,1,豻,1,豻,w157a0302,豻,1,4605,豻
508,2,犴,2,犴,w157a0303,犴,2,4606,犴
508,3,雃,3,雃,w157a0304,雃,3,4607,雃
508,4,𡽜,4,𡽜,w157a0401,𡽜,4,4608,𡽜
509,1,單,1,單,w157a0402,單,1,4609,單
509,2,襌,2,襌,w157a0403,襌,2,4610,襌
509,3,鄲,3,鄲,w157a0404,鄲,3,4611,鄲
509,4,丹,4,丹,w157a0405,丹,4,4612,丹
509,5,殫,5,殫,w157a0501,殫,5,4613,殫
509,6,簞,6,簞,w157a0601,簞,6,4614,簞
509,7,匰,7,匰,w157a0602,匰,7,4615,匰
509,8,㠆,8,㠆,w157a0603,㠆,8,4616,㠆
509,9,癉,9,癉,w157a0604,癉,9,4617,癉
509,10,䐷,10,䐷,w157a0605,䐷,10,4618,䐷
510,1,安,1,安,w157a0606,安,1,4619,安
510,2,䀂,2,䀂,w157a0801,䀂,2,4620,䀂
510,3,鞌,3,鞌,w157a0802,鞌,3,4621,鞌
510,4,䢿,4,䢿,w157a0803,䢿,4,4622,䢿
510,5,侒,5,侒,w157a0804,侒,5,4623,侒
511,1,難,1,難,w157a0805,難,1,4624,難
511,2,𪇼,2,𪇼,w157a1001,𪇼,2,4625,𪇠
511,3,𩁢,3,𩁚,w157a1002,𩁢,3,4626,𩁘
511,4,𩁚,4,𩁢,w157a1003,𩁚,4,4627,𩁣
512,1,餐,1,餐,w157a1004,餐,1,4628,餐
512,2,湌,2,湌,w157a1005,湌,2,4629,湌
512,3,䉔,3,䉔,w157a1006,䉔,3,4630,䉔
513,1,灘,1,灘,w157a1007,灘,1,4631,灘
513,2,嘽,2,嘽,w157b0101,嘽,2,4632,嘽
513,3,嘆,3,嘆,w157b0102,嘆,3,4633,嘆
513,4,擹,4,擹,w157b0103,擹,4,4634,擹
513,5,譠,5,譠,w157b0104,譠,5,4635,譠
513,6,痑,6,痑,w157b0105,痑,6,4636,痑
513,7,攤,7,攤,w157b0106,攤,7,4637,攤
513,8,𦧴,8,𦧴,w157b0201,𦧴,8,4638,𦧴
513,9,嬗,9,嬗,w157b0202,嬗,9,4639,嬗
513,10,㨏,10,㨏,w157b0203,㨏,10,4640,㨏
514,1,𦙱,1,𦙱,w157b0204,𦚻,1,4641,𦙽
514,2,跚,2,跚,w157b0205,𨀢,2,4642,跚
514,3,珊,3,珊,w157b0206,珊,3,4643,珊
514,4,姍,4,姍,w157b0301,𡜜,4,4644,姍
514,5,䈀,5,䈀,w157b0302,𥮚,5,4645,䈀
515,1,壇,1,壇,w157b0303,壇,1,4646,壇
515,2,檀,2,檀,w157b0304,檀,2,4647,檀
515,3,鷤,3,鷤,w157b0501,鷤,3,4648,鷤
515,4,癉,4,癉,w157b0502,癉,4,4649,癉
515,5,撣,5,撣,w157b0503,撣,5,4650,撣
515,6,彈,6,彈,w157b0601,彈,6,4651,彈
515,7,驒,7,驒,w157b0602,驒,7,4652,驒
515,8,驙,8,驙,w157b0603,驙,8,4653,驙
515,9,但,9,但,w157b0701,但,9,4654,但
515,10,胆,10,胆,w157b0702,胆,10,4655,胆
515,11,繟,11,繟,w157b0703,繟,11,4656,繟
515,12,儃,12,儃,w157b0704,儃,12,4657,儃
515,13,聅,13,聅,w157b0801,聅,13,4658,聅
515,14,唌,14,唌,w157b0802,唌,14,4659,唌
515,15,貚,15,貚,w157b0803,貚,15,4660,貚
516,1,殘,1,殘,w157b0804,殘,1,4661,殘
516,2,䏼,2,䏼,w157b0805,䏼,2,4662,䏼
516,3,㱚,3,㱚,w157b0806,㱚,3,4663,㱚
516,4,戔,4,戔,w157b0807,戔,4,4664,戔
516,5,𥂫,5,𥂫,w157b0901,𥂥,5,4665,𥂥
516,6,𣦼,6,𣦼,w157b0902,𣦻,6,4666,𣦻
516,7,帴,7,帴,w157b0903,帴,7,4667,帴
517,1,干,1,干,w157b0904,干,1,4668,干
517,2,乾,2,乾,w157b1001,乾,2,4669,乾
517,3,漧,3,漧,w157b1002,漧,3,4670,漧
517,4,竿,4,竿,w157b1003,竿,4,4671,竿
517,5,肝,5,肝,w157b1004,肝,5,4672,肝
517,6,奸,6,奸,w157b1005,奸,6,4673,奸
517,7,鳱,7,鳱,w158a0101,鳱,7,4674,鳱
517,8,玕,8,玕,w158a0102,玕,8,4675,玕
517,9,邗,9,邗,w158a0103,邗,9,4676,邗
517,10,汗,10,汗,w158a0104,汗,10,4677,汗
517,11,迀,11,迀,w158a0201,迀,11,4678,迀
517,12,㿻,12,㿻,w158a0202,㿻,12,4679,㿻
517,13,𢧀,13,𢧀,w158a0203,𢧀,13,4680,𢧀
517,14,忓,14,忓,w158a0204,忓,14,4681,忓
517,15,𨝌,15,𨝌,w158a0205,𨝌,15,4682,𨝌
517,16,𡯋,16,𡯋,w158a0206,𡯋,16,4683,𡯋
518,1,蘭,1,蘭,w158a0207,蘭,1,4684,蘭
518,2,瀾,2,瀾,w158a0301,瀾,2,4685,瀾
518,3,闌,3,闌,w158a0302,闌,3,4686,闌
518,4,讕,4,讕,w158a0401,讕,4,4687,讕
518,5,攔,5,攔,w158a0402,攔,5,4688,攔
518,6,𨷻,6,𨷻,w158a0403,𨷻,6,4689,𨷻
518,7,籣,7,籣,w158a0404,籣,7,4690,籣
518,8,䪍,8,䪍,w158a0405,䪍,8,4691,䪍
518,9,欄,9,欄,w158a0406,欄,9,4692,欄
518,10,躝,10,躝,w158a0407,躝,10,4693,躝
518,11,幱,11,幱,w158a0501,幱,11,4694,幱
518,12,㘓,12,㘓,w158a0502,㘓,12,4695,㘓
519,1,看,1,看,w158a0503,看,1,4696,看
519,2,𥉏,1.5,𥉏,w158a0504,𥉏,2,4697,𥉏
519,3,栞,2,栞,w158a0505,栞,3,4698,栞
519,4,𣓁,3,𣓁,w158a0506,𣓁,4,4699,𣓁
519,5,靬,4,靬,w158a0507,靬,5,4700,靬
519,6,臤,5,臤,w158a0508,臤,6,4701,臤
519,7,刊,6,刊,w158a0601,刊,7,4702,刊
520,1,頇,1,頇,w158a0602,頇,1,4703,頇
520,2,鼾,2,鼾,w158a0603,鼾,2,4704,鼾
521,1,濡,1,濡,w158a0604,濡,1,4705,濡
522,1,桓,1,桓,w158a0701,𢘆,1,4706,桓
522,2,完,2,完,w158a0702,完,2,4707,完
522,3,䴟,3,䴟,w158a0703,䴟,3,4708,䴟
522,4,𩾞,4,𩾞,w158a0801,𩾞,4,4709,𩾞
522,5,丸,5,丸,w158a0802,丸,5,4710,丸
522,6,瓛,6,瓛,w158a0803,瓛,6,4711,瓛
522,7,紈,7,紈,w158a0804,紈,7,4712,紈
522,8,𦻃,8,𦻃,w158a0805,𦼉,8,4713,𦼉
522,9,雈,9,雈,w158a0901,萑,9,4714,萑
522,10,洹,10,洹,w158a0902,洹,10,4715,洹
522,11,汍,11,汍,w158a0903,汍,11,4716,汍
522,12,絙,12,絙,w158a0904,絙,12,4717,絙
522,13,芄,13,芄,w158a0905,芄,13,4718,芄
522,14,豲,14,豲,w158a0906,豲,14,4719,豲
522,15,梡,15,梡,w158a0907,梡,15,4720,梡
522,16,荁,16,荁,w158a1001,荁,16,4721,荁
522,17,莞,17,莞,w158a1002,莞,17,4722,莞
522,18,綄,18,綄,w158a1003,綄,18,4723,綄
522,19,𦏊,19,𦏊,w158a1004,𦏊,19,4724,𦏊
522,20,萈,20,萈,w158a1005,萈,20,4725,萈
522,21,貆,21,貆,w158b0101,貆,21,4726,貆
522,22,狟,22,狟,w158b0102,狟,22,4727,狟
522,23,峘,23,峘,w158b0103,峘,23,4728,峘
522,24,㿪,24,㿪,w158b0104,㿪,24,4729,㿪
522,25,䎠,25,䎠,w158b0105,䎠,25,4730,䎠
522,26,垸,26,垸,w158b0201,垸,26,4731,垸
522,27,寏,27,寏,w158b0202,寏,27,4732,寏
522,28,院,28,院,w158b0203,院,28,4733,院
522,29,捖,29,捖,w158b0204,捖,29,4734,捖
523,1,岏,1,岏,w158b0205,岏,1,4735,岏
523,2,刓,2,刓,w158b0206,刓,2,4736,刓
523,3,园,3,园,w158b0207,园,3,4737,园
523,4,忨,4,忨,w158b0208,忨,4,4738,忨
523,5,蚖,5,蚖,w158b0209,蚖,5,4739,蚖
523,6,䯈,6,䯈,w158b0301,䯈,6,4740,䯈
523,7,羱,7,羱,w158b0302,羱,7,4741,羱
523,8,黿,8,黿,w158b0303,黿,8,4742,黿
523,9,抏,9,抏,w158b0304,抏,9,4743,抏
523,10,𠒢,10,𠒢,w158b0305,𠒢,10,4744,𠒢
524,1,端,1,端,w158b0306,端,1,4745,端
524,2,褍,2,褍,w158b0401,褍,2,4746,褍
524,3,剬,3,剬,w158b0402,剬,3,4747,剬
524,4,𧤗,4,𧤗,w158b0403,𧤗,4,4748,𧤗
524,5,耑,5,耑,w158b0501,耑,5,4749,耑
524,6,鍴,6,鍴,w158b0502,鍴,6,4750,鍴
524,7,𥵣,7,𥵣,w158b0503,𥵣,7,4751,𥵣
524,8,竱,8,竱,w158b0504,竱,8,4752,竱
524,9,𦾸,9,𦾸,w158b0505,𦾸,9,4753,𦾸
524,10,𥠄,10,𥠄,w158b0506,𥠄,10,4754,𥠄
524,11,偳,11,偳,w158b0601,偳,11,4755,偳
525,1,剜,1,剜,w158b0602,剜,1,4756,剜
525,2,眢,2,眢,w158b0603,眢,2,4757,眢
525,3,豌,3,豌,w158b0604,豌,3,4758,豌
525,4,蜿,4,蜿,w158b0605,蜿,4,4759,蜿
525,5,帵,5,帵,w158b0606,帵,5,4760,帵
525,6,婠,6,婠,w158b0701,婠,6,4761,婠
526,1,湍,1,湍,w158b0702,湍,1,4762,湍
526,2,貒,2,貒,w158b0703,貒,2,4763,貒
526,3,䵎,3,䵎,w158b0704,䵎,3,4764,䵎
526,4,𪏆,4,𪏆,w158b0705,𪏆,4,4765,𪏆
526,5,煓,5,煓,w158b0801,煓,5,4766,煓
526,6,偳,6,偳,w158b0802,偳,6,4767,偳
527,1,酸,1,酸,w158b0803,酸,1,4768,酸
527,2,狻,2,狻,w158b0804,狻,2,4769,狻
527,3,䝜,3,䝜,w158b0805,䝜,3,4770,䝜
527,4,痠,4,痠,w158b0806,痠,4,4771,痠
527,5,𩆑,5,𩆑,w158b0807,𩆑,5,4772,𩆑
528,1,團,1,團,w158b0808,團,1,4773,團
528,2,慱,2,慱,w158b0901,慱,2,4774,慱
528,3,篿,3,篿,w158b0902,篿,3,4775,篿
528,4,剸,4,剸,w158b0903,剸,4,4776,剸
528,5,鄟,5,鄟,w158b0904,鄟,5,4777,鄟
528,6,𧐕,6,𧐕,w158b0905,𧐕,6,4778,𧐕
528,7,敦,7,敦,w158b0906,敦,7,4779,敦
528,8,漙,8,漙,w158b1001,漙,8,4780,漙
528,9,鷒,9,鷒,w158b1002,鷒,9,4781,鷒
528,10,𪆃,10,𪆃,w158b1003,𪆃,10,4782,𪆃
528,11,摶,11,摶,w158b1004,摶,11,4783,摶
528,12,𩅂,12,𩅂,w159a0101,𩅂,12,4784,𩅂
529,1,欑,1,欑,w159a0102,櫕,1,4785,櫕
529,2,巑,2,巑,w159a0103,㠝,2,4786,巑
529,3,𩎈,3,𩎈,w159a0104,𩍴,3,4787,𩎈
529,4,菆,4,菆,w159a0105,菆,4,4788,菆
529,5,禶〈襸〉,5,禶〈襸〉,w159a0201,禶〈襸〉,5,4789,襸
529,6,酇,6,酇,w159a0202,鄼,6,4790,酇
529,7,穳,7,穳,w159a0203,𥣪,7,4791,穳
529,8,𥣚,8,𥣚,w159a0204,𥣚,8,4792,𥣚
529,9,劗,9,劗,w159a0205,劗,9,4793,劗
530,1,官,1,官,w159a0206,官,1,4794,官
530,2,悹,2,悹,w159a0401,悹,2,4795,悹
530,3,莞,3,莞,w159a0402,莞,3,4796,莞
530,4,棺,4,棺,w159a0501,棺,4,4797,棺
530,5,觀,5,觀,w159a0502,觀,5,4798,觀
530,6,貫,6,貫,w159a0503,貫,6,4799,貫
530,7,冠,7,冠,w159a0601,冠,7,4800,冠
530,8,涫,8,涫,w159a0602,涫,8,4801,涫
530,9,倌,9,倌,w159a0603,倌,9,4802,倌
530,10,毌,10,毌,w159a0701,毌,10,4803,毌
531,1,鑾,1,鑾,w159a0702,鑾,1,4804,鑾
531,2,鸞,2,鸞,w159a0801,鸞,2,4805,鸞
531,3,巒,3,巒,w159a0901,巒,3,4806,巒
531,4,欒,4,欒,w159a0902,欒,4,4807,欒
531,5,羉,5,羉,w159a1001,羉,5,4808,羉
531,6,𧄶,6,𧄶,w159a1002,𧄶,6,4809,𧄶
531,7,䜌,7,䜌,w159a1003,䜌,7,4810,䜌
531,8,㱍,8,㱍,w159a1004,㱍,8,4811,㱍
531,9,臠,9,臠,w159a1005,臠,9,4812,臠
531,10,灤,10,灤,w159b0101,灤,10,4813,灤
531,11,灓,11,灓,w159b0102,灓,11,4814,灓
531,12,𤼙,12,𤼙,w159b0103,𤼙,12,4815,𤼙
531,13,圝,13,圝,w159b0104,圝,13,4816,圞
531,14,曫,14,曫,w159b0105,曫,14,4817,曫
532,1,歡,1,歡,w159b0106,歡,1,4818,歡
532,2,懽,2,懽,w159b0201,懽,2,4819,懽
532,3,驩,3,驩,w159b0202,驩,3,4820,驩
532,4,貆,4,貆,w159b0203,貆,4,4821,貆
532,5,貛,5,貛,w159b0204,貛,5,4822,貛
532,6,𪈩,6,𪈩,w159b0205,𪈩,6,4823,𪈩
532,7,鴅,7,鴅,w159b0206,〾鴅〈鴅〉,7,4824,鴅
532,8,酄,8,酄,w159b0301,酄,8,4825,酄
532,9,獾,9,獾,w159b0302,獾,9,4826,獾
532,10,犿,10,犿,w159b0303,犿,10,4827,犿
532,11,𡚊,11,𡚊,w159b0304,𡚊,11,4828,𡚊
532,12,讙,12,讙,w159b0305,讙,12,4829,讙
532,13,𠂄,13,𠂄,w159b0306,𠂄,13,4830,𠂄
533,1,寬,1,寬,w159b0401,寬,1,4831,寬
533,2,髖,2,髖,w159b0402,髖,2,4832,髖
534,1,鑽,1,鑽,w159b0403,鑚,1,4833,鑚
534,2,𩎑,2,𩎑,w159b0404,𩎑,2,4834,𩎑
534,3,𩎈,3,𩎈,w159b0501,𩎈,3,4835,𩎈
534,4,䡽,4,䡽,w159b0502,䡽,4,4836,䡽
534,5,𣀶,5,𣀶,w159b0503,𣀶,5,4837,𣀶
534,6,劗,6,劗,w159b0504,劗,6,4838,劗
535,1,槃,1,槃,w159b0505,槃,1,4839,槃
535,2,盤,2,盤,w159b0506,盤,2,4840,盤
535,3,鎜,3,鎜,w159b0507,鎜,3,4841,鎜
535,4,柈,4,柈,w159b0508,柈,4,4842,柈
535,5,瘢,5,瘢,w159b0509,瘢,5,4843,瘢
535,6,磻,6,磻,w159b0601,磻,6,4844,磻
535,7,幋,7,幋,w159b0602,幋,7,4845,幋
535,8,磐,8,磐,w159b0603,磐,8,4846,磐
535,9,䰉,9,䰉,w159b0604,䰉,9,4847,䰉
535,10,般,10,般,w159b0605,般,10,4848,般
535,11,蹣,11,蹣,w159b0606,蹣,11,4849,蹣
535,12,搫,12,搫,w159b0607,搫,12,4850,搫
535,13,鞶,13,鞶,w159b0701,鞶,13,4851,鞶
535,14,繁,14,繁,w159b0702,繁,14,4852,繁
535,15,𪄀,15,𪄀,w159b0703,𪄀,15,4853,𪄀
535,16,𥈼,16,𥈼,w159b0704,𥈼,16,4854,𥈼
535,17,媻,17,媻,w159b0705,媻,17,4855,媻
535,18,縏,18,縏,w159b0801,縏,18,4856,縏
535,19,蟠,19,蟠,w159b0802,蟠,19,4857,蟠
535,20,𪒀,20,𪒀,w159b0803,𪒀,20,4858,𪒀
535,21,䈲,21,䈲,w159b0804,䈲,21,4859,䈲
535,22,𤠍,22,𤠍,w159b0805,𤠍,22,4860,𤠍
536,1,瞞,1,瞞,w159b0806,瞞,1,4861,瞞
536,2,顢,2,顢,w159b0901,顢,2,4862,顢
536,3,謾,3,謾,w159b0902,謾,3,4863,謾
536,4,蹣,4,蹣,w159b0903,蹣,4,4864,蹣
536,5,䊡,5,䊡,w159b0904,䊡,5,4865,䊡
536,6,饅,6,饅,w159b0905,饅,6,4866,饅
536,7,慲,7,慲,w159b1001,慲,7,4867,慲
536,8,鏝,8,鏝,w159b1002,鏝,8,4868,鏝
536,9,槾,9,槾,w159b1003,槾,9,4869,槾
536,10,墁,10,墁,w159b1004,墁,10,4870,墁
536,11,㒼,11,㒼,w159b1005,㒼,11,4871,㒼
536,12,鞔,12,鞔,w159b1006,鞔,12,4872,鞔
536,13,樠,13,樠,w159b1007,樠,13,4873,樠
536,14,鰻,14,鰻,w159b1008,鰻,14,4874,鰻
536,15,曼,15,曼,w159b1009,曼,15,4875,曼
536,16,蔓,16,蔓,w159b1010,蔓,16,4876,蔓
536,17,䜱,17,䜱,w160a0101,䜱,17,4877,䜱
536,18,𤡁,18,𤡁,w160a0102,𤡁,18,4878,𤡁
536,19,䟂,19,䟂,w160a0103,䟂,19,4879,䟂
536,20,𦔔,20,𦔔,w160a0104,𦔔,20,4880,𦔔
536,21,芇,21,芇,w160a0105,芇,21,4881,芇
536,22,悗,22,悗,w160a0106,悗,22,4882,悗
536,23,鬗,23,鬗,w160a0201,鬗,23,4883,鬗
536,24,絻,24,絻,w160a0202,絻,24,4884,絻
537,1,潘,1,潘,w160a0203,潘,1,4885,潘
537,2,㽃,2,㽃,w160a0204,㽃,2,4886,㽃
537,3,番,3,番,w160a0301,番,3,4887,番
537,4,拌,4,拌,w160a0302,拌,4,4888,拌
537,5,㢖,5,㢖,w160a0303,㢖,5,4889,㢖
537,6,𤺏,6,𤺏,w160a0304,𤺏,6,4890,𤺏
538,1,𤳖,1,𤳖,w160a0305,𤳖,1,4891,𤳖
538,2,般,2,般,w160a0306,般,2,4892,般
538,3,䈲,3,䈲,w160a0307,䈲,3,4893,䈲
538,4,𠦒,4,𠦒,w160a0401,𠦒,4,4894,𠦒
539,1,刪,1,刪,w160a0501,𠜂,1,4895,刪
539,2,訕,2,訕,w160a0502,訕,2,4896,訕
539,3,潸,3,潸,w160a0503,潸,3,4897,潸
539,4,𣧱,4,𣧱,w160a0504,𣧺,4,4898,𣧱
539,5,狦,5,狦,w160a0505,狦,5,4899,狦
540,1,關,1,關,w160a0601,關,1,4900,關
540,2,関,2,関,w160a0602,関,2,4901,関
540,3,癏,3,癏,w160a0701,癏,3,4902,癏
540,4,擐,4,擐,w160a0702,擐,4,4903,擐
540,5,𠴨,5,𠴨,w160a0703,𠴨,5,4904,𠴨
540,6,𢇇,6,𢇇,w160a0704,𢇇,6,4905,𢇇
541,1,彎,1,彎,w160a0705,彎,1,4906,彎
541,2,灣,2,灣,w160a0706,灣,2,4907,灣
541,3,䘎,3,䘎,w160a0801,䘎,3,4908,䘎
541,4,𩅦,4,𩅦,w160a0802,𩅦,4,4909,𩅦
541,5,潫,5,潫,w160a0803,潫,5,4910,潫
542,1,𣠯〈𣟴〉,1,𣠯〈𣟴〉,w160a0804,𣠯,1,4911,𣠯
543,1,還,1,還,w160a0805,還,1,4912,還
543,2,環,2,環,w160a0901,環,2,4913,環
543,3,𠟼,3,𠟼,w160a0902,𠟼,3,4914,𠟼
543,4,鬟,4,鬟,w160a1001,鬟,4,4915,鬟
543,5,寰,5,寰,w160a1002,寰,5,4916,寰
543,6,闤,6,闤,w160a1003,闤,6,4917,闤
543,7,糫,7,糫,w160a1004,糫,7,4918,糫
543,8,鍰,8,鍰,w160a1005,鍰,8,4919,鍰
543,9,圜,9,圜,w160b0101,圜,9,4920,圜
543,10,鐶,10,鐶,w160b0102,鐶,10,4921,鐶
543,11,轘,11,轘,w160b0103,轘,11,4922,轘
543,12,𡍦,12,𡍦,w160b0104,𡍦,12,4923,𡍦
543,13,䍺,13,䍺,w160b0105,䍺,13,4924,䍺
543,14,𦏖,14,𦏖,w160b0201,𦏖,14,4925,𦏖
543,15,郇,15,郇,w160b0202,郇,15,4926,郇
543,16,澴,16,澴,w160b0203,澴,16,4927,澴
543,17,𩙽,17,𩙽,w160b0204,𩙽,17,4928,𩙽
543,18,䭴,18,䭴,w160b0205,䭴,18,4929,䭴
543,19,㡲,19,㡲,w160b0206,㡲,19,4930,㡲
543,20,𦣴,20,𦣴,w160b0301,𦣴,20,4931,𦣴
544,1,班,1,班,w160b0302,班,1,4932,班
544,2,頒,2,頒,w160b0303,頒,2,4933,頒
544,3,鳻,3,鳻,w160b0304,鳻,3,4934,鳻
544,4,肦,4,肦,w160b0401,肦,4,4935,朌
544,5,螌,5,螌,w160b0402,螌,5,4936,螌
544,6,斑,6,斑,w160b0403,斑,6,4937,斑
544,7,辬,7,辬,w160b0404,辬,7,4938,辬
544,8,䰉,8,䰉,w160b0405,䰉,8,4939,䰉
544,9,般,9,般,w160b0406,般,9,4940,般
544,10,斒,10,斒,w160b0501,斒,10,4941,斒
544,11,鯿,11,鯿,w160b0502,鯿,11,4942,鯿
544,12,扳,12,扳,w160b0503,扳,12,4943,扳
544,13,𠔯,13,𠔯,w160b0504,𠔯,13,4944,𠔯
545,1,蠻,1,蠻,w160b0505,蠻,1,4945,蠻
545,2,𪈮,2,𪈮,w160b0601,𪈮,2,4946,𪈮
545,3,獌,3,獌,w160b0602,獌,3,4947,獌
545,4,鬘,4,鬘,w160b0603,鬘,4,4948,鬘
545,5,謾,5,謾,w160b0604,謾,5,4949,謾
545,6,䅼,6,䅼,w160b0701,䅼,6,4950,䅼
545,7,𪑪,7,𪑪,w160b0702,𪑪,7,4951,𪑪
546,1,顏,1,顏,w160b0703,顔,1,4952,顔
546,2,楌,2,楌,w160b0801,楌,2,4953,楌
547,1,姦,1,姦,w160b0802,姦,1,4954,姦
547,2,菅,2,菅,w160b0901,菅,2,4955,菅
547,3,葌,3,葌,w160b0902,葌,3,4956,葌
547,4,䔵,4,䔵,w160b0903,䔵,4,4957,䔵
548,1,攀,1,攀,w160b0904,攀,1,4958,攀
548,2,扳,2,扳,w160b0905,扳,2,4959,扳
548,3,眅,3,眅,w160b0906,眅,3,4960,眅
549,1,奻,1,奻,w160b0907,奻,1,4961,奻
550,1,𤸷,1,𤸷,w160b1001,𤸷,1,4962,𤸷
550,2,頑,2,頑,w160b1002,頑,2,4963,頑
551,1,馯,1,馯,w160b1003,馯,1,4964,馯
552,1,豻,1,豻,w160b1004,豻,1,4965,豻
552,2,鬜,2,鬜,w161a0101,鬜,2,4966,鬜
553,1,跧,1,跧,w161a0102,跧,1,4967,跧
554,1,山,1,山,w161a0201,山,1,4968,山
554,2,疝,2,疝,w161a0301,疝,2,4969,疝
554,3,邖,3,邖,w161a0302,邖,3,4970,邖
555,1,鰥,1,鰥,w161a0303,鰥,1,4971,鰥
555,2,䤽,2,䤽,w161a0401,䤽,2,4972,䤽
555,3,綸,3,綸,w161a0402,綸,3,4973,綸
556,1,閒,1,閒,w161a0403,閒,1,4974,閒
556,2,艱,2,艱,w161a0501,艱,2,4975,艱
556,3,囏,3,囏,w161a0502,囏,3,4976,囏
556,4,靬,4,靬,w161a0503,靬,4,4977,靬
556,5,蕳,5,蕳,w161a0504,蕑,5,4978,蕑
556,6,覸,6,覸,w161a0505,覵,6,4979,覸
557,1,閑,1,閑,w161a0506,閑,1,4980,閑
557,2,嫺,2,嫺,w161a0601,嫺,2,4981,嫺
557,3,癇,3,癇,w161a0602,癇,3,4982,癇
557,4,𩦂,4,𩦂,w161a0603,𩦂,4,4983,𩦂
557,5,蛝,5,蛝,w161a0604,蛝,5,4984,蛝
557,6,瞯,6,瞯,w161a0605,瞯,6,4985,瞯
557,7,鷴,7,鷴,w161a0606,鷴〈鷳〉,7,4986,鷴
557,8,藖,8,藖,w161a0701,藖,8,4987,藖
557,9,憪,9,憪,w161a0702,憪,9,4988,憪
558,1,慳,1,慳,w161a0703,慳,1,4989,慳
558,2,𧢞,2,𧢞,w161a0704,𧢞,2,4990,𧢞
558,3,顅,3,顅,w161a0705,顅,3,4991,顅
558,4,掔,4,掔,w161a0801,掔,4,4992,掔
558,5,鬜,5,鬜,w161a0802,鬜,5,4993,鬝
558,6,羥,6,羥,w161a0803,羥,6,4994,羥
558,7,臤,7,臤,w161a0804,臤,7,4995,臤
558,8,𩋆,8,𩋆,w161a0805,𩋆,8,4996,𩋆
559,1,虥,1,虥,w161a0806,虥,1,4997,虥
559,2,潺,2,潺,w161a0901,潺,2,4998,潺
559,3,孱,3,孱,w161a0902,孱,3,4999,孱
559,4,僝,4,僝,w161a0903,僝,4,5000,僝
559,5,䡲,5,䡲,w161a0904,䡲,5,5001,䡲
559,6,𨬖,6,𨬖,w161a1001,𨬖,6,5002,𨬖
559,7,𡎻,7,𡎻,w161a1002,𡎻,7,5003,𡎻
560,1,羴,1,羴,w161a1003,羴,1,5004,羴
561,1,訮,1,訮,w161a1004,詽,1,5005,詽
561,2,𤡥,2,𤡥,w161a1005,𤡥,2,5006,𤡥
561,3,㗴,3,㗴,w161b0101,㗴,3,5007,㗴
561,4,虤,4,虤,w161b0102,虤,4,5008,虤
562,1,黰,1,黰,w161b0103,黰,1,5009,黰
562,2,𦎣,2,𦎣,w161b0104,𦎣,2,5010,𦎣
562,3,殷,3,殷,w161b0105,殷,3,5011,殷
562,4,㸶,4,㸶,w161b0106,㸶,4,5012,㸶
562,5,黫,5,黫,w161b0107,黫,5,5013,黫
563,1,斒,1,斒,w161b0201,斒,1,5014,斒
563,2,虨,2,虨,w161b0202,虨,2,5015,虨
564,1,斕,1,斕,w161b0203,斕,1,5016,斕
564,2,𢿻〈𣁣〉,2,𢿻〈𣁣〉,w161b0204,𢿻〈𣁣〉,2,5017,𢿻
564,3,𢛓,3,𢛓,w161b0205,𢛓,3,5018,𢛓
564,4,潾,4,潾,w161b0206,潾,4,5019,潾
565,1,嘫,1,嘫,w161b0301,嘫,1,5020,嘫
565,2,㬮,2,㬮,w161b0302,㬮,2,5021,㬮
566,1,㺗,1,㺗,w161b0303,㺗,1,5022,㺗
567,1,𡣬,1,𡣬,w161b0304,嬽,1,5023,嬽
568,1,窀,1,窀,w161b0305,窀,1,5024,窀
569,1,𡰠,1,𡰠,w161b0401,𡰠,1,5025,𡰠
570,1,𡰝,1,𡰝,w161b0402,𡰝,1,5026,𡰝
571,1,譠,1,譠,w161b0403,譠,1,5027,譠
571,2,㣶,2,㣶,w161b0404,㣶,2,5028,㣶
572,1,𤣆,1,𤣆,w161b0405,𤣆,1,5029,𤣆
573,1,湲,1,湲,w161b0501,湲,1,5030,湲
574,1,虥,1,虥,w161b0502,虥,1,5031,虥
574,2,𡎻,2,𡎻,w161b0503,𡎻,2,5032,𡎻
575,1,先,1,先,w201b0701,先,1,5033,先
575,2,躚,2,躚,w201b0702,躚,2,5034,躚
575,3,蹮,3,蹮,w201b0703,蹮,3,5035,蹮
575,4,𥑻,4,𥑻,w201b0704,𥑻,4,5036,𥑻
576,1,前,1,前,w201b0705,前,1,5037,前
576,2,歬,2,歬,w201b0801,歬,2,5038,歬
576,3,騚,3,騚,w201b0802,騚,3,5039,騚
576,4,湔,4,湔,w201b0803,湔,4,5040,湔
576,5,𥮒,5,𥮒,w201b0804,𥮒,5,5041,𥮒
576,6,𥷰,5.5,𥷰,w201b0805,𥷰,6,5042,⿱𥫗瀸
577,1,千,1,千,w201b0806,千,1,5043,千
577,2,圱,2,圱,w201b0901,圱,2,5044,圱
577,3,阡,3,阡,w201b0902,阡,3,5045,阡
577,4,汘,4,汘,w201b0903,汘,4,5046,汘
577,5,仟,5,仟,w201b0904,仟,5,5047,仟
577,6,芊,6,芊,w201b0905,芊,6,5048,芊
577,7,谸,7,谸,w201b1001,谸,7,5049,谸
577,8,迁,8,迁,w201b1002,迁,8,5050,迁
577,9,杄,9,杄,w201b1003,杄,9,5051,杄
578,1,箋,1,箋,w201b1004,箋,1,5052,箋
578,2,牋,2,牋,w201b1005,牋,2,5053,牋
578,3,㮍,3,㮍,w202a0101,㮍,3,5054,㮍
578,4,瀳,4,瀳,w202a0102,瀳,4,5055,瀳
578,5,帴,5,帴,w202a0103,帴,5,5056,帴
578,6,韉,6,韉,w202a0104,韉,6,5057,韉
578,7,淺,7,淺,w202a0105,淺,7,5058,淺
578,8,湔,8,湔,w202a0106,湔,8,5059,湔
578,9,𢃬,9,𢃬,w202a0201,𢃬,9,5060,𢃬
578,10,𣚙,10,𣚙,w202a0202,𣚙,10,5061,𣚙
578,11,轃,11,轃,w202a0203,轃,11,5062,轃
578,12,濺,12,濺,w202a0204,濺,12,5063,濺
578,13,籛,13,籛,w202a0205,籛,13,5064,籛
578,14,𣝕,14,𣝕,w202a0301,𣝕,14,5065,𣝕
578,15,𨕨〈𨔥〉,15,𨕨〈𨔥〉,w202a0302,𨕨〈𨔥〉,15,5066,𨕨
579,1,天,1,天,w202a0303,天,1,5067,天
579,2,𠀘,2,𠀘,w202a0401,𠀘,2,5068,𠀘
579,3,䒶,3,䒶,w202a0402,䒶,3,5069,䒶
579,4,𦧝,4,𦧝,w202a0403,𦧝,4,5070,𦧝
579,5,吞,5,吞,w202a0404,吞,5,5071,吞
579,6,訮,6,訮,w202a0405,詽,6,5072,詽
580,1,堅,1,堅,w202a0406,堅,1,5073,堅
580,2,鋻,2,鋻,w202a0501,鋻,2,5074,鑒
580,3,𢮂,3,𢮂,w202a0502,𢮂,3,5075,𢮂
580,4,㡉,4,㡉,w202a0503,㡉,4,5076,㡉
580,5,幵,5,幵,w202a0504,幵,5,5077,幵
580,6,肩,6,肩,w202a0601,肩,6,5078,肩
580,7,鳽,7,鳽,w202a0602,鳽,7,5079,鳽
580,8,豜,8,豜,w202a0603,豜,8,5080,豜
580,9,𧱚,9,𧱚,w202a0701,𧱚,9,5081,𧱚
580,10,猏,10,猏,w202a0702,猏,10,5082,猏
580,11,菺,11,菺,w202a0703,菺,11,5083,菺
580,12,𪊑,12,𪊑,w202a0704,𪊑,12,5084,𪊑
580,13,麉,13,麉,w202a0705,麉,13,5085,麉
580,14,鵳,14,鵳,w202a0706,鵳,14,5086,鵳
580,15,鰹,15,鰹,w202a0707,鰹,15,5087,鰹
580,16,䶬,16,䶬,w202a0801,䶬,16,5088,䶬
580,17,䌑,17,䌑,w202a0802,䌑,17,5089,䌑
581,1,賢,1,賢,w202a0803,賢,1,5090,賢
581,2,臤,2,臤,w202a0804,臤,2,5091,臤
581,3,弦,3,弦,w202a0805,弦,3,5092,弦
581,4,絃,4,絃,w202a0901,絃,4,5093,絃
581,5,舷,5,舷,w202a0902,舷,5,5094,舷
581,6,胘,6,胘,w202a0903,胘,6,5095,胘
581,7,蚿,7,蚿,w202a1001,蚿,7,5096,蚿
581,8,𢛆,8,𢛆,w202a1002,𢛆,8,5097,𢛆
581,9,𠛑,9,𠛑,w202a1003,𠛑,9,5098,𠛑
581,10,伭,10,伭,w202a1004,伭,10,5099,伭
581,11,𢮂,11,𢮂,w202a1005,𢮂,11,5100,𢮂
581,12,𦱁,12,𦱁,w202a1006,𦱁,12,5101,𦱁
581,13,婱,13,婱,w202a1007,婱,13,5102,婱
581,14,𧼏,14,𧼏,w202b0101,𧼏,14,5103,𧼏
581,15,礥,15,礥,w202b0102,礥,15,5104,礥
581,16,痃,16,痃,w202b0103,痃,16,5105,痃
581,17,㘋,17,㘋,w202b0104,㘋,17,5106,㘋
582,1,煙,1,煙,w202b0105,煙,1,5107,煙
582,2,烟,2,烟,w202b0106,烟,2,5108,烟
582,3,𡨾,3,𡨾,w202b0107,𡨾,3,5109,𡨾
582,4,𤎟,4,𤎟,w202b0108,𤎟,4,5110,𤎟
582,5,燕,5,燕,w202b0201,燕,5,5111,燕
582,6,咽,6,咽,w202b0202,咽,6,5112,咽
582,7,橪,7,橪,w202b0203,橪,7,5113,橪
582,8,驠,8,驠,w202b0204,驠,8,5114,驠
582,9,湮,9,湮,w202b0301,湮,9,5115,湮
582,10,胭,10,胭,w202b0302,胭,10,5116,胭
582,11,𥷀,11,𥷀,w202b0303,𥷀,11,5117,𥷀
582,12,閼,12,閼,w202b0304,閼,12,5118,閼
583,1,蓮,1,蓮,w202b0305,蓮,1,5119,蓮
583,2,憐,2,憐,w202b0306,憐,2,5120,憐
583,3,怜,3,怜,w202b0401,怜,3,5121,怜
583,4,嗹,4,嗹,w202b0402,嗹,4,5122,嗹
583,5,縺,5,縺,w202b0403,縺,5,5123,縺
583,6,𪍴,6,𪍴,w202b0404,𪍴,6,5124,𪍴
583,7,𨏩,7,𨏩,w202b0405,𨏩,7,5125,𨏩
583,8,零,8,零,w202b0406,零,8,5126,零
584,1,田,1,田,w202b0501,田,1,5127,田
584,2,佃,2,佃,w202b0601,佃,2,5128,佃
584,3,畋,3,畋,w202b0602,畋,3,5129,畋
584,4,畇,4,畇,w202b0603,畇,4,5130,畇
584,5,填,5,填,w202b0604,塡,5,5131,塡
584,6,窴,6,窴,w202b0701,𥧑,6,5132,窴
584,7,闐,7,闐,w202b0702,闐,7,5133,闐
584,8,䟧,8,䟧,w202b0703,䟧,8,5134,䟧
584,9,𦧴,9,𦧴,w202b0704,𦧴,9,5135,𦧴
584,10,鈿,10,鈿,w202b0705,鈿,10,5136,鈿
584,11,䡘,11,䡘,w202b0801,䡘,11,5137,䡘
584,12,沺,12,沺,w202b0802,沺,12,5138,沺
584,13,磌,13,磌,w202b0803,磌,13,5139,磌
584,14,鷏,14,鷏,w202b0804,鷆,14,5140,鷏
584,15,嗔,15,嗔,w202b0805,嗔,15,5141,嗔
584,16,𨌈,16,𨌈,w202b0806,𨌈,16,5142,𨌈
584,17,滇,17,滇,w202b0901,滇,17,5143,滇
584,18,貚,18,貚,w202b0902,貚,18,5144,貚
584,19,搷,19,搷,w202b0903,搷,19,5145,搷
585,1,秊,1,秊,w202b0904,秊,1,5146,秊
585,2,年,2,年,w202b0905,年,2,5147,年
585,3,𨚶,3,𨚶,w202b0906,𨛲,3,5148,𨛲
586,1,顛,1,顛,w202b1001,顚,1,5149,顚
586,2,㒹,2,㒹,w202b1002,㒹,2,5150,㒹
586,3,齻,3,齻,w202b1003,齻,3,5151,齻
586,4,𩥄,4,𩥄,w202b1004,𩥄,4,5152,𩥄
586,5,槙,5,槙,w203a0101,槇,5,5153,槙
586,6,瘨,6,瘨,w203a0102,瘨,6,5154,瘨
586,7,癲,7,癲,w203a0103,癲,7,5155,癲
586,8,滇,8,滇,w203a0104,滇,8,5156,滇
586,9,𧽍,9,𧽍,w203a0105,𧽍,9,5157,𧽍
586,10,巔,10,巔,w203a0106,巓,10,5158,巔
586,11,驒,11,驒,w203a0107,驒,11,5159,驒
586,12,𠑘,12,𠑘,w203a0108,𠑘,12,5160,𠑘
586,13,傎,13,傎,w203a0201,傎,13,5161,傎
586,14,蹎,14,蹎,w203a0202,蹎,14,5162,蹎
586,15,厧,15,厧,w203a0203,厧,15,5163,厧
587,1,牽,1,牽,w203a0204,牽,1,5164,牽
587,2,縴,2,縴,w203a0205,縴,2,5165,縴
587,3,邢,3,邢,w203a0301,郉,3,5166,郉
587,4,汧,4,汧,w203a0302,汧,4,5167,汧
587,5,蚈,5,蚈,w203a0303,蚈,5,5168,蚈
587,6,𪊑,6,𪊑,w203a0304,𪊑,6,5169,𪊑
587,7,掔,7,掔,w203a0401,掔,7,5170,掔
587,8,岍,8,岍,w203a0402,岍,8,5171,岍
587,9,雃,9,雃,w203a0403,雃,9,5172,雃
588,1,妍,1,妍,w203a0501,姸,1,5173,姸
588,2,鳽,2,鳽,w203a0502,鳽,2,5174,鳽
588,3,研,3,研,w203a0503,硏,3,5175,硏
588,4,𥓋,4,𥓋,w203a0504,𥓋,4,5176,𥓋
588,5,揅,5,揅,w203a0505,揅,5,5177,揅
588,6,㿼,6,㿼,w203a0506,㿼,6,5178,㿼
588,7,趼,7,趼,w203a0507,趼,7,5179,趼
588,8,俓,8,俓,w203a0601,俓,8,5180,俓
589,1,眠,1,眠,w203a0602,眠,1,5181,眠
589,2,瞑,2,瞑,w203a0603,瞑,2,5182,瞑
589,3,䏃,3,䏃,w203a0604,䏃,3,5183,䏃
589,4,矏,4,矏,w203a0605,矏,4,5184,矏
589,5,𥌂,5,𥌂,w203a0701,𥌂,5,5185,𥌂
589,6,䰓,6,䰓,w203a0702,䰓,6,5186,䰓
589,7,㝰,7,㝰,w203a0703,㝰,7,5187,㝰
590,1,蹁,1,蹁,w203a0704,蹁,1,5188,蹁
590,2,蠙,2,蠙,w203a0705,蠙,2,5189,蠙
590,3,骿,3,骿,w203a0706,骿,3,5190,骿
590,4,軿,4,軿,w203a0707,軿,4,5191,軿
590,5,駢,5,駢,w203a0801,駢,5,5192,駢
590,6,㼐,6,㼐,w203a0802,㼐,6,5193,㼐
590,7,胼,7,胼,w203a0803,胼,7,5194,胼
590,8,跰,8,跰,w203a0804,跰,8,5195,跰
590,9,楄,9,楄,w203a0805,楄,9,5196,楄
590,10,賆,10,賆,w203a0806,賆,10,5197,賆
590,11,玭,11,玭,w203a0807,玭,11,5198,玭
590,12,琕,12,琕,w203a0901,琕,12,5199,琕
591,1,淵,1,淵,w203a0902,淵,1,5200,淵
591,2,𠝃,2,𠝃,w203a0903,𠝃,2,5201,𠝃
591,3,囦,3,囦,w203a0904,囦,3,5202,囦
591,4,㾓,4,㾓,w203a0905,㾓,4,5203,㾓
591,5,弲,5,弲,w203a1001,弲,5,5204,弲
591,6,剈,6,剈,w203a1002,剈,6,5205,剈
591,7,鼘,7,鼘,w203a1003,鼘,7,5206,鼘
591,8,𨓯,8,𨓯,w203a1004,𨓯,8,5207,𨓯
591,9,䨊,9,䨊,w203a1005,䨊,9,5208,䨊
591,10,蜎,10,蜎,w203a1006,蜎,10,5209,蜎
592,1,涓,1,涓,w203a1007,㳙,1,5210,涓
592,2,睊,2,睊,w203b0101,睊,2,5211,睊
592,3,蠲,3,蠲,w203b0102,蠲,3,5212,蠲
592,4,𦮻,4,𦮻,w203b0103,𦮌,4,5213,𦮻
592,5,䅌,5,䅌,w203b0104,䅌,5,5214,䅌
592,6,鵑,6,鵑,w203b0105,䳌,6,5215,鵑
592,7,焆,7,焆,w203b0201,焆,7,5216,焆
592,8,鞙,8,鞙,w203b0202,鞙,8,5217,鞙
593,1,鋗,1,鋗,w203b0203,鋗,1,5218,鋗
593,2,駽,2,駽,w203b0204,𩢺,2,5219,駽
593,3,㘣,3,㘣,w203b0205,㘣,3,5220,㘣
593,4,梋,4,梋,w203b0301,梋,4,5221,梋
593,5,矎,5,矎,w203b0302,矎,5,5222,矎
594,1,邊,1,邊,w203b0303,邊,1,5223,邊
594,2,籩,2,籩,w203b0401,籩,2,5224,籩
594,3,𤄺,3,𤄺,w203b0402,𤄺,3,5225,𤄺
594,4,甂,4,甂,w203b0403,甂,4,5226,甂
594,5,蝙,5,蝙,w203b0404,蝙,5,5227,蝙
594,6,猵,6,猵,w203b0405,猵,6,5228,猵
594,7,𥣰,7,𥣰,w203b0406,𥣰,7,5229,𥣰
594,8,編,8,編,w203b0407,編,8,5230,編
594,9,萹,9,萹,w203b0501,萹,9,5231,萹
594,10,𨇱,10,𨇱,w203b0502,𨇱,10,5232,𨇱
594,11,𠑟,11,𠑟,w203b0503,𠑟,11,5233,𠑟
594,12,牑,12,牑,w203b0504,牑,12,5234,牑
594,13,䟍,13,䟍,w203b0505,䟍,13,5235,䟍
594,14,蹁,14,蹁,w203b0506,蹁,14,5236,蹁
595,1,玄,1,玄,w203b0507,𤣥,1,5237,玄
595,2,縣,2,縣,w203b0601,縣,2,5238,縣
595,3,懸,3,懸,w203b0602,懸,3,5239,懸
595,4,眩,4,眩,w203b0603,眩,4,5240,眩
595,5,䮄,5,䮄,w203b0701,䮄,5,5241,䮄
595,6,玹,6,玹,w203b0702,玹,6,5242,玹
595,7,玆,7,玆,w203b0703,玆,7,5243,玆
595,8,𧟨,8,𧟨,w203b0704,𧟨,8,5244,䙲
595,9,𥌭,9,𥌭,w203b0705,𥌭,9,5245,𥌭
595,10,伭,10,伭,w203b0801,𠆺,10,5246,𠆺
595,11,盷,11,盷,w203b0802,盷,11,5247,盷
595,12,胘,12,胘,w203b0803,胘,12,5248,胘
595,13,訇,13,訇,w203b0804,訇,13,5249,訇
596,1,祆,1,祆,w203b0805,祅,1,5250,祆
596,2,訮,2,訮,w203b0901,詽,2,5251,訮
597,1,｛𤜼｝,1,𤜼,w203b0902,𤜼,1,5252,𤜼
598,1,仙,1,仙,w203b1001,仙,1,5253,仙
598,2,僊,2,僊,w203b1002,僊,2,5254,僊
598,3,𠑗,3,𠑗,w203b1003,𠑗,3,5255,㒨
598,4,㲔,4,㲔,w203b1004,㲔,4,5256,㲔
598,5,䉳,5,䉳,w204a0101,䉳,5,5257,䉳
598,6,苮,6,苮,w204a0102,苮,6,5258,苮
598,7,躚,7,躚,w204a0103,躚,7,5259,躚
598,8,秈,8,秈,w204a0104,秈,8,5260,秈
598,9,鮮,9,鮮,w204a0105,鮮,9,5261,鮮
598,10,硟,10,硟,w204a0201,硟,10,5262,硟
598,11,鱻,11,鱻,w204a0202,鱻,11,5263,鱻
598,12,廯,12,廯,w204a0203,廯,12,5264,廯
599,1,錢,1,錢,w204a0204,錢,1,5265,錢
599,2,𧔢,2,𧔢,w204a0301,𧔢,2,5266,𧔢
600,1,遷,1,遷,w204a0302,遷,1,5267,遷
600,2,𨙙,2,𨙙,w204a0401,𨙙,2,5268,𨙙
600,3,𠨧,3,𠨧,w204a0402,𠨧,3,5269,𠨧
600,4,𨝍,4,𨝍,w204a0403,𨝍,4,5270,𨝍
600,5,櫏,5,櫏,w204a0404,櫏,5,5271,櫏
600,6,䉦,6,䉦,w204a0405,䉦,6,5272,䉦
600,7,韆,7,韆,w204a0406,韆,7,5273,韆
600,8,㿊,8,㿊,w204a0407,㿊,8,5274,㿊
601,1,煎,1,煎,w204a0501,煎,1,5275,煎
601,2,湔,2,湔,w204a0502,湔,2,5276,湔
601,3,葏,3,葏,w204a0503,葏,3,5277,葏
601,4,鬋,4,鬋,w204a0504,鬋,4,5278,鬋
602,1,然,1,然,w204a0505,然,1,5279,然
602,2,燃,2,燃,w204a0601,燃,2,5280,燃
602,3,𤡮,3,𤡮,w204a0602,𤡮,3,5281,𤡮
602,4,㜣,4,㜣,w204a0603,㜣,4,5282,㜣
602,5,肰,5,肰,w204a0604,肰,5,5283,肰
602,6,繎,6,繎,w204a0605,繎,6,5284,繎
602,7,𥳚,7,𥳚,w204a0701,𥳚,7,5285,𥳚
602,8,䕼,8,䕼,w204a0702,䕼,8,5286,䕼
602,9,𤓉,9,𤓉,w204a0703,𤓉,9,5287,𤓉
603,1,延,1,延,w204a0704,延,1,5288,延
603,2,埏,2,埏,w204a0801,埏,2,5289,埏
603,3,筵,3,筵,w204a0802,筵,3,5290,筵
603,4,狿,4,狿,w204a0901,狿,4,5291,狿
603,5,郔,5,郔,w204a0902,郔,5,5292,郔
603,6,綖,6,綖,w204a0903,綖,6,5293,綖
603,7,蜒,7,蜒,w204a0904,蜒,7,5294,蜒
603,8,䘰,8,䘰,w204a0905,䘰,8,5295,䘰
603,9,鋋,9,鋋,w204a0906,鋋,9,5296,鋋
603,10,䀽,10,䀽,w204a0907,䀽,10,5297,䀽
603,11,𨕐〈𢌨〉,11,𨕐〈𢌨〉,w204a0908,𨕐〈䢥〉,11,5298,𨕐
603,12,䢭,12,䢭,w204a1001,䢭,12,5299,䢭
603,13,莚,13,莚,w204a1002,莚,13,5300,莚
604,1,𩜾,1,𩜾,w204a1003,𩜾,1,5301,𩜾
604,2,饘,2,饘,w204a1004,饘,2,5302,饘
604,3,旃,3,旃,w204a1005,旃,3,5303,旃
604,4,旜,4,旜,w204b0101,旜,4,5304,旜
604,5,栴,5,栴,w204b0102,栴,5,5305,栴
604,6,氈,6,氈,w204b0103,氈,6,5306,氈
604,7,鸇,7,鸇,w204b0201,鸇,7,5307,鸇
604,8,𩔣,8,𩔣,w204b0202,𩔣,8,5308,𩔣
605,1,甄,1,甄,w204b0203,甄,1,5309,甄
605,2,薽,2,薽,w204b0204,薽,2,5310,薽
605,3,籈,3,籈,w204b0205,籈,3,5311,籈
606,1,邅,1,邅,w204b0206,邅,1,5312,邅
606,2,𧾍,2,𧾍,w204b0301,𧾍,2,5313,𧾍
606,3,驙,3,驙,w204b0302,驙,3,5314,驙
606,4,鱣,4,鱣,w204b0303,鱣,4,5315,鱣
606,5,𩼼,5,𩼼,w204b0401,𩼼,5,5316,𩼼
607,1,潺,1,潺,w204b0402,潺,1,5317,潺
607,2,孱,2,孱,w204b0403,孱,2,5318,孱
607,3,𨬖,3,𨬖,w204b0404,𨬖,3,5319,𨬖
607,4,䡲,4,䡲,w204b0405,䡲,4,5320,䡲
607,5,𡎻,5,𡎻,w204b0501,𡎻,5,5321,𡎻
608,1,羶,1,羶,w204b0502,羶,1,5322,羶
608,2,埏,2,埏,w204b0503,埏,2,5323,埏
608,3,挻,3,挻,w204b0504,挻,3,5324,挻
608,4,扇,4,扇,w204b0505,扇,4,5325,扇
608,5,煽,5,煽,w204b0506,煽,5,5326,煽
608,6,鯅,6,鯅,w204b0601,鯅,6,5327,鯅
608,7,脠,7,脠,w204b0602,脠,7,5328,脠
608,8,䘰,8,䘰,w204b0603,䘰,8,5329,䘰
609,1,脠,1,脠,w204b0604,脠,1,5330,脠
609,2,梴,2,梴,w204b0605,梴,2,5331,梴
609,3,鏈,3,鏈,w204b0606,鏈,3,5332,鏈
609,4,㢟,4,㢟,w204b0701,㢟,4,5333,㢟
610,1,鋋,1,鋋,w204b0702,鋋,1,5334,鋋
610,2,單,2,單,w204b0703,單,2,5335,單
610,3,蟬,3,蟬,w204b0801,蟬,3,5336,蟬
610,4,撣,4,撣,w204b0802,撣,4,5337,撣
610,5,儃,5,儃,w204b0803,儃,5,5338,儃
610,6,僤,6,僤,w204b0804,僤,6,5339,僤
610,7,禪,7,禪,w204b0805,禪,7,5340,禪
610,8,澶,8,澶,w204b0901,澶,8,5341,澶
610,9,嬋,9,嬋,w204b0902,嬋,9,5342,嬋
611,1,纏,1,纏,w204b0903,纏,1,5343,纏
611,2,緾,2,緾,w204b0904,緾,2,5344,緾
611,3,躔,3,躔,w204b1001,躔,3,5345,躔
611,4,瀍,4,瀍,w204b1002,瀍,4,5346,瀍
611,5,鄽,5,鄽,w204b1003,鄽,5,5347,鄽
611,6,𨷭,6,𨷭,w204b1004,𨷭,6,5348,𨷭
611,7,𧾍,7,𧾍,w204b1005,𧾍,7,5349,𧾍
611,8,𧔊,8,𧔊,w204b1006,𧔊,8,5350,𧔊
611,9,廛,9,廛,w205a0101,廛,9,5351,廛
611,10,㙻,10,㙻,w205a0102,㙻,10,5352,㙻
612,1,嘕,1,嘕,w205a0103,嘕,1,5353,嘕
612,2,仚,2,仚,w205a0104,仚,2,5354,屳
612,3,嫣,3,嫣,w205a0105,嫣,3,5355,嫣
612,4,𦒜,4,𦒜,w205a0201,𦒜,4,5356,𦒜
613,1,連,1,連,w205a0202,連,1,5357,連
613,2,聮,2,聮,w205a0301,聮,2,5358,聮
613,3,漣,3,漣,w205a0302,漣,3,5359,漣
613,4,翴,4,翴,w205a0303,翴,4,5360,翴
613,5,鰱,5,鰱,w205a0401,鰱,5,5361,鰱
613,6,𤣆,6,𤣆,w205a0402,𤣆,6,5362,㺦
613,7,令,7,令,w205a0403,令,7,5363,令
613,8,鏈,8,鏈,w205a0404,鏈,8,5364,鏈
613,9,䃛,9,䃛,w205a0405,䃛,9,5365,䃛
613,10,㦁,10,㦁,w205a0406,㦁,10,5366,㦁
613,11,槤,11,槤,w205a0501,槤,11,5367,槤
613,12,𪚀,12,𪚀,w205a0502,𪚀,12,5368,𪚁
613,13,㶌,13,㶌,w205a0503,㶌,13,5369,㶌
614,1,篇,1,篇,w205a0504,篇,1,5370,篇
614,2,偏,2,偏,w205a0601,偏,2,5371,偏
614,3,翩,3,翩,w205a0602,翩,3,5372,翩
614,4,媥,4,媥,w205a0603,媥,4,5373,媥
614,5,㾫,5,㾫,w205a0604,㾫,5,5374,㾫
614,6,扁,6,扁,w205a0605,扁,6,5375,扁
614,7,萹,7,萹,w205a0606,萹,7,5376,萹
615,1,便,1,便,w205a0607,便,1,5377,便
615,2,緶,2,緶,w205a0701,緶,2,5378,緶
615,3,楩,3,楩,w205a0702,楩,3,5379,楩
615,4,平,4,平,w205a0703,平,4,5380,平
615,5,諞,5,諞,w205a0704,諞,5,5381,諞
615,6,㛹,6,㛹,w205a0705,㛹,6,5382,㛹
615,7,箯,7,箯,w205a0801,箯,7,5383,箯
615,8,𧍲,8,𧍲,w205a0802,𧍲,8,5384,𧍲
615,9,楄,9,楄,w205a0803,楄,9,5385,楄
616,1,緜,1,緜,w205a0804,緜,1,5386,緜
616,2,綿,2,綿,w205a0901,綿,2,5387,綿
616,3,棉,3,棉,w205a0902,棉,3,5388,棉
616,4,謾,4,謾,w205a1001,謾,4,5389,謾
616,5,矊,5,矊,w205a1002,矊,5,5390,矊
616,6,蝒,6,蝒,w205a1003,蝒,6,5391,蝒
616,7,𧉄,7,𧉄,w205b0101,𧉄,7,5392,𧉄
616,8,矏,8,矏,w205b0102,矏,8,5393,矏
616,9,𢣔,9,𢣔,w205b0103,𢣔,9,5394,𢣔
616,10,芇,10,芇,w205b0104,芇,10,5395,芇
616,11,宀,11,宀,w205b0105,宀,11,5396,宀
616,12,䫵,12,䫵,w205b0106,䫵,12,5397,𩕰
616,13,櫋,13,櫋,w205b0201,櫋,13,5398,櫋
616,14,𣏜,14,𣏜,w205b0202,𣏜,14,5399,𣏜
616,15,臱,15,臱,w205b0203,臱,15,5400,臱
616,16,㮌,16,㮌,w205b0204,㮌,16,5401,㮌
616,17,𣡠,17,𣡠,w205b0205,𣡠,17,5402,𣡠
617,1,全,1,全,w205b0206,全,1,5403,全
617,2,㒰,2,㒰,w205b0301,㒰,2,5404,仝
617,3,泉,3,泉,w205b0302,泉,3,5405,泉
617,4,𧍭,4,𧍭,w205b0303,𧍭,4,5406,𧍭
617,5,牷,5,牷,w205b0304,牷,5,5407,牷
617,6,䀬,6,䀬,w205b0305,䀬,6,5408,䀬
617,7,葲,7,葲,w205b0306,葲,7,5409,葲
618,1,宣,1,宣,w205b0401,宣,1,5410,宣
618,2,揎,2,揎,w205b0402,揎,2,5411,揎
618,3,㩊,3,㩊,w205b0403,㩊,3,5412,㩊
618,4,䳦,4,䳦,w205b0404,䳦,4,5413,䳦
618,5,愃,5,愃,w205b0405,愃,5,5414,愃
618,6,𡈣,6,𡈣,w205b0501,𡈣,6,5415,𡈣
618,7,𩕖,7,𩕖,w205b0502,𩕖,7,5416,𩕖
618,8,瑄,8,瑄,w205b0503,瑄,8,5417,瑄
618,9,𩤡,9,𩤡,w205b0504,⿰宣頁〈𩤡〉,9,5418,𩓧
619,1,鐫,1,鐫,w205b0505,鐫,1,5419,鐫
619,2,鋑,2,鋑,w205b0601,鋑,2,5420,鋑
619,3,脧,3,脧,w205b0602,朘,3,5421,朘
619,4,剶,4,剶,w205b0603,剶,4,5422,剶
620,1,翾,1,翾,w205b0604,翾,1,5423,翾
620,2,儇,2,儇,w205b0605,儇,2,5424,儇
620,3,弲,3,弲,w205b0606,弲,3,5425,弲
620,4,蠉,4,蠉,w205b0607,蠉,4,5426,蠉
620,5,𧾎,5,𧾎,w205b0701,𧾎,5,5427,𧾎
620,6,嬛,6,嬛,w205b0702,嬛,6,5428,嬛
620,7,譞,7,譞,w205b0703,譞,7,5429,譞
620,8,頨,8,頨,w205b0704,頨,8,5430,頨
620,9,𥌭,9,𥌭,w205b0705,𥌭,9,5431,𥌭
621,1,堧,1,堧,w205b0706,堧,1,5432,堧
621,2,䙇,2,䙇,w205b0801,〾䙇〈䙇〉,2,5433,䙇
621,3,𤲬,3,𤲬,w205b0802,〾𤲬〈𤲬〉,3,5434,𤲬
621,4,瑌,4,瑌,w205b0803,〾瑌〈瑌〉,4,5435,瑌
621,5,撋,5,撋,w205b0804,撋,5,5436,撋
621,6,繎,6,繎,w205b0805,繎,6,5437,繎
622,1,穿,1,穿,w205b0806,穿,1,5438,穿
622,2,川,2,川,w205b0807,川,2,5439,川
622,3,灥,3,灥,w205b0901,灥,3,5440,灥
623,1,沿,1,沿,w205b0902,沿,1,5441,沿
623,2,㳂,2,㳂,w205b0903,㳂,2,5442,㳂
623,3,鉛,3,鉛,w205b0904,鉛,3,5443,鉛
623,4,鈆,4,鈆,w205b1001,鈆,4,5444,鈆
623,5,櫞,5,櫞,w205b1002,櫞,5,5445,櫞
623,6,捐,6,捐,w205b1003,捐,6,5446,捐
623,7,鳶,7,鳶,w205b1004,鳶,7,5447,鳶
623,8,蝝,8,蝝,w205b1005,蝝,8,5448,蝝
623,9,緣,9,緣,w205b1006,縁,9,5449,緣
623,10,䱲,10,䱲,w206a0101,䱲,10,5450,䱲
623,11,𦿂,11,𦿂,w206a0102,𦿂,11,5451,𦿂
623,12,𦛔,12,𦛔,w206a0103,𦛔,12,5452,𦛔
624,1,旋,1,旋,w206a0104,旋,1,5453,旋
624,2,檈,2,檈,w206a0105,檈,2,5454,檈
624,3,璿,3,璿,w206a0106,璿,3,5455,璿
624,4,𤩅,4,𤩅,w206a0201,𤩅,4,5456,𤩅
624,5,𤫀,5,𤫀,w206a0202,𤫀,5,5457,𤫀
624,6,䗠,6,䗠,w206a0203,䗠,6,5458,䗠
624,7,㳬,7,㳬,w206a0204,㳬,7,5459,㳬
624,8,琁,8,琁,w206a0205,琁,8,5460,琁
624,9,璇,9,璇,w206a0206,璇,9,5461,璇
624,10,𣟳,10,𣟳,w206a0207,𣟳,10,5462,𣟳
624,11,蜁,11,蜁,w206a0208,蜁,11,5463,蜁
624,12,㔯,12,㔯,w206a0209,㔯,12,5464,㔯
624,13,還,13,還,w206a0301,還,13,5465,還
624,14,㘣,14,㘣,w206a0302,㘣,14,5466,圓
624,15,䁢,15,䁢,w206a0303,䁢,15,5467,䁢
624,16,嫙,16,嫙,w206a0304,嫙,16,5468,嫙
624,17,鏇,17,鏇,w206a0305,鏇,17,5469,鏇
625,1,娟,1,娟,w206a0306,姢,1,5470,娟
625,2,嬛,2,嬛,w206a0307,嬛,2,5471,嬛
625,3,悁,3,悁,w206a0401,悁,3,5472,悁
625,4,蜎,4,蜎,w206a0402,蜎,4,5473,蜎
625,5,𡷡,5,𡷡,w206a0403,𡷡,5,5474,𡷡
625,6,潫,6,潫,w206a0404,潫,6,5475,潫
625,7,𡣬,7,𡣬,w206a0405,〾𡣬〈𡣬〉,7,5476,𡣬
626,1,船,1,船,w206a0406,船,1,5477,船
626,2,舩,2,舩,w206a0501,舩,2,5478,舩
627,1,鞭,1,鞭,w206a0502,鞭,1,5479,鞭
627,2,鯾,2,鯾,w206a0503,鯾,2,5480,鯾
627,3,鯿,3,鯿,w206a0504,鯿,3,5481,鯿
627,4,編,4,編,w206a0505,編,4,5482,編
627,5,箯,5,箯,w206a0506,箯,5,5483,箯
627,6,揙,6,揙,w206a0507,揙,6,5484,揙
628,1,㳄,1,㳄,w206a0601,㳄,1,5485,㳄
628,2,涎,2,涎,w206a0602,涎,2,5486,涎
629,1,詮,1,詮,w206a0603,詮,1,5487,詮
629,2,銓,2,銓,w206a0604,銓,2,5488,銓
629,3,硂,3,硂,w206a0605,硂,3,5489,硂
629,4,痊,4,痊,w206a0606,痊,4,5490,痊
629,5,佺,5,佺,w206a0701,佺,5,5491,佺
629,6,悛,6,悛,w206a0702,悛,6,5492,悛
629,7,駩,7,駩,w206a0703,駩,7,5493,駩
629,8,筌,8,筌,w206a0704,筌,8,5494,筌
629,9,絟,9,絟,w206a0705,絟,9,5495,絟
629,10,譔,10,譔,w206a0706,譔,10,5496,譔
629,11,謜,11,謜,w206a0707,謜,11,5497,謜
629,12,縓,12,縓,w206a0708,縓,12,5498,縓
629,13,恮,13,恮,w206a0801,恮,13,5499,恮
629,14,荃,14,荃,w206a0802,荃,14,5500,荃
629,15,𠛮,15,𠛮,w206a0803,𠛮,15,5501,𠛮
629,16,峑,16,峑,w206a0804,峑,16,5502,峑
629,17,𠥙,17,𠥙,w206a0805,𠥙,17,5503,𠥙
629,18,鐉,18,鐉,w206a0806,鐉,18,5504,鐉
629,19,拴,19,拴,w206a0901,拴,19,5505,拴
630,1,專,1,專,w206a0902,專,1,5506,專
630,2,甎,2,甎,w206a0903,甎,2,5507,甎
630,3,顓,3,顓,w206a0904,顓,3,5508,顓
630,4,篿,4,篿,w206a1001,篿,4,5509,篿
630,5,嫥,5,嫥,w206a1002,嫥,5,5510,嫥
630,6,諯,6,諯,w206a1003,諯,6,5511,諯
630,7,湍,7,湍,w206b0101,湍,7,5512,湍
630,8,膞,8,膞,w206b0102,膞,8,5513,膞
630,9,鱄,9,鱄,w206b0103,鱄,9,5514,鱄
630,10,鷒,10,鷒,w206b0104,鷒,10,5515,鷒
630,11,𩠹,11,𩠹,w206b0105,𩠹,11,5516,𩠹
630,12,鄟,12,鄟,w206b0201,鄟,12,5517,鄟
631,1,遄,1,遄,w206b0202,遄,1,5518,遄
631,2,篅,2,篅,w206b0203,篅,2,5519,篅
631,3,圌,3,圌,w206b0204,圌,3,5520,圌
631,4,諯,4,諯,w206b0205,諯,4,5521,諯
631,5,輲,5,輲,w206b0301,輲,5,5522,輲
631,6,輇,6,輇,w206b0302,輇,6,5523,輇
631,7,椯,7,椯,w206b0303,椯,7,5524,椯
631,8,歂,8,歂,w206b0304,歂,8,5525,歂
632,1,員,1,員,w206b0305,貟,1,5526,貟
632,2,圜,2,圜,w206b0401,圜,2,5527,圜
632,3,圓,3,圓,w206b0402,圎,3,5528,圓
632,4,湲,4,湲,w206b0403,湲,4,5529,湲
633,1,恮,1,恮,w206b0404,恮,1,5530,恮
633,2,跧,2,跧,w206b0405,跧,2,5531,跧
633,3,䀬,3,䀬,w206b0406,䀬,3,5532,䀬
633,4,蟤,4,蟤,w206b0407,蟤,4,5533,蟤
634,1,栓,1,栓,w206b0408,栓,1,5534,栓
634,2,𨏉,2,𨏉,w206b0501,𨏉,2,5535,𨏉
635,1,猭,1,猭,w206b0502,猭,1,5536,猭
635,2,剶,2,剶,w206b0503,剶,2,5537,剶
636,1,乾,1,乾,w206b0504,乾,1,5538,乾
636,2,虔,2,虔,w206b0505,虔,2,5539,虔
636,3,犍,3,犍,w206b0601,犍,3,5540,犍
636,4,鰬,4,鰬,w206b0602,鰬,4,5541,鰬
636,5,𨜻,5,𨜻,w206b0603,𨜻,5,5542,𨜻
636,6,騝,6,騝,w206b0604,騝,6,5543,騝
636,7,榩,7,榩,w206b0701,榩,7,5544,榩
636,8,鍵,8,鍵,w206b0702,鍵,8,5545,鍵
636,9,揵,9,揵,w206b0703,揵,9,5546,揵
637,1,愆,1,愆,w206b0704,愆,1,5547,愆
637,2,䇂,2,䇂,w206b0705,䇂,2,5548,䇂
637,3,諐,3,諐,w206b0706,諐,3,5549,諐
637,4,𠎝〈𠍴〉,4,𠎝〈𠍴〉,w206b0707,𠎝,4,5550,𠎝
637,5,褰,5,褰,w206b0708,褰,5,5551,褰
637,6,騫,6,騫,w206b0801,騫,6,5552,騫
637,7,䙭,7,䙭,w206b0802,䙭,7,5553,䙭
637,8,𧽐,8,𧽐,w206b0803,𧽐,8,5554,𧽐
637,9,攐,9,攐,w206b0901,攐,9,5555,攐
637,10,㗔,10,㗔,w206b0902,㗔,10,5556,㗔
638,1,權,1,權,w206b0903,權,1,5557,權
638,2,拳,2,拳,w206b1001,拳,2,5558,拳
638,3,狋,3,狋,w206b1002,狋,3,5559,狋
638,4,觠,4,觠,w207a0101,觠,4,5560,觠
638,5,顴,5,顴,w207a0102,顴,5,5561,顴
638,6,踡,6,踡,w207a0103,踡,6,5562,踡
638,7,婘,7,婘,w207a0104,婘,7,5563,婘
638,8,孉,8,孉,w207a0105,孉,8,5564,孉
638,9,䠰,9,䠰,w207a0106,䠰,9,5565,䠰
638,10,𤷄,10,𤷄,w207a0107,𤷄,10,5566,𤷄
638,11,犈,11,犈,w207a0201,犈,11,5567,犈
638,12,蠸,12,蠸,w207a0202,蠸,12,5568,蠸
638,13,齤,13,齤,w207a0203,齤,13,5569,齤
638,14,卷,14,卷,w207a0204,卷,14,5570,卷
638,15,𪈻,15,𪈻,w207a0205,𪈻,15,5571,𪈻
638,16,𥆗,16,𥆗,w207a0206,𥆗,16,5572,𥆗
638,17,𥁠,17,𥁠,w207a0301,𥁠,17,5573,𥁠
638,18,𢑆,18,𢑆,w207a0302,𢑆,18,5574,𢑆
638,19,鬈,19,鬈,w207a0303,鬈,19,5575,鬈
638,20,䟒,20,䟒,w207a0304,䟒,20,5576,䟒
638,21,䑏,21,䑏,w207a0305,䑏,21,5577,䑏
638,22,蜷,22,蜷,w207a0306,蜷,22,5578,蜷
638,23,捲,23,捲,w207a0307,捲,23,5579,捲
639,1,椽,1,椽,w207a0401,椽,1,5580,椽
639,2,傳,2,傳,w207a0402,傳,2,5581,傳
640,1,攣,1,攣,w207a0403,攣,1,5582,攣
640,2,𤼙,2,𤼙,w207a0404,𤼙,2,5583,𤼙
640,3,䜌,3,䜌,w207a0405,䜌,3,5584,䜌
641,1,弮,1,弮,w207a0501,弮,1,5585,弮
641,2,㒽,2,㒽,w207a0502,㒽,2,5586,㒽
641,3,棬,3,棬,w207a0503,棬,3,5587,棬
641,4,鬈,4,鬈,w207a0504,鬈,4,5588,鬈
641,5,𨟠,5,𨟠,w207a0505,𨟠,5,5589,𨟠
642,1,焉,1,焉,w207a0506,焉,1,5590,焉
642,2,閼,2,閼,w207a0601,閼,2,5591,閼
642,3,蔫,3,蔫,w207a0602,蔫,3,5592,蔫
642,4,嫣,4,嫣,w207a0603,嫣,4,5593,嫣
642,5,鄢,5,鄢,w207a0604,鄢,5,5594,鄢
643,1,漹,1,漹,w207a0701,漹,1,5595,漹
643,2,䗡,2,䗡,w207a0702,䗡,2,5596,䗡
643,3,焉,3,焉,w207a0703,焉,3,5597,焉
644,1,𡣬,1,𡣬,w207a0704,嬽,1,5598,嬽
644,2,潫,2,潫,w207a0801,潫,2,5599,潫
645,1,燀,1,燀,w207a0802,燀,1,5600,燀
646,1,𡰝〈𡰖〉,1,𡰝,w207a0803,𡰝,1,5601,𡰝
647,1,勬,1,勬,w207a0804,勬,1,5602,勬
648,1,蕭,1,蕭,w207a0901,蕭,1,5603,蕭
648,2,簫,2,簫,w207b0101,簫,2,5604,簫
648,3,彇,3,彇,w207b0102,彇,3,5605,彇
648,4,蟰,4,蟰,w207b0103,蟰,4,5606,蟰
648,5,橚,5,橚,w207b0201,橚,5,5607,橚
648,6,潚,6,潚,w207b0202,潚,6,5608,潚
648,7,𩙚,7,𩙚,w207b0203,𩙚,7,5609,𩙚
648,8,踃,8,踃,w207b0204,踃,8,5610,踃
648,9,㩋,9,㩋,w207b0205,㩋,9,5611,㩋
648,10,箾,10,箾,w207b0206,箾,10,5612,箾
648,11,𦐺,11,𦐺,w207b0301,𦐺,11,5613,𦐺
648,12,㲖,12,㲖,w207b0302,㲖,12,5614,㲖
648,13,艘,13,艘,w207b0303,艘,13,5615,艘
648,14,瞍,14,瞍,w207b0304,瞍,14,5616,瞍
648,15,翛,15,翛,w207b0305,翛,15,5617,翛
648,16,撨,16,撨,w207b0306,撨,16,5618,撨
649,1,祧,1,祧,w207b0401,祧,1,5619,祧
649,2,佻,2,佻,w207b0402,佻,2,5620,佻
649,3,挑,3,挑,w207b0403,挑,3,5621,挑
649,4,朓,4,朓,w207b0404,朓,4,5622,脁
649,5,恌,5,恌,w207b0405,恌,5,5623,恌
649,6,𣂁,6,𣂁,w207b0406,𣂁,6,5624,𣂁
649,7,庣,7,庣,w207b0501,庣,7,5625,庣
649,8,銚,8,銚,w207b0502,銚,8,5626,銚
649,9,趒,9,趒,w207b0503,趒,9,5627,趒
649,10,聎,10,聎,w207b0504,聎,10,5628,聎
649,11,蓧,11,蓧,w207b0505,蓧,11,5629,蓧
650,1,貂,1,貂,w207b0506,貂,1,5630,貂
650,2,䯾,2,䯾,w207b0601,䯾,2,5631,䯾
650,3,𠚥,3,𠚥,w207b0602,𠚥,3,5632,𠚥
650,4,刁,4,刁,w207b0603,刁,4,5633,刁
650,5,琱,5,琱,w207b0604,琱,5,5634,琱
650,6,凋,6,凋,w207b0701,凋,6,5635,凋
650,7,鯛,7,鯛,w207b0702,鯛,7,5636,鯛
650,8,䂏,8,䂏,w207b0703,䂏,8,5637,䂏
650,9,雕,9,雕,w207b0704,雕,9,5638,雕
650,10,鵰,10,鵰,w207b0705,鵰,10,5639,鵰
650,11,蛁,11,蛁,w207b0706,蛁,11,5640,蛁
650,12,彫,12,彫,w207b0707,彫,12,5641,彫
650,13,𧜣,13,𧜣,w207b0801,𧜣,13,5642,𧜣
650,14,𧘨,14,𧘨,w207b0802,𧘨,14,5643,𧘨
650,15,䒒〈芀〉,15,䒒〈芀〉,w207b0803,䒒,15,5644,䒒
650,16,𦶌,16,𦶌,w207b0804,𦶌,16,5645,𦶌
650,17,𦨣,17,𦨣,w207b0805,𦨣,17,5646,𦨣
650,18,𩾗,18,𩾗,w207b0806,𩾗,18,5647,𩾗
650,19,㚋,19,㚋,w207b0901,㚋,19,5648,㚋
650,20,奝,20,奝,w207b0902,奝,20,5649,奝
650,21,弴,21,弴,w207b0903,弴,21,5650,弴
650,22,瞗,22,瞗,w207b0904,瞗,22,5651,瞗
651,1,迢,1,迢,w207b0905,迢,1,5652,迢
651,2,條,2,條,w207b0906,條,2,5653,條
651,3,樤,3,樤,w207b1001,樤,3,5654,樤
651,4,髫,4,髫,w207b1002,髫,4,5655,髫
651,5,跳,5,跳,w208a0101,跳,5,5656,跳
651,6,鋚,6,鋚,w208a0102,鋚,6,5657,鋚
651,7,𧌁,7,𧌁,w208a0103,𧌁,7,5658,𧌁
651,8,蜩,8,蜩,w208a0104,蜩,8,5659,蜩
651,9,佻,9,佻,w208a0105,佻,9,5660,佻
651,10,趒,10,趒,w208a0201,趒,10,5661,趒
651,11,苕,11,苕,w208a0202,苕,11,5662,苕
651,12,芀,12,芀,w208a0203,芀,12,5663,芀
651,13,調,13,調,w208a0204,調,13,5664,調
651,14,鮡,14,鮡,w208a0205,鮡,14,5665,鮡
651,15,岧,15,岧,w208a0206,岧,15,5666,岧
651,16,䯾,16,䯾,w208a0301,䯾,16,5667,䯾
651,17,䩦,17,䩦,w208a0302,䩦,17,5668,䩦
651,18,嬥,18,嬥,w208a0303,嬥,18,5669,嬥
651,19,𠤼,19,𠤼,w208a0304,𠤼,19,5670,𠤼
651,20,𣬸,20,𣬸,w208a0305,𣬸,20,5671,𣬸
651,21,𠧪,21,𠧪,w208a0306,𠧪,21,5672,𠧪
651,22,鰷,22,鰷,w208a0401,鰷,22,5673,鰷
652,1,驍,1,驍,w208a0402,驍,1,5674,驍
652,2,梟,2,梟,w208a0403,梟,2,5675,梟
652,3,𥄉,3,𥄉,w208a0501,𥄉,3,5676,𥄉
652,4,澆,4,澆,w208a0502,澆,4,5677,澆
652,5,憿,5,憿,w208a0503,憿,5,5678,憿
652,6,釗,6,釗,w208a0601,釗,6,5679,釗
652,7,邀,7,邀,w208a0602,邀,7,5680,邀
652,8,蟂,8,蟂,w208a0603,蟂,8,5681,蟂
652,9,徼,9,徼,w208a0604,徼,9,5682,徼
653,1,聊,1,聊,w208a0701,聊,1,5683,聊
653,2,𦗖,2,𦗖,w208a0702,𦗖,2,5684,𦗖
653,3,膋,3,膋,w208a0801,膋,3,5685,膋
653,4,膫,4,膫,w208a0802,膫,4,5686,膫
653,5,飉,5,飉,w208a0803,飉,5,5687,飉
653,6,遼,6,遼,w208a0804,遼,6,5688,遼
653,7,憀,7,憀,w208a0805,憀,7,5689,憀
653,8,竂,8,竂,w208a0806,竂,8,5690,竂
653,9,寥,9,寥,w208a0807,寥,9,5691,寥
653,10,料,10,料,w208a0901,料,10,5692,料
653,11,㙩,11,㙩,w208a0902,㙩,11,5693,㙩
653,12,橑,12,橑,w208a0903,橑,12,5694,橑
653,13,撩,13,撩,w208a0904,撩,13,5695,撩
653,14,摷,14,摷,w208a0905,摷,14,5696,摷
653,15,廖,15,廖,w208a0906,廖,15,5697,廖
653,16,僚,16,僚,w208a1001,僚,16,5698,僚
653,17,寮,17,寮,w208a1002,寮,17,5699,寮
653,18,鐐,18,鐐,w208a1003,鐐,18,5700,鐐
653,19,簝,19,簝,w208b0101,簝,19,5701,簝
653,20,豂,20,豂,w208b0102,豂,20,5702,豂
653,21,鷯,21,鷯,w208b0103,鷯,21,5703,鷯
653,22,𥲊,22,𥲊,w208b0104,𥲊,22,5704,𥲊
653,23,璙,23,璙,w208b0105,璙,23,5705,璙
653,24,嫽,24,嫽,w208b0106,嫽,24,5706,嫽
653,25,漻,25,漻,w208b0107,漻,25,5707,漻
653,26,蟟,26,蟟,w208b0108,蟟,26,5708,蟟
653,27,瞭,27,瞭,w208b0201,瞭,27,5709,瞭
653,28,䜮,28,䜮,w208b0202,䜮,28,5710,䜮
653,29,𧂏,29,𧂏,w208b0203,𧂏,29,5711,𧂏
653,30,𩯊,30,𩯊,w208b0204,𩯊,30,5712,𩯊
653,31,嶚,31,嶚,w208b0205,嶚,31,5713,嶚
653,32,翏,32,翏,w208b0206,翏,32,5714,翏
653,33,繚,33,繚,w208b0207,繚,33,5715,繚
653,34,憭,34,憭,w208b0208,憭,34,5716,憭
653,35,獠,35,獠,w208b0301,獠,35,5717,獠
653,36,髎,36,髎,w208b0302,髎,36,5718,髎
653,37,𡽐,37,𡽐,w208b0303,𡽐,37,5719,𡽐
653,38,蟧,38,蟧,w208b0304,蟧,38,5720,蟧
653,39,𦿌,39,𦿌,w208b0305,𦿌,39,5721,𦿌
653,40,敹,40,敹,w208b0306,敹,40,5722,敹
653,41,嘹,41,嘹,w208b0307,嘹,41,5723,嘹
653,42,熮,42,熮,w208b0401,熮,42,5724,熮
654,1,堯,1,堯,w208b0402,堯,1,5725,堯
654,2,嶢,2,嶢,w208b0403,嶢,2,5726,嶢
654,3,僥,3,僥,w208b0404,僥,3,5727,僥
654,4,垚,4,垚,w208b0501,垚,4,5728,垚
654,5,顤,5,顤,w208b0502,顤,5,5729,顤
655,1,膮,1,膮,w208b0503,膮,1,5730,膮
655,2,嘵,2,嘵,w208b0504,嘵,2,5731,嘵
655,3,憢,3,憢,w208b0505,憢,3,5732,憢
655,4,㚠,4,㚠,w208b0506,㚠,4,5733,㚠
655,5,𦞵,5,𦞵,w208b0507,𦟞,5,5734,𦟞
655,6,䎄,6,䎄,w208b0601,䎄,6,5735,䎄
655,7,䫞,7,䫞,w208b0602,䫞,7,5736,䫞
656,1,幺,1,幺,w208b0603,幺,1,5737,幺
656,2,怮,2,怮,w208b0604,怮,2,5738,怮
656,3,葽,3,葽,w208b0605,葽,3,5739,葽
656,4,䱂,4,䱂,w208b0606,䱂,4,5740,䱂
656,5,㫐,5,㫐,w208b0607,𥃩,5,5741,𥃩
657,1,鄡,1,鄡,w208b0701,鄡,1,5742,鄡
657,2,郻,2,郻,w208b0702,郻,2,5743,郻
657,3,𢿣,3,𢿣,w208b0703,𢿣,3,5744,𢿣
657,4,墽,4,墽,w208b0704,墽,4,5745,墽
657,5,𡩇,5,𡩇,w208b0705,𡩇,5,5746,𡩇
658,1,宵,1,宵,w208b0801,宵,1,5747,宵
658,2,消,2,消,w208b0802,消,2,5748,消
658,3,霄,3,霄,w208b0803,霄,3,5749,霄
658,4,捎,4,捎,w208b0804,捎,4,5750,捎
658,5,逍,5,逍,w208b0805,逍,5,5751,逍
658,6,痟,6,痟,w208b0806,痟,6,5752,痟
658,7,綃,7,綃,w208b0901,綃,7,5753,綃
658,8,銷,8,銷,w208b0902,銷,8,5754,銷
658,9,焇,9,焇,w208b0903,焇,9,5755,焇
658,10,硝,10,硝,w208b0904,硝,10,5756,硝
658,11,蛸,11,蛸,w208b0905,蛸,11,5757,蛸
658,12,莦,12,莦,w208b1001,莦,12,5758,莦
658,13,哨,13,哨,w208b1002,哨,13,5759,哨
658,14,𦐺,14,𦐺,w208b1003,𦐺,14,5760,𦐺
658,15,鮹,15,鮹,w208b1004,鮹,15,5761,鮹
658,16,𤞚,16,𤞚,w208b1005,𤞚,16,5762,𤞚
658,17,䴛,17,䴛,w209a0101,䴛,17,5763,䴛
658,18,揱,18,揱,w209a0102,揱,18,5764,揱
658,19,奞,19,奞,w209a0103,奞,19,5765,奞
658,20,魈,20,魈,w209a0104,魈,20,5766,魈
659,1,超,1,超,w209a0105,超,1,5767,超
659,2,怊,2,怊,w209a0201,怊,2,5768,怊
659,3,欩,3,欩,w209a0202,欩,3,5769,欩
659,4,𢁾,4,𢁾,w209a0203,𢁾,4,5770,𢁾
659,5,𠰉,5,𠰉,w209a0204,𠰉,5,5771,𠰉
659,6,䫿,6,䫿,w209a0205,䫿,6,5772,䫿
660,1,朝,1,朝,w209a0206,朝,1,5773,朝
660,2,𦩻,2,𦩻,w209a0301,𦩻,2,5774,𦩻
661,1,鼂,1,鼂,w209a0302,⿱日黽,1,5775,𪓙
661,2,晁,2,晁,w209a0303,晁,2,5776,晁
661,3,鼂,3,鼂,w209a0401,鼂,3,5777,鼂
661,4,朝,4,朝,w209a0402,朝,4,5778,朝
661,5,潮,5,潮,w209a0403,潮,5,5779,潮
662,1,囂,1,囂,w209a0404,嚻,1,5780,嚻
662,2,枵,2,枵,w209a0405,枵,2,5781,枵
662,3,歊,3,歊,w209a0501,歊,3,5782,歊
662,4,毊,4,毊,w209a0502,毊,4,5783,毊
662,5,獢,5,獢,w209a0503,獢,5,5784,獢
662,6,㺧,6,㺧,w209a0504,𤣠,6,5785,𤣠
662,7,藃,7,藃,w209a0601,藃,7,5786,藃
662,8,呺,8,呺,w209a0602,呺,8,5787,呺
662,9,𩱴,9,𩱴,w209a0603,𩱴,9,5788,𩱴
662,10,䖀,10,䖀,w209a0604,虈,10,5789,虈
663,1,樵,1,樵,w209a0605,樵,1,5790,樵
663,2,𦿕,2,𦿕,w209a0606,𦿕,2,5791,藮
663,3,劁,3,劁,w209a0607,劁,3,5792,劁
663,4,憔,4,憔,w209a0701,憔,4,5793,憔
663,5,顦,5,顦,w209a0702,顦,5,5794,顦
663,6,䏆,6,䏆,w209a0703,䏆,6,5795,䏆
663,7,譙,7,譙,w209a0704,譙,7,5796,譙
663,8,嶕,8,嶕,w209a0705,嶕,8,5797,嶕
663,9,𡻝,9,𡻝,w209a0706,𡻝,9,5798,𡻝
663,10,鐎,10,鐎,w209a0707,鐎,10,5799,鐎
663,11,𨝱,11,𨝱,w209a0801,𨝱,11,5800,𨝱
663,12,僬,12,僬,w209a0802,僬,12,5801,僬
663,13,䩌,13,䩌,w209a0803,䩌,13,5802,䩌
663,14,撨,14,撨,w209a0804,撨,14,5803,撨
663,15,菬,15,菬,w209a0805,菬,15,5804,菬
664,1,驕,1,驕,w209a0806,驕,1,5805,驕
664,2,嬌,2,嬌,w209a0807,嬌,2,5806,嬌
664,3,憍,3,憍,w209a0808,憍,3,5807,憍
664,4,穚,4,穚,w209a0901,穚,4,5808,穚
664,5,鷮,5,鷮,w209a0902,鷮,5,5809,鷮
664,6,蕎,6,蕎,w209a0903,蕎,6,5810,蕎
664,7,喬,7,喬,w209a0904,喬,7,5811,喬
664,8,簥,8,簥,w209a1001,簥,8,5812,簥
664,9,撟,9,撟,w209a1002,撟,9,5813,撟
665,1,焦,1,焦,w209a1003,焦,1,5814,焦
665,2,𤓪,2,𤓪,w209a1004,𤓪,2,5815,𤓪
665,3,㲬,3,㲬,w209a1005,㲬,3,5816,㲬
665,4,蕉,4,蕉,w209b0101,蕉,4,5817,蕉
665,5,膲,5,膲,w209b0102,膲,5,5818,膲
665,6,鷦,6,鷦,w209b0103,鷦,6,5819,鷦
665,7,𩾗,7,𩾗,w209b0104,𩾗,7,5820,𩾗
665,8,椒,8,椒,w209b0105,椒,8,5821,椒
665,9,茮,9,茮,w209b0201,茮,9,5822,茮
665,10,噍,10,噍,w209b0202,噍,10,5823,噍
665,11,鐎,11,鐎,w209b0203,鐎,11,5824,鐎
665,12,蟭,12,蟭,w209b0301,蟭,12,5825,蟭
665,13,䩌,13,䩌,w209b0302,䩌,13,5826,醮
665,14,𪚱,14,𪚱,w209b0303,𪚱,14,5827,𪚱
665,15,僬,15,僬,w209b0304,僬,15,5828,僬
665,16,燋,16,燋,w209b0305,燋,16,5829,燋
665,17,䌭,17,䌭,w209b0306,䌭,17,5830,䌭
666,1,饒,1,饒,w209b0401,饒,1,5831,饒
666,2,橈,2,橈,w209b0402,橈,2,5832,橈
666,3,襓,3,襓,w209b0403,襓,3,5833,襓
666,4,㹛,4,㹛,w209b0404,㹛,4,5834,㹛
666,5,蟯,5,蟯,w209b0405,蟯,5,5835,蟯
666,6,蕘,6,蕘,w209b0501,蕘,6,5836,蕘
667,1,燒,1,燒,w209b0502,燒,1,5837,燒
667,2,𤬖,2,𤬖,w209b0503,𤬖,2,5838,𤬖
668,1,遙,1,遙,w209b0504,遥,1,5839,遙
668,2,媱,2,媱,w209b0505,媱,2,5840,媱
668,3,傜,3,傜,w209b0506,傜,3,5841,傜
668,4,繇,4,繇,w209b0601,繇,4,5842,繇
668,5,颻,5,颻,w209b0602,颻,5,5843,颻
668,6,𣣳,6,𣣳,w209b0603,𣣳,6,5844,𣣳
668,7,窯,7,窯,w209b0604,窯,7,5845,窯
668,8,窰,8,窰,w209b0605,窰,8,5846,窰
668,9,䔄,9,䔄,w209b0606,䔄,9,5847,䔄
668,10,𦾺,10,𦾺,w209b0607,𦾺,10,5848,𦾺
668,11,珧,11,珧,w209b0701,珧,11,5849,珧
668,12,鰩,12,鰩,w209b0702,鰩,12,5850,鰩
668,13,銚,13,銚,w209b0703,銚,13,5851,銚
668,14,姚,14,姚,w209b0801,姚,14,5852,姚
668,15,搖,15,搖,w209b0802,摇,15,5853,搖
668,16,謠,16,謠,w209b0803,謡,16,5854,謠
668,17,軺,17,軺,w209b0901,軺,17,5855,軺
668,18,愮,18,愮,w209b0902,愮,18,5856,愮
668,19,恌,19,恌,w209b0903,恌,19,5857,恌
668,20,𨙂,20,𨙂,w209b0904,𨙂,20,5858,𨙂
668,21,陶,21,陶,w209b0905,陶,21,5859,陶
668,22,蘨,22,蘨,w209b1001,蘨,22,5860,蘨
668,23,𤬖,23,𤬖,w209b1002,𤬖,23,5861,𤬖
668,24,鷂,24,鷂,w209b1003,鷂,24,5862,鷂
668,25,洮,25,洮,w209b1004,洮,25,5863,洮
668,26,烑,26,烑,w210a0101,烑,26,5864,烑
668,27,𢋇〈㿁〉,27,𢋇〈㿁〉,w210a0102,𢋇〈㿁〉,27,5865,𢋇
668,28,𢑄,28,𢑄,w210a0103,𢑄,28,5866,𢑄
668,29,㫍,29,㫍,w210a0104,㫍,29,5867,㫍
668,30,榣,30,榣,w210a0105,榣,30,5868,榣
668,31,嗂,31,嗂,w210a0106,嗂,31,5869,嗂
668,32,䠛,32,䠛,w210a0201,䠛,32,5870,䠛
668,33,瑤,33,瑤,w210a0202,瑶,33,5871,瑤
668,34,猺,34,猺,w210a0203,猺,34,5872,猺
668,35,餆,35,餆,w210a0204,餆,35,5873,餆
668,36,褕,36,褕,w210a0205,褕,36,5874,褕
669,1,韶,1,韶,w210a0206,韶,1,5875,韶
669,2,㲈,2,㲈,w210a0301,㲈,2,5876,㲈
669,3,佋,3,佋,w210a0302,佋,3,5877,佋
669,4,𦯐,4,𦯐,w210a0303,𦯐,4,5878,𦯐
669,5,𠧙,5,𠧙,w210a0304,𠧙,5,5879,𠧙
669,6,玿,6,玿,w210a0401,玿,6,5880,玿
669,7,𢃳,7,𢃳,w210a0402,𢑦〈⿰帝巴〉,7,5881,𢃳
669,8,軺,8,軺,w210a0403,軺,8,5882,軺
669,9,柖,9,柖,w210a0404,柖,9,5883,柖
669,10,㸛,10,㸛,w210a0405,㸛,10,5884,㸛
670,1,昭,1,昭,w210a0406,昭,1,5885,昭
670,2,鵃,2,鵃,w210a0501,鵃,2,5886,鵃
670,3,鉊,3,鉊,w210a0502,鉊,3,5887,鉊
670,4,招,4,招,w210a0503,招,4,5888,招
670,5,釗,5,釗,w210a0504,釗,5,5889,釗
670,6,盄,6,盄,w210a0601,盄,6,5890,盄
670,7,皽,7,皽,w210a0602,皽,7,5891,皽
671,1,飆,1,飆,w210a0603,飊,1,5892,飊
671,2,標,2,標,w210a0604,標,2,5893,標
671,3,猋,3,猋,w210a0605,猋,3,5894,猋
671,4,杓,4,杓,w210a0701,杓,4,5895,杓
671,5,瘭,5,瘭,w210a0702,瘭,5,5896,瘭
671,6,幖,6,幖,w210a0703,幖,6,5897,幖
671,7,熛,7,熛,w210a0704,熛,7,5898,熛
671,8,㠒,8,㠒,w210a0705,㠒,8,5899,㠒
671,9,𧽤,9,𧽤,w210a0706,𧽤,9,5900,𧽤
671,10,蔈,10,蔈,w210a0801,蔈,10,5901,蔈
671,11,驫,11,驫,w210a0802,驫,11,5902,驫
671,12,𦠎,12,𦠎,w210a0803,𦠎,12,5903,𦠎
671,13,𣄠,13,𣄠,w210a0804,𣄠,13,5904,𣄠
671,14,贆,14,贆,w210a0805,贆,14,5905,贆
671,15,髟,15,髟,w210a0806,髟,15,5906,髟
672,1,鑣,1,鑣,w210a0901,鑣,1,5907,鑣
672,2,𧥍,2,𧥍,w210a0902,𧥍,2,5908,𩽁
672,3,臕,3,臕,w210a0903,臕,3,5909,臕
672,4,儦,4,儦,w210a0904,儦,4,5910,儦
672,5,瀌,5,瀌,w210a0905,瀌,5,5911,瀌
672,6,𦔩,6,𦔩,w210a0906,𦔩,6,5912,𦔩
672,7,藨,7,藨,w210a1001,藨,7,5913,藨
673,1,瓢,1,瓢,w210a1002,瓢,1,5914,瓢
673,2,飄,2,飄,w210a1003,飄,2,5915,飄
673,3,剽,3,剽,w210b0101,剽,3,5916,剽
673,4,薸,4,薸,w210b0102,薸,4,5917,薸
673,5,𣞈〈㯱〉,5,𣞈〈㯱〉,w210b0103,𣞈,5,5918,𣞈
673,6,螵,6,螵,w210b0104,螵,6,5919,螵
674,1,蜱,1,蜱,w210b0201,蜱,1,5920,蜱
674,2,䖢,2,䖢,w210b0202,䖢,2,5921,䖢
674,3,篻,3,篻,w210b0203,篻,3,5922,篻
674,4,㠺,4,㠺,w210b0204,㠺,4,5923,㠺
674,5,𪃦,5,𪃦,w210b0205,𪃦,5,5924,𪃦
675,1,苗,1,苗,w210b0206,苗,1,5925,苗
675,2,描,2,描,w210b0301,描,2,5926,描
675,3,緢,3,緢,w210b0302,緢,3,5927,緢
675,4,貓,4,貓,w210b0303,貓,4,5928,貓
675,5,猫,5,猫,w210b0401,猫,5,5929,猫
676,1,要,1,要,w210b0402,要,1,5930,要
676,2,腰,2,腰,w210b0501,腰,2,5931,腰
676,3,葽,3,葽,w210b0502,葽,3,5932,葽
676,4,喓,4,喓,w210b0503,喓,4,5933,喓
676,5,𧍔,5,𧍔,w210b0504,𧍔,5,5934,𧍔
676,6,䙅,6,䙅,w210b0505,䙅,6,5935,䙅
676,7,邀,7,邀,w210b0506,邀,7,5936,邀
676,8,䳩,8,䳩,w210b0601,䳩,8,5937,䳩
676,9,蟯,9,蟯,w210b0602,蟯,9,5938,蟯
677,1,鴞,1,鴞,w210b0603,鴞,1,5939,鴞
677,2,𨚙,2,𨚙,w210b0604,𨚙,2,5940,𨚙
678,1,喬,1,喬,w210b0605,喬,1,5941,喬
678,2,橋,2,橋,w210b0701,橋,2,5942,橋
678,3,趫,3,趫,w210b0702,趫,3,5943,趫
678,4,僑,4,僑,w210b0703,僑,4,5944,僑
678,5,㝯,5,㝯,w210b0801,㝯,5,5945,㝯
678,6,鐈,6,鐈,w210b0802,鐈,6,5946,鐈
678,7,鷮,7,鷮,w210b0803,鷮,7,5947,鷮
678,8,嶠,8,嶠,w210b0804,㠐,8,5948,㠐
678,9,毊,9,毊,w210b0805,毊,9,5949,毊
678,10,轎,10,轎,w210b0806,轎,10,5950,轎
678,11,嬌,11,嬌,w210b0807,嬌,11,5951,嬌
678,12,蕎,12,蕎,w210b0901,蕎,12,5952,蕎
678,13,蟜,13,蟜,w210b0902,蟜,13,5953,蟜
678,14,蹻,14,蹻,w210b0903,蹻,14,5954,蹻
678,15,䎗,15,䎗,w210b0904,𦒓,15,5955,𦒓
678,16,䀉,16,䀉,w210b0905,䀉,16,5956,䀉
679,1,鍫,1,鍫,w210b0906,鍫,1,5957,鍫
679,2,鐰,2,鐰,w210b1001,鐰,2,5958,鐰
679,3,篍,3,篍,w210b1002,篍,3,5959,篍
679,4,幧,4,幧,w210b1003,幧,4,5960,幧
679,5,㡑,5,㡑,w210b1004,㡑,5,5961,㡑
679,6,𣟼,6,𣟼,w210b1005,𣟼,6,5962,𣟼
679,7,𣖄,7,𣖄,w210b1006,𣖄,7,5963,𣖄
680,1,妖,1,妖,w211a0101,妖,1,5964,妖
680,2,祅,2,祅,w211a0102,祅,2,5965,祅
680,3,枖,3,枖,w211a0103,枖,3,5966,枖
680,4,訞,4,訞,w211a0104,訞,4,5967,訞
680,5,夭,5,夭,w211a0105,夭,5,5968,夭
681,1,蹻,1,蹻,w211a0201,蹻,1,5969,蹻
681,2,繑,2,繑,w211a0202,繑,2,5970,繑
681,3,趬,3,趬,w211a0203,趬,3,5971,趬
681,4,蹺,4,蹺,w211a0204,蹺,4,5972,蹺
681,5,䫞,5,䫞,w211a0205,䫞,5,5973,䫞
681,6,㚠,6,㚠,w211a0206,㚠,6,5974,㚠
682,1,怊,1,怊,w211a0301,怊,1,5975,怊
682,2,弨,2,弨,w211a0302,弨,2,5976,弨
683,1,𤐫,1,𤐫,w211a0303,𤐫,1,5977,爂
683,2,漂,2,漂,w211a0401,漂,2,5978,漂
683,3,杓,3,杓,w211a0402,杓,3,5979,杓
683,4,𩙒,4,𩙒,w211a0403,𩙒,4,5980,𩙒
683,5,嫖,5,嫖,w211a0404,嫖,5,5981,嫖
683,6,旚,6,旚,w211a0405,旚,6,5982,旚
683,7,犥,7,犥,w211a0406,犥,7,5983,犥
683,8,鏢,8,鏢,w211a0501,鏢,8,5984,鏢
683,9,僄,9,僄,w211a0502,僄,9,5985,僄
683,10,𪅃,10,𪅃,w211a0503,𪅃,10,5986,𪅃
683,11,飄,11,飄,w211a0504,飄,11,5987,飄
683,12,慓,12,慓,w211a0505,慓,12,5988,慓
683,13,彯,13,彯,w211a0506,彯,13,5989,彯
683,14,摽,14,摽,w211a0507,摽,14,5990,摽
683,15,𧽤,15,𧽤,w211a0508,𧽤,15,5991,𧽤
683,16,𨄏,16,𨄏,w211a0601,𨄏,16,5992,𨄏
683,17,翲,17,翲,w211a0602,翲,17,5993,翲
683,18,瞟,18,瞟,w211a0603,瞟,18,5994,瞟
683,19,螵,19,螵,w211a0604,螵,19,5995,螵
683,20,嘌,20,嘌,w211a0605,嘌,20,5996,嘌
683,21,𦠎,21,𦠎,w211a0606,𦠎,21,5997,𦠎
684,1,翹,1,翹,w211a0607,翹,1,5998,翹
684,2,荍,2,荍,w211a0701,荍,2,5999,荍
684,3,𧄍,3,𧄍,w211a0702,𧄍,3,6000,𧄍
684,4,嘺,4,嘺,w211a0703,嘺,4,6001,嘺
684,5,䎗,5,䎗,w211a0704,䎗,5,6002,䎗
684,6,𤖻,6,𤖻,w211a0705,𤖻,6,6003,𤖻
685,1,燎,1,燎,w211a0706,燎,1,6004,燎
685,2,髎,2,髎,w211a0707,髎,2,6005,髎
686,1,趫,1,趫,w211a0801,趫,1,6006,趫
686,2,憍〈𢄹〉,2,憍〈𢄹〉,w211a0802,憍〈𢄹〉,2,6007,憍
686,3,橇,3,橇,w211a0803,橇,3,6008,橇
686,4,鞽,4,鞽,w211a0804,鞽,4,6009,鞽
687,1,肴,1,肴,w211a0901,肴,1,6010,肴
687,2,餚,2,餚,w211a0902,餚,2,6011,餚
687,3,崤,3,崤,w211a0903,崤,3,6012,崤
687,4,𦺔,4,𦺔,w211a0904,𦺔,4,6013,𦺔
687,5,殽,5,殽,w211a0905,殽,5,6014,殽
687,6,洨,6,洨,w211a1001,洨,6,6015,洨
687,7,筊,7,筊,w211a1002,筊,7,6016,筊
687,8,姣,8,姣,w211a1003,姣,8,6017,姣
687,9,猇,9,猇,w211a1004,猇,9,6018,猇
687,10,㮁,10,㮁,w211a1005,㮁,10,6019,㮁
687,11,爻,11,爻,w211a1006,爻,11,6020,爻
687,12,淆,12,淆,w211b0101,淆,12,6021,淆
687,13,笅,13,笅,w211b0102,笅,13,6022,笅
687,14,㬵,14,㬵,w211b0103,㬵,14,6023,胶
687,15,𨠦,15,𨠦,w211b0104,𨠦,15,6024,𨠦
687,16,䋂,16,䋂,w211b0105,䋂,16,6025,䋂
687,17,倄,17,倄,w211b0106,倄,17,6026,倄
687,18,㤊,18,㤊,w211b0107,㤊,18,6027,㤊
687,19,䂚,19,䂚,w211b0108,䂚,19,6028,䂚
688,1,交,1,交,w211b0201,交,1,6029,交
688,2,蛟,2,蛟,w211b0202,蛟,2,6030,蛟
688,3,茭,3,茭,w211b0203,茭,3,6031,茭
688,4,鵁,4,鵁,w211b0301,鵁,4,6032,鵁
688,5,膠,5,膠,w211b0302,膠,5,6033,膠
688,6,鮫,6,鮫,w211b0303,鮫,6,6034,鮫
688,7,咬,7,咬,w211b0401,咬,7,6035,咬
688,8,郊,8,郊,w211b0402,郊,8,6036,郊
688,9,䍊,9,䍊,w211b0403,䍊,9,6037,䍊
688,10,轇,10,轇,w211b0404,轇,10,6038,轇
688,11,㶀,11,㶀,w211b0405,㶀,11,6039,㶀
688,12,䢒,12,䢒,w211b0406,䢒,12,6040,䢒
688,13,教,13,教,w211b0407,敎,13,6041,敎
688,14,䉰,14,䉰,w211b0501,䉰,14,6042,䉰
688,15,𥹜,15,𥹜,w211b0502,𥹜,15,6043,𥹜
688,16,摎,16,摎,w211b0503,摎,16,6044,摎
688,17,鉸,17,鉸,w211b0504,鉸,17,6045,鉸
688,18,佼,18,佼,w211b0505,佼,18,6046,佼
688,19,芁〈𦫶〉,19,芁〈𦫶〉,w211b0506,芁〈艽〉,19,6047,芁
688,20,詨,20,詨,w211b0507,詨,20,6048,詨
688,21,嘐,21,嘐,w211b0601,嘐,21,6049,嘐
688,22,𩎔,22,𩎔,w211b0602,𩎔,22,6050,𩎔
689,1,巢,1,巢,w211b0603,巢,1,6051,巢
689,2,轈,2,轈,w211b0701,轈,2,6052,轈
689,3,勦,3,勦,w211b0702,勦,3,6053,勦
689,4,𡻝,4,𡻝,w211b0703,𡻝,4,6054,𡻝
689,5,𣝞,5,𣝞,w211b0704,𣝞,5,6055,𣝞
689,6,樔,6,樔,w211b0705,樔,6,6056,樔
689,7,𡏮,7,𡏮,w211b0801,𡏮,7,6057,𡏮
689,8,鄛,8,鄛,w211b0802,鄛,8,6058,鄛
690,1,鐃,1,鐃,w211b0803,鐃,1,6059,鐃
690,2,呶,2,呶,w211b0804,呶,2,6060,呶
690,3,譊,3,譊,w211b0805,譊,3,6061,譊
690,4,怓,4,怓,w211b0806,怓,4,6062,怓
690,5,䴃,5,䴃,w211b0901,䴃,5,6063,䴃
690,6,𣲿,6,𣲿,w211b0902,𣲿,6,6064,𣳦
690,7,䃩,7,䃩,w211b0903,𥗸,7,6065,𥗰
690,8,𡽧,8,𡽧,w211b0904,𡽧,8,6066,𡽧
690,9,㺜,9,㺜,w211b0905,㺜,9,6067,㺜
691,1,梢,1,梢,w211b0906,梢,1,6068,梢
691,2,捎,2,捎,w211b1001,捎,2,6069,捎
691,3,髾,3,髾,w211b1002,髾,3,6070,髾
691,4,輎,4,輎,w211b1003,輎,4,6071,輎
691,5,旓,5,旓,w211b1004,旓,5,6072,旓
691,6,弰,6,弰,w211b1005,弰,6,6073,弰
691,7,䈰,7,䈰,w211b1006,䈰,7,6074,䈰
691,8,筲,8,筲,w211b1007,筲,8,6075,筲
691,9,鞘,9,鞘,w211b1008,鞘,9,6076,鞘
691,10,蛸,10,蛸,w212a0101,蛸,10,6077,蛸
691,11,鮹,11,鮹,w212a0102,鮹,11,6078,鮹
691,12,䘯,12,䘯,w212a0103,䘯,12,6079,䘯
691,13,綃,13,綃,w212a0104,綃,13,6080,綃
691,14,颵,14,颵,w212a0105,颵,14,6081,颵
691,15,莦,15,莦,w212a0106,莦,15,6082,莦
691,16,娋,16,娋,w212a0107,娋,16,6083,娋
691,17,𡡏,17,𡡏,w212a0201,𡡏,17,6084,𡡏
692,1,茅,1,茅,w212a0202,茅,1,6085,茅
692,2,蝥,2,蝥,w212a0203,蝥,2,6086,蝥
692,3,貓,3,貓,w212a0204,貓,3,6087,貓
692,4,犛,4,犛,w212a0205,犛,4,6088,犛
692,5,罞,5,罞,w212a0301,罞,5,6089,罞
692,6,鶜,6,鶜,w212a0302,鶜,6,6090,鶜
692,7,描,7,描,w212a0303,描,7,6091,描
692,8,媌,8,媌,w212a0304,媌,8,6092,媌
693,1,虓,1,虓,w212a0305,虓,1,6093,虓
693,2,猇,2,猇,w212a0306,猇,2,6094,猇
693,3,髇,3,髇,w212a0307,髇,3,6095,髇
693,4,藃,4,藃,w212a0308,藃,4,6096,藃
693,5,穘,5,穘,w212a0401,穘,5,6097,穘
693,6,窙,6,窙,w212a0402,窙,6,6098,窙
693,7,嗃,7,嗃,w212a0403,嗃,7,6099,嗃
693,8,䬘,8,䬘,w212a0404,䬘,8,6100,䬘
693,9,哮,9,哮,w212a0405,哮,9,6101,哮
693,10,庨,10,庨,w212a0406,庨,10,6102,庨
693,11,灱,11,灱,w212a0407,灱,11,6103,灱
693,12,涍,12,涍,w212a0408,涍,12,6104,涍
693,13,嘐,13,嘐,w212a0501,嘐,13,6105,嘐
693,14,顤,14,顤,w212a0502,顤,14,6106,顤
693,15,𩾾,15,𩾾,w212a0503,𩾾,15,6107,𩾾
693,16,㹲,16,㹲,w212a0504,㹲,16,6108,㹲
694,1,包,1,包,w212a0505,包,1,6109,包
694,2,胞,2,胞,w212a0601,胞,2,6110,胞
694,3,枹,3,枹,w212a0602,枹,3,6111,枹
694,4,苞,4,苞,w212a0603,苞,4,6112,苞
694,5,勹,5,勹,w212a0701,勹,5,6113,勹
695,1,胞,1,胞,w212a0702,胞,1,6114,胞
695,2,𨚔,2,𨚔,w212a0703,𨚔,2,6115,𨚔
695,3,䍖,3,䍖,w212a0704,䍖,3,6116,䍖
695,4,脬,4,脬,w212a0705,脬,4,6117,脬
695,5,拋,5,拋,w212a0706,拋,5,6118,拋
695,6,泡,6,泡,w212a0801,泡,6,6119,泡
695,7,𠐋,7,𠐋,w212a0802,𠐋,7,6120,𠐋
695,8,𢿏,8,𢿏,w212a0803,𢿏,8,6121,𢿏
695,9,𦫶,9,𦫶,w212a0804,𦫶,9,6122,𦫶
696,1,敲,1,敲,w212a0805,敲,1,6123,敲
696,2,跤,2,跤,w212a0806,跤,2,6124,跤
696,3,骹,3,骹,w212a0901,骹,3,6125,骹
696,4,膠〈𥉾〉,4,膠〈𥉾〉,w212a0902,膠〈𥉾〉,4,6126,膠
696,5,㤍,5,㤍,w212a0903,㤍,5,6127,㤍
696,6,磽,6,磽,w212a0904,磽,6,6128,磽
696,7,䂭,7,䂭,w212a0905,䂭,7,6129,䂭
696,8,礉,8,礉,w212a0906,礉,8,6130,礉
696,9,鄗,9,鄗,w212a0907,鄗,9,6131,鄗
696,10,墝,10,墝,w212a1001,墝,10,6132,墝
696,11,頝,11,頝,w212a1002,頝,11,6133,頝
697,1,聱,1,聱,w212a1003,聱,1,6134,聱
697,2,謷,2,謷,w212a1004,謷,2,6135,謷
697,3,磝,3,磝,w212b0101,磝,3,6136,磝
697,4,𢿣,4,𢿣,w212b0102,𢿣,4,6137,𢿣
698,1,𦗔,1,𦗔,w212b0103,𦗔,1,6138,𦗔
698,2,罺,2,罺,w212b0104,罺,2,6139,罺
698,3,抓,3,抓,w212b0105,抓,3,6140,抓
698,4,𠿈,4,𠿈,w212b0106,𠿈,4,6141,𠿈
698,5,摷,5,摷,w212b0107,摷,5,6142,摷
699,1,嘲,1,嘲,w212b0108,嘲,1,6143,嘲
699,2,䞴,2,䞴,w212b0201,䞴,2,6144,䞴
699,3,啁,3,啁,w212b0202,啁,3,6145,啁
699,4,鳭,4,鳭,w212b0203,鳭,4,6146,鳭
699,5,鵃,5,鵃,w212b0204,鵃,5,6147,鵃
700,1,䜈,1,䜈,w212b0205,䜈,1,6148,䜈
700,2,抄,2,抄,w212b0301,抄,2,6149,抄
700,3,鈔,3,鈔,w212b0302,鈔,3,6150,鈔
700,4,𦾱,4,𦾱,w212b0303,𦾱,4,6151,𦾱
700,5,訬,5,訬,w212b0304,訬,5,6152,訬
700,6,䰫,6,䰫,w212b0305,䰫,6,6153,䰫
701,1,庖,1,庖,w212b0306,庖,1,6154,庖
701,2,咆,2,咆,w212b0307,咆,2,6155,咆
701,3,匏,3,匏,w212b0401,匏,3,6156,匏
701,4,炮,4,炮,w212b0402,炮,4,6157,炮
701,5,炰,5,炰,w212b0403,炰,5,6158,炰
701,6,鉋,6,鉋,w212b0404,鉋,6,6159,鉋
701,7,瓟,7,瓟,w212b0405,瓟,7,6160,瓟
701,8,麃,8,麃,w212b0406,麃,8,6161,麃
701,9,掊,9,掊,w212b0407,掊,9,6162,掊
701,10,颮,10,颮,w212b0501,颮,10,6163,颮
701,11,鞄,11,鞄,w212b0502,鞄,11,6164,鞄
701,12,狍,12,狍,w212b0503,狍,12,6165,狍
701,13,跑,13,跑,w212b0504,跑,13,6166,跑
701,14,捊,14,捊,w212b0505,捊,14,6167,捊
701,15,尥,15,尥,w212b0506,尥,15,6168,尥
701,16,泡,16,泡,w212b0601,泡,16,6169,泡
701,17,㯡,17,㯡,w212b0602,㯡,17,6170,㯡
702,1,䫜,1,䫜,w212b0603,䫜,1,6171,䫜
702,2,㕭,2,㕭,w212b0604,㕭,2,6172,㕭
702,3,坳,3,坳,w212b0605,坳,3,6173,坳
702,4,窅,4,窅,w212b0606,窅,4,6174,窅
702,5,軪,5,軪,w212b0701,軪,5,6175,軪
702,6,眑,6,眑,w212b0702,眑,6,6176,眑
702,7,咬,7,咬,w212b0703,咬,7,6177,咬
702,8,梎,8,梎,w212b0704,梎,8,6178,梎
702,9,𠣑,9,𠣑,w212b0705,𠣑,9,6179,𠣑
703,1,䫸,1,䫸,w212b0706,䫸,1,6180,䫸
703,2,嘮,2,嘮,w212b0707,嘮,2,6181,嘮
704,1,顟,1,顟,w212b0801,顟,1,6182,顟
704,2,𠐋,2,𠐋,w212b0802,𠐋,2,6183,𠐋
704,3,窌,3,窌,w212b0803,窌,3,6184,窌
704,4,賿,4,賿,w212b0804,賿,4,6185,賿
705,1,䄻,1,䄻,w212b0805,䄻,1,6186,䄻
706,1,豪,1,豪,w212b0901,豪,1,6187,豪
706,2,號,2,號,w212b1001,號,2,6188,號
706,3,毫,3,毫,w212b1002,毫,3,6189,毫
706,4,嗥,4,嗥,w212b1003,噑,4,6190,噑
706,5,獆,5,獆,w212b1004,獔,5,6191,獋
706,6,濠,6,濠,w213a0101,濠,6,6192,濠
706,7,壕,7,壕,w213a0102,壕,7,6193,壕
706,8,䫧,8,䫧,w213a0103,𩕍,8,6194,𩕍
706,9,𣘫,9,𣘫,w213a0104,𣘫,9,6195,𣘫
706,10,崤,10,崤,w213a0105,崤,10,6196,崤
706,11,𨚙,11,𨚙,w213a0106,𨚙,11,6197,𨚙
706,12,𠢕,12,𠢕,w213a0107,𠢕,12,6198,𠢕
706,13,𨼍,13,𨼍,w213a0201,𨼍,13,6199,𨼍
707,1,高,1,高,w213a0202,髙,1,6200,髙
707,2,膏,2,膏,w213a0301,膏,2,6201,膏
707,3,皐,3,皐,w213a0302,皐,3,6202,臯
707,4,皋,4,皋,w213a0401,皋,4,6203,皋
707,5,羔,5,羔,w213a0402,羔,5,6204,羔
707,6,餻,6,餻,w213a0403,餻,6,6205,餻
707,7,㟸,7,㟸,w213a0404,𡼗,7,6206,𡼗
707,8,櫜,8,櫜,w213a0405,櫜,8,6207,櫜
707,9,咎,9,咎,w213a0406,咎,9,6208,咎
707,10,鼛,10,鼛,w213a0501,鼛,10,6209,鼛
707,11,鷎,11,鷎,w213a0502,鷱,11,6210,鷱
707,12,篙,12,篙,w213a0503,篙,12,6211,篙
707,13,槔,13,槔,w213a0504,槹,13,6212,橰
707,14,䚌,14,䚌,w213a0505,𧢌,14,6213,𧢌
707,15,䔌,15,䔌,w213a0506,𦺆,15,6214,䔌
707,16,㤒,16,㤒,w213a0601,㤒,16,6215,㤒
707,17,䆁,17,䆁,w213a0602,䆁〈𥢐〉,17,6216,䆁
707,18,𣓌,18,𣓌,w213a0603,𣓌,18,6217,𣓌
707,19,倃,19,倃,w213a0604,倃,19,6218,倃
707,20,䓘,20,䓘,w213a0605,䓘,20,6219,䓘
707,21,䣗,21,䣗,w213a0606,𨝲,21,6220,𨝲
708,1,勞,1,勞,w213a0607,勞,1,6221,勞
708,2,澇,2,澇,w213a0701,澇,2,6222,澇
708,3,牢,3,牢,w213a0702,牢,3,6223,牢
708,4,窂,4,窂,w213a0801,窂,4,6224,窂
708,5,簩,5,簩,w213a0802,簩,5,6225,簩
708,6,䝁,6,䝁,w213a0803,䝁,6,6226,䝁
708,7,𧰉,7,𧰉,w213a0804,𧰉,7,6227,𧰉
708,8,蟧,8,蟧,w213a0805,蟧,8,6228,蟧
708,9,醪,9,醪,w213a0806,醪,9,6229,醪
708,10,撈,10,撈,w213a0901,撈,10,6230,撈
708,11,㟉,11,㟉,w213a0902,㟉,11,6231,㟉
708,12,㗦,12,㗦,w213a0903,㗦,12,6232,㗦
708,13,髝,13,髝,w213a0904,髝,13,6233,髝
708,14,憥,14,憥,w213a0905,憥,14,6234,憥
708,15,𦗖,15,𦗖,w213a0906,𦗖,15,6235,𦗖
708,16,䜮,16,䜮,w213a0907,䜮,16,6236,䜮
708,17,𨦭,17,𨦭,w213a0908,𨦭,17,6237,𨦭
708,18,𤩂,18,𤩂,w213a1001,𤩂,18,6238,𤩂
708,19,嫪,19,嫪,w213a1002,嫪,19,6239,嫪
708,20,哰,20,哰,w213a1003,哰,20,6240,哰
708,21,𣘪,21,𣘪,w213a1004,𣘪,21,6241,𣘪
708,22,簝,22,簝,w213a1005,簝,22,6242,簝
709,1,蒿,1,蒿,w213a1006,蒿,1,6243,蒿
709,2,䜰,2,䜰,w213b0101,𧯌,2,6244,𧯌
709,3,撓,3,撓,w213b0102,撓,3,6245,撓
709,4,薧,4,薧,w213b0103,薧,4,6246,薧
709,5,薅,5,薅,w213b0104,薅,5,6247,薅
709,6,茠,6,茠,w213b0105,茠,6,6248,茠
709,7,𣐾,7,𣐾,w213b0106,𣐾〈𢫩〉,7,6249,𣐾
710,1,毛,1,毛,w213b0107,毛,1,6250,毛
710,2,髦,2,髦,w213b0201,髦,2,6251,髦
710,3,芼,3,芼,w213b0202,芼,3,6252,芼
710,4,𣹪,4,𣹪,w213b0203,𣹪,4,6253,𣹪
710,5,旄,5,旄,w213b0301,旄,5,6254,旄
710,6,氂,6,氂,w213b0401,氂,6,6255,氂
710,7,㮘,7,㮘,w213b0402,㮘,7,6256,楙
710,8,枆,8,枆,w213b0403,枆,8,6257,枆
710,9,酕,9,酕,w213b0404,酕,9,6258,酕
710,10,堥,10,堥,w213b0405,堥,10,6259,堥
711,1,饕,1,饕,w213b0406,饕,1,6260,饕
711,2,洮,2,洮,w213b0407,洮,2,6261,洮
711,3,韜,3,韜,w213b0501,韜,3,6262,韜
711,4,縚,4,縚,w213b0502,縚,4,6263,縚
711,5,謟,5,謟,w213b0503,謟,5,6264,謟
711,6,滔,6,滔,w213b0504,滔,6,6265,滔
711,7,叨,7,叨,w213b0505,叨,7,6266,叨
711,8,弢,8,弢,w213b0506,弢,8,6267,弢
711,9,𩥓,9,𩥓,w213b0507,𩥓,9,6268,𩥓
711,10,㹗,10,㹗,w213b0601,㹗,10,6269,㹗
711,11,𤘸,11,𤘸,w213b0602,𤘸,11,6270,𤘸
711,12,慆,12,慆,w213b0603,慆,12,6271,慆
711,13,絛,13,絛,w213b0604,絛,13,6272,絛
711,14,幍,14,幍,w213b0605,幍,14,6273,幍
711,15,𠌪,15,𠌪,w213b0606,𠌪,15,6274,𠌪
711,16,槄,16,槄,w213b0607,槄,16,6275,槄
711,17,蜪,17,蜪,w213b0608,蜪,17,6276,蜪
711,18,夲,18,夲,w213b0701,夲,18,6277,夲
711,19,𠦂,19,𠦂,w213b0702,𠦂,19,6278,𠦎
711,20,綢,20,綢,w213b0703,綢,20,6279,綢
711,21,搯,21,搯,w213b0801,搯,21,6280,搯
711,22,翢,22,翢,w213b0802,翢,22,6281,翢
711,23,瑫,23,瑫,w213b0803,瑫,23,6282,瑫
711,24,𠬢,24,𠬢,w213b0804,𠬢,24,6283,𠬢
711,25,䈱,25,䈱,w213b0901,䈱,25,6284,䈱
711,26,𠚡,26,𠚡,w213b0902,𠚡,26,6285,𠚜
711,27,詜,27,詜,w213b0903,詜,27,6286,詜
711,28,挑,28,挑,w213b0904,挑,28,6287,挑
712,1,刀,1,刀,w213b0905,刀,1,6288,刀
712,2,魛,2,魛,w213b1001,魛,2,6289,魛
712,3,忉,3,忉,w213b1002,忉,3,6290,忉
712,4,裯,4,裯,w213b1003,裯,4,6291,裯
712,5,舠,5,舠,w213b1004,舠,5,6292,舠
712,6,𩕯,6,𩕯,w213b1005,𩕯,6,6293,𩕯
712,7,朷,7,朷,w214a0101,朷,7,6294,朷
713,1,騷,1,騷,w214a0102,騷,1,6295,騷
713,2,搔,2,搔,w214a0103,搔,2,6296,搔
713,3,繅,3,繅,w214a0104,繅,3,6297,缫
713,4,繰,4,繰,w214a0105,繰,4,6298,繰
713,5,臊,5,臊,w214a0106,臊,5,6299,臊
713,6,鰠,6,鰠,w214a0107,鰠,6,6300,鰠
713,7,溞,7,溞,w214a0108,溞,7,6301,溞
713,8,颾,8,颾,w214a0201,颾,8,6302,颾
713,9,鱢,9,鱢,w214a0202,鱢,9,6303,鱢
713,10,㮴,10,㮴,w214a0203,𣔱,10,6304,㮴
713,11,艘,11,艘,w214a0204,䑹,11,6305,䑹
713,12,𠋺,12,𠋺,w214a0205,𠋺,12,6306,𠋺
713,13,慅,13,慅,w214a0206,慅,13,6307,慅
714,1,袍,1,袍,w214a0207,袍,1,6308,袍
714,2,袌,2,袌,w214a0301,袌,2,6309,袌
714,3,軳,3,軳,w214a0302,軳,3,6310,軳
715,1,襃,1,襃,w214a0303,襃,1,6311,襃
715,2,褒,2,褒,w214a0304,褒,2,6312,褒
715,3,𠅬,3,𠅬,w214a0305,𠅬,3,6313,𠅬
715,4,𨚔,4,𨚔,w214a0401,𨚔,4,6314,𨚔
716,1,陶,1,陶,w214a0402,陶,1,6315,陶
716,2,䛬,2,䛬,w214a0501,䛬,2,6316,䛬
716,3,䛌,3,䛌,w214a0502,䛌,3,6317,䛌
716,4,咷,4,咷,w214a0503,咷,4,6318,咷
716,5,桃,5,桃,w214a0504,桃,5,6319,桃
716,6,綯,6,綯,w214a0601,綯,6,6320,綯
716,7,燾,7,燾,w214a0602,燾,7,6321,燾
716,8,逃,8,逃,w214a0701,逃,8,6322,逃
716,9,鼗,9,鼗,w214a0702,鼗,9,6323,鼗
716,10,鞀,10,鞀,w214a0703,鞀,10,6324,鞀
716,11,鞉,11,鞉,w214a0704,鞉,11,6325,鞉
716,12,濤,12,濤,w214a0705,濤,12,6326,濤
716,13,掏,13,掏,w214a0706,掏,13,6327,掏
716,14,檮,14,檮,w214a0707,檮,14,6328,檮
716,15,騊,15,騊,w214a0801,騊,15,6329,騊
716,16,萄,16,萄,w214a0802,萄,16,6330,萄
716,17,翿,17,翿,w214a0803,翿,17,6331,翿
716,18,䬞,18,䬞,w214a0901,䬞,18,6332,䬞
716,19,匋,19,匋,w214a0902,匋,19,6333,匋
716,20,啕,20,啕,w214a0903,啕,20,6334,啕
716,21,翢,21,翢,w214a0904,翢,21,6335,翢
716,22,錭,22,錭,w214a0905,錭,22,6336,錭
716,23,駣,23,駣,w214a0906,駣,23,6337,駣
716,24,蜪,24,蜪,w214a0907,蜪,24,6338,蜪
716,25,裪,25,裪,w214a0908,裪,25,6339,裪
717,1,糟,1,糟,w214a1001,糟,1,6340,糟
717,2,𦵩,2,𦵩,w214a1002,𦵩,2,6341,𦵩
717,3,醩,3,醩,w214a1003,醩,3,6342,醩
717,4,遭,4,遭,w214a1004,遭,4,6343,遭
717,5,㷮,5,㷮,w214a1005,㷮,5,6344,㷮
717,6,槽,6,槽,w214a1006,槽,6,6345,槽
717,7,傮,7,傮,w214a1007,傮,7,6346,傮
717,8,𣩒,8,𣩒,w214a1008,𣩒,8,6347,𣩒
717,9,㡟,9,㡟,w214b0101,㡟,9,6348,㡟
718,1,敖,1,敖,w214b0102,敖,1,6349,敖
718,2,遨,2,遨,w214b0103,遨,2,6350,遨
718,3,翱,3,翱,w214b0104,翶,3,6351,翺
718,4,聱,4,聱,w214b0105,聱,4,6352,聱
718,5,驁,5,驁,w214b0106,驁,5,6353,驁
718,6,熬,6,熬,w214b0201,熬,6,6354,熬
718,7,嶅,7,嶅,w214b0202,嶅,7,6355,嶅
718,8,獒,8,獒,w214b0203,獒,8,6356,獒
718,9,滶,9,滶,w214b0204,滶,9,6357,滶
718,10,蔜,10,蔜,w214b0205,蔜,10,6358,蔜
718,11,鷔,11,鷔,w214b0206,鷔,11,6359,鷔
718,12,鼇,12,鼇,w214b0301,鼇,12,6360,鼇
718,13,螯,13,螯,w214b0302,螯,13,6361,螯
718,14,謷,14,謷,w214b0303,謷,14,6362,謷
718,15,嗸,15,嗸,w214b0304,嗸,15,6363,嗸
718,16,嗷,16,嗷,w214b0305,嗷,16,6364,嗷
718,17,䫨,17,䫨,w214b0306,䫨,17,6365,䫨
718,18,𢧴,18,𢧴,w214b0307,𢧴,18,6366,𢧴
718,19,摮,19,摮,w214b0308,摮,19,6367,摮
718,20,嫯,20,嫯,w214b0401,嫯,20,6368,嫯
718,21,䦋,21,䦋,w214b0402,䦋,21,6369,䦋
718,22,𣘢,22,𣘢,w214b0403,𣘢,22,6370,𣘢
718,23,𦪈,23,𦪈,w214b0404,𦪈,23,6371,𦪈
718,24,𩪋,24,𩪋,w214b0405,𩪋,24,6372,𩪕
718,25,鰲,25,鰲,w214b0406,鰲,25,6373,鰲
719,1,曹,1,曹,w214b0407,曹,1,6374,曹
719,2,𣍘,2,𣍘,w214b0601,𣍘,2,6375,𣍘
719,3,槽,3,槽,w214b0602,槽,3,6376,槽
719,4,螬,4,螬,w214b0603,螬,4,6377,螬
719,5,嘈,5,嘈,w214b0604,嘈,5,6378,嘈
719,6,鐰,6,鐰,w214b0605,鐰,6,6379,鐰
719,7,䄚,7,䄚,w214b0606,䄚,7,6380,䄚
719,8,艚,8,艚,w214b0701,艚,8,6381,艚
719,9,䏆,9,䏆,w214b0702,䏆,9,6382,䏆
719,10,𩫥,10,𩫥,w214b0703,𩫥,10,6383,𩫥
719,11,䐬,11,䐬,w214b0704,䐬,11,6384,䐬
719,12,蓸,12,蓸,w214b0705,蓸,12,6385,蓸
719,13,漕,13,漕,w214b0706,漕,13,6386,漕
719,14,褿,14,褿,w214b0707,褿,14,6387,褿
720,1,𤏶,1,𤏶,w214b0708,𤏶,1,6388,𤏶
720,2,䥝,2,䥝,w214b0801,䥝,2,6389,䥝
720,3,鏖,3,鏖,w214b0802,鏖,3,6390,鏖
721,1,猱,1,猱,w214b0803,猱,1,6391,猱
721,2,㺜,2,㺜,w214b0804,㺜,2,6392,㺜
721,3,𤣜,3,𤣜,w214b0805,𤣜,3,6393,𤣜
721,4,巎,4,巎,w214b0806,巎,4,6394,巎
721,5,嶩,5,嶩,w214b0807,嶩,5,6395,嶩
721,6,峱,6,峱,w214b0901,峱,6,6396,峱
721,7,𤫕,7,𤫕,w214b0902,𤫕,7,6397,𤫕
721,8,獿,8,獿,w214b0903,獿,8,6398,獿
722,1,尻,1,尻,w214b0904,尻,1,6399,尻
722,2,訄,2,訄,w214b0905,訄,2,6400,訄
723,1,操,1,操,w214b0906,操,1,6401,操
723,2,幧,2,幧,w214b0907,幧,2,6402,幧
723,3,𢻥〈𢿾〉,3,𢻥〈𢿾〉,w214b1001,𢻥〈𢿾〉,3,6403,𢻥
723,4,㡟,4,㡟,w214b1002,㡟,4,6404,㡟
724,1,㯱,1,㯱,w214b1003,㯱,1,6405,㯱
724,2,藨,2,藨,w214b1004,藨,2,6406,藨
724,3,䫽,3,䫽,w214b1005,䫽,3,6407,䫽
724,4,㲏,4,㲏,w214b1006,㲏,4,6408,㲏
725,1,歌,1,歌,w215a0101,歌,1,6409,歌
725,2,謌,2,謌,w215a0201,謌,2,6410,謌
725,3,柯,3,柯,w215a0202,柯,3,6411,柯
725,4,妿,4,妿,w215a0203,妿,4,6412,妿
725,5,㤎,5,㤎,w215a0301,㤎,5,6413,㤎
725,6,菏〈渮〉,6,菏〈渮〉,w215a0302,菏〈渮〉,6,6414,菏
725,7,牁,7,牁,w215a0303,牁,7,6415,牁
725,8,戕,8,戕,w215a0304,戕,8,6416,戕
725,9,滒,9,滒,w215a0305,滒,9,6417,滒
725,10,哥,10,哥,w215a0306,哥,10,6418,哥
725,11,鴚,11,鴚,w215a0401,鴚,11,6419,鴚
726,1,蹉,1,蹉,w215a0402,蹉,1,6420,蹉
726,2,瑳,2,瑳,w215a0403,瑳,2,6421,瑳
726,3,搓,3,搓,w215a0404,搓,3,6422,搓
726,4,磋,4,磋,w215a0405,磋,4,6423,磋
726,5,溠,5,溠,w215a0406,溠,5,6424,溠
726,6,傞,6,傞,w215a0501,傞,6,6425,傞
726,7,𪘓,7,𪘓,w215a0502,𪘓,7,6426,𪘓
727,1,多,1,多,w215a0503,多,1,6427,多
727,2,𦰿,2,𦰿,w215a0504,｛𦰿｝,2,6428,𦰿
727,3,𦷛,3,𦷛,w215a0505,𦷛,3,6429,𦷛
728,1,娑,1,娑,w215a0601,娑,1,6430,娑
728,2,挱,2,挱,w215a0602,挱,2,6431,挱
728,3,挲,3,挲,w215a0603,挲,3,6432,挲
728,4,傞,4,傞,w215a0604,傞,4,6433,傞
728,5,𩊮,5,𩊮,w215a0605,𩊮,5,6434,𩊮
728,6,獻,6,獻,w215a0606,獻,6,6435,獻
728,7,䓾,7,䓾,w215a0701,䓾,7,6436,䓾
728,8,𠈱,8,𠈱,w215a0702,𠈱,8,6437,𠈱
728,9,桫,9,桫,w215a0703,桫,9,6438,桫
728,10,䤬,10,䤬,w215a0704,䤬,10,6439,䤬
728,11,𥆝,11,𥆝,w215a0705,𥆝,11,6440,𥆝
729,1,駝,1,駝,w215a0706,駝,1,6441,駝
729,2,駞,2,駞,w215a0801,駞,2,6442,駞
729,3,鼉,3,鼉,w215a0802,鼉,3,6443,鼉
729,4,𡩆,4,𡩆,w215a0803,𡩆,4,6444,𡩆
729,5,紽,5,紽,w215a0901,紽,5,6445,紽
729,6,鮀,6,鮀,w215a0902,鮀,6,6446,鮀
729,7,陀,7,陀,w215a0903,陀,7,6447,陀
729,8,驒,8,驒,w215a0904,驒,8,6448,驒
729,9,䍫,9,䍫,w215a0905,䍫,9,6449,䍫
729,10,沱,10,沱,w215a1001,沱,10,6450,沱
729,11,跎,11,跎,w215a1002,跎,11,6451,跎
729,12,詑,12,詑,w215a1003,詑,12,6452,詑
729,13,池,13,池,w215a1004,池,13,6453,池
729,14,酡,14,酡,w215b0101,酡,14,6454,酡
729,15,㼠,15,㼠,w215b0102,㼠,15,6455,㼠
729,16,䭾〈馱〉,16,䭾〈馱〉,w215b0103,䭾,16,6456,䭾
729,17,迱,17,迱,w215b0104,迱,17,6457,迱
729,18,鼧,18,鼧,w215b0105,鼧,18,6458,鼧
729,19,袉,19,袉,w215b0106,袉,19,6459,袉
729,20,𩉺,20,𩉺,w215b0201,𩉺,20,6460,𩉺
729,21,䡐,21,䡐,w215b0202,䡐,21,6461,䡐
729,22,𧕛,22,𧕛,w215b0203,𧕛,22,6462,𧕛
729,23,佗,23,佗,w215b0204,佗,23,6463,佗
730,1,醝,1,醝,w215b0205,醝,1,6464,醝
730,2,㽨,2,㽨,w215b0206,㽨,2,6465,㽨
730,3,瘥,3,瘥,w215b0207,瘥,3,6466,瘥
730,4,䣜,4,䣜,w215b0301,䣜,4,6467,䣜
730,5,𣩈,5,𣩈,w215b0302,𣩈,5,6468,𣩈
730,6,鹺,6,鹺,w215b0303,鹺,6,6469,鹺
730,7,嵯,7,嵯,w215b0304,嵳,7,6470,嵳
730,8,蒫,8,蒫,w215b0305,蒫,8,6471,蒫
730,9,𥰭,9,𥰭,w215b0401,𥰭,9,6472,𥰭
730,10,艖,10,艖,w215b0402,艖,10,6473,艖
730,11,蔖,11,蔖,w215b0403,蔖,11,6474,蔖
730,12,䴾,12,䴾,w215b0404,䴾,12,6475,䴾
730,13,䑘,13,䑘,w215b0405,䑘,13,6476,䑘
730,14,䠡,14,䠡,w215b0406,䠡,14,6477,䠡
730,15,躦,15,躦,w215b0407,𨇃,15,6478,躦
730,16,虘,16,虘,w215b0501,虘,16,6479,虘
730,17,𪘓,17,𪘓,w215b0502,𪘓,17,6480,𪘓
730,18,齹,18,齹,w215b0503,齹,18,6481,齹
730,19,䰈,19,䰈,w215b0504,䰈,19,6482,䰈
731,1,莪,1,莪,w215b0505,莪,1,6483,莪
731,2,哦,2,哦,w215b0506,哦,2,6484,哦
731,3,娥,3,娥,w215b0601,娥,3,6485,娥
731,4,䄉,4,䄉,w215b0602,䄉,4,6486,䄉
731,5,峨,5,峨,w215b0603,峩,5,6487,峩
731,6,鵝,6,鵝,w215b0604,鵝,6,6488,鵝
731,7,俄,7,俄,w215b0605,俄,7,6489,俄
731,8,𩒰,8,𩒰,w215b0606,𩒰,8,6490,𩒰
731,9,蛾,9,蛾,w215b0607,蛾,9,6491,蛾
731,10,睋,10,睋,w215b0701,睋,10,6492,睋
731,11,涐,11,涐,w215b0702,涐,11,6493,涐
731,12,誐,12,誐,w215b0703,誐,12,6494,誐
731,13,硪,13,硪,w215b0704,硪,13,6495,硪
732,1,佗,1,佗,w215b0705,佗,1,6496,佗
732,2,他,2,他,w215b0801,他,2,6497,他
732,3,拕,3,拕,w215b0802,拕,3,6498,拕
732,4,它,4,它,w215b0803,它,4,6499,它
732,5,蛇,5,蛇,w215b0901,蛇,5,6500,蛇
732,6,痑,6,痑,w215b0902,痑,6,6501,痑
732,7,鼧,7,鼧,w215b0903,鼧,7,6502,鼧
733,1,羅,1,羅,w215b0904,羅,1,6503,羅
733,2,蘿,2,蘿,w215b1001,蘿,2,6504,蘿
733,3,籮,3,籮,w215b1002,籮,3,6505,籮
733,4,儸,4,儸,w215b1003,儸,4,6506,儸
733,5,饠,5,饠,w215b1004,饠,5,6507,饠
733,6,𤄷,6,𤄷,w216a0101,𤄷,6,6508,𤄷
733,7,欏,7,欏,w216a0102,欏,7,6509,欏
733,8,囉,8,囉,w216a0103,囉,8,6510,囉
733,9,鑼,9,鑼,w216a0104,鑼,9,6511,鑼
733,10,剆,10,剆,w216a0105,剆,10,6512,剆
734,1,那,1,那,w216a0106,那,1,6513,那
734,2,㔮,2,㔮,w216a0201,㔮,2,6514,㔮
734,3,𤘟,3,𤘟,w216a0202,𤘟,3,6515,𤘟
734,4,挪,4,挪,w216a0301,挪,4,6516,挪
734,5,儺,5,儺,w216a0302,儺,5,6517,儺
734,6,𠹈,6,𠹈,w216a0303,𠹈,6,6518,𠹈
734,7,𡖔,7,𡖔,w216a0304,𡖔,7,6519,𡖔
734,8,𩴓,8,𩴓,w216a0305,𩴓,8,6520,𩴓
734,9,臡,9,臡,w216a0306,臡,9,6521,臡
735,1,何,1,何,w216a0307,何,1,6522,何
735,2,河,2,河,w216a0401,河,2,6523,河
735,3,荷,3,荷,w216a0501,荷,3,6524,荷
735,4,菏,4,菏,w216a0601,菏,4,6525,菏
735,5,苛,5,苛,w216a0602,苛,5,6526,苛
735,6,蚵,6,蚵,w216a0603,蚵,6,6527,蚵
735,7,魺,7,魺,w216a0604,魺,7,6528,魺
736,1,訶,1,訶,w216a0605,訶,1,6529,訶
736,2,呵,2,呵,w216a0606,呵,2,6530,呵
736,3,𩑸,3,𩑸,w216a0701,𩑸,3,6531,𩑸
736,4,㱒,4,㱒,w216a0702,㱒,4,6532,㱒
736,5,抲,5,抲,w216a0703,抲,5,6533,抲
737,1,珂,1,珂,w216a0704,珂,1,6534,珂
737,2,𠳌,2,𠳌,w216a0705,𠳊,2,6535,𠳊
737,3,䯊,3,䯊,w216a0706,䯊,3,6536,䯊
737,4,軻,4,軻,w216a0707,軻,4,6537,軻
738,1,阿,1,阿,w216a0708,阿,1,6538,阿
738,2,娿,2,娿,w216a0901,娿,2,6539,娿
738,3,痾,3,痾,w216a0902,痾,3,6540,痾
738,4,妸,4,妸,w216a0903,妸,4,6541,妸
738,5,妿,5,妿,w216a0904,妿,5,6542,妿
738,6,䋪,6,䋪,w216a0905,䋪,6,6543,䋪
738,7,鈳,7,鈳,w216a0906,鈳,7,6544,鈳
739,1,戈,1,戈,w216a1001,戈,1,6545,戈
739,2,過,2,過,w216a1002,過,2,6546,過
739,3,渦,3,渦,w216b0101,渦,3,6547,渦
739,4,鍋,4,鍋,w216b0201,鍋,4,6548,鍋
739,5,𨍋,5,𨍋,w216b0202,𨍋,5,6549,𨍋
739,6,楇,6,楇,w216b0203,楇,6,6550,楇
739,7,瘑,7,瘑,w216b0204,瘑,7,6551,瘑
739,8,㽿,8,㽿,w216b0205,㽿,8,6552,㽿
739,9,𩰫,9,𩰫,w216b0206,𩰫,9,6553,𩰫
739,10,𩰬,10,𩰬,w216b0207,𩰬,10,6554,𩰬
739,11,㗻,11,㗻,w216b0301,㗻,11,6555,㗻
739,12,緺,12,緺,w216b0302,緺,12,6556,緺
739,13,堝,13,堝,w216b0303,堝,13,6557,堝
739,14,𩾷,14,𩾷,w216b0304,𩾷,14,6558,𩾷
739,15,𧒖,15,𧒖,w216b0305,𧒖,15,6559,𧒖
740,1,遳,1,遳,w216b0306,遳,1,6560,遳
741,1,𨹄,1,𨹄,w216b0307,𨹄,1,6561,𨹄
741,2,𣑫,2,𣑫,w216b0308,桗,2,6562,桗
742,1,莎,1,莎,w216b0401,莎,1,6563,莎
742,2,魦,2,魦,w216b0402,魦,2,6564,魦
742,3,莏,3,莏,w216b0403,莏,3,6565,莏
742,4,𢘿,4,𢘿,w216b0404,⿱屾心〈⿱艹尐〉,4,6566,𢘿
742,5,趖,5,趖,w216b0405,趖,5,6567,趖
742,6,蓑,6,蓑,w216b0406,蓑,6,6568,蓑
742,7,唆,7,唆,w216b0501,唆,7,6569,唆
742,8,𧨀,8,𧨀,w216b0502,𧨀,8,6570,𧨀
742,9,髿,9,髿,w216b0503,髿,9,6571,髿
742,10,梭,10,梭,w216b0504,梭,10,6572,梭
742,11,𣜤,11,𣜤,w216b0601,𣜤,11,6573,𣜤
742,12,㛗,12,㛗,w216b0602,㛗,12,6574,㛗
743,1,婆,1,婆,w216b0603,婆,1,6575,婆
743,2,媻,2,媻,w216b0604,媻,2,6576,媻
743,3,鄱,3,鄱,w216b0605,鄱,3,6577,鄱
743,4,皤,4,皤,w216b0701,皤,4,6578,皤
743,5,𩕏,5,𩕏,w216b0702,𩕏,5,6579,𩕏
743,6,繁,6,繁,w216b0703,繁,6,6580,繁
743,7,搫,7,搫,w216b0801,搫,7,6581,搫
743,8,蔢,8,蔢,w216b0802,蔢,8,6582,蔢
743,9,碆,9,碆,w216b0803,碆,9,6583,碆
744,1,㸰,1,㸰,w216b0804,㸰,1,6584,㸰
744,2,碢,2,碢,w216b0901,碢,2,6585,碢
744,3,堶,3,堶,w216b0902,堶,3,6586,堶
745,1,摩,1,摩,w216b0903,摩,1,6587,摩
745,2,𩞁,2,𩞁,w216b0904,𩞁,2,6588,𩞁
745,3,𥂓,3,𥂓,w216b0905,𥂓,3,6589,𥂓
745,4,𡡉,4,𡡉,w216b0906,𡡉,4,6590,𡡉
745,5,魔,5,魔,w216b0907,魔,5,6591,魔
745,6,䯢,6,䯢,w216b1001,䯢,6,6592,䯢
745,7,磨,7,磨,w216b1002,磨,7,6593,磨
745,8,劘,8,劘,w216b1003,劘,8,6594,劘
745,9,𦟟,9,𦟟,w216b1004,𦟟,9,6595,𦟟
745,10,𦣆,10,𦣆,w216b1005,𦣆,10,6596,𦣆
745,11,䭩,11,䭩,w216b1006,䭩,11,6597,䭩
746,1,矬,1,矬,w216b1007,矬,1,6598,矬
746,2,痤,2,痤,w216b1008,痤,2,6599,痤
746,3,銼,3,銼,w216b1009,銼,3,6600,銼
746,4,㭫,4,㭫,w217a0101,㭫,4,6601,㭫
746,5,睉,5,睉,w217a0102,睉,5,6602,睉
747,1,訛,1,訛,w217a0103,訛,1,6603,訛
747,2,譌,2,譌,w217a0104,譌,2,6604,譌
747,3,吪,3,吪,w217a0105,吪,3,6605,吪
747,4,鈋,4,鈋,w217a0106,鈋,4,6606,鈋
747,5,囮,5,囮,w217a0201,囮,5,6607,囮
747,6,魤,6,魤,w217a0202,魤,6,6608,魤
747,7,𠂬,7,𠂬,w217a0203,𠂬,7,6609,𠂬
748,1,詑,1,詑,w217a0204,詑,1,6610,詑
748,2,𧦭,2,𧦭,w217a0205,𧦭,2,6611,𧦭
748,3,涶,3,涶,w217a0206,涶,3,6612,涶
748,4,䛢,4,䛢,w217a0207,䛢,4,6613,䛢
748,5,䜏,5,䜏,w217a0208,䜏,5,6614,䜏
749,1,𩼊,1,𩼊,w217a0301,𩼊,1,6615,𩼊
749,2,摞,2,摞,w217a0302,摞,2,6616,摞
749,3,騾,3,騾,w217a0303,騾,3,6617,騾
749,4,驘,4,驘,w217a0304,驘,4,6618,驘
749,5,𦿌,5,𦿌,w217a0305,𦿌,5,6619,𦿌
749,6,鸁,6,鸁,w217a0401,鸁,6,6620,鸁
749,7,𣜄,7,𣜄,w217a0402,𣜄,7,6621,𣜄
749,8,螺,8,螺,w217a0403,螺,8,6622,螺
749,9,蠃,9,蠃,w217a0404,蠃,9,6623,蠃
749,10,𥢵,10,𥢵,w217a0405,𥢵,10,6624,𥢵
749,11,𥡜,11,𥡜,w217a0406,𥡜,11,6625,𥡜
749,12,𧄿,12,𧄿,w217a0407,𧄿,12,6626,𧄿
749,13,𨰠,13,𨰠,w217a0408,𨰠,13,6627,𨰠
749,14,覼,14,覼,w217a0501,覼,14,6628,覼
749,15,腡,15,腡,w217a0502,腡,15,6629,腡
749,16,蠡,16,蠡,w217a0503,蠡,16,6630,蠡
750,1,捼,1,捼,w217a0504,捼,1,6631,捼
750,2,䎠,2,䎠,w217a0505,䎠,2,6632,䎠
751,1,波,1,波,w217a0601,波,1,6633,波
751,2,皤,2,皤,w217a0602,皤,2,6634,皤
751,3,紴,3,紴,w217a0603,紴,3,6635,紴
751,4,嶓,4,嶓,w217a0604,嶓,4,6636,嶓
751,5,番,5,番,w217a0605,番,5,6637,番
751,6,碆,6,碆,w217a0701,碆,6,6638,碆
752,1,頗,1,頗,w217a0702,頗,1,6639,頗
752,2,坡,2,坡,w217a0703,坡,2,6640,坡
752,3,𨸭,3,𨸭,w217a0704,𡶅,3,6641,𨸭
752,4,玻,4,玻,w217a0705,玻,4,6642,玻
753,1,和,1,和,w217a0706,和,1,6643,和
753,2,咊,2,咊,w217a0901,咊,2,6644,咊
753,3,𤖱,3,𤖱,w217a0902,𤖱,3,6645,𤖱
753,4,禾,4,禾,w217a0903,禾,4,6646,禾
753,5,龢,5,龢,w217a0904,龢,5,6647,龢
753,6,鉌,6,鉌,w217a0905,鉌,6,6648,鉌
753,7,䒩,7,䒩,w217a1001,䒩,7,6649,䒩
753,8,㗻,8,㗻,w217a1002,㗻,8,6650,㗻
753,9,盉,9,盉,w217a1003,盉,9,6651,盉
754,1,科,1,科,w217a1004,科,1,6652,科
754,2,窠,2,窠,w217a1005,窠,2,6653,窠
754,3,薖,3,薖,w217b0101,薖,3,6654,薖
754,4,稞,4,稞,w217b0102,稞,4,6655,稞
754,5,萪,5,萪,w217b0103,萪,5,6656,萪
754,6,蝌,6,蝌,w217b0104,蝌,6,6657,蝌
754,7,㸰,7,㸰,w217b0201,㸰,7,6658,㸰
754,8,犐,8,犐,w217b0202,犐,8,6659,犐
754,9,課,9,課,w217b0203,課,9,6660,課
754,10,簻,10,簻,w217b0204,簻,10,6661,簻
754,11,䈖,11,䈖,w217b0205,䈖,11,6662,䈖
754,12,㽿,12,㽿,w217b0206,㽿,12,6663,㽿
754,13,髁,13,髁,w217b0207,髁,13,6664,髁
754,14,𠏀,14,𠏀,w217b0301,𠏀,14,6665,𠏀
755,1,倭,1,倭,w217b0302,倭,1,6666,倭
755,2,濄,2,濄,w217b0303,濄,2,6667,濄
755,3,渦,3,渦,w217b0304,渦,3,6668,渦
755,4,涹,4,涹,w217b0305,涹,4,6669,涹
755,5,𡑟,5,𡑟,w217b0306,𡑟,5,6670,𡑟
755,6,踒,6,踒,w217b0307,踒,6,6671,踒
755,7,𥟿,7,𥟿,w217b0308,𥟿,7,6672,𥟿
756,1,鞾,1,鞾,w217b0401,鞾,1,6673,鞾
756,2,靴,2,靴,w217b0402,靴,2,6674,靴
756,3,𢪎,3,𢪎,w217b0403,𢪎,3,6675,𢪎
756,4,㗾,4,㗾,w217b0404,㗾,4,6676,㗾
757,1,𦚢,1,𦚢,w217b0405,𦚢,1,6677,𦚢
757,2,𠏃,2,𠏃,w217b0501,𠏃,2,6678,𠏃
758,1,𩨷,1,𩨷,w217b0502,𩨷,1,6679,𩨷
758,2,𩨭,2,𩨭,w217b0503,𩨭,2,6680,𩨭
759,1,伽,1,伽,w217b0504,伽,1,6681,伽
759,2,茄,2,茄,w217b0505,茄,2,6682,茄
759,3,枷,3,枷,w217b0506,枷,3,6683,枷
760,1,佉,1,佉,w217b0601,佉,1,6684,佉
760,2,呿,2,呿,w217b0602,呿,2,6685,呿
760,3,㰦,3,㰦,w217b0603,㰦,3,6686,㰦
760,4,𠋧,4,𠋧,w217b0604,𠋧,4,6687,𠋧
761,1,迦,1,迦,w217b0605,迦,1,6688,迦
762,1,脞,1,脞,w217b0606,脞,1,6689,脞
762,2,㛗,2,㛗,w217b0607,㛗,2,6690,㛗
763,1,侳,1,侳,w217b0608,侳,1,6691,侳
763,2,𩛠,2,𩛠,w217b0701,𩛠,2,6692,𩛠
764,1,瘸,1,瘸,w217b0702,瘸,1,6693,瘸
765,1,𦣛,1,𦣛,w217b0703,𦣛,1,6694,𦣛
766,1,麻,1,麻,w217b0801,麻,1,6695,麻
766,2,犘,2,犘,w217b0802,犘,2,6696,犘
766,3,蟆,3,蟆,w217b0803,蟆,3,6697,蟆
766,4,𪓹,4,𪓹,w217b0901,𪓹,4,6698,𪓹
766,5,𩔶,5,𩔶,w217b0902,𩔶,5,6699,𩔶
766,6,痲,6,痲,w217b0903,痲,6,6700,痲
766,7,𥂓,7,𥂓,w217b0904,𥂓,7,6701,𥂓
766,8,㦄,8,㦄,w217b0905,㦄,8,6702,㦄
767,1,車,1,車,w217b1001,車,1,6703,車
767,2,硨,2,硨,w218a0201,硨,2,6704,硨
768,1,奢,1,奢,w218a0202,奢,1,6705,奢
768,2,賒,2,賒,w218a0203,賖,2,6706,賒
768,3,畬,3,畬,w218a0301,畬,3,6707,畲
769,1,邪,1,邪,w218a0302,邪,1,6708,邪
769,2,耶,2,耶,w218a0303,耶,2,6709,耶
769,3,瑘,3,瑘,w218a0304,瑘,3,6710,瑘
769,4,釾,4,釾,w218a0305,釾,4,6711,釾
769,5,鎁,5,鎁,w218a0306,鎁,5,6712,鎁
769,6,椰,6,椰,w218a0401,椰,6,6713,椰
769,7,擨,7,擨,w218a0402,擨,7,6714,擨
769,8,斜,8,斜,w218a0403,斜,8,6715,斜
769,9,䓉,9,䓉,w218a0404,䓉,9,6716,䓉
769,10,𦰳,10,𦰳,w218a0501,𦰳,10,6717,𦰳
769,11,䔑,11,䔑,w218a0502,䔑,11,6718,䔑
769,12,𦭿,12,𦭿,w218a0503,𦭿,12,6719,𦭿
769,13,𥯘,13,𥯘,w218a0504,𥯘,13,6720,𥯘
770,1,遮,1,遮,w218a0505,遮,1,6721,遮
770,2,𠌮,2,𠌮,w218a0506,𠌮,2,6722,𠌮
770,3,㸙,3,㸙,w218a0507,㸙,3,6723,㸙
770,4,諸,4,諸,w218a0601,諸,4,6724,諸
771,1,嗟,1,嗟,w218a0602,嗟,1,6725,嗟
771,2,𧨁,2,𧨁,w218a0603,𧨁,2,6726,𧨁
771,3,罝,3,罝,w218a0604,罝,3,6727,罝
771,4,蒫,4,蒫,w218a0605,蒫,4,6728,蒫
771,5,謯,5,謯,w218a0701,謯,5,6729,謯
771,6,瘥,6,瘥,w218a0702,瘥,6,6730,瘥
771,7,𨲠,7,𨲠,w218a0703,𨲠,7,6731,𨲠
771,8,袓,8,袓,w218a0704,袓,8,6732,袓
771,9,㜘,9,㜘,w218a0705,㜘,9,6733,㜘
771,10,怚,10,怚,w218a0706,怚,10,6734,怚
771,11,𣩈,11,𣩈,w218a0707,𣩈,11,6735,𣩈
771,12,䦈,12,䦈,w218a0708,䦈,12,6736,䦈
772,1,蛇,1,蛇,w218a0801,蛇,1,6737,蛇
772,2,虵,2,虵,w218a0802,虵,2,6738,虵
772,3,荼,3,荼,w218a0803,荼,3,6739,荼
773,1,華,1,華,w218a0901,華,1,6740,華
773,2,驊,2,驊,w218a0902,驊,2,6741,驊
773,3,鷨,3,鷨,w218a1001,鷨,3,6742,鷨
773,4,𧑍,4,𧑍,w218a1002,𧑍,4,6743,𧑍
773,5,鋘,5,鋘,w218a1003,鋘,5,6744,鋘
773,6,鏵,6,鏵,w218a1004,鏵,6,6745,鏵
773,7,釫,7,釫,w218a1005,釫,7,6746,釫
773,8,樺,8,樺,w218b0101,樺,8,6747,樺
773,9,崋,9,崋,w218b0102,崋,9,6748,崋
773,10,划,10,划,w218b0103,划,10,6749,划
774,1,瓜,1,瓜,w218b0104,𤓰,1,6750,瓜
774,2,騧,2,騧,w218b0301,騧,2,6751,騧
774,3,緺,3,緺,w218b0302,緺,3,6752,緺
774,4,婐,4,婐,w218b0303,婐,4,6753,婐
774,5,蝸,5,蝸,w218b0304,蝸,5,6754,蝸
774,6,媧,6,媧,w218b0305,媧,6,6755,媧
774,7,㧓,7,㧓,w218b0306,㧓,7,6756,㧓
775,1,華,1,華,w218b0307,華,1,6757,華
775,2,花,2,花,w218b0401,花,2,6758,花
775,3,譁,3,譁,w218b0402,譁,3,6759,譁
775,4,𧪮,4,𧪮,w218b0403,𧪮,4,6760,𧪮
776,1,誇,1,誇,w218b0404,誇,1,6761,誇
776,2,䠸,2,䠸,w218b0405,䠸,2,6762,䠸
776,3,夸,3,夸,w218b0406,夸,3,6763,夸
776,4,姱,4,姱,w218b0407,姱,4,6764,姱
776,5,跨,5,跨,w218b0501,跨,5,6765,跨
776,6,胯,6,胯,w218b0502,胯,6,6766,胯
776,7,𠇗,7,𠇗,w218b0503,𠇗,7,6767,𠇗
776,8,䯞,8,䯞,w218b0504,䯞,8,6768,䯞
777,1,拏,1,拏,w218b0505,拏,1,6769,拏
777,2,詉,2,詉,w218b0506,詉,2,6770,詉
777,3,挐,3,挐,w218b0507,挐,3,6771,挐
777,4,摣,4,摣,w218b0601,摣,4,6772,摣
777,5,蒘,5,蒘,w218b0602,蒘,5,6773,蒘
777,6,𧘽,6,𧘽,w218b0603,𧘽,6,6774,𧘽
777,7,𧦮,7,𧦮,w218b0604,𧦮,7,6775,𧦮
777,8,𤓷,7.5,𤓷,w218b0605,𤓷,8,6776,𤓷
777,9,笯,8,笯,w218b0606,笯,9,6777,笯
778,1,嘉,1,嘉,w218b0607,嘉,1,6778,嘉
778,2,家,2,家,w218b0701,家,2,6779,家
778,3,加,3,加,w218b0702,加,3,6780,加
778,4,葭,4,葭,w218b0703,葭,4,6781,葭
778,5,笳,5,笳,w218b0801,笳,5,6782,笳
778,6,麚,6,麚,w218b0802,麚,6,6783,麚
778,7,䴥,7,䴥,w218b0803,䴥,7,6784,䴥
778,8,豭,8,豭,w218b0804,豭,8,6785,豭
778,9,猳,9,猳,w218b0805,猳,9,6786,猳
778,10,痂,10,痂,w218b0901,痂,10,6787,痂
778,11,鴐,11,鴐,w218b0902,鴐,11,6788,鴐
778,12,枷,12,枷,w218b0903,枷,12,6789,枷
778,13,袈,13,袈,w218b0904,袈,13,6790,袈
778,14,𣮫,14,𣮫,w218b0905,𣮫,14,6791,𣮫
778,15,跏,15,跏,w218b0906,跏,15,6792,跏
778,16,𨔣,16,𨔣,w218b0907,𨔣,16,6793,𨔣
778,17,𤠙,17,𤠙,w218b0908,𤠙,17,6794,𤠙
778,18,𧉪,18,𧉪,w218b0909,𧉪,18,6795,𧉪
778,19,茄,19,茄,w218b1001,茄,19,6796,茄
778,20,迦,20,迦,w218b1002,迦,20,6797,迦
778,21,珈,21,珈,w218b1003,珈,21,6798,珈
778,22,瘕,22,瘕,w218b1004,瘕,22,6799,瘕
778,23,犌,23,犌,w218b1005,犌,23,6800,犌
778,24,幏,24,幏,w218b1006,幏,24,6801,幏
778,25,貑,25,貑,w219a0101,貑,25,6802,貑
778,26,蟼,26,蟼,w219a0102,蟼,26,6803,蟼
779,1,遐,1,遐,w219a0103,遐,1,6804,遐
779,2,蝦,2,蝦,w219a0104,蝦,2,6805,蝦
779,3,鍜,3,鍜,w219a0105,鍜,3,6806,鍜
779,4,霞,4,霞,w219a0201,霞,4,6807,霞
779,5,瑕,5,瑕,w219a0202,瑕,5,6808,瑕
779,6,騢,6,騢,w219a0203,騢,6,6809,騢
779,7,鰕,7,鰕,w219a0204,鰕,7,6810,鰕
779,8,䠍,8,䠍,w219a0301,䠍,8,6811,䠍
779,9,䫗,9,䫗,w219a0302,䫗,9,6812,䫗
779,10,碬,10,碬,w219a0303,｛碬｝,10,6813,碬
779,11,䪗,11,䪗,w219a0304,｛䪗｝,11,6814,䪗
779,12,𩋥,12,𩋥,w219a0305,｛𩋥｝,12,6815,𩋥
779,13,赮,13,赮,w219a0306,赮,13,6816,赮
779,14,蕸,14,蕸,w219a0307,蕸,14,6817,蕸
780,1,葩,1,葩,w219a0401,葩,1,6818,葩
780,2,鈀,2,鈀,w219a0402,鈀,2,6819,鈀
780,3,妑,3,妑,w219a0403,妑,3,6820,妑
780,4,蚆,4,蚆,w219a0404,蚆,4,6821,蚆
780,5,吧,5,吧,w219a0501,吧,5,6822,吧
780,6,舥,6,舥,w219a0502,舥,6,6823,舥
780,7,𧣃,7,𧣃,w219a0503,𧣃,7,6824,𧣃
781,1,鴉,1,鴉,w219a0504,鴉,1,6825,鴉
781,2,鵶,2,鵶,w219a0505,鵶,2,6826,鵶
781,3,錏,3,錏,w219a0506,錏,3,6827,錏
781,4,㝞,4,㝞,w219a0507,㝞,4,6828,㝞
781,5,椏,5,椏,w219a0601,椏,5,6829,椏
781,6,丫,6,丫,w219a0602,丫,6,6830,丫
781,7,䃁,7,䃁,w219a0603,䃁,7,6831,䃁
781,8,𠜲,8,𠜲,w219a0604,𠜲,8,6832,𠜲
782,1,巴,1,巴,w219a0605,巴,1,6833,巴
782,2,鈀,2,鈀,w219a0701,鈀,2,6834,鈀
782,3,笆,3,笆,w219a0702,笆,3,6835,笆
782,4,豝,4,豝,w219a0801,豝,4,6836,豝
782,5,芭,5,芭,w219a0802,芭,5,6837,芭
782,6,㿬,6,㿬,w219a0803,㿬,6,6838,㿬
782,7,蚆,7,蚆,w219a0804,蚆,7,6839,蚆
782,8,吧,8,吧,w219a0805,吧,8,6840,吧
783,1,叉,1,叉,w219a0806,叉,1,6841,叉
783,2,杈,2,杈,w219a0807,杈,2,6842,杈
783,3,差,3,差,w219a0901,差,3,6843,差
783,4,靫,4,靫,w219a0902,靫,4,6844,靫
783,5,鎈,5,鎈,w219a0903,鎈,5,6845,鎈
783,6,䐤,6,䐤,w219a0904,䐤,6,6846,䐤
783,7,𠞊,7,𠞊,w219a0905,𠞊,7,6847,𠞊
783,8,䑡,9,䑡,w219a0906,䑡,9,6849,䑡
783,9,艖,8,艖,w219a0907,艖,8,6848,艖
784,1,鯊,1,鯊,w219a0908,鯊,1,6850,鯊
784,2,魦,2,魦,w219a1001,魦,2,6851,魦
784,3,沙,3,沙,w219a1002,沙,3,6852,沙
784,4,砂,4,砂,w219b0201,砂,4,6853,砂
784,5,裟,5,裟,w219b0202,裟,5,6854,裟
784,6,㲚,6,㲚,w219b0203,㲚,6,6855,㲚
784,7,桬,7,桬,w219b0204,桬,7,6856,桬
784,8,紗,8,紗,w219b0205,紗,8,6857,紗
784,9,髿,9,髿,w219b0206,髿,9,6858,髿
784,10,𩊮,10,𩊮,w219b0207,𩊮,10,6859,𩊮
784,11,硰,11,硰,w219b0301,硰,11,6860,硰
785,1,牙,1,牙,w219b0302,牙,1,6861,牙
785,2,衙,2,衙,w219b0401,衙,2,6862,衙
785,3,芽,3,芽,w219b0402,芽,3,6863,芽
785,4,齖,4,齖,w219b0403,齖,4,6864,齖
785,5,呀,5,呀,w219b0501,呀,5,6865,呀
785,6,枒,6,枒,w219b0502,枒,6,6866,枒
785,7,吾,7,吾,w219b0503,吾,7,6867,吾
786,1,樝,1,樝,w219b0504,樝,1,6868,樝
786,2,柤,2,柤,w219b0505,柤,2,6869,柤
786,3,𦳏,3,𦳏,w219b0601,𦳏,3,6870,𦳏
786,4,㪥,4,㪥,w219b0602,㪥,4,6871,㪥
786,5,䶥,5,䶥,w219b0603,䶥,5,6872,䶥
786,6,皻,6,皻,w219b0604,皻,6,6873,皻
786,7,抯,7,抯,w219b0605,抯,7,6874,抯
786,8,溠,8,溠,w219b0606,溠,8,6875,溠
786,9,渣,9,渣,w219b0607,渣,9,6876,渣
786,10,𤹡,10,𤹡,w219b0608,𤹡,10,6877,𤹡
786,11,𥡧,11,𥡧,w219b0701,𥡧,11,6878,𥡧
786,12,浾,12,浾,w219b0702,浾,12,6879,浾
787,1,𡨀,1,𡨀,w219b0703,𡨀,1,6880,𡨀
787,2,䠧,2,䠧,w219b0704,䠧,2,6881,䠧
787,3,荼,3,荼,w219b0705,荼,3,6882,荼
787,4,䣝,4,䣝,w219b0706,䣝,4,6883,䣝
787,5,𣘻,5,𣘻,w219b0707,𣘻,5,6884,𣘻
787,6,茶,6,茶,w219b0801,茶,6,6885,茶
787,7,秅,7,秅,w219b0802,秅,7,6886,秅
787,8,𡝐,8,𡝐,w219b0901,𡝙,8,6887,𡝐
787,9,𤶠,9,𤶠,w219b0902,𤶠,9,6888,𤶠
787,10,𦛝,10,𦛝,w219b0903,𦛝,10,6889,𦛝
787,11,𥥸,11,𥥸,w219b0904,𥥸,11,6890,𥥸
787,12,塗,12,塗,w219b0905,塗,12,6891,塗
787,13,𨼑,13,𨼑,w219b0906,𨼑,13,6892,𨼑
787,14,梌,14,梌,w219b0907,梌,14,6893,梌
787,15,䅊,15,䅊,w219b0908,䅊,15,6894,䅊
788,1,衺,1,衺,w219b1001,衺,1,6895,衺
788,2,斜,2,斜,w219b1002,斜,2,6896,斜
788,3,邪,3,邪,w219b1003,邪,3,6897,邪
788,4,䔑,4,䔑,w219b1004,䔑,4,6898,䔑
789,1,闍,1,闍,w219b1005,闍,1,6899,闍
789,2,余,2,余,w220a0101,余,2,6900,余
789,3,鉈,3,鉈,w220a0102,鉈,3,6901,鉈
789,4,鍦,4,鍦,w220a0103,鍦,4,6902,鍦
789,5,𥍸,5,𥍸,w220a0104,𥍸,5,6903,𥍸
790,1,窊,1,窊,w220a0105,窊,1,6904,窊
790,2,洼,2,洼,w220a0201,洼,2,6905,洼
790,3,畖,3,畖,w220a0202,畖,3,6906,畖
790,4,蛙,4,蛙,w220a0203,蛙,4,6907,蛙
790,5,窪,5,窪,w220a0204,窪,5,6908,窪
790,6,哇,6,哇,w220a0205,哇,6,6909,哇
791,1,髽,1,髽,w220a0206,髽,1,6910,髽
792,1,檛,1,檛,w220a0301,檛,1,6911,檛
792,2,簻,2,簻,w220a0302,簻,2,6912,簻
792,3,𥬲,3,𥬲,w220a0303,𥬸,3,6913,𥬸
792,4,膼,4,膼,w220a0304,膼,4,6914,膼
793,1,爬,1,爬,w220a0305,爬,1,6915,爬
793,2,杷,2,杷,w220a0401,杷,2,6916,杷
793,3,琶,3,琶,w220a0402,琶,3,6917,琶
794,1,楂,1,楂,w220a0403,楂,1,6918,楂
794,2,查,2,查,w220a0501,査,2,6919,査
794,3,槎,3,槎,w220a0502,槎,3,6920,槎
794,4,䶥,4,䶥,w220a0503,䶥,4,6921,䶥
794,5,㢒,5,㢒,w220a0504,㢒,5,6922,㢒
794,6,苴,6,苴,w220a0505,苴,6,6923,苴
795,1,侘,1,侘,w220a0601,侘,1,6924,侘
795,2,哆,2,哆,w220a0602,哆,2,6925,哆
795,3,𤵾,3,𤵾,w220a0603,𤵾,3,6926,𤵾
795,4,㗬,4,㗬,w220a0604,㗬,4,6927,㗬
796,1,奓,1,奓,w220a0605,奓,1,6928,奓
796,2,𧬅,2,𧬅,w220a0606,𧬅,2,6929,𧬅
796,3,觰,3,觰,w220a0701,觰,3,6930,觰
796,4,䅊,4,䅊,w220a0702,䅊,4,6931,䅊
796,5,𤶠,5,𤶠,w220a0703,𤶠,5,6932,𤶠
796,6,咤,6,咤,w220a0704,咤,6,6933,咤
796,7,𪗭,7,𪗭,w220a0705,𪗭,7,6934,𪗭
796,8,䐒,8,䐒,w220a0706,䐒,8,6935,䐒
797,1,煆,1,煆,w220a0707,煆,1,6936,煆
797,2,呀,2,呀,w220a0801,呀,2,6937,呀
797,3,谺,3,谺,w220a0802,谺,3,6938,谺
797,4,疨,4,疨,w220a0803,疨,4,6939,疨
797,5,岈,5,岈,w220a0804,岈,5,6940,岈
797,6,颬,6,颬,w220a0805,颬,6,6941,颬
798,1,䶗,1,䶗,w220a0901,䶗,1,6942,䶗
798,2,㤉,2,㤉,w220a0902,㤉,2,6943,㤉
798,3,𡤫,3,𡤫,w220a0903,𡤫,3,6944,𡤫
799,1,㚗,1,㚗,w220a0904,㚗,1,6945,㚗
800,1,若,1,若,w220a0905,若,1,6946,若
800,2,婼,2,婼,w220a1001,婼,2,6947,婼
801,1,些,1,些,w220a1002,些,1,6948,些
802,1,爹,1,爹,w220a1003,爹,1,6949,爹
803,1,𣢉,1,𣢉,w220a1004,𣢉,1,6950,𣢉
803,2,𩨾,2,𩨾,w220b0101,𩨾,2,6951,𩨾
804,1,𣘟,1,𣘟,w220b0102,𣘟,1,6952,𣘟
805,1,陽,1,陽,w220b0201,陽,1,6953,陽
805,2,暘,2,暘,w220b0801,暘,2,6954,暘
805,3,楊,3,楊,w220b0802,楊,3,6955,楊
805,4,揚,4,揚,w220b0901,揚,4,6956,揚
805,5,颺,5,颺,w220b1001,颺,5,6957,颺
805,6,昜,6,昜,w220b1002,昜,6,6958,昜
805,7,羊,7,羊,w220b1003,羊,7,6959,羊
805,8,样,8,样,w221a0201,样,8,6960,样
805,9,眻,9,眻,w221a0202,眻,9,6961,眻
805,10,佯,10,佯,w221a0203,佯,10,6962,佯
805,11,詳,11,詳,w221a0204,詳,11,6963,詳
805,12,徉,12,徉,w221a0301,徉,12,6964,徉
805,13,洋,13,洋,w221a0302,洋,13,6965,洋
805,14,烊,14,烊,w221a0303,烊,14,6966,烊
805,15,煬,15,煬,w221a0304,煬,15,6967,煬
805,16,鍚,16,鍚,w221a0305,鍚,16,6968,鍚
805,17,𩋬,17,𩋬,w221a0306,𩋬,17,6969,𩋬
805,18,輰,18,輰,w221a0401,輰,18,6970,輰
805,19,敭,19,敭,w221a0402,敭,19,6971,敭
805,20,瘍,20,瘍,w221a0403,瘍,20,6972,瘍
805,21,鴹,21,鴹,w221a0404,鴹,21,6973,鴹
805,22,鰑,22,鰑,w221a0405,鰑,22,6974,鰑
805,23,鸉,23,鸉,w221a0501,鸉,23,6975,鸉
805,24,蛘,24,蛘,w221a0502,蛘,24,6976,蛘
805,25,禓,25,禓,w221a0503,禓,25,6977,禓
805,26,崵,26,崵,w221a0504,崵,26,6978,崵
805,27,諹,27,諹,w221a0505,諹,27,6979,諹
805,28,瑒,28,瑒,w221a0506,瑒,28,6980,瑒
805,29,𥂸,29,𥂸,w221a0507,𥂸,29,6981,𥂸
805,30,𦭵,30,𦭵,w221a0508,𦭵,30,6982,𦭵
805,31,𦍹,31,𦍹,w221a0601,𦍹,31,6983,𦍹
806,1,詳,1,詳,w221a0602,詳,1,6984,詳
806,2,洋,2,洋,w221a0603,洋,2,6985,洋
806,3,翔,3,翔,w221a0604,翔,3,6986,翔
806,4,庠,4,庠,w221a0701,庠,4,6987,庠
806,5,祥,5,祥,w221a0702,祥,5,6988,祥
806,6,𨀘,6,𨀘,w221a0703,𨀘,6,6989,𨀘
806,7,𦍙,7,𦍙,w221a0704,𦍙,7,6990,𦍙
806,8,痒,8,痒,w221a0705,痒,8,6991,痒
807,1,良,1,良,w221a0706,良,1,6992,良
807,2,梁,2,梁,w221a0801,梁,2,6993,梁
807,3,粱,3,粱,w221b0201,𥹭,3,6994,粱
807,4,粮,4,粮,w221b0301,粮,4,6995,粮
807,5,糧,5,糧,w221b0302,糧,5,6996,糧
807,6,涼,6,涼,w221b0303,涼,6,6997,涼
807,7,凉,7,凉,w221b0501,凉,7,6998,凉
807,8,𩗬,8,𩗬,w221b0502,𩗬,8,6999,𩗬
807,9,量,9,量,w221b0503,量,9,7000,量
807,10,蜋,10,蜋,w221b0504,蜋,10,7001,蜋
807,11,踉,11,踉,w221b0505,踉,11,7002,踉
807,12,椋,12,椋,w221b0601,椋,12,7003,椋
807,13,䝶,13,䝶,w221b0602,䝶,13,7004,䝶
807,14,綡,14,綡,w221b0603,綡,14,7005,綡
807,15,𣄴,15,𣄴,w221b0604,𣄴,15,7006,𣄴
807,16,㹁,16,㹁,w221b0605,㹁,16,7007,㹁
807,17,䣼,17,䣼,w221b0606,䣼,17,7008,䣼
807,18,輬,18,輬,w221b0607,輬,18,7009,輬
808,1,香,1,香,w221b0608,香,1,7010,香
808,2,皀,2,皀,w221b0701,皀,2,7011,皀
808,3,薌,3,薌,w221b0702,薌,3,7012,薌
808,4,鄉,4,鄉,w221b0703,郷,4,7013,鄉
808,5,膷,5,膷,w221b0704,膷,5,7014,膷
809,1,商,1,商,w221b0705,商,1,7015,商
809,2,𧶜,2,𧶜,w221b0801,𧶜,2,7016,𧶜
809,3,傷,3,傷,w221b0901,傷,3,7017,傷
809,4,𥏻,4,𥏻,w221b0902,𥏻,4,7018,𥏻
809,5,殤,5,殤,w221b0903,殤,5,7019,殤
809,6,慯,6,慯,w221b0904,慯,6,7020,慯
809,7,觴,7,觴,w221b0905,觴,7,7021,觴
809,8,湯,8,湯,w221b1001,湯,8,7022,湯
809,9,蔏,9,蔏,w221b1002,蔏,9,7023,蔏
809,10,𪄲,10,𪄲,w221b1003,𪄲,10,7024,𪄲
809,11,螪,11,螪,w221b1004,螪,11,7025,螪
809,12,㲽,12,㲽,w221b1005,㲽,12,7026,㲽
809,13,䵮,13,䵮,w221b1006,䵮,13,7027,䵮
809,14,禓,14,禓,w222a0101,禓,14,7028,禓
809,15,饟,15,饟,w222a0102,饟,15,7029,饟
809,16,䵼,16,䵼,w222a0103,䵼,16,7030,䵼
809,17,塲,17,塲,w222a0104,塲,17,7031,塲
809,18,𤳈,18,𤳈,w222a0105,𤳈,18,7032,𤳈
810,1,房,1,房,w222a0106,房,1,7033,房
810,2,防,2,防,w222a0301,防,2,7034,防
810,3,坊,3,坊,w222a0401,坊,3,7035,坊
810,4,魴,4,魴,w222a0402,魴,4,7036,魴
810,5,方,5,方,w222a0403,方,5,7037,方
810,6,肪,6,肪,w222a0404,肪,6,7038,肪
810,7,鴋,7,鴋,w222a0405,鴋,7,7039,鴋
811,1,章,1,章,w222a0406,章,1,7040,章
811,2,漳,2,漳,w222a0501,漳,2,7041,漳
811,3,樟,3,樟,w222a0601,樟,3,7042,樟
811,4,慞,4,慞,w222a0602,慞,4,7043,慞
811,5,璋,5,璋,w222a0603,璋,5,7044,璋
811,6,彰,6,彰,w222a0604,彰,6,7045,彰
811,7,墇,7,墇,w222a0605,墇,7,7046,墇
811,8,障,8,障,w222a0606,障,8,7047,障
811,9,麞,9,麞,w222a0701,麞,9,7048,麞
811,10,獐,10,獐,w222a0702,獐,10,7049,獐
811,11,鄣,11,鄣,w222a0703,鄣,11,7050,鄣
811,12,蔁,12,蔁,w222a0704,蔁,12,7051,蔁
811,13,𪅂,13,𪅂,w222a0705,𪅂,13,7052,𪅂
811,14,𩌬,14,𩌬,w222a0706,𩌬,14,7053,𩌬
811,15,暲,15,暲,w222a0707,暲,15,7054,暲
812,1,昌,1,昌,w222a0801,昌,1,7055,昌
812,2,裮,2,裮,w222a0802,裮,2,7056,裮
812,3,倡,3,倡,w222a0803,倡,3,7057,倡
812,4,猖,4,猖,w222a0804,猖,4,7058,猖
812,5,閶,5,閶,w222a0901,閶,5,7059,閶
812,6,琩,6,琩,w222a0902,琩,6,7060,琩
812,7,鯧,7,鯧,w222a0903,鯧,7,7061,鯧
812,8,菖,8,菖,w222a0904,菖,8,7062,菖
813,1,羌,1,羌,w222a0905,羌,1,7063,羌
813,2,猐,2,猐,w222a1001,猐,2,7064,猐
813,3,𡸓,3,𡸓,w222a1002,𡸓,3,7065,𡸓
813,4,蜣,4,蜣,w222a1003,蜣,4,7066,蜣
814,1,薑,1,薑,w222a1004,薑,1,7067,薑
814,2,𧅁,2,𧅁,w222a1005,𧅁〈䕬〉,2,7068,𧅁
814,3,畺,3,畺,w222b0101,畺,3,7069,畺
814,4,疆,4,疆,w222b0102,疆,4,7070,疆
814,5,壃,5,壃,w222b0103,壃,5,7071,壃
814,6,畕,6,畕,w222b0104,畕,6,7072,畕
814,7,㹔,7,㹔,w222b0105,㹔,7,7073,㹔
814,8,繮,8,繮,w222b0106,繮,8,7074,繮
814,9,韁,9,韁,w222b0107,韁,9,7075,韁
814,10,殭,10,殭,w222b0108,殭,10,7076,殭
814,11,礓,11,礓,w222b0201,礓,11,7077,礓
814,12,橿,12,橿,w222b0202,橿,12,7078,橿
814,13,姜,13,姜,w222b0203,姜,13,7079,姜
814,14,䗵,14,䗵,w222b0301,䗵,14,7080,䗵
814,15,僵,15,僵,w222b0302,僵,15,7081,僵
815,1,長,1,長,w222b0303,長,1,7082,長
815,2,萇,2,萇,w222b0304,萇,2,7083,萇
815,3,腸,3,腸,w222b0305,腸,3,7084,腸
815,4,場,4,場,w222b0401,場,4,7085,場
815,5,䠆,5,䠆,w222b0402,䠆,5,7086,䠆
815,6,㙊,6,㙊,w222b0403,㙊,6,7087,㙊
815,7,䗅,7,䗅,w222b0404,䗅,7,7088,䗅
815,8,瓺,8,瓺,w222b0501,瓺,8,7089,瓺
816,1,張,1,張,w222b0502,張,1,7090,張
816,2,餦,2,餦,w222b0601,餦,2,7091,餦
816,3,粻,3,粻,w222b0602,粻,3,7092,粻
816,4,漲,4,漲,w222b0603,漲,4,7093,漲
817,1,穰,1,穰,w222b0701,穰,1,7094,穰
817,2,禳,2,禳,w222b0702,禳,2,7095,禳
817,3,攘,3,攘,w222b0703,攘,3,7096,攘
817,4,𣀮,4,𣀮,w222b0801,𣀮,4,7097,𣀮
817,5,鑲,5,鑲,w222b0802,鑲,5,7098,鑲
817,6,𨟚,6,𨟚,w222b0803,𨟚,6,7099,𨟚
817,7,躟,7,躟,w222b0804,躟,7,7100,躟
817,8,瀼,8,瀼,w222b0805,瀼,8,7101,瀼
817,9,𩆶,9,𩆶,w222b0806,𩆶,9,7102,𩆶
817,10,獽,10,獽,w222b0807,獽,10,7103,獽
817,11,儴,11,儴,w222b0808,儴,11,7104,儴
817,12,蘘,12,蘘,w222b0901,蘘,12,7105,蘘
817,13,䉴,13,䉴,w222b0902,䉴,13,7106,䉴
817,14,鬤,14,鬤,w222b0903,鬤,14,7107,鬤
817,15,勷,15,勷,w222b0904,勷,15,7108,勷
817,16,瓤,16,瓤,w222b0905,瓤,16,7109,瓤
817,17,孃,17,孃,w222b0906,孃,17,7110,孃
818,1,方,1,方,w222b0907,方,1,7111,方
818,2,汸,2,汸,w223a0101,汸,2,7112,汸
818,3,坊,3,坊,w223a0102,坊,3,7113,坊
818,4,蚄,4,蚄,w223a0201,蚄,4,7114,蚄
818,5,肪,5,肪,w223a0202,肪,5,7115,肪
818,6,邡,6,邡,w223a0203,邡,6,7116,邡
818,7,鴋,7,鴋,w223a0204,鴋,7,7117,鴋
818,8,枋,8,枋,w223a0205,枋,8,7118,枋
818,9,鈁,9,鈁,w223a0301,鈁,9,7119,鈁
818,10,牥,10,牥,w223a0302,牥,10,7120,牥
818,11,趽,11,趽,w223a0303,趽,11,7121,趽
818,12,䄱,12,䄱,w223a0304,䄱,12,7122,䄱
818,13,匚,13,匚,w223a0305,匚,13,7123,匚
819,1,襄,1,襄,w223a0306,襄,1,7124,襄
819,2,廂,2,廂,w223a0401,廂,2,7125,廂
819,3,湘,3,湘,w223a0501,湘,3,7126,湘
819,4,相,4,相,w223a0502,相,4,7127,相
819,5,緗,5,緗,w223a0503,緗,5,7128,緗
819,6,纕,6,纕,w223a0504,纕,6,7129,纕
819,7,忀,7,忀,w223a0601,忀,7,7130,忀
819,8,驤,8,驤,w223a0602,驤,8,7131,驤
819,9,鑲,9,鑲,w223a0603,鑲,9,7132,鑲
819,10,瓖,10,瓖,w223a0604,瓖,10,7133,瓖
819,11,欀,11,欀,w223a0605,欀,11,7134,欀
819,12,箱,12,箱,w223a0701,箱,12,7135,箱
819,13,葙,13,葙,w223a0702,葙,13,7136,葙
820,1,將,1,將,w223a0703,將,1,7137,將
820,2,漿,2,漿,w223a0801,漿,2,7138,漿
820,3,鱂,3,鱂,w223a0802,鱂,3,7139,鱂
820,4,蔣,4,蔣,w223a0803,蔣,4,7140,蔣
820,5,螿,5,螿,w223a0804,螿,5,7141,螿
820,6,𢪇,6,𢪇,w223a0805,𢪇,6,7142,𢪇
821,1,創,1,創,w223a0806,創,1,7143,創
821,2,瘡,2,瘡,w223a0901,瘡,2,7144,瘡
821,3,𠛂,3,𠛂,w223a0902,𠛂,3,7145,𠛂
822,1,亡,1,亡,w223a0903,亡,1,7146,亡
822,2,芒,2,芒,w223a0904,芒,2,7147,芒
822,3,莣,3,莣,w223a1001,莣,3,7148,莣
822,4,鋩,4,鋩,w223a1002,鋩,4,7149,鋩
822,5,硭,5,硭,w223a1003,硭,5,7150,硭
822,6,杗,6,杗,w223a1004,杗,6,7151,杗
822,7,朚,7,朚,w223a1005,朚,7,7152,朚
822,8,邙,8,邙,w223b0101,邙,8,7153,邙
822,9,𨛌,9,𨛌,w223b0102,𨛌,9,7154,𨛌
822,10,望,10,望,w223b0103,望,10,7155,望
822,11,朢,11,朢,w223b0104,朢,11,7156,朢
823,1,孃,1,孃,w223b0105,孃,1,7157,孃
823,2,娘,2,娘,w223b0106,娘,2,7158,娘
823,3,瓤,3,瓤,w223b0201,瓤,3,7159,瓤
823,4,鑲,4,鑲,w223b0202,鑲,4,7160,鑲
824,1,牀,1,牀,w223b0203,牀,1,7161,牀
824,2,床,2,床,w223b0204,床,2,7162,床
824,3,疒,3,疒,w223b0205,疒,3,7163,疒
825,1,莊,1,莊,w223b0206,莊,1,7164,莊
825,2,㽵,2,㽵,w223b0301,㽵,2,7165,㽵
825,3,妝,3,妝,w223b0302,妝,3,7166,妝
825,4,裝,4,裝,w223b0303,裝,4,7167,裝
825,5,䊋,5,䊋,w223b0304,䊋,5,7168,䊋
826,1,常,1,常,w223b0305,常,1,7169,常
826,2,尚,2,尚,w223b0501,尚,2,7170,尚
826,3,裳,3,裳,w223b0502,裳,3,7171,裳
826,4,甞,4,甞,w223b0503,甞,4,7172,甞
826,5,嘗,5,嘗,w223b0601,嘗,5,7173,嘗
826,6,鋿,6,鋿,w223b0602,鋿,6,7174,鋿
826,7,𩼝,7,𩼝,w223b0603,𩼝,7,7175,𩼝
826,8,償,8,償,w223b0604,償,8,7176,償
826,9,𪄹,9,𪄹,w223b0605,𪄹,9,7177,𪄹
826,10,徜,10,徜,w223b0606,徜,10,7178,徜
827,1,霜,1,霜,w223b0701,霜,1,7179,霜
827,2,鸘,2,鸘,w223b0702,鸘,2,7180,鸘
827,3,鷞,3,鷞,w223b0703,鷞,3,7181,鷞
827,4,孀,4,孀,w223b0704,孀,4,7182,孀
827,5,驦,5,驦,w223b0705,驦,5,7183,驦
827,6,騻,6,騻,w223b0706,騻,6,7184,騻
827,7,蠰,7,蠰,w223b0707,蠰,7,7185,蠰
828,1,牆,1,牆,w223b0801,牆,1,7186,牆
828,2,廧,2,廧,w223b0802,廧,2,7187,廧
828,3,墻,3,墻,w223b0803,墻,3,7188,墻
828,4,佯,4,佯,w223b0804,佯,4,7189,佯
828,5,嬙,5,嬙,w223b0805,嬙,5,7190,嬙
828,6,檣,6,檣,w223b0901,檣,6,7191,檣
828,7,薔,7,薔,w223b0902,薔,7,7192,薔
828,8,蘠,8,蘠,w223b0903,蘠,8,7193,蘠
828,9,戕,9,戕,w223b0904,戕,9,7194,戕
828,10,𤞛,10,𤞛,w223b1001,𤞛,10,7195,𤞛
829,1,鏘,1,鏘,w223b1002,鏘,1,7196,鏘
829,2,瑲,2,瑲,w223b1003,瑲,2,7197,瑲
829,3,槍,3,槍,w223b1004,槍,3,7198,槍
829,4,蹌,4,蹌,w223b1005,蹌,4,7199,蹌
829,5,蹡,5,蹡,w224a0101,蹡,5,7200,蹡
829,6,𨄚,6,𨄚,w224a0102,𨄚,6,7201,𨄚
829,7,斨,7,斨,w224a0103,斨,7,7202,斨
829,8,牄,8,牄,w224a0104,牄,8,7203,牄
829,9,嶈,9,嶈,w224a0105,嶈,9,7204,嶈
829,10,𨶆,10,𨶆,w224a0106,𨶆,10,7205,𨶆
829,11,𥏻,11,𥏻,w224a0201,𥏻,11,7206,𥏻
829,12,搶,12,搶,w224a0202,搶,12,7207,搶
830,1,匡,1,匡,w224a0203,匡,1,7208,匡
830,2,邼,2,邼,w224a0301,邼,2,7209,邼
830,3,筐,3,筐,w224a0302,筐,3,7210,筐
830,4,䖱,4,䖱,w224a0303,䖱,4,7211,䖱
830,5,框,5,框,w224a0304,框,5,7212,框
830,6,恇,6,恇,w224a0305,恇,6,7213,恇
830,7,劻,7,劻,w224a0306,劻,7,7214,劻
830,8,𩬹,8,𩬹,w224a0307,𩬹,8,7215,𩬹
830,9,洭,9,洭,w224a0308,洭,9,7216,洭
830,10,軭,10,軭,w224a0401,軭,10,7217,軭
830,11,眶,11,眶,w224a0402,眶,11,7218,眶
830,12,䒰,12,䒰,w224a0403,䒰,12,7219,䒰
830,13,𩢼,13,𩢼,w224a0404,𩢼,13,7220,𩢼
831,1,王,1,王,w224a0405,王,1,7221,王
831,2,蚟,2,蚟,w224a0701,蚟,2,7222,蚟
831,3,𩵭,3,𩵭,w224a0801,𩵭,3,7223,𩵭
831,4,彺,4,彺,w224a0802,彺,4,7224,彺
832,1,央,1,央,w224a0803,央,1,7225,央
832,2,鴦,2,鴦,w224a0804,鴦,2,7226,鴦
832,3,殃,3,殃,w224a0805,殃,3,7227,殃
832,4,䄃,4,䄃,w224a0901,䄃,4,7228,䄃
832,5,鉠,5,鉠,w224a0902,鉠,5,7229,鉠
832,6,秧,6,秧,w224a0903,秧,6,7230,秧
832,7,霙,7,霙,w224a0904,霙,7,7231,霙
832,8,胦,8,胦,w224a0905,胦,8,7232,胦
832,9,泱,9,泱,w224a0906,泱,9,7233,泱
833,1,強,1,強,w224a0907,強,1,7234,強
833,2,彊,2,彊,w224a1001,彊,2,7235,彊
833,3,䲔,3,䲔,w224a1002,䲔,3,7236,䲔
833,4,勥,4,勥,w224a1003,勥,4,7237,勥
834,1,𦳝,1,𦳝,w224b0101,𦳝,1,7238,𦳝
834,2,倀,2,倀,w224b0102,倀,2,7239,倀
834,3,鼚,3,鼚,w224b0103,鼚,3,7240,鼚
835,1,芳,1,芳,w224b0104,芳,1,7241,芳
835,2,妨,2,妨,w224b0201,妨,2,7242,妨
835,3,淓,3,淓,w224b0202,淓,3,7243,淓
836,1,狂,1,狂,w224b0203,狂,1,7244,狂
836,2,軖,2,軖,w224b0204,軖,2,7245,軖
836,3,軭,3,軭,w224b0205,軭,3,7246,軭
836,4,鵟,4,鵟,w224b0301,鵟,4,7247,鵟
836,5,㞷,5,㞷,w224b0302,㞷,5,7248,㞷
837,1,唐,1,唐,w224b0401,唐,1,7249,唐
837,2,啺,2,啺,w224b0501,啺,2,7250,啺
837,3,𥏬,3,𥏬,w224b0502,𥏬,3,7251,𥏬
837,4,煻,4,煻,w224b0503,煻,4,7252,煻
837,5,糖,5,糖,w224b0504,糖,5,7253,糖
837,6,糛,6,糛,w224b0601,糛,6,7254,糛
837,7,堂,7,堂,w224b0602,堂,7,7255,堂
837,8,坣,8,坣,w224b0701,坣,8,7256,坣
837,9,𪕹,9,𪕹,w224b0702,𪕹,9,7257,𪕹
837,10,棠,10,棠,w224b0703,棠,10,7258,棠
837,11,搪,11,搪,w224b0801,搪,11,7259,搪
837,12,蓎,12,蓎,w224b0802,蓎,12,7260,蓎
837,13,瑭,13,瑭,w224b0901,瑭,13,7261,瑭
837,14,餹,14,餹,w224b0902,餹,14,7262,餹
837,15,篖,15,篖,w224b0903,篖,15,7263,篖
837,16,螗,16,螗,w224b0904,螗,16,7264,螗
837,17,𤚫,17,𤚫,w224b0905,𤚫,17,7265,𤚫
837,18,𤛋,18,𤛋,w224b0906,𤛋,18,7266,𤛋
837,19,螳,19,螳,w224b0907,螳,19,7267,螳
837,20,塘,20,塘,w224b1001,塘,20,7268,塘
837,21,碭,21,碭,w224b1002,碭,21,7269,碭
837,22,鶶,22,鶶,w224b1003,鶶,22,7270,鶶
837,23,𩹶,23,𩹶,w224b1004,𩹶,23,7271,𩹶
837,24,踼,24,踼,w224b1005,踼,24,7272,踼
837,25,闛,25,闛,w225a0101,闛,25,7273,闛
837,26,赯,26,赯,w225a0102,赯,26,7274,赯
837,27,磄,27,磄,w225a0103,磄,27,7275,磄
837,28,溏,28,溏,w225a0104,溏,28,7276,溏
837,29,䣘,29,䣘,w225a0105,䣘,29,7277,䣘
837,30,傏,30,傏,w225a0106,傏,30,7278,傏
837,31,隚,31,隚,w225a0107,隚,31,7279,隚
837,32,䧜,32,䧜,w225a0108,䧜,32,7280,䧜
837,33,𨶈,33,𨶈,w225a0201,𨶈,33,7281,𨶈
837,34,鎕,34,鎕,w225a0202,鎕,34,7282,鎕
837,35,䉎,35,䉎,w225a0203,䉎,35,7283,䉎
837,36,𨍴,36,𨍴,w225a0204,𨍴,36,7284,𨍴
837,37,橖,37,橖,w225a0205,橖,37,7285,橖
837,38,榶,38,榶,w225a0206,榶,38,7286,榶
837,39,㲥,39,㲥,w225a0207,㲥,39,7287,㲥
837,40,㼺,40,㼺,w225a0301,㼺,40,7288,㼺
838,1,郎,1,郎,w225a0302,郎,1,7289,郎
838,2,蓈,2,蓈,w225a0303,蓈,2,7290,蓈
838,3,稂,3,稂,w225a0304,稂,3,7291,稂
838,4,桹,4,桹,w225a0401,桹,4,7292,桹
838,5,廊,5,廊,w225a0402,廊,5,7293,廊
838,6,榔,6,榔,w225a0403,榔,6,7294,榔
838,7,鋃,7,鋃,w225a0404,鋃,7,7295,鋃
838,8,硠,8,硠,w225a0405,硠,8,7296,硠
838,9,𪁜,9,𪁜,w225a0501,𪁜,9,7297,𪁜
838,10,浪,10,浪,w225a0502,浪,10,7298,浪
838,11,䯖,11,䯖,w225a0503,䯖,11,7299,䯖
838,12,蜋,12,蜋,w225a0504,蜋,12,7300,蜋
838,13,𩷕,13,𩷕,w225a0505,𩷕,13,7301,𩷕
838,14,琅,14,琅,w225a0506,琅,14,7302,琅
838,15,瑯,15,瑯,w225a0601,瑯,15,7303,瑯
838,16,㝗,16,㝗,w225a0602,㝗,16,7304,㝗
838,17,狼,17,狼,w225a0603,狼,17,7305,狼
838,18,欴,18,欴,w225a0701,欴,18,7306,欴
838,19,𦵧,19,𦵧,w225a0702,𦵧,19,7307,𦵧
838,20,踉,20,踉,w225a0703,踉,20,7308,踉
838,21,莨,21,莨,w225a0801,莨,21,7309,莨
838,22,㟍,22,㟍,w225a0802,㟍,22,7310,㟍
838,23,䡙,23,䡙,w225a0803,䡙,23,7311,䡙
838,24,艆,24,艆,w225a0804,艆,24,7312,艆
838,25,駺,25,駺,w225a0805,駺,25,7313,駺
838,26,躴,26,躴,w225a0806,躴,26,7314,躴
838,27,筤,27,筤,w225a0807,筤,27,7315,筤
838,28,𥍫,28,𥍫,w225a0901,𥍫,28,7316,𥍫
838,29,閬,29,閬,w225a0902,閬,29,7317,閬
838,30,哴,30,哴,w225a0903,哴,30,7318,哴
839,1,當,1,當,w225a0904,當,1,7319,當
839,2,鐺,2,鐺,w225a1001,鐺,2,7320,鐺
839,3,簹,3,簹,w225a1002,簹,3,7321,簹
839,4,襠,4,襠,w225a1003,襠,4,7322,襠
839,5,璫,5,璫,w225a1004,璫,5,7323,璫
839,6,𨎴,6,𨎴,w225a1005,𨎴,6,7324,𨎴
839,7,檔,7,檔,w225a1006,檔,7,7325,檔
839,8,儅,8,儅,w225b0101,儅,8,7326,儅
839,9,𦡁,9,𦡁,w225b0102,𦡁,9,7327,𦡁
839,10,㼕,10,㼕,w225b0103,㼕,10,7328,㼕
839,11,蟷,11,蟷,w225b0104,蟷,11,7329,蟷
840,1,倉,1,倉,w225b0105,倉,1,7330,倉
840,2,蒼,2,蒼,w225b0201,蒼,2,7331,蒼
840,3,鶬,3,鶬,w225b0301,鶬,3,7332,鶬
840,4,𩀞,4,𩀞,w225b0302,𩀞,4,7333,𩀞
840,5,滄,5,滄,w225b0303,滄,5,7334,滄
840,6,凔,6,凔,w225b0304,凔,6,7335,凔
840,7,𠥐,7,𠥐,w225b0305,𠥐,7,7336,𠥐
841,1,岡,1,岡,w225b0401,岡,1,7337,岡
841,2,崗,2,崗,w225b0402,崗,2,7338,崗
841,3,剛,3,剛,w225b0403,剛,3,7339,剛
841,4,㓻,4,㓻,w225b0404,⿰𦊆刂,4,7340,㓻
841,5,掆,5,掆,w225b0405,掆,5,7341,掆
841,6,笐,6,笐,w225b0406,笐,6,7342,笐
841,7,鋼,7,鋼,w225b0501,鋼,7,7343,鋼
841,8,綱,8,綱,w225b0502,綱,8,7344,綱
841,9,亢,9,亢,w225b0503,亢,9,7345,亢
841,10,犅,10,犅,w225b0504,犅,10,7346,犅
841,11,堈,11,堈,w225b0505,堈,11,7347,堈
841,12,𤭛,12,𤭛,w225b0506,𤭛,12,7348,𤭛
841,13,牨,13,牨,w225b0601,牨,13,7349,牨
841,14,苀,14,苀,w225b0602,苀,14,7350,苀
841,15,魧,15,魧,w225b0603,魧,15,7351,魧
841,16,迒,16,迒,w225b0604,迒,16,7352,迒
842,1,桑,1,桑,w225b0605,桑,1,7353,桑
842,2,桒,2,桒,w225b0701,桒,2,7354,桒
842,3,𠸶,3,𠸶,w225b0702,𠸶,3,7355,𠸶
842,4,喪,4,喪,w225b0801,喪,4,7356,喪
842,5,𦅇,5,𦅇,w225b0802,𦅇,5,7357,𦅇
842,6,𩦌,6,𩦌,w225b0803,𩦌,6,7358,𩦌
843,1,康,1,康,w225b0804,康,1,7359,康
843,2,穅,2,穅,w225b0805,穅,2,7360,穅
843,3,糠,3,糠,w225b0806,糠,3,7361,糠
843,4,㱂,4,㱂,w225b0807,㱂,4,7362,㱂
843,5,㝩,5,㝩,w225b0901,㝩,5,7363,㝩
843,6,槺,6,槺,w225b0902,槺,6,7364,槺
843,7,𨻷,7,𨻷,w225b0903,𨻷,7,7365,𨻷
843,8,䗧,8,䗧,w225b0904,䗧,8,7366,䗧
843,9,𥉽,9,𥉽,w225b0905,𥉽,9,7367,𥉽
843,10,邟,10,邟,w225b0906,邟,10,7368,邟
843,11,漮,11,漮,w225b1001,漮,11,7369,漮
843,12,𤮊,12,𤮊,w225b1002,𤮊,12,7370,𤮊
843,13,㼹,13,㼹,w225b1003,㼹,13,7371,㼹
843,14,躿,14,躿,w225b1004,躿,14,7372,躿
844,1,荒,1,荒,w225b1005,荒,1,7373,荒
844,2,𥡃,2,𥡃,w225b1006,𥡃,2,7374,𥡃
844,3,肓,3,肓,w226a0101,肓,3,7375,肓
844,4,衁,4,衁,w226a0102,衁,4,7376,衁
844,5,𩣐,5,𩣐,w226a0103,𩣐,5,7377,𩣐
844,6,鄺,6,鄺,w226a0104,鄺,6,7378,鄺
844,7,𥿼,7,𥿼,w226a0105,𥿼,7,7379,𥿼
844,8,㠵,8,㠵,w226a0106,㠵,8,7380,㠵
844,9,𧧢,9,𧧢,w226a0107,𧧢,9,7381,𧧢
844,10,䀮,10,䀮,w226a0108,䀮,10,7382,䀮
844,11,𣆖,11,𣆖,w226a0201,𣆖,11,7383,𣆖
844,12,㡆,12,㡆,w226a0202,㡆,12,7384,㡆
844,13,巟,13,巟,w226a0203,⿻巟一〈巟〉,13,7385,巟
844,14,𣺬,14,𣺬,w226a0204,𣺬,14,7386,𣺬
845,1,黃,1,黃,w226a0205,黃,1,7387,黃
845,2,皇,2,皇,w226a0401,皇,2,7388,皇
845,3,璜,3,璜,w226a0402,璜,3,7389,璜
845,4,惶,4,惶,w226a0403,惶,4,7390,惶
845,5,遑,5,遑,w226a0501,遑,5,7391,遑
845,6,潢,6,潢,w226a0502,潢,6,7392,潢
845,7,堭,7,堭,w226a0503,堭,7,7393,堭
845,8,煌,8,煌,w226a0504,煌,8,7394,煌
845,9,餭,9,餭,w226a0505,餭,9,7395,餭
845,10,騜,10,騜,w226a0506,騜,10,7396,騜
845,11,艎,11,艎,w226a0507,艎,11,7397,艎
845,12,簧,12,簧,w226a0508,簧,12,7398,簧
845,13,隍,13,隍,w226a0601,隍,13,7399,隍
845,14,癀,14,癀,w226a0602,癀,14,7400,癀
845,15,𨝴,15,𨝴,w226a0603,𨝴,15,7401,𨝴
845,16,湟,16,湟,w226a0604,湟,16,7402,湟
845,17,徨,17,徨,w226a0605,徨,17,7403,徨
845,18,篁,18,篁,w226a0606,篁,18,7404,篁
845,19,鱑,19,鱑,w226a0607,鱑,19,7405,鱑
845,20,蝗,20,蝗,w226a0608,蝗,20,7406,蝗
845,21,凰,21,凰,w226a0701,凰,21,7407,凰
845,22,偟,22,偟,w226a0702,偟,22,7408,偟
845,23,媓,23,媓,w226a0703,媓,23,7409,媓
845,24,獚,24,獚,w226a0704,獚,24,7410,獚
845,25,蟥,25,蟥,w226a0705,蟥,25,7411,蟥
845,26,韹,26,韹,w226a0706,韹,26,7412,韹
845,27,𨜔,27,𨜔,w226a0707,𨜔,27,7413,𨜔
845,28,䍿,28,䍿,w226a0801,䍿,28,7414,䍿
845,29,䅣,29,䅣,w226a0802,䅣,29,7415,䅣
845,30,𤯷,30,𤯷,w226a0803,𤯷,30,7416,𤯷
845,31,葟,31,葟,w226a0804,葟,31,7417,葟
845,32,趪,32,趪,w226a0805,趪,32,7418,趪
846,1,光,1,光,w226a0806,光,1,7419,光
846,2,灮,2,灮,w226a0901,灮,2,7420,灮
846,3,洸,3,洸,w226a0902,洸,3,7421,洸
846,4,桄,4,桄,w226a0903,桄,4,7422,桄
846,5,胱,5,胱,w226a1001,胱,5,7423,胱
846,6,垙,6,垙,w226a1002,垙,6,7424,垙
846,7,𨎩,7,𨎩,w226a1003,𨎩,7,7425,𨎩
846,8,輄,8,輄,w226a1004,輄,8,7426,輄
846,9,橫,9,橫,w226a1005,橫,9,7427,橫
846,10,𩧉,10,𩧉,w226a1006,𩧉,10,7428,𩧉
846,11,恍,11,恍,w226a1007,恍,11,7429,恍
846,12,茪,12,茪,w226a1008,茪,12,7430,茪
846,13,僙,13,僙,w226b0101,僙,13,7431,僙
846,14,侊,14,侊,w226b0102,侊,14,7432,侊
847,1,湯,1,湯,w226b0103,湯,1,7433,湯
847,2,簜,2,簜,w226b0104,簜,2,7434,簜
847,3,鏜,3,鏜,w226b0105,鏜,3,7435,鏜
847,4,闛,4,闛,w226b0201,闛,4,7436,闛
847,5,𧼮,5,𧼮,w226b0202,𧼮,5,7437,𧼮
847,6,踼,6,踼,w226b0203,踼,6,7438,踼
847,7,盪,7,盪,w226b0204,盪,7,7439,盪
847,8,蝪,8,蝪,w226b0205,蝪,8,7440,蝪
847,9,鼞,9,鼞,w226b0206,鼞,9,7441,鼞
847,10,薚,10,薚,w226b0301,薚,10,7442,薚
847,11,𦳝,11,𦳝,w226b0302,𦳝,11,7443,𦳝
848,1,滂,1,滂,w226b0303,滂,1,7444,滂
848,2,鎊,2,鎊,w226b0304,鎊,2,7445,鎊
848,3,霶,3,霶,w226b0305,霶,3,7446,霶
848,4,雱,4,雱,w226b0306,雱,4,7447,雱
848,5,䨦,5,䨦,w226b0307,䨦,5,7448,䨦
848,6,磅,6,磅,w226b0308,磅,6,7449,磅
848,7,𣂆,7,𣂆,w226b0401,𣂆,7,7450,𣂆
849,1,汪,1,汪,w226b0402,汪,1,7451,汪
849,2,尢,2,尢,w226b0403,尣,2,7452,尣
849,3,尪,3,尪,w226b0404,尪,3,7453,尪
849,4,洸,4,洸,w226b0405,洸,4,7454,洸
849,5,𪁘,5,𪁘,w226b0501,𪁘,5,7455,𪁘
850,1,鴦,1,鴦,w226b0502,鴦,1,7456,鴦
850,2,佒,2,佒,w226b0503,佒,2,7457,佒
850,3,咉,3,咉,w226b0504,咉,3,7458,咉
850,4,𧲱,4,𧲱,w226b0505,𧲱,4,7459,𧲱
850,5,㹧,5,㹧,w226b0506,㹧,5,7460,㹧
850,6,眏,6,眏,w226b0507,眏,6,7461,眏
850,7,姎,7,姎,w226b0601,姎,7,7462,姎
851,1,炕,1,炕,w226b0602,炕,1,7463,炕
851,2,㰠,2,㰠,w226b0603,㰠,2,7464,㰠
851,3,䐠,3,䐠,w226b0604,䐠,3,7465,䐠
851,4,忼,4,忼,w226b0605,忼,4,7466,忼
852,1,航,1,航,w226b0606,航,1,7467,航
852,2,筕,2,筕,w226b0607,筕,2,7468,筕
852,3,桁,3,桁,w226b0701,桁,3,7469,桁
852,4,行,4,行,w226b0702,行,4,7470,行
852,5,迒,5,迒,w226b0703,迒,5,7471,迒
852,6,𨁈,6,𨁈,w226b0704,𨁈,6,7472,𨁈
852,7,頏,7,頏,w226b0705,頏,7,7473,頏
852,8,𦐄,8,𦐄,w226b0801,𦐄,8,7474,𦐄
852,9,魧,9,魧,w226b0802,魧,9,7475,魧
852,10,胻,10,胻,w226b0803,胻,10,7476,胻
852,11,邟,11,邟,w226b0804,邟,11,7477,邟
852,12,杭,12,杭,w226b0805,杭,12,7478,杭
852,13,沆,13,沆,w226b0901,沆,13,7479,沆
852,14,蚢,14,蚢,w226b0902,蚢,14,7480,蚢
852,15,肮,15,肮,w226b0903,肮,15,7481,肮
852,16,苀,16,苀,w226b0904,苀,16,7482,苀
852,17,抗,17,抗,w226b0905,抗,17,7483,抗
852,18,吭,18,吭,w226b1001,吭,18,7484,吭
853,1,茫,1,茫,w226b1002,茫,1,7485,茫
853,2,吂,2,吂,w226b1003,吂,2,7486,吂
853,3,䀮,3,䀮,w226b1004,䀮,3,7487,䀮
853,4,汒,4,汒,w226b1005,汒,4,7488,汒
853,5,恾,5,恾,w226b1006,恾,5,7489,恾
853,6,忙,6,忙,w226b1007,忙,6,7490,忙
853,7,朚,7,朚,w226b1008,朚,7,7491,朚
853,8,邙,8,邙,w227a0101,邙,8,7492,邙
853,9,芒,9,芒,w227a0102,芒,9,7493,芒
853,10,𥐞,10,𥐞,w227a0103,𥐞,10,7494,𥐞
853,11,杗,11,杗,w227a0104,杗,11,7495,杗
853,12,蘉,12,蘉,w227a0105,蘉,12,7496,蘉
853,13,𡩩,13,𡩩,w227a0201,𡩩,13,7497,𡩩
853,14,𨛌,14,𨛌,w227a0202,𨛌,14,7498,𨛌
854,1,臧,1,臧,w227a0203,臧,1,7499,臧
854,2,匨,2,匨,w227a0204,匨,2,7500,匨
854,3,䍧〈牂〉,3,䍧〈牂〉,w227a0205,䍧〈牂〉,3,7501,䍧
854,4,戕,4,戕,w227a0301,戕,4,7502,戕
854,5,贓,5,贓,w227a0302,贓,5,7503,贓
854,6,样,6,样,w227a0303,样,6,7504,样
855,1,囊,1,囊,w227a0304,囊,1,7505,囊
855,2,蠰,2,蠰,w227a0401,蠰,2,7506,蠰
856,1,傍,1,傍,w227a0402,傍,1,7507,傍
856,2,彷,2,彷,w227a0403,彷,2,7508,彷
856,3,膀,3,膀,w227a0404,膀,3,7509,膀
856,4,髈,4,髈,w227a0405,髈,4,7510,髈
856,5,䠙,5,䠙,w227a0406,䠙,5,7511,䠙
856,6,趽,6,趽,w227a0407,趽,6,7512,趽
856,7,房,7,房,w227a0501,房,7,7513,房
856,8,旁,8,旁,w227a0502,旁,8,7514,旁
856,9,篣,9,篣,w227a0503,篣,9,7515,篣
856,10,𨜷,10,𨜷,w227a0504,𨜷,10,7516,𨜷
856,11,螃,11,螃,w227a0505,螃,11,7517,螃
856,12,䅭,12,䅭,w227a0601,䅭,12,7518,䅭
856,13,騯,13,騯,w227a0602,騯,13,7519,騯
857,1,卬,1,卬,w227a0603,卬,1,7520,卬
857,2,䭹,2,䭹,w227a0701,䭹,2,7521,䭹
857,3,枊,3,枊,w227a0702,枊,3,7522,枊
857,4,昂,4,昂,w227a0703,昂,4,7523,昂
857,5,䒢,5,䒢,w227a0704,䒢,5,7524,䒢
857,6,㭿,6,㭿,w227a0705,㭿,6,7525,㭿
857,7,䩕,7,䩕,w227a0801,䩕,7,7526,䩕
858,1,藏,1,藏,w227a0802,藏,1,7527,藏
859,1,䯑,1,䯑,w227a0803,䯑,1,7528,䯑
860,1,幫,1,幫,w227a0804,幫,1,7529,幫
860,2,縍,2,縍,w227a0805,縍,2,7530,縍
860,3,㨍,3,㨍,w227a0901,㨍,3,7531,㨍
860,4,𨢐,4,𨢐,w227a0902,𨢐,4,7532,𨢐
860,5,鞤,5,鞤,w227a0903,鞤,5,7533,鞤
861,1,庚,1,庚,w227a1001,庚,1,7534,庚
861,2,鶊,2,鶊,w227a1002,鶊,2,7535,鶊
861,3,更,3,更,w227b0101,更,3,7536,更
861,4,䢚,4,䢚,w227b0102,䢚,4,7537,䢚
861,5,秔,5,秔,w227b0103,秔,5,7538,秔
861,6,稉,6,稉,w227b0104,稉,6,7539,稉
861,7,粳,7,粳,w227b0105,粳,7,7540,粳
861,8,賡,8,賡,w227b0106,賡,8,7541,賡
861,9,羹,9,羹,w227b0107,羹,9,7542,羹
861,10,𩱧,10,𩱧,w227b0201,𩱧,10,7543,𩱧
861,11,埂,11,埂,w227b0202,埂,11,7544,埂
861,12,浭,12,浭,w227b0203,浭,12,7545,浭
862,1,阬,1,阬,w227b0204,阬,1,7546,阬
862,2,坑,2,坑,w227b0205,坑,2,7547,坑
862,3,硎,3,硎,w227b0206,硎,3,7548,硎
862,4,𥉸,4,𥉸,w227b0207,𥉸,4,7549,𥉸
862,5,砊,5,砊,w227b0301,砊,5,7550,砊
862,6,劥,6,劥,w227b0302,劥,6,7551,劥
863,1,盲,1,盲,w227b0303,盲,1,7552,盲
863,2,蝱,2,蝱,w227b0304,蝱,2,7553,蝱
863,3,鄳,3,鄳,w227b0305,鄳,3,7554,鄳
863,4,𥋝,4,𥋝,w227b0306,𥋝,4,7555,𥋝
863,5,莔,5,莔,w227b0307,莔,5,7556,莔
863,6,𨞚,6,𨞚,w227b0401,𨞚,6,7557,𨞚
863,7,䥰,7,䥰,w227b0402,䥰,7,7558,䥰
863,8,𥭮,8,𥭮,w227b0403,𥭮,8,7559,𥭮
864,1,橫,1,橫,w227b0404,橫,1,7560,橫
864,2,黌,2,黌,w227b0405,黌,2,7561,黌
864,3,蝗,3,蝗,w227b0501,蝗,3,7562,蝗
864,4,鐄,4,鐄,w227b0502,鐄,4,7563,鐄
864,5,瑝,5,瑝,w227b0503,瑝,5,7564,瑝
864,6,喤,6,喤,w227b0504,喤,6,7565,喤
864,7,鍠,7,鍠,w227b0505,鍠,7,7566,鍠
864,8,䬝,8,䬝,w227b0506,䬝,8,7567,䬝
864,9,㶇,9,㶇,w227b0507,㶇,9,7568,㶇
864,10,䄓,10,䄓,w227b0601,䄓,10,7569,䄓
864,11,𧝒,11,𧝒,w227b0602,𧝒,11,7570,𧝒
864,12,𤮏,12,𤮏,w227b0603,𤮏,12,7571,𤮏
864,13,𪏓,13,𪏓,w227b0604,𪏓,13,7572,𪏓
864,14,𢘌,14,𢘌,w227b0605,𢘌,14,7573,𢘌
864,15,韹,15,韹,w227b0606,韹,15,7574,韹
864,16,彋,16,彋,w227b0607,彋,16,7575,彋
865,1,閍,1,閍,w227b0701,閍,1,7576,閍
865,2,祊,2,祊,w227b0702,祊,2,7577,祊
865,3,𥛱,3,𥛱,w227b0703,𥛱,3,7578,𥛱
865,4,騯,4,騯,w227b0704,騯,4,7579,騯
865,5,嗙,5,嗙,w227b0705,嗙,5,7580,嗙
865,6,㔙,6,㔙,w227b0706,㔙,6,7581,㔙
866,1,諻,1,諻,w227b0707,諻,1,7582,諻
866,2,䎕,2,䎕,w227b0801,䎕,2,7583,䎕
866,3,謍,3,謍,w227b0802,謍,3,7584,謍
866,4,嚝,4,嚝,w227b0803,嚝,4,7585,嚝
866,5,喤,5,喤,w227b0804,喤,5,7586,喤
867,1,觵,1,觵,w227b0805,觵,1,7587,觵
867,2,觥,2,觥,w227b0806,觥,2,7588,觥
867,3,侊,3,侊,w227b0901,侊,3,7589,侊
867,4,𩃙,4,𩃙,w227b0902,𩃙,4,7590,𩃙
867,5,䍔,5,䍔,w227b0903,䍔,5,7591,䍔
867,6,𣘯,6,𣘯,w227b0904,𣘯,6,7592,𣘯
868,1,彭,1,彭,w227b0905,彭,1,7593,彭
868,2,澎,2,澎,w227b1001,澎,2,7594,澎
868,3,膨,3,膨,w227b1002,膨,3,7595,膨
868,4,蟚,4,蟚,w227b1003,蟚,4,7596,蟚
868,5,䰃,5,䰃,w228a0101,䰃,5,7597,䰃
868,6,棚,6,棚,w228a0102,棚,6,7598,棚
868,7,榜,7,榜,w228a0103,榜,7,7599,榜
868,8,䄘,8,䄘,w228a0104,䄘,8,7600,䄘
868,9,搒,9,搒,w228a0105,搒,9,7601,搒
868,10,蒡,10,蒡,w228a0201,蒡,10,7602,蒡
868,11,篣,11,篣,w228a0202,篣,11,7603,篣
868,12,𩡕,12,𩡕,w228a0203,𩡕,12,7604,𩡕
868,13,騯,13,騯,w228a0204,騯,13,7605,騯
868,14,憉,14,憉,w228a0205,憉,14,7606,憉
868,15,𣂆,15,𣂆,w228a0206,𣂆,15,7607,𣂆
868,16,輣,16,輣,w228a0301,輣,16,7608,輣
868,17,𨍩,17,𨍩,w228a0302,𨍩,17,7609,𨍩
869,1,脝,1,脝,w228a0303,脝,1,7610,脝
869,2,悙,2,悙,w228a0304,悙,2,7611,悙
869,3,亨,3,亨,w228a0305,亨,3,7612,亨
870,1,瞠,1,瞠,w228a0306,瞠,1,7613,瞠
870,2,橕,2,橕,w228a0401,橕,2,7614,橕
870,3,樘,3,樘,w228a0402,樘,3,7615,樘
870,4,䟓,4,䟓,w228a0403,䟓,4,7616,䟓
870,5,竀,5,竀,w228a0404,竀,5,7617,竀
871,1,鎗,1,鎗,w228a0405,鎗,1,7618,鎗
871,2,鐺,2,鐺,w228a0501,鐺,2,7619,鐺
871,3,槍,3,槍,w228a0502,槍,3,7620,槍
871,4,琤,4,琤,w228a0503,琤,4,7621,琤
872,1,傖,1,傖,w228a0504,傖,1,7622,傖
872,2,䚘,2,䚘,w228a0505,䚘,2,7623,䚘
872,3,𩫿,3,𩫿,w228a0506,𩫿,3,7624,𩫿
872,4,鬇,4,鬇,w228a0507,鬇,4,7625,鬇
872,5,崢,5,崢,w228a0601,崢,5,7626,崢
873,1,霙,1,霙,w228a0602,霙,1,7627,霙
873,2,鉠,2,鉠,w228a0603,鉠,2,7628,鉠
873,3,韺,3,韺,w228a0604,韺,3,7629,韺
873,4,渶,4,渶,w228a0605,渶,4,7630,渶
873,5,鶧,5,鶧,w228a0606,鶧,5,7631,鶧
873,6,英,6,英,w228a0701,英,6,7632,英
873,7,瑛,7,瑛,w228a0702,瑛,7,7633,瑛
873,8,㿮,8,㿮,w228a0703,㿮,8,7634,㿮
873,9,媖,9,媖,w228a0704,媖,9,7635,媖
873,10,楧,10,楧,w228a0705,楧,10,7636,楧
874,1,磅,1,磅,w228a0706,磅,1,7637,磅
874,2,恲,2,恲,w228a0801,恲,2,7638,恲
874,3,亨,3,亨,w228a0802,亨,3,7639,亨
874,4,澎,4,澎,w228a0803,澎,4,7640,澎
875,1,平,1,平,w228a0804,平,1,7641,平
875,2,評,2,評,w228a1001,評,2,7642,評
875,3,苹,3,苹,w228a1002,苹,3,7643,苹
875,4,枰,4,枰,w228b0101,枰,4,7644,枰
875,5,泙,5,泙,w228b0102,泙,5,7645,泙
875,6,坪,6,坪,w228b0103,坪,6,7646,坪
875,7,胓,7,胓,w228b0104,胓,7,7647,胓
875,8,蚲,8,蚲,w228b0105,蚲,8,7648,蚲
876,1,驚,1,驚,w228b0106,驚,1,7649,驚
876,2,京,2,京,w228b0201,京,2,7650,京
876,3,荊,3,荊,w228b0301,荆,3,7651,荆
876,4,麠,4,麠,w228b0401,麠,4,7652,麠
876,5,麖,5,麖,w228b0402,麖,5,7653,麖
876,6,鶁,6,鶁,w228b0403,鶁,6,7654,鶁
876,7,蟼,7,蟼,w228b0404,蟼,7,7655,蟼
877,1,明,1,明,w228b0405,明,1,7656,明
877,2,盟,2,盟,w228b0501,盟,2,7657,盟
877,3,𥁰,3,𥁰,w228b0502,𥁰,3,7658,𥁰
877,4,䳟,4,䳟,w228b0503,䳟,4,7659,䳟
877,5,鳴,5,鳴,w228b0504,鳴,5,7660,鳴
878,1,棖,1,棖,w228b0601,棖,1,7661,棖
878,2,盯,2,盯,w228b0602,盯,2,7662,盯
878,3,澄,3,澄,w228b0603,澄,3,7663,澄
878,4,掁,4,掁,w228b0604,掁,4,7664,掁
878,5,䟫〈𣥺〉,5,䟫〈𣥺〉,w228b0605,䟫〈𣥺〉,5,7665,䟫
878,6,挰,6,挰,w228b0606,挰,6,7666,挰
878,7,憕,7,憕,w228b0701,憕,7,7667,憕
879,1,趟,1,趟,w228b0702,趟,1,7668,趟
879,2,𩘽,2,𩘽,w228b0703,𩘽,2,7669,𩘽
880,1,榮,1,榮,w228b0704,榮,1,7670,榮
880,2,禜,2,禜,w228b0705,禜,2,7671,禜
880,3,蠑,3,蠑,w228b0801,蠑,3,7672,蠑
880,4,瑩,4,瑩,w228b0802,瑩,4,7673,瑩
880,5,揘,5,揘,w228b0803,揘,5,7674,揘
880,6,嶸,6,嶸,w228b0804,嶸,6,7675,嶸
881,1,兵,1,兵,w228b0805,兵,1,7676,兵
882,1,兄,1,兄,w228b0901,兄,1,7677,兄
883,1,卿,1,卿,w228b0902,卿,1,7678,卿
884,1,生,1,生,w229a0101,生,1,7679,生
884,2,笙,2,笙,w229a0102,笙,2,7680,笙
884,3,牲,3,牲,w229a0201,牲,3,7681,牲
884,4,猩,4,猩,w229a0202,猩,4,7682,猩
884,5,狌,5,狌,w229a0203,狌,5,7683,狌
884,6,鉎,6,鉎,w229a0204,鉎,6,7684,鉎
884,7,甥,7,甥,w229a0301,甥,7,7685,甥
884,8,䴤,8,䴤,w229a0302,䴤,8,7686,䴤
884,9,鼪,9,鼪,w229a0303,鼪,9,7687,鼪
884,10,珄,10,珄,w229a0304,珄,10,7688,珄
885,1,擎,1,擎,w229a0305,擎,1,7689,擎
885,2,勍,2,勍,w229a0306,勍,2,7690,勍
885,3,黥,3,黥,w229a0401,黥,3,7691,黥
885,4,䵞,4,䵞,w229a0402,䵞,4,7692,䵞
885,5,剠,5,剠,w229a0403,剠,5,7693,剠
885,6,䲔,6,䲔,w229a0404,䲔,6,7694,䲔
885,7,鯨,7,鯨,w229a0405,鯨,7,7695,鯨
885,8,檠,8,檠,w229a0406,檠,8,7696,檠
885,9,樈,9,樈,w229a0407,樈,9,7697,樈
885,10,葝,10,葝,w229a0408,葝,10,7698,葝
885,11,䫆,11,䫆,w229a0409,䫆,11,7699,䫆
886,1,迎,1,迎,w229a0501,迎,1,7700,迎
887,1,行,1,行,w229a0502,行,1,7701,行
887,2,衡,2,衡,w229a0503,衡,2,7702,衡
887,3,䯒,3,䯒,w229a0601,䯒,3,7703,䯒
887,4,胻,4,胻,w229a0602,胻,4,7704,胻
887,5,洐,5,洐,w229a0603,洐,5,7705,洐
887,6,筕,6,筕,w229a0604,筕,6,7706,筕
887,7,珩,7,珩,w229a0605,珩,7,7707,珩
887,8,桁,8,桁,w229a0701,桁,8,7708,桁
887,9,蘅,9,蘅,w229a0702,蘅,9,7709,蘅
887,10,𦣍,10,𦣍,w229a0703,𦣍,10,7710,𦣍
888,1,鬤,1,鬤,w229a0704,鬤,1,7711,鬤
888,2,㲰,2,㲰,w229a0705,㲰,2,7712,㲰
888,3,𤕦,3,𤕦,w229a0801,𤕦,3,7713,𠽽
888,4,獰,4,獰,w229a0802,獰,4,7714,獰
888,5,𥣗,5,𥣗,w229a0803,𥣗,5,7715,𥣗
888,6,𧂘,6,𧂘,w229a0804,𧂘,6,7716,𧂘
889,1,耕,1,耕,w229a0901,耕,1,7717,耕
890,1,鏗,1,鏗,w229a0902,鏗,1,7718,鏗
890,2,銵,2,銵,w229a0903,銵,2,7719,銵
890,3,䡰,3,䡰,w229a0904,䡰,3,7720,䡰
890,4,鳽,4,鳽,w229a1001,鳽,4,7721,鳽
890,5,誙,5,誙,w229a1002,誙,5,7722,誙
890,6,牼,6,牼,w229a1003,牼,6,7723,牼
890,7,𡷨,7,𡷨,w229a1004,𡷨,7,7724,𡷨
890,8,硻,8,硻,w229a1005,硻,8,7725,硻
890,9,殸,9,殸,w229b0101,殸,9,7726,殸
890,10,㧶,10,㧶,w229b0102,㧶,10,7727,㧶
890,11,䡩,11,䡩,w229b0103,䡩,11,7728,䡩
890,12,硜,12,硜,w229b0104,硜,12,7729,硜
890,13,摼,13,摼,w229b0105,摼,13,7730,摼
890,14,㰢,14,㰢,w229b0106,㰢,14,7731,㰢
890,15,羥,15,羥,w229b0107,羥,15,7732,羥
891,1,甍,1,甍,w229b0108,甍,1,7733,甍
891,2,𣞑,2,𣞑,w229b0201,𣞑,2,7734,𣞑
891,3,䉚,3,䉚,w229b0202,䉚,3,7735,䉚
891,4,萌,4,萌,w229b0203,萌,4,7736,萌
891,5,氓,5,氓,w229b0204,氓,5,7737,氓
891,6,甿,6,甿,w229b0205,甿,6,7738,甿
891,7,嫇,7,嫇,w229b0206,嫇,7,7739,嫇
891,8,蕄,8,蕄,w229b0207,蕄,8,7740,蕄
891,9,𥋝,9,𥋝,w229b0301,𥋝,9,7741,𥋝
891,10,𧂛,10,𧂛,w229b0302,〾𧂛〈𧂛〉,10,7742,𧂛
891,11,𥌯,11,𥌯,w229b0303,𥌯,11,7743,𥌯
892,1,浜,1,浜,w229b0304,浜,1,7744,浜
892,2,捠〈㙃〉,2,捠〈㙃〉,w229b0305,捠〈㙃〉,2,7745,捠
893,1,宏,1,宏,w229b0306,宏,1,7746,宏
893,2,紘,2,紘,w229b0401,紘,2,7747,紘
893,3,紭,3,紭,w229b0402,紭,3,7748,紭
893,4,閎,4,閎,w229b0403,閎,4,7749,閎
893,5,嶸,5,嶸,w229b0501,嶸,5,7750,嶸
893,6,嵤,6,嵤,w229b0502,嵤,6,7751,嵤
893,7,𧮯,7,𧮯,w229b0503,𧮯,7,7752,𧮯
893,8,耾,8,耾,w229b0504,耾,8,7753,耾
893,9,翃,9,翃,w229b0505,翃,9,7754,翃
893,10,浤,10,浤,w229b0506,浤,10,7755,浤
893,11,竑,11,竑,w229b0507,竑,11,7756,竑
893,12,宖,12,宖,w229b0508,宖,12,7757,宖
893,13,鈜,13,鈜,w229b0601,鈜,13,7758,鈜
893,14,吰,14,吰,w229b0602,吰,14,7759,吰
893,15,𥐪,15,𥐪,w229b0603,𥐪,15,7760,𥐪
893,16,彋,16,彋,w229b0604,彋,16,7761,彋
894,1,莖,1,莖,w229b0605,莖,1,7762,莖
894,2,䪫,2,䪫,w229b0606,䪫,2,7763,䪫
894,3,牼,3,牼,w229b0701,牼,3,7764,牼
895,1,朾,1,朾,w229b0702,朾,1,7765,朾
895,2,丁,2,丁,w229b0703,丁,2,7766,丁
895,3,玎,3,玎,w229b0704,玎,3,7767,玎
895,4,𠑅,4,𠑅,w229b0801,𠑅,4,7768,𠑅
895,5,𧯫,5,𧯫,w229b0802,𧯫,5,7769,𧯫
895,6,䟓,6,䟓,w229b0803,䟓,6,7770,䟓
895,7,䆸,7,䆸,w229b0804,䆸,7,7771,䆸
896,1,甖,1,甖,w229b0805,甖,1,7772,甖
896,2,罌,2,罌,w229b0806,罌,2,7773,罌
896,3,罃,3,罃,w229b0901,罃,3,7774,罃
896,4,鶯,4,鶯,w229b0902,鶯,4,7775,鶯
896,5,嚶,5,嚶,w229b0903,嚶,5,7776,嚶
896,6,櫻,6,櫻,w229b0904,櫻,6,7777,櫻
896,7,嫈,7,嫈,w229b0905,嫈,7,7778,嫈
896,8,鸚,8,鸚,w229b0906,鸚,8,7779,鸚
896,9,譻,9,譻,w229b0907,譻,9,7780,譻
896,10,鸎,10,鸎,w229b1001,鸎,10,7781,鸎
896,11,褮,11,褮,w229b1002,褮,11,7782,褮
896,12,𠠜,12,𠠜,w229b1003,𠠜,12,7783,𠠜
896,13,莖,13,莖,w229b1004,莖,13,7784,莖
897,1,崢,1,崢,w229b1005,崢,1,7785,崢
897,2,𦱊,2,𦱊,w229b1006,𦱊,2,7786,𦱊
897,3,鬇,3,鬇,w230a0101,鬇,3,7787,鬇
897,4,埩,4,埩,w230a0102,埩,4,7788,埩
897,5,鏳,5,鏳,w230a0103,鏳,5,7789,鏳
897,6,崝,6,崝,w230a0104,崝,6,7790,崝
898,1,琤,1,琤,w230a0105,琤,1,7791,琤
898,2,錚,2,錚,w230a0201,錚,2,7792,錚
898,3,凈,3,凈,w230a0202,凈,3,7793,凈
898,4,棦,4,棦,w230a0203,棦,4,7794,棦
898,5,噌,5,噌,w230a0204,噌,5,7795,噌
899,1,儜,1,儜,w230a0205,儜,1,7796,儜
899,2,薴,2,薴,w230a0206,薴,2,7797,薴
899,3,鬡,3,鬡,w230a0207,鬡,3,7798,鬡
899,4,𧭈,4,𧭈,w230a0208,𧭈,4,7799,𧭈
899,5,鑏,5,鑏,w230a0301,鑏,5,7800,鑏
899,6,䭢,6,䭢,w230a0302,䭢,6,7801,䭢
899,7,嬣,7,嬣,w230a0303,嬣,7,7802,嬣
900,1,怦,1,怦,w230a0304,怦,1,7803,怦
900,2,姘,2,姘,w230a0305,姘,2,7804,姘
900,3,閛,3,閛,w230a0401,閛,3,7805,閛
900,4,𤘾,4,𤘾,w230a0402,𤘾,4,7806,𤘾
900,5,伻,5,伻,w230a0403,伻,5,7807,伻
900,6,弸,6,弸,w230a0404,弸,6,7808,弸
900,7,䍬,7,䍬,w230a0405,䍬,7,7809,䍬
900,8,㛁,8,㛁,w230a0406,㛁,8,7810,㛁
900,9,匉,9,匉,w230a0407,匉,9,7811,匉
900,10,抨,10,抨,w230a0408,抨,10,7812,抨
900,11,砰,11,砰,w230a0409,砰,11,7813,砰
901,1,轟,1,轟,w230a0501,轟,1,7814,轟
901,2,輷,2,輷,w230a0502,輷,2,7815,輷
901,3,䎕,3,䎕,w230a0503,䎕,3,7816,䎕
901,4,揈,4,揈,w230a0504,揈,4,7817,揈
901,5,訇,5,訇,w230a0505,訇,5,7818,訇
901,6,鍧,6,鍧,w230a0601,鍧,6,7819,鍧
901,7,渹,7,渹,w230a0602,渹,7,7820,渹
901,8,𦑟,8,𦑟,w230a0603,𦑟,8,7821,𦑟
901,9,𥕗,9,𥕗,w230a0604,𥕗,9,7822,𥕗
901,10,𢝁,10,𢝁,w230a0605,𢝁,10,7823,𢝁
902,1,繃,1,繃,w230a0606,繃,1,7824,繃
902,2,絣,2,絣,w230a0701,絣,2,7825,絣
902,3,𢆸,3,𢆸,w230a0702,𢆸,3,7826,𢆸
902,4,拼,4,拼,w230a0703,拼,4,7827,拼
902,5,䑫,5,䑫,w230a0704,䑫,5,7828,䑫
903,1,橙,1,橙,w230a0705,橙,1,7829,橙
903,2,揨,2,揨,w230a0801,揨,2,7830,揨
903,3,𢾊,3,𢾊,w230a0802,𢾊,3,7831,𢾊
903,4,𢿦,4,𢿦,w230a0803,𢿦,4,7832,𢿦
903,5,湞,5,湞,w230a0804,湞,5,7833,湞
903,6,朾,6,朾,w230a0805,朾,6,7834,朾
903,7,虰,7,虰,w230a0806,虰,7,7835,虰
903,8,憕,8,憕,w230a0807,憕,8,7836,憕
903,9,瞪,9,瞪,w230a0901,瞪,9,7837,瞪
903,10,䆵,10,䆵,w230a0902,䆵,10,7838,䆵
903,11,䁎,11,䁎,w230a0903,䁎,11,7839,䁎
903,12,䆑,12,䆑,w230a0904,䆑,12,7840,䆑
904,1,泓,1,泓,w230a0905,泓,1,7841,泓
904,2,謍,2,謍,w230a0906,謍,2,7842,謍
904,3,宖,3,宖,w230a0907,宖,3,7843,宖
904,4,𨳮〈𩰎〉,4,𨳮〈𩰎〉,w230a0908,𨳮〈𩰎〉,4,7844,𨳮
905,1,輣,1,輣,w230a1001,輣,1,7845,輣
905,2,棚,2,棚,w230a1002,棚,2,7846,棚
905,3,弸,3,弸,w230a1003,弸,3,7847,弸
905,4,㥊,4,㥊,w230a1004,㥊,4,7848,㥊
905,5,庄,5,庄,w230a1005,庄,5,7849,庄
906,1,娙,1,娙,w230a1006,娙,1,7850,娙
906,2,俓,2,俓,w230b0101,俓,2,7851,俓
907,1,爭,1,爭,w230b0102,爭,1,7852,爭
907,2,箏,2,箏,w230b0103,箏,2,7853,箏
907,3,埩,3,埩,w230b0104,埩,3,7854,埩
907,4,綪,4,綪,w230b0105,綪,4,7855,綪
907,5,䋫,5,䋫,w230b0201,䋫,5,7856,䋫
907,6,猙,6,猙,w230b0202,猙,6,7857,猙
907,7,䱢,7,䱢,w230b0203,䱢,7,7858,䱢
908,1,清,1,清,w230b0301,淸,1,7859,清
908,2,圊,2,圊,w230b0302,圊,2,7860,圊
909,1,情,1,情,w230b0303,情,1,7861,情
909,2,晴,2,晴,w230b0401,晴,2,7862,晴
909,3,請,3,請,w230b0402,請,3,7863,請
909,4,夝,4,夝,w230b0403,夝,4,7864,夝
909,5,䝼,5,䝼,w230b0404,䝼,5,7865,䝼
910,1,精,1,精,w230b0501,精,1,7866,精
910,2,氏,2,氏,w230b0502,氏,2,7867,氏
910,3,菁,3,菁,w230b0503,菁,3,7868,菁
910,4,鶄,4,鶄,w230b0504,鶄,4,7869,鶄
910,5,蜻,5,蜻,w230b0505,蜻,5,7870,蜻
910,6,晶,6,晶,w230b0601,晶,6,7871,晶
910,7,鼱,7,鼱,w230b0602,鼱,7,7872,鼱
910,8,婧,8,婧,w230b0603,婧,8,7873,婧
910,9,睛,9,睛,w230b0604,睛,9,7874,睛
910,10,𣻒,10,𣻒,w230b0605,𣻒,10,7875,𣻒
910,11,旌,11,旌,w230b0606,旌,11,7876,旌
910,12,旍,12,旍,w230b0701,旍,12,7877,旍
910,13,箐,13,箐,w230b0702,箐,13,7878,箐
910,14,𩓨,14,𩓨,w230b0703,𩓨,14,7879,𩓨
910,15,聙,15,聙,w230b0704,聙,15,7880,聙
911,1,盈,1,盈,w230b0705,盈,1,7881,盈
911,2,嬴,2,嬴,w230b0801,嬴,2,7882,嬴
911,3,㜲,3,㜲,w230b0802,㜲,3,7883,㜲
911,4,瀛,4,瀛,w230b0803,瀛,4,7884,瀛
911,5,籝,5,籝,w230b0804,籝,5,7885,籝
911,6,楹,6,楹,w230b0901,楹,6,7886,楹
911,7,贏,7,贏,w230b0902,贏,7,7887,贏
911,8,𤟣,8,𤟣,w230b0903,𤟣,8,7888,𤟣
911,9,䕦,9,䕦,w230b0904,䕦,9,7889,䕦
911,10,𨜏,10,𨜏,w230b1001,𨜏,10,7890,𨜏
911,11,𦝚,11,𦝚,w230b1002,𦝚,11,7891,𦝚
911,12,攍,12,攍,w230b1003,攍,12,7892,攍
912,1,營,1,營,w230b1004,營,1,7893,營
912,2,鎣,2,鎣,w231a0101,鎣,2,7894,鎣
912,3,塋,3,塋,w231a0102,塋,3,7895,塋
912,4,䁝,4,䁝,w231a0103,䁝,4,7896,䁝
912,5,濴,5,濴,w231a0201,濴,5,7897,濴
912,6,謍,6,謍,w231a0202,謍,6,7898,謍
913,1,嬰,1,嬰,w231a0203,嬰,1,7899,嬰
913,2,瓔,2,瓔,w231a0301,瓔,2,7900,瓔
913,3,纓,3,纓,w231a0302,纓,3,7901,纓
913,4,攖,4,攖,w231a0303,攖,4,7902,攖
913,5,𨟙,5,𨟙,w231a0304,𨟙,5,7903,𨟙
913,6,賏,6,賏,w231a0305,賏,6,7904,賏
913,7,蘡,7,蘡,w231a0306,蘡,7,7905,蘡
914,1,貞,1,貞,w231a0307,貞,1,7906,貞
914,2,楨,2,楨,w231a0401,楨,2,7907,楨
914,3,禎,3,禎,w231a0402,禎,3,7908,禎
914,4,𨜓,4,𨜓,w231a0403,𨜓,4,7909,𨜓
914,5,湞,5,湞,w231a0404,湞,5,7910,湞
914,6,𨺟,6,𨺟,w231a0405,𨺟,6,7911,𨺟
915,1,檉,1,檉,w231a0501,檉,1,7912,檉
915,2,偵,2,偵,w231a0502,偵,2,7913,偵
915,3,赬,3,赬,w231a0503,赬,3,7914,赬
915,4,䞓,4,䞓,w231a0504,䞓,4,7915,䞓
915,5,䟓,5,䟓,w231a0505,䟓,5,7916,䟓
915,6,竀,6,竀,w231a0506,竀,6,7917,竀
915,7,蟶,7,蟶,w231a0507,蟶,7,7918,蟶
915,8,虰,8,虰,w231a0601,虰,8,7919,虰
916,1,成,1,成,w231a0602,成,1,7920,成
916,2,𢦩,2,𢦩,w231a0901,𢦩,2,7921,𢦩
916,3,城,3,城,w231a0902,城,3,7922,城
916,4,誠,4,誠,w231a1001,誠,4,7923,誠
916,5,宬,5,宬,w231a1002,宬,5,7924,宬
916,6,郕,6,郕,w231a1003,郕,6,7925,郕
916,7,筬,7,筬,w231b0101,筬,7,7926,筬
916,8,盛,8,盛,w231b0102,盛,8,7927,盛
916,9,珹,9,珹,w231b0103,珹,9,7928,珹
916,10,䫆,10,䫆,w231b0104,䫆,10,7929,䫆
917,1,呈,1,呈,w231b0105,呈,1,7930,呈
917,2,程,2,程,w231b0106,程,2,7931,程
917,3,酲,3,酲,w231b0201,酲,3,7932,酲
917,4,𨜓,4,𨜓,w231b0301,𨜓,4,7933,𨜓
917,5,珵,5,珵,w231b0302,珵,5,7934,珵
917,6,䇸,6,䇸,w231b0303,䇸,6,7935,䇸
917,7,裎,7,裎,w231b0304,裎,7,7936,裎
918,1,聲,1,聲,w231b0305,聲,1,7937,聲
919,1,征,1,征,w231b0306,征,1,7938,征
919,2,𨒌,2,𨒌,w231b0401,𨒌,2,7939,𨒌
919,3,鯖,3,鯖,w231b0402,鯖,3,7940,鯖
919,4,𨢹,4,𨢹,w231b0403,𨢹,4,7941,𨢹
919,5,𦙫,5,𦙫,w231b0404,𦙫,5,7942,𦙫
919,6,鉦,6,鉦,w231b0405,鉦,6,7943,鉦
919,7,怔,7,怔,w231b0406,怔,7,7944,怔
919,8,正,8,正,w231b0407,正,8,7945,正
919,9,鴊,9,鴊,w231b0501,鴊,9,7946,鴊
919,10,䋊,10,䋊,w231b0502,䋊,10,7947,䋊
919,11,眐,11,眐,w231b0503,眐,11,7948,眐
919,12,𧘿,12,𧘿,w231b0504,𧘿,12,7949,𧘿
919,13,佂,13,佂,w231b0505,佂,13,7950,佂
920,1,輕,1,輕,w231b0506,輕,1,7951,輕
920,2,𨆪,2,𨆪,w231b0601,𨆪,2,7952,𨆪
920,3,鑋,3,鑋,w231b0602,鑋,3,7953,鑋
921,1,名,1,名,w231b0603,名,1,7954,名
921,2,洺,2,洺,w231b0701,洺,2,7955,洺
922,1,跉,1,跉,w231b0801,跉,1,7956,跉
922,2,令,2,令,w231b0802,令,2,7957,令
923,1,并,1,并,w231b0803,并,1,7958,并
923,2,栟,2,栟,w231b0901,栟,2,7959,栟
923,3,箳,3,箳,w231b0902,箳,3,7960,箳
923,4,屏,4,屏,w231b0903,屏,4,7961,屏
924,1,傾,1,傾,w231b1001,傾,1,7962,傾
924,2,頃,2,頃,w231b1002,頃,2,7963,頃
925,1,𩛿,1,𩛿,w231b1003,𩛿〈餳〉,1,7964,𩛿
926,1,縈,1,縈,w231b1004,縈,1,7965,縈
926,2,褮,2,褮,w232a0101,褮,2,7966,褮
926,3,嫈,3,嫈,w232a0102,嫈,3,7967,嫈
926,4,䪯,4,䪯,w232a0103,䪯,4,7968,䪯
926,5,𢄋,5,𢄋,w232a0104,𢄋,5,7969,𢄋
927,1,瓊,1,瓊,w232a0105,瓊,1,7970,瓊
927,2,璚,2,璚,w232a0106,璚,2,7971,璚
927,3,煢,3,煢,w232a0107,煢,3,7972,煢
927,4,焭,4,焭,w232a0201,焭,4,7973,焭
927,5,睘,5,睘,w232a0202,睘〈瞏〉,5,7974,睘
927,6,惸,6,惸,w232a0203,惸,6,7975,惸
927,7,𢶇,7,𢶇,w232a0204,𢶇,7,7976,𢶇
927,8,藑,8,藑,w232a0205,藑,8,7977,藑
927,9,嬛,9,嬛,w232a0206,嬛,9,7978,嬛
927,10,𡞦,10,𡞦,w232a0207,⿱姁子〈𡞦〉,10,7979,𡞦
927,11,赹,11,赹,w232a0208,赹,11,7980,赹
927,12,憌,12,憌,w232a0301,憌,12,7981,憌
927,13,𢗋,13,𢗋,w232a0302,𢗋,13,7982,𢗋
927,14,𦽓,14,𦽓,w232a0303,𦽓,14,7983,𦽓
927,15,𦾵,15,𦾵,w232a0304,𦾵,15,7984,𦾵
927,16,𨍶,16,𨍶,w232a0305,𨍶,16,7985,𨍶
927,17,㒌,17,㒌,w232a0306,㒌,17,7986,㒌
928,1,騂,1,騂,w232a0307,騂,1,7987,騂
928,2,𤙡,2,𤙡,w232a0308,𤙡,2,7988,𤙡
928,3,垶,3,垶,w232a0401,垶,3,7989,垶
928,4,觪,4,觪,w232a0402,觪,4,7990,觪
929,1,頸,1,頸,w232a0403,頸,1,7991,頸
929,2,𩷏,2,𩷏,w232a0404,𩷏,2,7992,𩷏
929,3,葝,3,葝,w232a0405,葝,3,7993,葝
929,4,𦳲,4,𦳲,w232a0406,𦳲,4,7994,𦳲
930,1,𧵣,1,𧵣,w232a0407,𧵣,1,7995,𧵣
931,1,青,1,青,w232a0601,靑,1,7996,靑
931,2,鶄,2,鶄,w232a0701,鶄,2,7997,鶄
931,3,鯖,3,鯖,w232a0702,鯖,3,7998,鯖
931,4,蜻,4,蜻,w232a0703,蜻,4,7999,蜻
931,5,靘,5,靘,w232a0801,靘,5,8000,靘
932,1,經,1,經,w232a0802,經,1,8001,經
932,2,涇,2,涇,w232a0901,涇,2,8002,涇
932,3,鵛,3,鵛,w232a0902,鵛,3,8003,頸
932,4,巠,4,巠,w232a0903,巠,4,8004,巠
933,1,𠛼〈㓝〉,1,𠛼〈㓝〉,w232a0904,𠛼〈㓝〉,1,8005,㓝
933,2,刑,2,刑,w232a1001,刑,2,8006,刑
933,3,形,3,形,w232a1002,形,3,8007,形
933,4,邢,4,邢,w232a1003,邢,4,8008,邢
933,5,𤬐,5,𤬐,w232b0201,𤬐,5,8009,𤬐
933,6,䣆,6,䣆,w232b0202,䣆,6,8010,䣆
933,7,桯,7,桯,w232b0203,桯,7,8011,桯
933,8,鉶,8,鉶,w232b0204,鉶,8,8012,鉶
933,9,型,9,型,w232b0205,型,9,8013,型
933,10,陘,10,陘,w232b0206,陘,10,8014,陘
933,11,侀,11,侀,w232b0301,侀,11,8015,侀
933,12,硎,12,硎,w232b0302,硎,12,8016,硎
933,13,娙,13,娙,w232b0303,娙,13,8017,娙
933,14,鈃,14,鈃,w232b0304,鈃,14,8018,鈃
933,15,㼛,15,㼛,w232b0305,㼛,15,8019,㼛
933,16,𤭓,16,𤭓,w232b0306,𤭓,16,8020,𤭓
933,17,鋞,17,鋞,w232b0307,鋞,17,8021,鋞
934,1,庭,1,庭,w232b0401,庭,1,8022,庭
934,2,停,2,停,w232b0402,停,2,8023,停
934,3,鼮,3,鼮,w232b0501,鼮,3,8024,鼮
934,4,莛,4,莛,w232b0502,莛,4,8025,莛
934,5,葶,5,葶,w232b0503,葶,5,8026,葶
934,6,筳,6,筳,w232b0504,筳,6,8027,筳
934,7,亭,7,亭,w232b0505,亭,7,8028,亭
934,8,聤,8,聤,w232b0601,聤,8,8029,聤
934,9,霆,9,霆,w232b0602,霆,9,8030,霆
934,10,渟,10,渟,w232b0603,渟,10,8031,渟
934,11,𩹇,11,𩹇,w232b0604,𩹇,11,8032,𩹇
934,12,綎,12,綎,w232b0701,綎,12,8033,綎
934,13,娗,13,娗,w232b0702,娗,13,8034,娗
934,14,㼗,14,㼗,w232b0703,㼗,14,8035,㼗
934,15,𧖧,15,𧖧,w232b0704,⿳丿罒丁〈𧖧〉,15,8036,𧖧
934,16,挺,16,挺,w232b0705,挺,16,8037,挺
934,17,楟,17,楟,w232b0706,楟,17,8038,楟
934,18,蜓,18,蜓,w232b0707,蜓,18,8039,蜓
934,19,廷,19,廷,w232b0708,廷,19,8040,廷
934,20,㹶,20,㹶,w232b0801,㹶,20,8041,㹶
934,21,𧓴,21,𧓴,w232b0802,𧓴,21,8042,𧓴
935,1,丁,1,丁,w232b0901,丁,1,8043,丁
935,2,釘,2,釘,w232b1001,釘,2,8044,釘
935,3,玎,3,玎,w232b1002,玎,3,8045,玎
935,4,䦺,4,䦺,w232b1003,䦺,4,8046,䦺
935,5,靪,5,靪,w232b1004,靪,5,8047,靪
935,6,虰,6,虰,w232b1005,虰,6,8048,虰
935,7,仃,7,仃,w232b1006,仃,7,8049,仃
935,8,叮,8,叮,w232b1007,叮,8,8050,叮
936,1,馨,1,馨,w233a0101,馨,1,8051,馨
936,2,𠷓,2,𠷓,w233a0102,𠷓,2,8052,𠷓
936,3,蛵,3,蛵,w233a0103,蛵,3,8053,蛵
937,1,星,1,星,w233a0104,星,1,8054,星
937,2,曐,2,曐,w233a0201,曐,2,8055,曐
937,3,腥,3,腥,w233a0202,腥,3,8056,腥
937,4,胜,4,胜,w233a0203,胜,4,8057,胜
937,5,鮏,5,鮏,w233a0204,鮏,5,8058,鮏
937,6,鯹,6,鯹,w233a0301,鯹,6,8059,鯹
937,7,𥠀,7,𥠀,w233a0302,𥠀,7,8060,𥠀
937,8,醒,8,醒,w233a0303,醒,8,8061,醒
937,9,鉎,9,鉎,w233a0304,鉎,9,8062,鉎
937,10,篂,10,篂,w233a0305,篂,10,8063,篂
937,11,猩,11,猩,w233a0306,猩,11,8064,猩
937,12,惺,12,惺,w233a0401,惺,12,8065,惺
938,1,竮,1,竮,w233a0402,竮,1,8066,竮
938,2,俜,2,俜,w233a0403,俜,2,8067,俜
938,3,甹,3,甹,w233a0404,甹,3,8068,甹
938,4,𢖊,4,𢖊,w233a0501,𢖊,4,8069,𢖊
938,5,艵,5,艵,w233a0502,艵,5,8070,艵
938,6,頩,6,頩,w233a0503,頩,6,8071,頩
938,7,姘,7,姘,w233a0504,姘,7,8072,姘
938,8,覮,8,覮,w233a0505,覮,8,8073,覮
939,1,靈,1,靈,w233a0506,靈,1,8074,靈
939,2,霛,2,霛,w233a0701,霛,2,8075,霛
939,3,𩆈,3,𩆈,w233a0702,𩆈,3,8076,𩄀
939,4,𩆜,4,𩆜,w233a0703,𩆜,4,8077,𩆜
939,5,舲,5,舲,w233a0704,舲,5,8078,舲
939,6,齡,6,齡,w233a0801,齡,6,8079,齡
939,7,麢,7,麢,w233a0802,麢,7,8080,麢
939,8,𦏰,8,𦏰,w233a0803,𦏰,8,8081,𦏰
939,9,囹,9,囹,w233a0804,囹,9,8082,囹
939,10,鴒,10,鴒,w233a0805,鴒,10,8083,鴒
939,11,䉁,11,䉁,w233a0806,䉁,11,8084,䉁
939,12,蛉,12,蛉,w233a0807,蛉,12,8085,蛉
939,13,鈴,13,鈴,w233a0808,鈴,13,8086,鈴
939,14,霝,14,霝,w233a0809,霝,14,8087,霝
939,15,醽,15,醽,w233a0901,醽,15,8088,醽
939,16,苓,16,苓,w233a0902,苓,16,8089,苓
939,17,櫺,17,櫺,w233a0903,櫺,17,8090,櫺
939,18,柃,18,柃,w233a0904,柃,18,8091,柃
939,19,𩆚,19,𩆚,w233a0905,𩆚,19,8092,𩆚
939,20,伶,20,伶,w233a0906,伶,20,8093,伶
939,21,泠,21,泠,w233a0907,泠,21,8094,泠
939,22,瓴,22,瓴,w233a1001,瓴,22,8095,瓴
939,23,𧕅,23,𧕅,w233a1002,𧕅,23,8096,𧕅
939,24,拎,24,拎,w233a1003,拎,24,8097,拎
939,25,刢,25,刢,w233a1004,刢,25,8098,刢
939,26,𧆺,26,𧆺,w233b0101,𧆺,26,8099,𧆺
939,27,𤣘,27,𤣘,w233b0102,𤣘,27,8100,𤣘
939,28,𤫲,28,𤫲,w233b0103,𤫲,28,8101,𤫲
939,29,玲,29,玲,w233b0104,玲,29,8102,玲
939,30,𦉢,30,𦉢,w233b0105,𦉢,30,8103,𦉢
939,31,𩖊,31,𩖊,w233b0106,𩖊,31,8104,𩖊
939,32,㾉,32,㾉,w233b0107,㾉,32,8105,㾉
939,33,聆,33,聆,w233b0201,聆,33,8106,聆
939,34,竛,34,竛,w233b0202,竛,34,8107,竛
939,35,𠄖,35,𠄖,w233b0203,𠄖,35,8108,𠄖
939,36,蘦,36,蘦,w233b0204,蘦,36,8109,蘦
939,37,軨,37,軨,w233b0205,軨,37,8110,軨
939,38,䡼,38,䡼,w233b0206,䡼,38,8111,䡼
939,39,笭,39,笭,w233b0207,笭,39,8112,笭
939,40,零,40,零,w233b0208,零,40,8113,零
939,41,孁,41,孁,w233b0301,孁,41,8114,孁
939,42,令,42,令,w233b0302,令,42,8115,令
939,43,𪕌,43,𪕌,w233b0401,𪕌,43,8116,𪕌
939,44,灵,44,灵,w233b0402,灵,44,8117,灵
939,45,𩟃,45,𩟃,w233b0403,𩟃,45,8118,𩟃
939,46,𩵀,46,𩵀,w233b0404,𩵀,46,8119,𩵀
939,47,龗,47,龗,w233b0501,龗,47,8120,龗
939,48,翎,48,翎,w233b0502,翎,48,8121,翎
939,49,閝,49,閝,w233b0503,閝,49,8122,閝
939,50,鹷,50,鹷,w233b0504,鹷,50,8123,鹷
939,51,䴇,51,䴇,w233b0505,䴇,51,8124,䴇
939,52,昤,52,昤,w233b0506,昤,52,8125,昤
939,53,駖,53,駖,w233b0601,駖,53,8126,駖
939,54,𧖜,54,𧖜,w233b0602,𧖜,54,8127,𧖜
939,55,𩆮,55,𩆮,w233b0603,𩆮,55,8128,𩆮
939,56,蕶,56,蕶,w233b0604,蕶,56,8129,蕶
939,57,酃,57,酃,w233b0605,酃,57,8130,酃
939,58,詅,58,詅,w233b0606,詅,58,8131,詅
939,59,彾,59,彾,w233b0607,彾,59,8132,彾
939,60,䯍,60,䯍,w233b0701,䯍,60,8133,䯍
939,61,呤,61,呤,w233b0702,呤,61,8134,呤
939,62,跉,62,跉,w233b0703,跉,62,8135,跉
939,63,狑,63,狑,w233b0704,狑,63,8136,狑
939,64,𤣤,64,𤣤,w233b0705,𤣤,64,8137,𤣤
939,65,爧,65,爧,w233b0706,爧,65,8138,爧
939,66,冷,66,冷,w233b0707,冷,66,8139,冷
939,67,怜,67,怜,w233b0801,怜,67,8140,怜
939,68,𠱠,68,𠱠,w233b0802,𠱠,68,8141,𠱠
939,69,𦫊,69,𦫊,w233b0803,𦫊,69,8142,𦫊
939,70,𢺰,70,𢺰,w233b0804,𢺰,70,8143,𢺰
939,71,澪,71,澪,w233b0805,澪,71,8144,澪
939,72,鏻,72,鏻,w233b0806,鏻,72,8145,鏻
939,73,𥤞,73,𥤞,w233b0807,𥤞,73,8146,𥤞
939,74,秢,74,秢,w233b0901,秢,74,8147,秢
939,75,䕘,75,䕘,w233b0902,䕘,75,8148,䕘
939,76,獜,76,獜,w233b0903,獜,76,8149,獜
939,77,岭,77,岭,w233b0904,岭,77,8150,岭
939,78,魿,78,魿,w233b0905,魿,78,8151,魿
939,79,𣬹,79,𣬹,w233b1001,𣬹,79,8152,𣬹
939,80,𩚹,80,𩚹,w233b1002,𩚹,80,8153,𩚹
939,81,紷,81,紷,w233b1003,紷,81,8154,紷
939,82,䉹,82,䉹,w233b1004,䉹,82,8155,䉹
939,83,砱,83,砱,w233b1005,砱,83,8156,砱
939,84,阾,84,阾,w233b1006,阾,84,8157,阾
939,85,羚,85,羚,w233b1007,羚,85,8158,羚
939,86,姈,86,姈,w234a0101,姈,86,8159,姈
939,87,㸳,87,㸳,w234a0102,㸳,87,8160,㸳
940,1,寧,1,寧,w234a0103,寧,1,8161,寧
940,2,寍,2,寍,w234a0104,寍,2,8162,寍
940,3,鸋,3,鸋,w234a0201,鸋,3,8163,鸋
940,4,䆨,4,䆨,w234a0202,䆨,4,8164,䆨
940,5,𣍆,5,𣍆,w234a0203,𣍆,5,8165,𣍆
940,6,𨚶,6,𨚶,w234a0204,𨛲,6,8166,𨛲
940,7,𧕝,7,𧕝,w234a0301,𧕝,7,8167,𧕝
940,8,嚀,8,嚀,w234a0302,嚀,8,8168,嚀
940,9,聹,9,聹,w234a0303,聹,9,8169,聹
941,1,汀,1,汀,w234a0304,汀,1,8170,汀
941,2,訂,2,訂,w234a0305,訂,2,8171,訂
941,3,桯,3,桯,w234a0401,桯,3,8172,桯
941,4,綎,4,綎,w234a0402,綎,4,8173,綎
941,5,聽,5,聽,w234a0403,聽,5,8174,聽
941,6,廳,6,廳,w234a0404,廳,6,8175,廳
941,7,町,7,町,w234a0405,町,7,8176,町
941,8,艼,8,艼,w234a0406,艼,8,8177,艼
941,9,𦉬,9,𦉬,w234a0407,𦉬,9,8178,𦉬
941,10,䩠,10,䩠,w234a0408,䩠,10,8179,䩠
941,11,鞓,11,鞓,w234a0409,鞓,11,8180,鞓
941,12,䋼,12,䋼,w234a0501,䋼,12,8181,䋼
941,13,𦀚,13,𦀚,w234a0502,𦀚,13,8182,𦀚
941,14,庁,14,庁,w234a0503,庁,14,8183,庁
942,1,冥,1,冥,w234a0504,冥,1,8184,冥
942,2,榠,2,榠,w234a0505,榠,2,8185,榠
942,3,銘,3,銘,w234a0601,銘,3,8186,銘
942,4,鄍,4,鄍,w234a0602,鄍,4,8187,鄍
942,5,溟,5,溟,w234a0603,溟,5,8188,溟
942,6,䫤,6,䫤,w234a0604,䫤,6,8189,䫤
942,7,螟,7,螟,w234a0605,螟,7,8190,螟
942,8,𧱴,8,𧱴,w234a0701,𧱴,8,8191,𧱴
942,9,猽,9,猽,w234a0702,猽,9,8192,猽
942,10,蓂,10,蓂,w234a0703,蓂,10,8193,蓂
942,11,瞑,11,瞑,w234a0704,瞑,11,8194,瞑
942,12,𥹆,12,𥹆,w234a0705,𥹆,12,8195,𥹆
942,13,嫇,13,嫇,w234a0801,嫇,13,8196,嫇
942,14,覭,14,覭,w234a0802,覭,14,8197,覭
942,15,暝,15,暝,w234a0803,暝,15,8198,暝
943,1,瓶,1,瓶,w234a0804,瓶,1,8199,瓶
943,2,缾,2,缾,w234a0901,缾,2,8200,缾
943,3,蛢,3,蛢,w234a0902,蛢,3,8201,蛢
943,4,䶄,4,䶄,w234a0903,䶄,4,8202,䶄
943,5,屏,5,屏,w234a0904,屏,5,8203,屏
943,6,荓,6,荓,w234a1001,荓,6,8204,荓
943,7,䈂,7,䈂,w234a1002,䈂,7,8205,䈂
943,8,軿,8,軿,w234a1003,軿,8,8206,軿
943,9,萍,9,萍,w234a1004,萍,9,8207,萍
943,10,蓱,10,蓱,w234a1005,蓱,10,8208,蓱
943,11,竮,11,竮,w234a1006,竮,11,8209,竮
943,12,郱,12,郱,w234b0101,郱,12,8210,郱
943,13,𤲒〈𤳊〉,13,𤲒〈𤳊〉,w234b0102,𤲒〈𤳊〉,13,8211,畊
943,14,洴,14,洴,w234b0103,洴,14,8212,洴
943,15,箳,15,箳,w234b0104,箳,15,8213,箳
944,1,熒,1,熒,w234b0105,熒,1,8214,熒
944,2,褮,2,褮,w234b0201,褮,2,8215,褮
944,3,螢,3,螢,w234b0202,螢,3,8216,螢
944,4,滎,4,滎,w234b0203,滎,4,8217,滎
944,5,䁝,5,䁝,w234b0301,䁝,5,8218,䁝
944,6,𧵣,6,𧵣,w234b0302,𧵣,6,8219,𧵣
945,1,扃,1,扃,w234b0303,扃,1,8220,扃
945,2,駉,2,駉,w234b0304,駉,2,8221,駉
945,3,駫,3,駫,w234b0305,駫,3,8222,駫
945,4,坰,4,坰,w234b0401,坰,4,8223,坰
945,5,冋,5,冋,w234b0402,冋,5,8224,冋
945,6,𪕍,6,𪕍,w234b0403,𪕍,6,8225,𪕍
945,7,絅,7,絅,w234b0404,絅,7,8226,絅
945,8,𣕄,8,𣕄,w234b0405,𣕄,8,8227,𣕄
946,1,蒸,1,蒸,w234b0501,蒸,1,8228,蒸
946,2,䒱,2,䒱,w234b0502,䒱,2,8229,䒱
946,3,烝,3,烝,w234b0503,烝,3,8230,烝
946,4,𦚦,4,𦚦,w234b0601,𦚦,4,8231,𦚦
946,5,䕄,5,䕄,w234b0602,䕄,5,8232,䕄
946,6,篜,6,篜,w234b0603,篜,6,8233,篜
946,7,脀,7,脀,w234b0604,𪱝〈脀〉,7,8234,脀
947,1,承,1,承,w234b0605,承,1,8235,承
947,2,丞,2,丞,w234b0606,丞,2,8236,丞
947,3,𨋬,3,𨋬,w234b0701,𫏵〈𨋬〉,3,8237,𨋬
948,1,澂,1,澂,w234b0702,澂,1,8238,澂
948,2,澄,2,澄,w234b0801,澄,2,8239,澄
948,3,瞪,3,瞪,w234b0802,瞪,3,8240,瞪
948,4,憕,4,憕,w234b0803,憕,4,8241,憕
948,5,懲,5,懲,w234b0804,懲,5,8242,懲
949,1,陵,1,陵,w234b0805,陵,1,8243,陵
949,2,淩,2,淩,w234b1001,淩,2,8244,淩
949,3,夌,3,夌,w234b1002,夌,3,8245,夌
949,4,綾,4,綾,w234b1003,綾,4,8246,綾
949,5,凌,5,凌,w234b1004,凌,5,8247,凌
949,6,𠗲,6,𠗲,w235a0101,𠗲,6,8248,𠗲
949,7,蔆,7,蔆,w235a0102,蔆,7,8249,蔆
949,8,菱,8,菱,w235a0103,菱,8,8250,菱
949,9,䔖,9,䔖,w235a0104,䔖,9,8251,䔖
949,10,㥄,10,㥄,w235a0105,㥄,10,8252,㥄
949,11,鯪,11,鯪,w235a0106,鯪,11,8253,鯪
949,12,崚,12,崚,w235a0107,崚,12,8254,崚
949,13,㱥,13,㱥,w235a0201,㱥,13,8255,㱥
949,14,𡕮,14,𡕮,w235a0202,𡕮,14,8256,𡕮
949,15,𩜁,15,𩜁,w235a0203,𩜁,15,8257,𩜁
949,16,掕,16,掕,w235a0204,掕,16,8258,掕
949,17,祾,17,祾,w235a0205,祾,17,8259,祾
949,18,𣣋,18,𣣋,w235a0206,𣣋,18,8260,𣣋
950,1,膺,1,膺,w235a0301,膺,1,8261,膺
950,2,應,2,應,w235a0302,應,2,8262,應
950,3,𧕄,3,𧕄,w235a0401,𧕄,3,8263,𧕄
950,4,鷹,4,鷹,w235a0402,鷹,4,8264,鷹
951,1,凭,1,凭,w235a0403,凭,1,8265,凭
951,2,馮,2,馮,w235a0501,馮,2,8266,馮
951,3,憑,3,憑,w235a0502,憑,3,8267,憑
951,4,淜,4,淜,w235a0503,淜,4,8268,淜
951,5,㵗,5,㵗,w235a0504,㵗,5,8269,㵗
952,1,冫,1,冫,w235a0601,冫,1,8270,冫
952,2,冰,2,冰,w235a0602,冰,2,8271,冰
952,3,掤,3,掤,w235a0603,掤,3,8272,掤
953,1,蠅,1,蠅,w235a0604,蠅,1,8273,蠅
954,1,繩,1,繩,w235a0701,繩,1,8274,繩
954,2,譝,2,譝,w235a0702,譝,2,8275,譝
954,3,憴,3,憴,w235a0703,憴,3,8276,憴
954,4,鱦,4,鱦,w235a0704,鱦,4,8277,鱦
954,5,乘,5,乘,w235a0705,乗,5,8278,乗
954,6,椉,6,椉,w235a0801,椉,6,8279,椉
954,7,𠅞,7,𠅞,w235a0802,𠅞,7,8280,𠅞
954,8,澠,8,澠,w235a0803,澠,8,8281,澠
954,9,溗,9,溗,w235a0804,溗,9,8282,溗
954,10,塍,10,塍,w235a0901,塍,10,8283,塍
954,11,塖,11,塖,w235a0902,塖,11,8284,塖
954,12,騬,12,騬,w235a0903,騬,12,8285,騬
955,1,升,1,升,w235a0904,𦫵,1,8286,升
955,2,昇,2,昇,w235a0905,昇,2,8287,昇
955,3,陞,3,陞,w235a1001,陞,3,8288,陞
955,4,勝,4,勝,w235a1002,勝,4,8289,勝
955,5,抍,5,抍,w235b0101,抍,5,8290,抍
956,1,仍,1,仍,w235b0102,仍,1,8291,仍
956,2,艿,2,艿,w235b0103,艿,2,8292,艿
956,3,䚮,3,䚮,w235b0201,䚮,3,8293,䚮
956,4,辸,4,辸,w235b0202,辸,4,8294,辸
956,5,礽,5,礽,w235b0203,礽,5,8295,礽
956,6,扔,6,扔,w235b0204,扔,6,8296,扔
956,7,㭁,7,㭁,w235b0205,㭁,7,8297,㭁
957,1,兢,1,兢,w235b0206,兢,1,8298,兢
957,2,矜,2,矜,w235b0207,矜,2,8299,矜
958,1,徵,1,徵,w235b0301,徵,1,8300,徵
958,2,𨟃,2,𨟃,w235b0302,𨟃,2,8301,𨟃
958,3,癥,3,癥,w235b0303,癥,3,8302,癥
958,4,𣃘,4,𣃘,w235b0401,𣃘,4,8303,𣃘
959,1,繒,1,繒,w235b0402,繒,1,8304,繒
959,2,鄫,2,鄫,w235b0403,鄫,2,8305,鄫
959,3,驓,3,驓,w235b0404,驓,3,8306,驓
959,4,橧,4,橧,w235b0501,橧,4,8307,橧
959,5,竲,5,竲,w235b0502,竲,5,8308,竲
959,6,嶒,6,嶒,w235b0503,嶒,6,8309,嶒
960,1,凝,1,凝,w235b0504,凝,1,8310,凝
961,1,興,1,興,w235b0505,興,1,8311,興
961,1a1,［嬹］,,,w235b0505a,［嬹］,2,8312,嬹
961,2,𨞾,2,𨞾,w235b0601,𨞾,3,8313,𨞾
962,1,稱,1,稱,w235b0602,稱,1,8314,稱
962,2,爯,2,爯,w235b0701,爯,2,8315,爯
962,3,偁,3,偁,w235b0702,偁,3,8316,偁
963,1,殑,1,殑,w235b0703,殑,1,8317,殑
963,2,䔷,2,䔷,w235b0801,䔷,2,8318,䔷
964,1,㱡,1,㱡,w235b0802,㱡,1,8319,㱡
965,1,硱,1,硱,w235b0803,硱,1,8320,硱
966,1,僜,1,僜,w235b0804,僜,1,8321,僜
966,2,庱,2,庱,w235b0901,庱,2,8322,庱
966,3,睖,3,睖,w235b0902,睖,3,8323,睖
967,1,磳,1,磳,w235b0903,磳,1,8324,磳
968,1,砅〈砯〉,1,砅〈砯〉,w235b0904,砅〈砯〉,1,8325,砯
969,1,登,1,登,w235b1001,登,1,8326,登
969,2,璒,2,璒,w236a0101,璒,2,8327,璒
969,3,燈,3,燈,w236a0102,燈,3,8328,燈
969,4,簦,4,簦,w236a0103,簦,4,8329,簦
969,5,㲪,5,㲪,w236a0104,㲪,5,8330,㲪
969,6,䔲,6,䔲,w236a0105,䔲,6,8331,䔲
969,7,㽅,7,㽅,w236a0106,㽅,7,8332,㽅
969,8,䳾,8,䳾,w236a0107,䳾,8,8333,䳾
970,1,楞,1,楞,w236a0201,楞,1,8334,楞
970,2,棱,2,棱,w236a0202,棱,2,8335,棱
970,3,稜,3,稜,w236a0203,稜,3,8336,稜
970,4,輘,4,輘,w236a0204,輘,4,8337,輘
970,5,倰,5,倰,w236a0205,倰,5,8338,倰
970,6,祾,6,祾,w236a0206,祾,6,8339,祾
971,1,僧,1,僧,w236a0207,僧,1,8340,僧
971,2,鬙,2,鬙,w236a0301,鬙,2,8341,鬙
971,3,䒏,3,䒏,w236a0302,䒏,3,8342,䒏
972,1,崩,1,崩,w236a0303,崩,1,8343,崩
973,1,增,1,增,w236a0304,增,1,8344,增
973,2,憎,2,憎,w236a0401,憎,2,8345,憎
973,3,磳,3,磳,w236a0402,磳,3,8346,磳
973,4,曾,4,曾,w236a0403,曽,4,8347,曾
973,5,矰,5,矰,w236a0404,矰,5,8348,矰
973,6,罾,6,罾,w236a0405,罾,6,8349,罾
973,7,熷,7,熷,w236a0501,熷,7,8350,熷
973,8,䎖,8,䎖,w236a0502,䎖,8,8351,䎖
973,9,竲,9,竲,w236a0503,竲,9,8352,竲
973,10,橧,10,橧,w236a0504,橧,10,8353,橧
973,11,譄,11,譄,w236a0505,譄,11,8354,譄
973,12,𦼏,12,𦼏,w236a0506,𦼏,12,8355,𦼏
974,1,瞢,1,瞢,w236a0507,瞢,1,8356,瞢
974,2,蕄,2,蕄,w236a0601,蕄,2,8357,蕄
974,3,䒐,3,䒐,w236a0602,䒐,3,8358,䒐
974,4,𦱟,3.5,𦱟,w236a0603,𦱟,4,8359,𦱟
975,1,層,1,層,w236a0604,層,1,8360,層
975,2,曾,2,曾,w236a0605,曾,2,8361,曾
975,3,䁬,3,䁬,w236a0701,䁬,3,8362,䁬
976,1,朋,1,朋,w236a0702,朋,1,8363,朋
976,2,堋,2,堋,w236a0703,堋,2,8364,堋
976,3,鵬,3,鵬,w236a0704,鵬,3,8365,鵬
976,4,棚,4,棚,w236a0801,棚,4,8366,棚
976,5,倗,5,倗,w236a0802,倗,5,8367,倗
976,6,鬅,6,鬅,w236a0803,鬅,6,8368,鬅
977,1,弘,1,弘,w236a0804,𢎞,1,8369,弘
977,2,鞃,2,鞃,w236a0901,鞃,2,8370,鞃
977,3,苰,3,苰,w236a0902,苰,3,8371,苰
978,1,肱,1,肱,w236a0903,肱,1,8372,肱
978,2,𩉦,2,𩉦,w236a0904,𩉦,2,8373,𩉦
979,1,薨,1,薨,w236a0905,薨,1,8374,薨
979,2,𠐿,2,𠐿,w236a0906,𠐿,2,8375,𠐿
979,3,𩖎,3,𩖎,w236a1001,𩖎,3,8376,𩖉
979,4,𩙛,4,𩙛,w236a1002,𩙛,4,8377,𩙛
979,5,𤃫,5,𤃫,w236a1003,𤃫,5,8378,𤃫
980,1,能,1,能,w236a1004,能,1,8379,能
981,1,騰,1,騰,w236a1005,騰,1,8380,騰
981,2,滕,2,滕,w236b0101,滕,2,8381,滕
981,3,縢,3,縢,w236b0102,縢,3,8382,縢
981,4,幐,4,幐,w236b0103,幐,4,8383,幐
981,5,螣,5,螣,w236b0104,螣,5,8384,螣
981,6,藤,6,藤,w236b0201,藤,6,8385,藤
981,7,謄,7,謄,w236b0202,謄,7,8386,謄
981,8,𧈜,8,𧈜,w236b0203,𧈜,8,8387,𧈜
981,9,儯,9,儯,w236b0204,儯,9,8388,儯
981,10,𤻴,10,𤻴,w236b0205,𤻴,10,8389,𤻴
981,11,鰧,11,鰧,w236b0206,鰧,11,8390,鰧
981,12,𥉋,12,𥉋,w236b0207,𥉋〈膡〉,12,8391,𥉋
982,1,恆,1,恆,w236b0301,𢘆,1,8392,恒
982,2,𢛢,2,𢛢,w236b0401,𢛢,2,8393,𢛢
982,3,峘,3,峘,w236b0402,峘,3,8394,峘
983,1,揯,1,揯,w236b0403,搄,1,8395,搄
983,2,緪,2,緪,w236b0404,縆,2,8396,縆
983,3,絙,3,絙,w236b0405,絙,3,8397,絙
984,1,鼟,1,鼟,w236b0501,鼟,1,8398,鼟
984,2,膯,2,膯,w236b0502,膯,2,8399,膯
984,3,𤃶,3,𤃶,w236b0503,𤃶,3,8400,𤃶
984,4,𧰥,4,𧰥,w236b0504,𧰥,4,8401,𧰥
985,1,漰,1,漰,w236b0505,漰,1,8402,漰
985,2,堋,2,堋,w236b0506,堋,2,8403,堋
986,1,尤,1,尤,w236b0601,尤,1,8404,尤
986,2,𣏞,2,𣏞,w236b0602,𣏞,2,8405,𣏞
986,3,腄,3,腄,w236b0603,腄,3,8406,腄
986,4,疣,4,疣,w236b0604,疣,4,8407,疣
986,5,肬,5,肬,w236b0701,肬,5,8408,肬
986,6,𪐤,6,𪐤,w236b0702,𪐤,6,8409,𪐤
986,7,沋,7,沋,w236b0703,沋,7,8410,沋
986,8,郵,8,郵,w236b0704,郵,8,8411,郵
986,9,訧,9,訧,w236b0801,訧,9,8412,訧
987,1,憂,1,憂,w236b0802,憂,1,8413,憂
987,2,優,2,優,w236b0803,優,2,8414,優
987,3,瀀,3,瀀,w236b0901,瀀,3,8415,瀀
987,4,𢖒,4,𢖒,w236b0902,𢖒,4,8416,𢕶
987,5,麀,5,麀,w236b0903,麀,5,8417,麀
987,6,𪋎,6,𪋎,w236b0904,𪋎,6,8418,𪋎
987,7,櫌,7,櫌,w236b0905,櫌,7,8419,櫌
987,8,鄾,8,鄾,w236b0906,鄾,8,8420,鄾
987,9,𢆶,9,𢆶,w236b0907,𢆶,9,8421,𢆶
987,10,怮,10,怮,w236b1001,怮,10,8422,怮
987,11,嚘,11,嚘,w236b1002,嚘,11,8423,嚘
987,12,耰,12,耰,w236b1003,耰,12,8424,耰
987,13,獶,13,獶,w236b1004,獶,13,8425,獶
987,14,𧀥,14,𧀥,w236b1005,𧀥,14,8426,𧀥
987,15,纋,15,纋,w236b1006,纋,15,8427,纋
987,16,㱊,16,㱊,w236b1007,㱊,16,8428,㱊
987,17,妋,17,妋,w236b1008,妋,17,8429,妋
988,1,劉,1,劉,w237a0101,劉,1,8430,劉
988,2,留,2,留,w237a0301,留,2,8431,留
988,3,蒥,3,蒥,w237a0401,蒥,3,8432,蒥
988,4,勠,4,勠,w237a0402,勠,4,8433,勠
988,5,摎,5,摎,w237a0403,摎,5,8434,摎
988,6,鶹,6,鶹,w237a0501,鶹,6,8435,鶹
988,7,騮,7,騮,w237a0502,騮,7,8436,騮
988,8,駠,8,駠,w237a0503,〾駵〈駵〉,8,8437,駵
988,9,疁,9,疁,w237a0504,疁,9,8438,疁
988,10,𥹷,10,𥹷,w237a0505,𥹷,10,8439,𥹷
988,11,流,11,流,w237a0506,流,11,8440,流
988,12,㳅,12,㳅,w237a0601,㳅,12,8441,㳅
988,13,飂,13,飂,w237a0602,飂,13,8442,飂
988,14,飀,14,飀,w237a0603,飀,14,8443,飀
988,15,瘤,15,瘤,w237a0604,瘤,15,8444,瘤
988,16,榴,16,榴,w237a0605,榴,16,8445,榴
988,17,瑬,17,瑬,w237a0701,瑬,17,8446,瑬
988,18,旒,18,旒,w237a0702,旒,18,8447,旒
988,19,瑠,19,瑠,w237a0801,瑠,19,8448,瑠
988,20,𪕋,20,𪕋,w237a0802,〾𪕚〈𪕚〉,20,8449,𪕚
988,21,𤠑,21,𤠑,w237a0803,𤠑,21,8450,𤠑
988,22,䉧,22,䉧,w237a0804,䉧,22,8451,䉧
988,23,𥰣,23,𥰣,w237a0805,𥰣,23,8452,𥰣
988,24,瀏,24,瀏,w237a0901,瀏,24,8453,瀏
988,25,䬟,25,䬟,w237a0902,䬟,25,8454,䬟
988,26,䱖,26,䱖,w237a0903,〾䱖〈䱖〉,26,8455,䱖
988,27,鰡,27,鰡,w237a0904,鰡,27,8456,鰡
988,28,嵧,28,嵧,w237a0905,嵧,28,8457,嵧
988,29,𣠚,29,𣠚,w237a0906,𣠚,29,8458,𣠚
988,30,鎦,30,鎦,w237a1001,鎦,30,8459,鎦
988,31,𦃓,31,𦃓,w237a1002,𦃓,31,8460,𦃓
988,32,𢷶,32,𢷶,w237a1003,𢷶,32,8461,𢷶
988,33,𨶪〈䰘〉,33,𨶪〈䰘〉,w237a1004,𨶪〈䰘〉,33,8462,𨶪
988,34,懰,34,懰,w237a1005,懰,34,8463,懰
988,35,餾,35,餾,w237a1006,餾,35,8464,餾
988,36,䖻,36,䖻,w237a1007,䖻,36,8465,䖻
988,37,裗,37,裗,w237a1008,裗,37,8466,裗
988,38,𪆱,38,𪆱,w237b0101,𪆱,38,8467,𪆱
988,39,𪎣,39,𪎣,w237b0102,𪎣,39,8468,𪎣
988,40,硫,40,硫,w237b0103,硫,40,8469,硫
988,41,遛,41,遛,w237b0104,遛,41,8470,遛
988,42,䚧,42,䚧,w237b0105,䚧,42,8471,䚧
988,43,憀,43,憀,w237b0201,憀,43,8472,憀
988,44,鏐,44,鏐,w237b0202,鏐,44,8473,鏐
989,1,秋,1,秋,w237b0203,秋,1,8474,秋
989,2,秌,2,秌,w237b0204,秌,2,8475,秌
989,3,鞧,3,鞧,w237b0301,鞧,3,8476,鞧
989,4,緧,4,緧,w237b0302,緧,4,8477,緧
989,5,𦃈,5,𦃈,w237b0303,𦃈,5,8478,𦃈
989,6,鞦,6,鞦,w237b0304,鞦,6,8479,鞦
989,7,湫,7,湫,w237b0401,湫,7,8480,湫
989,8,鶖,8,鶖,w237b0402,鶖,8,8481,鶖
989,9,鰍,9,鰍,w237b0403,鰍,9,8482,鰍
989,10,楸,10,楸,w237b0404,楸,10,8483,楸
989,11,萩,11,萩,w237b0405,萩,11,8484,萩
989,12,𪓰,12,𪓰,w237b0406,𪓰,12,8485,𪓰
989,13,䵸,13,䵸,w237b0501,䵸,13,8486,䵸
989,14,蟗,14,蟗,w237b0502,蟗,14,8487,蟗
989,15,䨂,15,䨂,w237b0503,䨂,15,8488,䨂
989,16,篍,16,篍,w237b0504,篍,16,8489,篍
989,17,趥,17,趥,w237b0505,趥,17,8490,趥
990,1,猷,1,猷,w237b0601,猷,1,8491,猷
990,2,猶,2,猶,w237b0602,猶,2,8492,猶
990,3,悠,3,悠,w237b0603,悠,3,8493,悠
990,4,油,4,油,w237b0701,油,4,8494,油
990,5,由,5,由,w237b0702,由,5,8495,由
990,6,攸,6,攸,w237b0703,攸,6,8496,攸
990,7,蕕,7,蕕,w237b0704,蕕,7,8497,蕕
990,8,浟,8,浟,w237b0705,浟,8,8498,浟
990,9,𠧴,9,𠧴,w237b0801,𠧴,9,8499,𠧷
990,10,𢋅,10,𢋅,w237b0802,𢋅,10,8500,𢋅
990,11,冘,11,冘,w237b0803,冘,11,8501,冘
990,12,𨙂,12,𨙂,w237b0804,𨙂,12,8502,邎
990,13,輶,13,輶,w237b0805,輶,13,8503,輶
990,14,蘨,14,蘨,w237b0806,蘨,14,8504,蘨
990,15,秞,15,秞,w237b0901,秞,15,8505,秞
990,16,蚰,16,蚰,w237b0902,蚰,16,8506,蚰
990,17,蝣,17,蝣,w237b0903,蝣,17,8507,蝣
990,18,櫾,18,櫾,w237b0904,櫾,18,8508,櫾
990,19,楢,19,楢,w237b0905,楢,19,8509,楢
990,20,𦳷,20,𦳷,w237b0906,𦳷,20,8510,𦳷
990,21,斿,21,斿,w237b0907,斿,21,8511,斿
990,22,游,22,游,w237b1001,游,22,8512,游
990,23,遊,23,遊,w237b1002,遊,23,8513,遊
990,24,𨒰,24,𨒰,w237b1003,𨒰,24,8514,𨒰
990,25,卣,25,卣,w237b1004,卣,25,8515,卣
990,26,䚻,26,䚻,w238a0101,䚻,26,8516,䚻
990,27,鮋,27,鮋,w238a0102,鮋,27,8517,鮋
990,28,鯈,28,鯈,w238a0103,䱔,28,8518,䱔
990,29,抌,29,抌,w238a0104,抌,29,8519,抌
990,30,揄,30,揄,w238a0105,揄,30,8520,揄
990,31,舀,31,舀,w238a0106,𦥝,31,8521,舀
990,32,偤,32,偤,w238a0107,偤,32,8522,偤
990,33,䍃,33,䍃,w238a0108,䍃,33,8523,䍃
990,34,𤪎,34,𤪎,w238a0201,𤪎,34,8524,𤪎
990,35,邮,35,邮,w238a0202,邮,35,8525,邮
990,36,繇,36,繇,w238a0203,繇,36,8526,繇
990,37,㳛,37,㳛,w238a0204,㳛,37,8527,㳛
990,38,㾞,38,㾞,w238a0205,㾞,38,8528,㾞
990,39,囮,39,囮,w238a0206,囮,39,8529,囮
990,40,㘥,40,㘥,w238a0207,㘥,40,8530,㘥
990,41,庮,41,庮,w238a0208,庮,41,8531,庮
990,42,甹〈㕀〉,42,甹〈㕀〉,w238a0301,⿱𦥔丂〈㕀〉,42,8532,甹
990,43,𣔴,43,𣔴,w238a0302,𣔴,43,8533,𣔴
990,44,𧡹,44,𧡹,w238a0303,𧡹,44,8534,𧡹
990,45,𦵵,45,𦵵,w238a0401,𦵵,45,8535,𦵵
991,1,牛,1,牛,w238a0402,牛,1,8536,牛
992,1,遒,1,遒,w238a0501,遒,1,8537,遒
992,2,鮂,2,鮂,w238a0601,鮂,2,8538,鮂
992,3,䎿,3,䎿,w238a0602,䎿,3,8539,䎿
992,4,蝤,4,蝤,w238a0603,蝤,4,8540,蝤
992,5,啾,5,啾,w238a0604,啾,5,8541,啾
992,6,逎,6,逎,w238a0701,逎,6,8542,逎
992,7,𩭓,7,𩭓,w238a0702,𩭓,7,8543,𩭓
992,8,揂,8,揂,w238a0703,揂,8,8544,揂
992,9,揫,9,揫,w238a0704,揫,9,8545,揫
992,10,湫,10,湫,w238a0705,湫,10,8546,湫
992,11,𣟼,11,𣟼,w238a0706,𣟼,11,8547,𣟼
993,1,酋,1,酋,w238a0707,酋,1,8548,酋
993,2,㥢,2,㥢,w238a0801,㥢,2,8549,㥢
993,3,遒,3,遒,w238a0802,遒,3,8550,遒
993,4,䎿,4,䎿,w238a0803,䎿,4,8551,䎿
993,5,崷,5,崷,w238a0804,崷,5,8552,崷
993,6,鰌,6,鰌,w238a0805,鰌,6,8553,鰌
993,7,蝤,7,蝤,w238a0901,蝤,7,8554,蝤
993,8,煪,8,煪,w238a0902,煪,8,8555,煪
993,9,𧤕,9,𧤕,w238a0903,𧤕,9,8556,𧤕
993,10,𦵩,10,𦵩,w238a0904,𦵩,10,8557,𦵩
994,1,脩,1,脩,w238a0905,脩,1,8558,脩
994,2,修,2,修,w238a1001,修,2,8559,修
994,3,羞,3,羞,w238a1002,羞,3,8560,羞
994,4,𩛢,4,𩛢,w238a1003,𩛢,4,8561,𩛢
994,5,𩝧,5,𩝧,w238a1004,𩝧,5,8562,𩝧
994,6,䡭,6,䡭,w238a1005,䡭,6,8563,䡭
994,7,樇,7,樇,w238a1006,樇,7,8564,樇
995,1,抽,1,抽,w238b0101,抽,1,8565,抽
995,2,𢭆,2,𢭆,w238b0102,𢭆,2,8566,𢭆
995,3,㨨,3,㨨,w238b0103,㨨,3,8567,㨨
995,4,婤,4,婤,w238b0104,婤,4,8568,婤
995,5,𥈌,5,𥈌,w238b0105,𥈌,5,8569,𥈌
995,6,惆,6,惆,w238b0106,惆,6,8570,惆
995,7,瘳,7,瘳,w238b0107,瘳,7,8571,瘳
995,8,妯,8,妯,w238b0201,妯,8,8572,妯
996,1,恘〈𠁫〉,1,恘〈𠁫〉,w238b0202,恘〈𠁫〉,1,8573,恘
996,2,惆,2,惆,w238b0203,⿰丩周,2,8574,𰀧
996,3,𣪘,3,𣪘,w238b0204,㲃,3,8575,㲃
997,1,犫,1,犫,w238b0205,犫,1,8576,犫
997,2,犨,2,犨,w238b0301,犨,2,8577,犨
998,1,周,1,周,w238b0302,周,1,8578,周
998,2,州,2,州,w238b0601,州,2,8579,州
998,3,𥺝,3,𥺝,w238b0602,𥺝,3,8580,𥺝
998,4,輖,4,輖,w238b0603,輖,4,8581,輖
998,5,洲,5,洲,w238b0604,洲,5,8582,洲
998,6,賙,6,賙,w238b0701,賙,6,8583,賙
998,7,喌,7,喌,w238b0702,喌,7,8584,喌
998,8,舟,8,舟,w238b0703,舟,8,8585,舟
998,9,郮,9,郮,w238b0801,郮,9,8586,郮
998,10,婤,10,婤,w238b0802,婤,10,8587,婤
999,1,讎,1,讎,w238b0803,讎,1,8588,讎
999,2,𣫐,2,𣫐,w238b0804,𣫐,2,8589,𣫐
999,3,𣀓,3,𣀓,w238b0805,𣀘,3,8590,𣀓
999,4,鮋,4,鮋,w238b0901,鮋,4,8591,鮋
999,5,酬,5,酬,w238b0902,酬,5,8592,酬
999,6,醻,6,醻,w238b0903,醻,6,8593,醻
999,7,詶,7,詶,w238b0904,詶,7,8594,詶
999,8,雔,8,雔,w238b0905,雔,8,8595,雔
999,9,魗,9,魗,w238b1001,魗,9,8596,魗
999,10,𨞪,10,𨞪,w238b1002,𨞪,10,8597,𨞪
1000,1,柔,1,柔,w238b1003,柔,1,8598,柔
1000,2,鍒,2,鍒,w239a0101,鍒,2,8599,鍒
1000,3,㽥,3,㽥,w239a0102,㽥,3,8600,㽥
1000,4,騥,4,騥,w239a0103,騥,4,8601,騥
1000,5,蝚,5,蝚,w239a0104,蝚,5,8602,蝚
1000,6,蹂,6,蹂,w239a0105,蹂,6,8603,蹂
1000,7,葇,7,葇,w239a0106,葇,7,8604,葇
1000,8,鞣,8,鞣,w239a0201,鞣,8,8605,鞣
1000,9,鰇,9,鰇,w239a0202,鰇,9,8606,鰇
1000,10,瑈,10,瑈,w239a0203,瑈,10,8607,瑈
1000,11,腬,11,腬,w239a0204,腬,11,8608,腬
1000,12,鶔,12,鶔,w239a0205,鶔,12,8609,鶔
1000,13,揉,13,揉,w239a0206,揉,13,8610,揉
1000,14,䰆,14,䰆,w239a0207,䰆,14,8611,䰆
1000,15,𨛶,15,𨛶,w239a0301,𨛶,15,8612,𨛶
1000,16,䐓,16,䐓,w239a0302,䐓,16,8613,䐓
1001,1,收,1,收,w239a0303,收,1,8614,收
1002,1,丘,1,丘,w239a0304,丘,1,8615,丘
1002,2,丠,2,丠,w239b0201,丠,2,8616,丠
1002,3,蓲,3,蓲,w239b0202,蓲,3,8617,蓲
1002,4,蚯,4,蚯,w239b0203,蚯,4,8618,蚯
1002,5,邱,5,邱,w239b0301,邱,5,8619,邱
1002,6,訄,6,訄,w239b0302,訄,6,8620,訄
1003,1,䬌,1,䬌,w239b0303,䬌,1,8621,䬌
1003,2,秠,2,秠,w239b0304,秠,2,8622,秠
1003,3,𡫺,3,𡫺,w239b0305,𡫺,3,8623,𡫺
1003,4,衃,4,衃,w239b0306,衃,4,8624,衃
1003,5,肧,5,肧,w239b0307,肧,5,8625,肧
1003,6,紑,6,紑,w239b0401,紑,6,8626,紑
1003,7,醅,7,醅,w239b0402,醅,7,8627,醅
1004,1,鳩,1,鳩,w239b0403,鳩,1,8628,鳩
1004,2,𦫶,2,𦫶,w239b0404,𦫶,2,8629,𦫶
1004,3,𠠳,3,𠠳,w239b0405,𠠳,3,8630,𠠳
1004,4,朻,4,朻,w239b0406,朻,4,8631,朻
1004,5,䡂,5,䡂,w239b0501,䡂,5,8632,䡂
1004,6,㽱,6,㽱,w239b0502,㽱,6,8633,㽱
1004,7,𨷺〈鬮〉,7,𨷺〈鬮〉,w239b0503,𨷺〈鬮〉,7,8634,𨷺
1004,8,丩,8,丩,w239b0504,丩,8,8635,丩
1004,9,龜,9,龜,w239b0505,龜,9,8636,龜
1004,10,勼,10,勼,w239b0506,勼,10,8637,勼
1005,1,不,1,不,w239b0507,不,1,8638,不
1005,2,哹,2,哹,w239b0601,哹,2,8639,哹
1005,3,紑,3,紑,w239b0602,紑,3,8640,紑
1005,4,䍍,4,䍍,w239b0701,䍍,4,8641,䍍
1005,5,鴀,5,鴀,w239b0702,鴀,5,8642,鴀
1006,1,𢯱,1,𢯱,w239b0703,𢯱,1,8643,𢯱
1006,2,搜,2,搜,w239b0704,搜,2,8644,捜
1006,3,餿,3,餿,w239b0705,𩜯,3,8645,𩜯
1006,4,颼,4,颼,w239b0706,䬒,4,8646,䬒
1006,5,溲,5,溲,w239b0707,𣸈,5,8647,𣸈
1006,6,鎪,6,鎪,w239b0801,䤹,6,8648,䤹
1006,7,廋,7,廋,w239b0802,廋,7,8649,廋
1006,8,蒐,8,蒐,w239b0803,蒐,8,8650,蒐
1006,9,䕅,9,䕅,w239b0804,𦺋,9,8651,𦺋
1006,10,獀,10,獀,w239b0805,獀,10,8652,獀
1006,11,䐹,11,䐹,w239b0806,䐹,11,8653,䐹
1006,12,鄋,12,鄋,w239b0901,𨜛,12,8654,𨜛
1006,13,螋,13,螋,w239b0902,䗏,13,8655,䗏
1006,14,騪,14,騪,w239b0903,䮟,14,8656,䮟
1006,15,犙,15,犙,w239b0904,犙,15,8657,犙
1006,16,醙,16,醙,w239b0905,䤇,16,8658,䤇
1006,17,𧽏,17,𧽏,w239b0906,𧽏,17,8659,𧼭
1007,1,搊,1,搊,w239b0907,搊,1,8660,搊
1007,2,𢬆,2,𢬆,w239b1001,𢬆,2,8661,𢬆
1007,3,篘,3,篘,w239b1002,篘,3,8662,篘
1007,4,醔,4,醔,w239b1003,醔,4,8663,醔
1007,5,㮲,5,㮲,w239b1004,㮲,5,8664,㮲
1007,6,𥻤,6,𥻤,w239b1005,𥻤,6,8665,𥻤
1007,7,謅,7,謅,w239b1006,謅,7,8666,謅
1008,1,鄒,1,鄒,w239b1007,鄒,1,8667,鄒
1008,2,鄹,2,鄹,w240a0101,鄹,2,8668,鄹
1008,3,郰,3,郰,w240a0102,郰,3,8669,郰
1008,4,騶,4,騶,w240a0103,騶,4,8670,騶
1008,5,齱,5,齱,w240a0104,齱,5,8671,齱
1008,6,陬,6,陬,w240a0105,陬,6,8672,陬
1008,7,緅,7,緅,w240a0201,緅,7,8673,緅
1008,8,䑼,8,䑼,w240a0202,䑼,8,8674,䑼
1008,9,𨃘,9,𨃘,w240a0203,𨃘,9,8675,𨃘
1008,10,菆,10,菆,w240a0204,菆,10,8676,菆
1008,11,棷,11,棷,w240a0205,棷,11,8677,棷
1008,12,箃,12,箃,w240a0301,箃,12,8678,箃
1008,13,𠿈,13,𠿈,w240a0302,𠿈,13,8679,𠿈
1008,14,黀,14,黀,w240a0303,黀,14,8680,黀
1009,1,愁,1,愁,w240a0304,愁,1,8681,愁
1009,2,㵞,2,㵞,w240a0305,㵞,2,8682,㵞
1010,1,休,1,休,w240a0306,休,1,8683,休
1010,2,貅,2,貅,w240a0401,貅,2,8684,貅
1010,3,㹯,3,㹯,w240a0402,㹯,3,8685,㹯
1010,4,鵂,4,鵂,w240a0403,鵂,4,8686,鵂
1010,5,𩢮,5,𩢮,w240a0404,𩢮,5,8687,𩢮
1010,6,㾋,6,㾋,w240a0405,㾋,6,8688,㾋
1010,7,庥,7,庥,w240a0406,庥,7,8689,庥
1010,8,脙,8,脙,w240a0501,脙,8,8690,脙
1010,9,𦜵,9,𦜵,w240a0502,𦜵,9,8691,𦜵
1010,10,髤,10,髤,w240a0503,髤,10,8692,髤
1010,11,䰍,11,䰍,w240a0504,〾䰍〈䰍〉,11,8693,䰍
1010,12,咻,12,咻,w240a0505,咻,12,8694,咻
1010,13,㵻,13,㵻,w240a0506,㵻,13,8695,㵻
1011,1,囚,1,囚,w240a0601,囚,1,8696,囚
1011,2,泅,2,泅,w240a0602,泅,2,8697,泅
1011,3,汓,3,汓,w240a0603,汓,3,8698,汓
1011,4,苬,4,苬,w240a0604,苬,4,8699,苬
1011,5,慒,5,慒,w240a0605,慒,5,8700,慒
1011,6,鮂,6,鮂,w240a0606,鮂,6,8701,鮂
1012,1,儔,1,儔,w240a0701,儔,1,8702,儔
1012,2,檮,2,檮,w240a0702,檮,2,8703,檮
1012,3,躊,3,躊,w240a0703,躊,3,8704,躊
1012,4,幬,4,幬,w240a0704,幬,4,8705,幬
1012,5,𢃖,5,𢃖,w240a0705,𢃖,5,8706,𢃖
1012,6,裯,6,裯,w240a0706,裯,6,8707,裯
1012,7,𠷎,7,𠷎,w240a0707,𠷎,7,8708,𠷎
1012,8,疇,8,疇,w240a0801,疇,8,8709,疇
1012,9,紬,9,紬,w240a0802,紬,9,8710,紬
1012,10,綢,10,綢,w240a0803,綢,10,8711,綢
1012,11,稠,11,稠,w240a0804,稠,11,8712,稠
1012,12,燽,12,燽,w240a0901,燽,12,8713,燽
1012,13,薵,13,薵,w240a0902,薵,13,8714,薵
1012,14,鯈,14,鯈,w240a0903,鯈,14,8715,鯈
1012,15,籌,15,籌,w240a0904,籌,15,8716,籌
1012,16,𪆇,16,𪆇,w240a0905,𪆇,16,8717,𪆇
1012,17,𪇘,17,𪇘,w240a0906,𪇘,17,8718,𪇘
1012,18,棸,18,棸,w240a0907,棸,18,8719,棸
1012,19,椆,19,椆,w240a1001,椆,19,8720,椆
1012,20,怞,20,怞,w240a1002,怞,20,8721,怞
1012,21,𦡴,21,𦡴,w240a1003,𦡴,21,8722,𦡴
1012,22,懤,22,懤,w240a1004,懤,22,8723,懤
1012,23,鮋,23,鮋,w240a1005,鮋,23,8724,鮋
1012,24,䬞,24,䬞,w240a1006,䬞,24,8725,䬞
1012,25,菗,25,菗,w240a1007,菗,25,8726,菗
1012,26,𨞪,26,𨞪,w240a1008,𨞪,26,8727,𨞪
1012,27,𥲅,27,𥲅,w240b0101,𥲅,27,8728,𢤉
1013,1,輈,1,輈,w240b0102,輈,1,8729,輈
1013,2,盩,2,盩,w240b0103,盩,2,8730,盩
1013,3,啁,3,啁,w240b0201,啁,3,8731,啁
1013,4,譸,4,譸,w240b0202,譸,4,8732,譸
1013,5,侜,5,侜,w240b0203,侜,5,8733,侜
1013,6,𩢸,6,𩢸,w240b0204,𩢸,6,8734,𩢸
1013,7,調,7,調,w240b0205,調,7,8735,調
1013,8,咮,8,咮,w240b0206,咮,8,8736,咮
1013,9,𧻖,9,𧻖,w240b0301,𧻖,9,8737,𧻖
1013,10,𥎻,10,𥎻,w240b0302,𥎻,10,8738,𥎻
1013,11,矪,11,矪,w240b0303,矪,11,8739,矪
1014,1,𧚍,1,𧚍,w240b0304,𧚍,1,8740,𧚍
1014,2,裘,2,裘,w240b0401,裘,2,8741,裘
1014,3,仇,3,仇,w240b0402,仇,3,8742,仇
1014,4,叴,4,叴,w240b0403,叴,4,8743,叴
1014,5,厹,5,厹,w240b0501,厹,5,8744,厹
1014,6,求,6,求,w240b0502,求,6,8745,求
1014,7,𡨃,7,𡨃,w240b0503,𡨃,7,8746,𡨃
1014,8,頄,8,頄,w240b0504,頄,8,8747,頄
1014,9,蛷,9,蛷,w240b0601,蛷,9,8748,蛷
1014,10,𧒔,10,𧒔,w240b0602,𧒔,10,8749,𧒔
1014,11,逑,11,逑,w240b0603,逑,11,8750,逑
1014,12,球,12,球,w240b0604,球,12,8751,球
1014,13,璆,13,璆,w240b0605,璆,13,8752,璆
1014,14,艽,14,艽,w240b0606,艽,14,8753,艽
1014,15,鼽,15,鼽,w240b0701,鼽,15,8754,鼽
1014,16,莍,16,莍,w240b0702,莍,16,8755,莍
1014,17,䣇,17,䣇,w240b0703,䣇,17,8756,䣇
1014,18,賕,18,賕,w240b0704,賕,18,8757,賕
1014,19,殏,19,殏,w240b0705,殏,19,8758,殏
1014,20,梂,20,梂,w240b0706,梂,20,8759,梂
1014,21,朹,21,朹,w240b0801,朹,21,8760,朹
1014,22,㭝,22,㭝,w240b0802,㭝,22,8761,㭝
1014,23,俅,23,俅,w240b0803,俅,23,8762,俅
1014,24,脙,24,脙,w240b0804,脙,24,8763,脙
1014,25,𦜵,25,𦜵,w240b0901,𦜵,25,8764,𦜵
1014,26,馗,26,馗,w240b0902,馗,26,8765,馗
1014,27,䊵,27,䊵,w240b0903,䊵,27,8766,䊵
1014,28,絿,28,絿,w240b0904,絿,28,8767,絿
1014,29,䜪,29,䜪,w240b0905,䜪,29,8768,䜪
1014,30,扏,30,扏,w240b0906,扏,30,8769,扏
1014,31,銶,31,銶,w240b0907,銶,31,8770,銶
1014,32,𩒮,32,𩒮,w240b0908,𩒮,32,8771,𩒮
1014,33,𥭑,33,𥭑,w240b1001,𥭑,33,8772,𥭑
1014,34,毬,34,毬,w240b1002,毬,34,8773,毬
1014,35,䟵,35,䟵,w240b1003,䟵,35,8774,䟵
1014,36,犰,36,犰,w240b1004,犰,36,8775,犰
1014,37,𧻱,37,𧻱,w240b1005,𧻱,37,8776,𧻱
1014,38,訅,38,訅,w240b1006,訅,38,8777,訅
1014,39,釚,39,釚,w240b1007,釚,39,8778,釚
1014,40,捄,40,捄,w241a0101,捄,40,8779,捄
1014,41,肍,41,肍,w241a0102,肍,41,8780,肍
1014,42,𢛃,42,𢛃,w241a0103,𢛃,42,8781,𢛃
1014,43,𦬖,43,𦬖,w241a0104,𦬖,43,8782,𦬖
1014,44,訄,44,訄,w241a0105,訄,44,8783,訄
1015,1,浮,1,浮,w241a0106,浮,1,8784,浮
1015,2,哹,2,哹,w241a0201,哹,2,8785,哹
1015,3,桴,3,桴,w241a0202,桴,3,8786,桴
1015,4,枹,4,枹,w241a0203,枹,4,8787,枹
1015,5,𥰛,5,𥰛,w241a0204,𥰛,5,8788,𥰛
1015,6,罦,6,罦,w241a0205,罦,6,8789,罦
1015,7,䍖,7,䍖,w241a0206,䍖,7,8790,䍖
1015,8,琈,8,琈,w241a0207,琈,8,8791,琈
1015,9,粰,9,粰,w241a0301,粰,9,8792,粰
1015,10,䳕,10,䳕,w241a0302,䳕,10,8793,䳕
1015,11,罘,11,罘,w241a0303,罘,11,8794,罘
1015,12,䱐,12,䱐,w241a0304,䱐,12,8795,䱐
1015,13,涪,13,涪,w241a0305,涪,13,8796,涪
1015,14,芣,14,芣,w241a0306,芣,14,8797,芣
1015,15,蜉,15,蜉,w241a0307,蜉,15,8798,蜉
1015,16,烰,16,烰,w241a0308,烰,16,8799,烰
1015,17,鉜,17,鉜,w241a0401,鉜,17,8800,鉜
1015,18,𡦄,18,𡦄,w241a0402,𡦄,18,8801,𡦄
1015,19,𦮹,19,𦮹,w241a0403,𦮹,19,8802,𢀼
1015,20,艀,20,艀,w241a0404,艀,20,8803,艀
1015,21,棓,21,棓,w241a0405,棓,21,8804,棓
1015,22,掊,22,掊,w241a0406,掊,22,8805,掊
1015,23,䍌,23,䍌,w241a0501,䍌,23,8806,䍌
1015,24,䨗,24,䨗,w241a0502,䨗,24,8807,䨗
1016,1,謀,1,謀,w241a0503,謀,1,8808,謀
1016,2,䱕,2,䱕,w241a0504,䱕,2,8809,䱕
1016,3,雺,3,雺,w241a0505,雺,3,8810,雺
1016,4,眸,4,眸,w241a0601,眸,4,8811,眸
1016,5,牟,5,牟,w241a0602,牟,5,8812,牟
1016,6,侔,6,侔,w241a0701,侔,6,8813,侔
1016,7,矛,7,矛,w241a0801,矛,7,8814,矛
1016,8,𢦧,8,𢦧,w241a0802,𢦵,8,8815,𢦵
1016,9,鍪,9,鍪,w241a0803,鍪,9,8816,鍪
1016,10,鞪,10,鞪,w241a0901,鞪,10,8817,鞪
1016,11,麰,11,麰,w241a0902,麰,11,8818,麰
1016,12,𦭷,12,𦭷,w241a0903,𦭷,12,8819,𦭷
1016,13,堥,13,堥,w241a0904,堥,13,8820,堥
1016,14,劺,14,劺,w241a0905,劺,14,8821,劺
1016,15,𨡭,15,𨡭,w241a0906,𨡭,15,8822,𨡭
1016,16,蝥,16,蝥,w241a1001,蝥,16,8823,蝥
1016,17,蟊,17,蟊,w241a1002,蟊,17,8824,蟊
1016,18,鷚,18,鷚,w241a1003,鷚,18,8825,鷚
1016,19,𩭾,19,𩭾,w241a1004,𩮤〈𩭾〉,19,8826,𩭾
1016,20,䋷,20,䋷,w241a1005,䋷,20,8827,䋷
1016,21,恈,21,恈,w241b0101,恈,21,8828,恈
1016,22,鴾,22,鴾,w241b0102,鴾,22,8829,鴾
1016,23,蛑,23,蛑,w241b0103,蛑,23,8830,蛑
1016,24,繆,24,繆,w241b0104,繆,24,8831,繆
1017,1,侯,1,侯,w241b0201,侯,1,8832,侯
1017,2,矦,2,矦,w241b0701,矦,2,8833,矦
1017,3,𥎦,3,𥎦,w241b0702,𥎦,3,8834,𥎦
1017,4,帿,4,帿,w241b0703,帿,4,8835,帿
1017,5,鄇,5,鄇,w241b0704,鄇,5,8836,鄇
1017,6,䫛,6,䫛,w241b0705,䫛,6,8837,䫛
1017,7,鍭,7,鍭,w241b0706,鍭,7,8838,鍭
1017,8,銗,8,銗,w241b0707,銗,8,8839,銗
1017,9,猴,9,猴,w241b0708,猴,9,8840,猴
1017,10,糇,10,糇,w241b0709,糇,10,8841,糇
1017,11,翭,11,翭,w241b0801,翭,11,8842,翭
1017,12,翵,12,翵,w241b0802,翵,12,8843,翵
1017,13,餱,13,餱,w241b0803,餱,13,8844,餱
1017,14,喉,14,喉,w241b0804,喉,14,8845,喉
1017,15,篌,15,篌,w241b0805,篌,15,8846,篌
1017,16,鯸,16,鯸,w241b0806,鯸,16,8847,鯸
1017,17,㮢,17,㮢,w241b0807,㮢,17,8848,㮢
1017,18,𧮶,18,𧮶,w241b0808,𧮶,18,8849,𧮶
1017,19,瘊,19,瘊,w241b0901,瘊,19,8850,瘊
1017,20,䗔,20,䗔,w241b0902,䗔,20,8851,䗔
1017,21,葔,21,葔,w241b0903,葔,21,8852,葔
1017,22,骺,22,骺,w241b0904,骺,22,8853,骺
1017,23,睺,23,睺,w241b0905,睺,23,8854,睺
1017,24,䙈,24,䙈,w241b0906,䙈,24,8855,䙈
1018,1,謳,1,謳,w241b0907,謳,1,8856,謳
1018,2,嘔,2,嘔,w241b1001,嘔,2,8857,嘔
1018,3,歐,3,歐,w241b1002,歐,3,8858,歐
1018,4,甌,4,甌,w241b1003,甌,4,8859,甌
1018,5,區,5,區,w241b1004,區,5,8860,區
1018,6,漚,6,漚,w242a0101,漚,6,8861,漚
1018,7,鷗,7,鷗,w242a0102,鷗,7,8862,鷗
1018,8,䁱,8,䁱,w242a0103,䁱,8,8863,䁱
1018,9,瞘,9,瞘,w242a0104,瞘,9,8864,瞘
1018,10,櫙,10,櫙,w242a0105,櫙,10,8865,櫙
1018,11,蓲,11,蓲,w242a0106,蓲,11,8866,蓲
1018,12,醧,12,醧,w242a0107,醧,12,8867,醧
1018,13,剾,13,剾,w242a0201,剾,13,8868,剾
1018,14,䙔,14,䙔,w242a0202,䙔,14,8869,䙔
1018,15,鏂,15,鏂,w242a0203,鏂,15,8870,鏂
1018,16,膒,16,膒,w242a0204,膒,16,8871,膒
1019,1,羺,1,羺,w242a0205,羺,1,8872,羺
1019,2,獳,2,獳,w242a0206,獳,2,8873,獳
1019,3,䨲,3,䨲,w242a0207,䨲,3,8874,䨲
1019,4,䰰,4,䰰,w242a0208,䰰,4,8875,䰰
1020,1,樓,1,樓,w242a0301,樓,1,8876,樓
1020,2,婁,2,婁,w242a0401,𡝤,2,8877,婁
1020,3,䣚,3,䣚,w242a0601,䣚,3,8878,䣚
1020,4,𨻻,4,𨻻,w242a0602,𨻻,4,8879,𨻻
1020,5,𧁾,5,𧁾,w242a0603,𧁾,5,8880,𧁾
1020,6,蔞,6,蔞,w242a0604,蔞,6,8881,蔞
1020,7,𠞭,7,𠞭,w242a0701,𠞭,7,8882,𠞭
1020,8,䝏,8,䝏,w242a0702,䝏,8,8883,䝏
1020,9,𦎹,9,𦎹,w242a0703,𦎹,9,8884,𦎹
1020,10,僂,10,僂,w242a0704,僂,10,8885,僂
1020,11,艛,11,艛,w242a0705,艛,11,8886,艛
1020,12,耬,12,耬,w242a0706,耬,12,8887,耬
1020,13,髏,13,髏,w242a0801,髏,13,8888,髏
1020,14,膢,14,膢,w242a0802,膢,14,8889,膢
1020,15,𤬏,15,𤬏,w242a0803,𤬏,15,8890,𤬏
1020,16,廔,16,廔,w242a0804,廔,16,8891,廔
1020,17,剅,17,剅,w242a0805,｛剅｝,17,8892,剅
1020,18,摟,18,摟,w242a0806,摟,18,8893,摟
1020,19,嘍,19,嘍,w242a0807,嘍,19,8894,嘍
1020,20,瞜,20,瞜,w242a0808,瞜,20,8895,瞜
1020,21,螻,21,螻,w242a0901,螻,21,8896,螻
1020,22,簍,22,簍,w242a0902,簍,22,8897,簍
1020,23,鞻,23,鞻,w242a0903,鞻,23,8898,鞻
1020,24,慺,24,慺,w242a0904,慺,24,8899,慺
1020,25,鷜,25,鷜,w242a0905,鷜,25,8900,鷜
1020,26,䱾,26,䱾,w242a1001,䱾,26,8901,䱾
1020,27,褸,27,褸,w242a1002,褸,27,8902,褸
1020,28,遱,28,遱,w242a1003,遱,28,8903,遱
1020,29,謱,29,謱,w242a1004,謱,29,8904,謱
1021,1,涑,1,涑,w242a1005,涑,1,8905,涑
1021,2,鏉,2,鏉,w242a1006,鏉,2,8906,鏉
1021,3,䩳,3,䩳,w242b0101,䩳,3,8907,䩳
1021,4,𩌱,4,𩌱,w242b0102,𩌱,4,8908,𩌱
1021,5,𩮶,5,𩮶,w242b0103,𩮶,5,8909,𩮶
1021,6,摗,6,摗,w242b0104,摗,6,8910,摗
1021,7,𠘂,7,𠘂,w242b0105,𠘂,7,8911,𠘂
1021,8,𡠼,8,𡠼,w242b0106,𡠼,8,8912,𡠼
1022,1,彄,1,彄,w242b0107,彄,1,8913,彄
1022,2,摳,2,摳,w242b0108,摳,2,8914,摳
1022,3,剾,3,剾,w242b0201,剾,3,8915,剾
1022,4,韝,4,韝,w242b0202,韝,4,8916,韝
1022,5,𢂁,5,𢂁,w242b0203,𢂁,5,8917,𢂁
1022,6,滱,6,滱,w242b0204,𣻎,6,8918,滱
1022,7,夠,7,夠,w242b0205,夠,7,8919,夠
1022,8,䁱,8,䁱,w242b0206,䁱,8,8920,䁱
1023,1,齁,1,齁,w242b0301,齁,1,8921,齁
1023,2,𪅺,2,𪅺,w242b0302,𪅺,2,8922,𪅺
1024,1,𣠏,1,𣠏,w242b0303,𣠏,1,8923,𣠏
1024,2,緅,2,緅,w242b0304,緅,2,8924,緅
1024,3,陬,3,陬,w242b0305,陬,3,8925,陬
1024,4,棷,4,棷,w242b0401,棷,4,8926,棷
1024,5,掫,5,掫,w242b0402,掫,5,8927,掫
1025,1,偷,1,偷,w242b0403,偷,1,8928,偷
1025,2,鍮,2,鍮,w242b0404,鍮,2,8929,鍮
1025,3,鋀,3,鋀,w242b0501,鋀,3,8930,鋀
1025,4,媮,4,媮,w242b0502,媮,4,8931,媮
1026,1,頭,1,頭,w242b0503,頭,1,8932,頭
1026,2,㓱,2,㓱,w242b0504,㓱,2,8933,㓱
1026,3,投,3,投,w242b0505,投,3,8934,投
1026,4,𪎨,4,𪎨,w242b0701,𪎨,4,8935,𪎨
1026,5,骰,5,骰,w242b0702,骰,5,8936,骰
1026,6,𣪌,6,𣪌,w242b0703,𣪌,6,8937,𣪌
1026,7,坄,7,坄,w242b0704,坄,7,8938,坄
1026,8,牏,8,牏,w242b0801,牏,8,8939,牏
1026,9,䤅,9,䤅,w242b0802,䤅,9,8940,䤅
1026,10,㢏,10,㢏,w242b0803,㢏,10,8941,㢏
1026,11,揄,11,揄,w242b0804,揄,11,8942,揄
1026,12,窬,12,窬,w242b0805,窬,12,8943,窬
1026,13,緰,13,緰,w242b0806,緰,13,8944,緰
1026,14,歈,14,歈,w242b0807,歈,14,8945,歈
1026,15,𪁞,15,𪁞,w242b0901,𪁞,15,8946,𪁞
1027,1,齵,1,齵,w242b0902,齵,1,8947,齵
1028,1,鉤,1,鉤,w242b0903,鉤,1,8948,鉤
1028,2,𠛎,2,𠛎,w242b0904,𠛎,2,8949,𠛎
1028,3,溝,3,溝,w242b1001,溝,3,8950,溝
1028,4,褠,4,褠,w242b1002,褠,4,8951,褠
1028,5,韝,5,韝,w242b1003,韝,5,8952,韝
1028,6,緱,6,緱,w243a0101,緱,6,8953,緱
1028,7,篝,7,篝,w243a0102,篝,7,8954,篝
1028,8,𥴴,8,𥴴,w243a0103,𥴴,8,8955,𥴴
1028,9,𪓞,9,𪓞,w243a0104,𪓟,9,8956,𪓟
1028,10,㗕,10,㗕,w243a0201,㗕,10,8957,㗕
1028,11,𤫱,11,𤫱,w243a0202,𤫱,11,8958,𤫱
1028,12,䑦,12,䑦,w243a0203,䑦,12,8959,䑦
1028,13,冓,13,冓,w243a0204,冓,13,8960,冓
1028,14,枸,14,枸,w243a0205,枸,14,8961,枸
1028,15,句,15,句,w243a0301,句,15,8962,句
1028,16,軥,16,軥,w243a0302,軥,16,8963,軥
1028,17,夠,17,夠,w243a0303,夠,17,8964,夠
1028,18,鴝,18,鴝,w243a0401,鴝,18,8965,鴝
1029,1,兜,1,兜,w243a0402,兜,1,8966,兜
1029,2,侸,2,侸,w243a0403,侸,2,8967,侸
1029,3,吺,3,吺,w243a0404,吺,3,8968,吺
1029,4,篼,4,篼,w243a0405,篼,4,8969,篼
1029,5,𥆖,5,𥆖,w243a0406,𥆖,5,8970,𥆖
1029,6,剅,6,剅,w243a0501,剅,6,8971,剅
1029,7,𧡸,7,𧡸,w243a0502,𧢗,7,8972,𧢗
1029,8,𧯠,8,𧯠,w243a0503,𧯠,8,8973,𧯠
1029,9,郖,9,郖,w243a0504,郖,9,8974,郖
1029,10,𩮷,10,𩮷,w243a0505,𩮷,10,8975,𩮷
1030,1,㔌,1,㔌,w243a0601,㔌,1,8976,㔌
1030,2,鯫,2,鯫,w243a0602,鯫,2,8977,鯫
1031,1,裒,1,裒,w243a0603,裒〈裒〉,1,8978,裒
1031,2,䯽,2,䯽,w243a0604,䯽,2,8979,䯽
1031,3,捊,3,捊,w243a0605,捊,3,8980,捊
1031,4,抔,4,抔,w243a0701,抔,4,8981,抔
1031,5,掊,5,掊,w243a0702,掊,5,8982,掊
1031,6,䏽,6,䏽,w243a0703,䏽,6,8983,䏽
1031,7,𩚭,7,𩚭,w243a0704,𩚭,7,8984,𩚭
1031,8,䍌,8,䍌,w243a0705,䍌,8,8985,䍌
1031,9,箁,9,箁,w243a0706,箁,9,8986,箁
1032,1,䜅,1,䜅,w243a0707,䜅,1,8987,䜅
1033,1,呣,1,呣,w243a0801,呣,1,8988,呣
1034,1,幽,1,幽,w243a0901,幽,1,8989,幽
1034,2,泑,2,泑,w243a1001,泑,2,8990,泑
1034,3,呦,3,呦,w243a1002,呦,3,8991,呦
1034,4,𣢜,4,𣢜,w243a1003,𣢜,4,8992,𣢜
1034,5,𧍘,5,𧍘,w243a1004,𧍘,5,8993,𧍘
1034,6,怮,6,怮,w243a1005,怮,6,8994,怮
1034,7,𢆶,7,𢆶,w243a1006,𢆶,7,8995,𢆶
1035,1,虯,1,虯,w243b0101,虯,1,8996,虯
1035,2,觩,2,觩,w243b0102,觩,2,8997,觩
1035,3,璆,3,璆,w243b0103,璆,3,8998,璆
1035,4,觓,4,觓,w243b0104,觓,4,8999,觓
1035,5,鷚,5,鷚,w243b0105,鷚,5,9000,鷚
1035,6,蟉,6,蟉,w243b0201,蟉,6,9001,蟉
1035,7,𤙠,7,𤙠,w243b0202,𤙠,7,9002,𤙠
1036,1,彪,1,彪,w243b0203,彪,1,9003,彪
1036,2,髟,2,髟,w243b0204,髟,2,9004,髟
1036,3,驫,3,驫,w243b0205,驫,3,9005,驫
1037,1,鏐,1,鏐,w243b0301,鏐,1,9006,鏐
1037,2,蟉,2,蟉,w243b0302,蟉,2,9007,蟉
1038,1,樛,1,樛,w243b0303,樛,1,9008,樛
1038,2,𠃚,2,𠃚,w243b0304,㢧,2,9009,𠃚
1038,3,𦭺〈𦱠〉,3,𦭺〈𦱠〉,w243b0401,𦭺〈⿱𦫶廾〉,3,9010,𦭺
1038,4,朻,4,朻,w243b0402,朻,4,9011,朻
1038,5,㽱,5,㽱,w243b0403,㽱,5,9012,㽱
1039,1,淲,1,淲,w243b0404,淲,1,9013,淲
1039,2,瀌,2,瀌,w243b0501,瀌,2,9014,瀌
1039,3,𩖛,3,𩖛,w243b0502,𩖛,3,9015,𩖛
1040,1,稵,1,稵,w243b0503,稵,1,9016,稵
1041,1,犙,1,犙,w243b0504,犙,1,9017,犙
1042,1,聱,1,聱,w243b0505,聱,1,9018,聱
1043,1,飍,1,飍,w243b0601,飍,1,9019,飍
1043,2,烋,2,烋,w243b0602,烋,2,9020,烋
1044,1,繆,1,繆,w243b0603,繆,1,9021,繆
1044,2,鷚,2,鷚,w243b0701,鷚,2,9022,鷚
1044,3,䋷,3,䋷,w243b0702,䋷,3,9023,䋷
1045,1,侵,1,侵,w243b0801,侵,1,9024,侵
1045,2,𢔀,2,𢔀,w243b0802,𢔀,2,9025,𢔀
1045,3,駸,3,駸,w243b0803,駸,3,9026,駸
1045,4,浸,4,浸,w243b0804,浸,4,9027,浸
1045,5,䜷,5,䜷,w243b0901,䜷,5,9028,䜷
1045,6,𥍯,6,𥍯,w243b0902,𥍯,6,9029,𥍯
1045,7,綅,7,綅,w243b0903,綅,7,9030,綅
1046,1,尋,1,尋,w243b0904,尋,1,9031,尋
1046,2,𢒫,2,𢒫,w243b1001,𢒫,2,9032,𢒫
1046,3,鐔,3,鐔,w243b1002,鐔,3,9033,鐔
1046,4,潯,4,潯,w244a0101,潯,4,9034,潯
1046,5,鱏,5,鱏,w244a0102,鱏,5,9035,鱏
1046,6,樳,6,樳,w244a0103,樳,6,9036,樳
1046,7,鄩,7,鄩,w244a0104,鄩,7,9037,鄩
1046,8,𨼔,8,𨼔,w244a0105,𨼔,8,9038,𨼔
1046,9,𣎟,9,𣎟,w244a0201,𣎟,9,9039,𦠅
1046,10,𩖣,10,𩖣,w244a0202,𩖣,10,9040,𩖣
1046,11,襑,11,襑,w244a0203,襑,11,9041,襑
1046,12,枔,12,枔,w244a0204,枔,12,9042,枔
1046,13,撏,13,撏,w244a0205,撏,13,9043,撏
1046,14,灊,14,灊,w244a0206,𤅬,14,9044,灊
1046,15,鬵,15,鬵,w244a0207,鬵,15,9045,鬵
1046,16,𦅀,16,𦅀,w244a0301,𦅀,16,9046,𦅀
1047,1,林,1,林,w244a0302,林,1,9047,林
1047,2,琳,2,琳,w244a0401,琳,2,9048,琳
1047,3,淋,3,淋,w244a0402,淋,3,9049,淋
1047,4,臨,4,臨,w244a0403,臨,4,9050,臨
1047,5,痳,5,痳,w244a0404,痳,5,9051,痳
1047,6,箖,6,箖,w244a0405,箖,6,9052,箖
1047,7,瀶,7,瀶,w244a0406,瀶,7,9053,瀶
1047,8,霖,8,霖,w244a0501,霖,8,9054,霖
1048,1,琛,1,琛,w244a0502,琛,1,9055,琛
1048,2,棽,2,棽,w244a0503,棽,2,9056,棽
1048,3,䑣,3,䑣,w244a0504,䑣,3,9057,䑣
1048,4,𥉨〈𧡬〉,4,𥉨〈𧡬〉,w244a0505,𥉨〈𧡬〉,4,9058,𥉨
1048,5,綝,5,綝,w244a0506,綝,5,9059,綝
1048,6,郴,6,郴,w244a0601,郴,6,9060,郴
1048,7,賝,7,賝,w244a0602,賝,7,9061,賝
1049,1,斟,1,斟,w244a0603,斟,1,9062,斟
1049,2,針,2,針,w244a0701,針,2,9063,針
1049,3,鍼,3,鍼,w244a0702,鍼,3,9064,鍼
1049,4,𪈁,4,𪈁,w244a0703,𪈁,4,9065,𪈁
1049,5,箴,5,箴,w244a0704,箴,5,9066,箴
1049,6,葴,6,葴,w244a0801,葴,6,9067,葴
1049,7,瑊,7,瑊,w244a0802,瑊,7,9068,瑊
1049,8,鱵,8,鱵,w244a0901,鱵,8,9069,鱵
1049,9,㘰,9,㘰,w244a0902,㘰〈𡈿〉,9,9070,㘰
1050,1,沈,1,沈,w244a0903,沈,1,9071,沈
1050,2,沉,2,沉,w244a1001,沉,2,9072,沉
1050,3,𤘣,3,𤘣,w244a1002,𤘣,3,9073,𤘣
1050,4,莐,4,莐,w244a1003,莐,4,9074,莐
1050,5,䒞,5,䒞,w244a1004,䒞,5,9075,䒞
1050,6,霃,6,霃,w244a1005,霃,6,9076,霃
1050,7,湛,7,湛,w244a1006,湛,7,9077,湛
1050,8,枕,8,枕,w244b0101,枕,8,9078,枕
1050,9,鈂,9,鈂,w244b0102,鈂,9,9079,鈂
1051,1,碪,1,碪,w244b0103,碪,1,9080,碪
1051,2,砧,2,砧,w244b0104,砧,2,9081,砧
1051,3,椹,3,椹,w244b0105,椹,3,9082,椹
1051,4,枮,4,枮,w244b0201,枮,4,9083,枮
1051,5,坫,5,坫,w244b0202,坫,5,9084,坫
1052,1,諶,1,諶,w244b0203,諶,1,9085,諶
1052,2,愖,2,愖,w244b0204,愖,2,9086,愖
1052,3,訦,3,訦,w244b0205,訦,3,9087,訦
1052,4,忱,4,忱,w244b0206,忱,4,9088,忱
1052,5,煁,5,煁,w244b0301,煁,5,9089,煁
1052,6,瘎,6,瘎,w244b0302,瘎,6,9090,瘎
1052,7,㽸,7,㽸,w244b0303,㽸,7,9091,㽸
1053,1,任,1,任,w244b0304,任,1,9092,任
1053,2,鵀,2,鵀,w244b0401,鵀,2,9093,鵀
1053,3,恁,3,恁,w244b0402,恁,3,9094,恁
1053,4,壬,4,壬,w244b0403,壬,4,9095,壬
1053,5,紝,5,紝,w244b0404,紝,5,9096,紝
1053,6,銋,6,銋,w244b0501,銋,6,9097,銋
1053,7,䛘,7,䛘,w244b0502,䛘,7,9098,䛘
1054,1,深,1,深,w244b0503,深,1,9099,深
1054,2,𦸂,2,𦸂,w244b0504,𦸂,2,9100,𦸂
1055,1,淫,1,淫,w244b0505,淫,1,9101,淫
1055,2,霪,2,霪,w244b0601,霪,2,9102,霪
1055,3,婬,3,婬,w244b0602,婬,3,9103,婬
1055,4,𥮍,4,𥮍,w244b0603,𥮍,4,9104,𥮍
1055,5,蟫,5,蟫,w244b0604,蟫,5,9105,蟫
1055,6,鷣,6,鷣,w244b0605,鷣,6,9106,鷣
1055,7,䒞,7,䒞,w244b0606,䒞,7,9107,䒞
1055,8,冘,8,冘,w244b0607,冘,8,9108,冘
1055,9,𢓕,9,𢓕,w244b0608,𢓕,9,9109,𢓕
1055,10,䤁,10,䤁,w244b0701,䤁,10,9110,碪
1055,11,撢,11,撢,w244b0702,撢,11,9111,撢
1055,12,𨟏,12,𨟏,w244b0703,𨟏,12,9112,𨟏
1055,13,㸒,13,㸒,w244b0704,㸒,13,9113,㸒
1055,14,鐔,14,鐔,w244b0705,鐔,14,9114,鐔
1055,15,鱏,15,鱏,w244b0706,鱏,15,9115,鱏
1056,1,心,1,心,w244b0707,心,1,9116,心
1056,2,𦁍,2,𦁍,w244b0801,𦁍,2,9117,𦁍
1056,3,𨊳,3,𨊳,w244b0802,𨊳,3,9118,𨊳
1056,4,杺,4,杺,w244b0803,杺,4,9119,杺
1057,1,愔,1,愔,w244b0804,愔,1,9120,愔
1057,2,韾,2,韾,w244b0805,韾,2,9121,韾
1058,1,祲,1,祲,w244b0901,祲,1,9122,祲
1058,2,梫,2,梫,w244b0902,梫,2,9123,梫
1058,3,兓,3,兓,w244b0903,兓,3,9124,兓
1058,4,埐,4,埐,w244b0904,埐,4,9125,埐
1058,5,𩀿,5,𩀿,w244b0905,𩀿,5,9126,𩀿
1058,6,𪖼,6,𪖼,w244b0906,𪖼,6,9127,𪖼
1058,7,綅,7,綅,w244b0907,綅,7,9128,綅
1058,8,𥍯,8,𥍯,w244b1001,𥍯,8,9129,𥍯
1058,9,𩻛,9,𩻛,w244b1002,𩻛,9,9130,𩻛
1059,1,𩷒,1,𩷒,w244b1003,𩷒,1,9131,𩷒
1059,2,䰼,2,䰼,w244b1004,䰼,2,9132,䰼
1059,3,鬵,3,鬵,w244b1005,鬵,3,9133,鬵
1059,4,嶜,4,嶜,w245a0101,嶜,4,9134,嶜
1059,5,梣,5,梣,w245a0102,梣,5,9135,梣
1059,6,埐,6,埐,w245a0103,埐,6,9136,埐
1059,7,𣜣,7,𣜣,w245a0104,𣜣,7,9137,𣜣
1059,8,鈂,8,鈂,w245a0105,鈂,8,9138,鈂
1059,9,灊,9,灊,w245a0106,灊,9,9139,灊
1059,10,䤁,10,䤁,w245a0201,䤁,10,9140,䤁
1060,1,䛘,1,䛘,w245a0202,䛘,1,9141,䛘
1060,2,䋻,2,䋻,w245a0203,䋻,2,9142,䋻
1060,3,鵀,3,鵀,w245a0204,鵀,3,9143,鵀
1061,1,琴,1,琴,w245a0205,琴,1,9144,琴
1061,2,㩒,2,㩒,w245a0301,㩒,2,9145,㩒
1061,3,捦,3,捦,w245a0302,捦,3,9146,捦
1061,4,擒,4,擒,w245a0303,擒,4,9147,擒
1061,5,黔,5,黔,w245a0304,黔,5,9148,黔
1061,6,禽,6,禽,w245a0401,禽,6,9149,禽
1061,7,芩,7,芩,w245a0402,芩,7,9150,芩
1061,8,𨙽,8,𨙽,w245a0403,𨙽,8,9151,𨙽
1061,9,檎,9,檎,w245a0404,檎,9,9152,檎
1061,10,㕋,10,㕋,w245a0405,㕋,10,9153,㕋
1061,11,鵭,11,鵭,w245a0501,鵭,11,9154,鵭
1061,12,䔷,12,䔷,w245a0502,䔷,12,9155,䔷
1061,13,澿,13,澿,w245a0503,澿,13,9156,澿
1061,14,凜,14,凜,w245a0504,凜,14,9157,凜
1061,15,庈,15,庈,w245a0505,庈,15,9158,庈
1061,16,雂,16,雂,w245a0506,雂,16,9159,雂
1061,17,㪁,17,㪁,w245a0601,㪁,17,9160,㪁
1061,18,㱽,18,㱽,w245a0602,㱽,18,9161,㱽
1061,19,黚,19,黚,w245a0603,黚,19,9162,黚
1061,20,䅾,20,䅾,w245a0604,䅾,20,9163,䅾
1061,21,耹,21,耹,w245a0605,耹,21,9164,耹
1061,22,靲,22,靲,w245a0606,靲,22,9165,靲
1062,1,欽,1,欽,w245a0607,欽,1,9166,欽
1062,2,菳,2,菳,w245a0701,菳,2,9167,菳
1062,3,衾,3,衾,w245a0702,衾,3,9168,衾
1062,4,嶔,4,嶔,w245a0703,嶔,4,9169,嶔
1062,5,顉,5,顉,w245a0704,顉,5,9170,顉
1063,1,吟,1,吟,w245a0705,吟,1,9171,吟
1063,2,訡,2,訡,w245a0801,訡,2,9172,訡
1063,3,䪩,3,䪩,w245a0802,䪩,3,9173,䪩
1063,4,唫,4,唫,w245a0803,唫,4,9174,唫
1063,5,崟,5,崟,w245a0804,崟,5,9175,崟
1063,6,荶,6,荶,w245a0805,荶,6,9176,荶
1063,7,碞,7,碞,w245a0806,碞,7,9177,碞
1063,8,𩂢,8,𩂢,w245a0807,𩂢,8,9178,𩂢
1063,9,乑,9,乑,w245a0901,乑,9,9179,乑
1063,10,𠪚,10,𠪚,w245a0902,𠪚,10,9180,𠪚
1064,1,歆,1,歆,w245a0903,歆,1,9181,歆
1064,2,廞,2,廞,w245a0904,廞,2,9182,廞
1064,3,嬜,3,嬜,w245a0905,嬜,3,9183,嬜
1064,4,㽎,4,㽎,w245a1001,㽎,4,9184,㽎
1065,1,金,1,金,w245a1002,金,1,9185,金
1065,2,今,2,今,w245b0201,今,2,9186,今
1065,3,黅,3,黅,w245b0202,黅,3,9187,黅
1065,4,衿,4,衿,w245b0203,衿,4,9188,衿
1065,5,襟,5,襟,w245b0204,襟,5,9189,襟
1065,6,䘳,6,䘳,w245b0205,䘳,6,9190,䘳
1065,7,禁,7,禁,w245b0206,禁,7,9191,禁
1065,8,㦗,8,㦗,w245b0301,㦗,8,9192,㦗
1065,9,𪑙,9,𪑙,w245b0302,𪑙,9,9193,𪑙
1066,1,音,1,音,w245b0303,音,1,9194,音
1066,2,陰,2,陰,w245b0401,隂,2,9195,陰
1066,3,隌,3,隌,w245b0402,隌,3,9196,隌
1066,4,瘖,4,瘖,w245b0501,瘖,4,9197,瘖
1066,5,霠,5,霠,w245b0502,霠〈𩃬〉,5,9198,霠
1066,6,䜾,6,䜾,w245b0503,䜾,6,9199,䜾
1066,7,喑,7,喑,w245b0504,喑,7,9200,喑
1066,8,䤃,8,䤃,w245b0601,䤃,8,9201,䤃
1067,1,森,1,森,w245b0602,森,1,9202,森
1067,2,參,2,參,w245b0603,參,2,9203,參
1067,3,曑,3,曑,w245b0604,曑,3,9204,曑
1067,4,蔘,4,蔘,w245b0605,蔘,4,9205,蔘
1067,5,薓,5,薓,w245b0606,薓,5,9206,薓
1067,6,槮,6,槮,w245b0701,槮,6,9207,槮
1067,7,襳,7,襳,w245b0702,襳,7,9208,襳
1067,8,𥥿〈𥥍〉,8,𥥿〈𥥍〉,w245b0703,𥥿〈𥥍〉,8,9209,𥥿
1067,9,穼,9,穼,w245b0704,穼,9,9210,穼
1067,10,棽,10,棽,w245b0705,棽,10,9211,棽
1068,1,岑,1,岑,w245b0706,岑,1,9212,岑
1068,2,涔,2,涔,w245b0801,涔,2,9213,涔
1068,3,㞥,3,㞥,w245b0802,㞥,3,9214,㞥
1068,4,梣,4,梣,w245b0803,梣,4,9215,梣
1068,5,𣠟,5,𣠟,w245b0901,𣠟,5,9216,𣠟
1068,6,𩅨,6,𩅨,w245b0902,𩅨,6,9217,𩅨
1068,7,𩻛,7,𩻛,w245b0903,𩻛,7,9218,𩻛
1068,8,䅾,8,䅾,w245b0904,䅾,8,9219,䅾
1068,9,笒,9,笒,w245b0905,笒,9,9220,笒
1069,1,兂,1,兂,w245b0906,兂,1,9221,兂
1069,2,簪,2,簪,w245b0907,簪,2,9222,簪
1069,3,㻸,3,㻸,w245b0908,㻸,3,9223,㻸
1069,4,撍,4,撍,w245b1001,撍,4,9224,撍
1070,1,嵾,1,嵾,w245b1002,嵾,1,9225,嵾
1070,2,參,2,參,w245b1003,參,2,9226,參
1070,3,梫,3,梫,w245b1004,梫,3,9227,梫
1070,4,𥤇,4,𥤇,w245b1005,𥤇,4,9228,𥤇
1070,5,駸,5,駸,w245b1006,駸,5,9229,駸
1070,6,槮,6,槮,w246a0101,槮,6,9230,槮
1071,1,𧡪,1,𧡪,w246a0102,𧡪,1,9231,𧡪
1072,1,覃,1,覃,w246a0201,覃,1,9232,覃
1072,2,𨝸,2,𨝸,w246a0202,𨝸,2,9233,𨝸
1072,3,潭,3,潭,w246a0203,潭,3,9234,潭
1072,4,曇,4,曇,w246a0301,曇,4,9235,曇
1072,5,藫,5,藫,w246a0302,藫,5,9236,藫
1072,6,橝,6,橝,w246a0303,橝,6,9237,橝
1072,7,蟫,7,蟫,w246a0304,蟫,7,9238,蟫
1072,8,譚,8,譚,w246a0305,譚,8,9239,譚
1072,9,𧽼,9,𧽼,w246a0306,𧽼,9,9240,𧽼
1072,10,燂,10,燂,w246a0401,燂,10,9241,燂
1072,11,壜,11,壜,w246a0402,壜,11,9242,壜
1072,12,鐔,12,鐔,w246a0403,鐔,12,9243,鐔
1072,13,眈,13,眈,w246a0404,眈,13,9244,眈
1072,14,㽎,14,㽎,w246a0405,㽎,14,9245,㽎
1072,15,𦗡,15,𦗡,w246a0406,𦗡,15,9246,𦗡
1072,16,𩡝,16,𩡝,w246a0407,𩡝,16,9247,𩡝
1072,17,𧂇,17,𧂇,w246a0408,𧂇,17,9248,𧂗
1072,18,蕁,18,蕁,w246a0501,蕁,18,9249,蕁
1072,19,䊤,19,䊤,w246a0502,䊤,19,9250,䊤
1072,20,㽑,20,㽑,w246a0503,㽑,20,9251,㽑
1073,1,參,1,參,w246a0504,參,1,9252,參
1073,2,驂,2,驂,w246a0505,驂,2,9253,驂
1073,3,䟃,3,䟃,w246a0506,䟃,3,9254,䟃
1073,4,傪,4,傪,w246a0507,傪,4,9255,傪
1073,5,㜗,5,㜗,w246a0601,㜗,5,9256,㜗
1074,1,南,1,南,w246a0602,南,1,9257,南
1074,2,男,2,男,w246a0801,男,2,9258,男
1074,3,柟,3,柟,w246a0901,柟,3,9259,柟
1074,4,楠,4,楠,w246a0902,楠,4,9260,楠
1074,5,抩,5,抩,w246a0903,抩,5,9261,抩
1074,6,䶲,6,䶲,w246a0904,䶲,6,9262,䶲
1074,7,𤱣,7,𤱣,w246a0905,𤱣,7,9263,𤱣
1075,1,諳,1,諳,w246a0906,諳,1,9264,諳
1075,2,䳺,2,䳺,w246a1001,䳺,2,9265,䳺
1075,3,媕,3,媕,w246a1002,媕,3,9266,媕
1075,4,庵,4,庵,w246a1003,庵,4,9267,庵
1075,5,腤,5,腤,w246a1004,腤,5,9268,腤
1075,6,菴,6,菴,w246a1005,菴,6,9269,菴
1075,7,㞄,7,㞄,w246b0101,㞄,7,9270,㞄
1075,8,馣,8,馣,w246b0102,馣,8,9271,馣
1075,9,嬜,9,嬜,w246b0103,嬜,9,9272,嬜
1075,10,韽,10,韽,w246b0104,韽,10,9273,韽
1075,11,盦,11,盦,w246b0105,盦,11,9274,盦
1075,12,喑,12,喑,w246b0106,喑,12,9275,喑
1076,1,含,1,含,w246b0107,含,1,9276,含
1076,2,涵,2,涵,w246b0201,涵,2,9277,涵
1076,3,䈄,3,䈄,w246b0202,䈄,3,9278,䈄
1076,4,筨,4,筨,w246b0203,筨,4,9279,筨
1076,5,梒,5,梒,w246b0204,梒,5,9280,梒
1076,6,䤴,6,䤴,w246b0205,䤴,6,9281,䤴
1076,7,函,7,函,w246b0301,函,7,9282,函
1076,8,顄,8,顄,w246b0302,顄,8,9283,顄
1076,9,𩔞,9,𩔞,w246b0303,𩔞,9,9284,𩔞
1076,10,蜬,10,蜬,w246b0304,蜬,10,9285,蜬
1076,11,頷,11,頷,w246b0305,頷,11,9286,頷
1076,12,𣹢,12,𣹢,w246b0306,𣹢,12,9287,𣹢
1076,13,鋡,13,鋡,w246b0307,鋡,13,9288,鋡
1076,14,𤭙,14,𤭙,w246b0401,𤭙,14,9289,𤭙
1076,15,𠥴,15,𠥴,w246b0402,𠥴,15,9290,𠥴
1076,16,䶃,16,䶃,w246b0403,䶃,16,9291,䶃
1076,17,圅,17,圅,w246b0404,圅,17,9292,圅
1076,18,肣,18,肣,w246b0405,肣,18,9293,肣
1076,19,䨡,19,䨡,w246b0406,䨡,19,9294,䨡
1076,20,𩄙,20,𩄙,w246b0407,𩄙,20,9295,𩄙
1076,21,𢎘,21,𢎘,w246b0408,𢎘,21,9296,𢎘
1076,22,𠗴,22,𠗴,w246b0501,𠗴,22,9297,𠗴
1077,1,婪,1,婪,w246b0502,婪,1,9298,婪
1077,2,惏,2,惏,w246b0503,惏,2,9299,惏
1077,3,燣,3,燣,w246b0504,燣,3,9300,燷
1077,4,嵐,4,嵐,w246b0505,嵐,4,9301,嵐
1077,5,葻,5,葻,w246b0601,葻,5,9302,葻
1077,6,啉,6,啉,w246b0602,啉,6,9303,啉
1078,1,蠶,1,蠶,w246b0603,蠶,1,9304,蠶
1078,2,撏,2,撏,w246b0701,撏,2,9305,撏
1078,3,䣟,3,䣟,w246b0702,䣟,3,9306,䣟
1078,4,𨅔,4,𨅔,w246b0703,𨅔,4,9307,𨅔
1079,1,簪,1,簪,w246b0704,簪,1,9308,簪
1079,2,撍,2,撍,w246b0705,撍,2,9309,撍
1079,3,篸,3,篸,w246b0706,篸,3,9310,篸
1079,4,𥸢,4,𥸢,w246b0707,𥸢,4,9311,𥸢
1079,5,䐶,5,䐶,w246b0708,䐶,5,9312,䐶
1079,6,䍼,6,䍼,w246b0709,䍼,6,9313,䍼
1079,7,鐕,7,鐕,w246b0801,鐕,7,9314,鐕
1080,1,探,1,探,w246b0802,探,1,9315,探
1080,2,撢,2,撢,w246b0803,撢,2,9316,撢
1080,3,貪,3,貪,w246b0804,貪,3,9317,貪
1081,1,耽,1,耽,w246b0805,耽,1,9318,耽
1081,2,湛,2,湛,w246b0901,湛,2,9319,湛
1081,3,眈,3,眈,w246b0902,眈,3,9320,眈
1081,4,酖,4,酖,w246b0903,酖,4,9321,酖
1081,5,妉,5,妉,w246b0904,妉,5,9322,妉
1081,6,甔,6,甔,w246b0905,甔,6,9323,甔
1081,7,媅,7,媅,w246b1001,媅,7,9324,媅
1081,8,𧡪,8,𧡪,w246b1002,𧡪,8,9325,𧡪
1081,9,𡖓,9,𡖓,w246b1003,𡖓,9,9326,𡖓
1082,1,龕,1,龕,w246b1004,龕,1,9327,龕
1082,2,𢦟,2,𢦟,w246b1005,𢦟,2,9328,𢦟
1082,3,𩑟,3,𩑟,w247a0101,𩑟,3,9329,𩑟
1082,4,堪,4,堪,w247a0102,堪,4,9330,堪
1082,5,戡,5,戡,w247a0103,戡,5,9331,戡
1082,6,𤯎〈𤯍〉,6,𤯎〈𤯍〉,w247a0104,𤯎,6,9332,𤯌
1082,7,嵁,7,嵁,w247a0105,嵁,7,9333,嵁
1082,8,𤬪,8,𤬪,w247a0201,𤬪,8,9334,𤬪
1082,9,撖,9,撖,w247a0202,撖,9,9335,撖
1082,10,㪁,10,㪁,w247a0203,㪁,10,9336,㪁
1083,1,㟏,1,㟏,w247a0204,㟏,1,9337,㟏
1083,2,𩈣,2,𩈣,w247a0205,𩈣,2,9338,𩈣
1083,3,馠,3,馠,w247a0206,馠,3,9339,馠
1083,4,𣢺,4,𣢺,w247a0207,𣢺,4,9340,𣢺
1083,5,谽,5,谽,w247a0208,谽,5,9341,谽
1083,6,唅,6,唅,w247a0301,唅,6,9342,唅
1083,7,𡬖,7,𡬖,w247a0302,𡬖,7,9343,𡬖
1083,8,𡪶,8,𡪶,w247a0303,𡪶,8,9344,𡪶
1084,1,毿,1,毿,w247a0304,毿,1,9345,毿
1084,2,蔘,2,蔘,w247a0305,蔘,2,9346,蔘
1084,3,犙,3,犙,w247a0306,犙,3,9347,犙
1085,1,弇,1,弇,w247a0307,弇,1,9348,弇
1085,2,䶃,2,䶃,w247a0401,䶃,2,9349,䶃
1085,3,淦,3,淦,w247a0402,淦,3,9350,淦
1085,4,䌠,4,䌠,w247a0501,䌠,4,9351,䌠
1085,5,蜬,5,蜬,w247a0502,蜬,5,9352,蜬
1086,1,䜙,1,䜙,w247a0503,䜙,1,9353,䜙
1086,2,𡪁,2,𡪁,w247a0504,𡪁,2,9354,𡪁
1086,3,嵁,3,嵁,w247a0505,嵁,3,9355,嵁
1087,1,談,1,談,w247a0701,談,1,9356,談
1087,2,郯,2,郯,w247a0702,郯,2,9357,郯
1087,3,惔,3,惔,w247a0801,惔,3,9358,惔
1087,4,錟,4,錟,w247a0802,錟,4,9359,錟
1087,5,淡,5,淡,w247a0803,淡,5,9360,淡
1087,6,痰,6,痰,w247a0804,痰,6,9361,痰
1087,7,澹,7,澹,w247a0805,澹,7,9362,澹
1087,8,倓,8,倓,w247a0901,倓,8,9363,倓
1087,9,餤,9,餤,w247a0902,餤,9,9364,餤
1087,10,𥰨,10,𥰨,w247a0903,𥰨,10,9365,𥰨
1087,11,㶣,11,㶣,w247a0904,㶣,11,9366,㶣
1088,1,甘,1,甘,w247a1001,甘,1,9367,甘
1088,2,柑,2,柑,w247b0201,柑,2,9368,柑
1088,3,䇞,3,䇞,w247b0202,䇞,3,9369,䇞
1088,4,苷,4,苷,w247b0203,苷,4,9370,苷
1088,5,泔,5,泔,w247b0204,泔,5,9371,泔
1088,6,𤯎〈𤯍〉,6,𤯎〈𤯍〉,w247b0205,𤯎,6,9372,𤯎
1088,7,媣,7,媣,w247b0206,媣,7,9373,媣
1089,1,擔,1,擔,w247b0207,擔,1,9374,擔
1089,2,儋,2,儋,w247b0301,儋,2,9375,儋
1089,3,聸,3,聸,w247b0302,聸,3,9376,聸
1089,4,頕,4,頕,w247b0303,頕,4,9377,頕
1089,5,甔,5,甔,w247b0304,甔,5,9378,甔
1090,1,三,1,三,w247b0401,三,1,9379,三
1090,2,參,2,參,w247b0501,參,2,9380,參
1090,3,弎,3,弎,w247b0502,弎,3,9381,弎
1090,4,𢁘,4,𢁘,w247b0503,𢁘,4,9382,𢁘
1090,5,鬖,5,鬖,w247b0504,鬖,5,9383,鬖
1091,1,藍,1,藍,w247b0505,藍,1,9384,藍
1091,2,襤,2,襤,w247b0601,襤,2,9385,襤
1091,3,䰐,3,䰐,w247b0602,䰐,3,9386,䰐
1091,4,擥,4,擥,w247b0603,㩜,4,9387,㩜
1091,5,籃,5,籃,w247b0604,籃,5,9388,籃
1091,6,𩈵,6,𩈵,w247b0605,𩈵,6,9389,𩈵
1091,7,𪇖,7,𪇖,w247b0606,𪇖,7,9390,𪇖
1091,8,懢,8,懢,w247b0701,懢,8,9391,懢
1091,9,䆾,9,䆾,w247b0702,䆾,9,9392,䆾
1091,10,儖,10,儖,w247b0703,儖,10,9393,儖
1091,11,蘫,11,蘫,w247b0704,灆〈蘫〉,11,9394,蘫
1092,1,坩,1,坩,w247b0705,坩,1,9395,坩
1093,1,舑,1,舑,w247b0706,舑,1,9396,舑
1093,2,聃,2,聃,w247b0707,聃,2,9397,聃
1093,3,𨈭,3,𨈭,w247b0801,𨈭,3,9398,𨈭
1093,4,緂,4,緂,w247b0802,緂,4,9399,緂
1093,5,㘱,5,㘱,w247b0803,㘱,5,9400,㘱
1093,6,䔜,6,䔜,w247b0804,䔜,6,9401,䔜
1093,7,䆱,7,䆱,w247b0805,䆱,7,9402,䆱
1093,8,㴂,8,㴂,w247b0806,㴂,8,9403,㴂
1093,9,𦸁,9,𦸁,w247b0901,𦸁,9,9404,𦸁
1094,1,慙,1,慙,w247b0902,慙,1,9405,慙
1094,2,慚,2,慚,w247b0903,慚,2,9406,慚
1094,3,鏨,3,鏨,w247b0904,鏨,3,9407,鏨
1094,4,䳻,4,䳻,w247b0905,䳻,4,9408,䳻
1094,5,㨻,5,㨻,w247b0906,㨻,5,9409,㨻
1095,1,酣,1,酣,w247b0907,酣,1,9410,酣
1095,2,甝,2,甝,w247b1001,甝,2,9411,甝
1095,3,䗣,3,䗣,w247b1002,䗣,3,9412,䗣
1095,4,魽,4,魽,w247b1003,魽,4,9413,魽
1095,5,𤯎〈𤯍〉,5,𤯎〈𤯍〉,w247b1004,𤯎,5,9414,𤯎
1095,6,煔,6,煔,w247b1005,煔,6,9415,煔
1095,7,炶,7,炶,w247b1006,炶,7,9416,炶
1095,8,邯,8,邯,w247b1007,邯〈𣵷〉,8,9417,邯
1096,1,姏,1,姏,w248a0101,姏,1,9418,姏
1097,1,𩈻,1,𩈻,w248a0102,𩈻,1,9419,𩈻
1098,1,蚶,1,蚶,w248a0103,蚶,1,9420,蚶
1098,2,𧵊,2,𧵊,w248a0201,𧵊,2,9421,𧵊
1098,3,嬜,3,嬜,w248a0202,嬜,3,9422,嬜
1098,4,歛,4,歛,w248a0203,歛,4,9423,歛
1098,5,憨,5,憨,w248a0204,憨,5,9424,憨
1099,1,鹽,1,鹽,w248a0301,鹽,1,9425,鹽
1099,2,塩,2,塩,w248a0401,塩,2,9426,塩
1099,3,𣡶,3,𣡶,w248a0402,𣡶,3,9427,𣡶
1099,4,閻,4,閻,w248a0403,閻,4,9428,閻
1099,5,壛,5,壛,w248a0404,壛,5,9429,壛
1099,6,阽,6,阽,w248a0405,阽,6,9430,阽
1099,7,檐,7,檐,w248a0406,檐,7,9431,檐
1099,8,簷,8,簷,w248a0407,簷,8,9432,簷
1099,9,櫩,9,櫩,w248a0501,櫩,9,9433,櫩
1099,10,𣡞,10,𣡞,w248a0502,𣡞,10,9434,𣡞
1099,11,㶄,11,㶄,w248a0503,㶄,11,9435,㶄
1099,12,𪂈,12,𪂈,w248a0504,𪂈,12,9436,𪂈
1099,13,䦲,13,䦲,w248a0505,䦲,13,9437,䦲
1099,14,㿕,14,㿕,w248a0601,㿕,14,9438,㿕
1099,15,𤅸,15,𤅸,w248a0602,𤅸,15,9439,𤅸
1100,1,廉,1,廉,w248a0603,廉,1,9440,廉
1100,2,鐮,2,鐮,w248a0604,鐮,2,9441,鐮
1100,3,鎌,3,鎌,w248a0701,鎌,3,9442,鎌
1100,4,𩄡,4,𩄡,w248a0702,𩄡,4,9443,𩄡
1100,5,㡘,5,㡘,w248a0703,㡘,5,9444,㡘
1100,6,簾,6,簾,w248a0704,簾,6,9445,簾
1100,7,薕,7,薕,w248a0801,薕,7,9446,薕
1100,8,薟,8,薟,w248a0802,薟,8,9447,薟
1100,9,蘞,9,蘞,w248a0803,蘞,9,9448,蘞
1100,10,匳,10,匳,w248a0804,匳,10,9449,匳
1100,11,籢,11,籢,w248a0805,籢,11,9450,籨
1100,12,𥖝,12,𥖝,w248a0901,𥖝,12,9451,𥖝
1100,13,獫,13,獫,w248a0902,獫,13,9452,獫
1100,14,蠊,14,蠊,w248a0903,蠊,14,9453,蠊
1100,15,䆂,15,䆂,w248a0904,䆂,15,9454,䆂
1100,16,𨎷,16,𨎷,w248a0905,𨎷,16,9455,𨎷
1100,17,𣀃,17,𣀃,w248a1001,𣀃,17,9456,𣀃
1100,18,帘,18,帘,w248a1002,帘,18,9457,帘
1100,19,鬑,19,鬑,w248a1003,鬑,19,9458,鬑
1100,20,覝,20,覝,w248a1004,覝,20,9459,覝
1101,1,砭,1,砭,w248a1005,砭,1,9460,砭
1101,2,𥑁〈𥐗〉,2,𥑁〈𥐗〉,w248a1006,𥑁〈𥐦〉,2,9461,𥑁
1102,1,銛,1,銛,w248a1007,銛,1,9462,銛
1102,2,暹,2,暹,w248b0101,暹,2,9463,暹
1102,3,枮,3,枮,w248b0102,枮,3,9464,枮
1102,4,綅,4,綅,w248b0103,綅,4,9465,綅
1102,5,𦃌,5,𦃌,w248b0104,𦃌,5,9466,𦃌
1102,6,韱,6,韱,w248b0105,韱,6,9467,韱
1102,7,襳,7,襳,w248b0201,襳,7,9468,襳
1102,8,纖,8,纖,w248b0202,纖,8,9469,纖
1102,9,憸,9,憸,w248b0203,憸,9,9470,憸
1102,10,孅,10,孅,w248b0204,孅,10,9471,孅
1102,11,䯹,11,䯹,w248b0205,䯹,11,9472,䯹
1102,12,彡,12,彡,w248b0206,彡,12,9473,彡
1102,13,𢘁,13,𢘁,w248b0207,𢘁,13,9474,𢘁
1103,1,籤,1,籤,w248b0301,籤,1,9475,籤
1103,2,臉,2,臉,w248b0302,臉,2,9476,臉
1103,3,䑎,3,䑎,w248b0303,䑎,3,9477,䑎
1103,4,鹼,4,鹼,w248b0304,鹼,4,9478,鹼
1103,5,槧,5,槧,w248b0305,槧,5,9479,槧
1103,6,憸,6,憸,w248b0401,憸,6,9480,憸
1103,7,僉,7,僉,w248b0402,僉,7,9481,僉
1103,8,𠠃,8,𠠃,w248b0403,𠠃,8,9482,𠠃
1103,9,㡨,9,㡨,w248b0404,㡨,9,9483,㡨
1103,10,譣,10,譣,w248b0405,譣,10,9484,譣
1104,1,詹,1,詹,w248b0406,詹,1,9485,詹
1104,2,瞻,2,瞻,w248b0501,瞻,2,9486,瞻
1104,3,占,3,占,w248b0502,占,3,9487,占
1104,4,蟾,4,蟾,w248b0503,蟾,4,9488,蟾
1104,5,噡,5,噡,w248b0701,噡,5,9489,噡
1104,6,厃,6,厃,w248b0702,厃,6,9490,厃
1105,1,棎,1,棎,w248b0703,棎,1,9491,棎
1105,2,撏,2,撏,w248b0704,撏,2,9492,撏
1105,3,蟾,3,蟾,w248b0801,蟾,3,9493,蟾
1106,1,苫,1,苫,w248b0802,苫,1,9494,苫
1106,2,痁,2,痁,w248b0803,痁,2,9495,痁
1106,3,𡝫,3,𡝫,w248b0804,𡝫,3,9496,𡝫
1107,1,䪜,1,䪜,w248b0901,䪜,1,9497,䪜
1107,2,㚲,2,㚲,w248b0902,㚲,2,9498,㚲
1107,3,幨,3,幨,w248b0903,幨,3,9499,幨
1107,4,襜,4,襜,w248b0904,襜,4,9500,襜
1107,5,裧,5,裧,w248b0905,裧,5,9501,裧
1107,6,𤎥,6,𤎥,w248b1001,𤎥,6,9502,𤎥
1107,7,㾆,7,㾆,w248b1002,㾆,7,9503,㾆
1107,8,緂,8,緂,w248b1003,緂,8,9504,緂
1107,9,妗,9,妗,w248b1004,妗,9,9505,妗
1107,10,𢛈,10,𢛈,w248b1005,𢛈,10,9506,𢛈
1107,11,𢃔,11,𢃔,w248b1006,𢃔,11,9507,𢃔
1108,1,𩓾,1,𩓾,w248b1007,𩓾,1,9508,𩓾
1108,2,髯,2,髯,w249a0101,髯,2,9509,髯
1108,3,蚺,3,蚺,w249a0102,蚺,3,9510,蚺
1108,4,呥,4,呥,w249a0103,呥,4,9511,呥
1108,5,柟,5,柟,w249a0104,柟,5,9512,柟
1108,6,𧦦,6,𧦦,w249a0105,𧦦,6,9513,𧦦
1108,7,蛅,7,蛅,w249a0106,蛅,7,9514,蛅
1108,8,冉,8,冉,w249a0201,冉,8,9515,冉
1108,9,袡,9,袡,w249a0202,袡,9,9516,袡
1108,10,䶲,10,䶲,w249a0203,䶲,10,9517,䶲
1108,11,㾆,11,㾆,w249a0204,㾆,11,9518,㾆
1108,12,舑,12,舑,w249a0205,舑,12,9519,舑
1109,1,黏,1,黏,w249a0301,黏,1,9520,黏
1109,2,粘,2,粘,w249a0302,粘,2,9521,粘
1109,3,䬯,3,䬯,w249a0303,䬯,3,9522,䬯
1110,1,炎,1,炎,w249a0304,炎,1,9523,炎
1111,1,霑,1,霑,w249a0305,霑,1,9524,霑
1111,2,沾,2,沾,w249a0401,沾,2,9525,沾
1111,3,𪏉,3,𪏉,w249a0402,𪏉,3,9526,𪏉
1112,1,覘,1,覘,w249a0403,覘,1,9527,覘
1112,2,𡝫,2,𡝫,w249a0404,𡝫,2,9528,𡝫
1113,1,淹,1,淹,w249a0405,淹,1,9529,淹
1113,2,菴,2,菴,w249a0501,菴,2,9530,菴
1113,3,崦,3,崦,w249a0502,崦,3,9531,崦
1113,4,醃,4,醃,w249a0503,醃,4,9532,醃
1113,5,䣍,5,䣍,w249a0504,䣍,5,9533,䣍
1113,6,閹,6,閹,w249a0505,閹,6,9534,閹
1114,1,𢜩,1,𢜩,w249a0601,𢜩,1,9535,𢜩
1114,2,𨦄,2,𨦄,w249a0602,𨦄,2,9536,𨦄
1115,1,𪙊,1,𪙊,w249a0603,𪙊,1,9537,𪙊
1116,1,尖,1,尖,w249a0604,尖,1,9538,尖
1116,2,殲,2,殲,w249a0605,殲,2,9539,殲
1116,3,瀸,3,瀸,w249a0606,瀸,3,9540,瀸
1116,4,㡨,4,㡨,w249a0701,㡨,4,9541,㡨
1116,5,𡄑,5,𡄑,w249a0702,𡄑,5,9542,𡄑
1116,6,漸,6,漸,w249a0703,漸,6,9543,漸
1116,7,虃,7,虃,w249a0704,虃,7,9544,虃
1116,8,熸,8,熸,w249a0705,熸,8,9545,熸
1116,9,㦰,9,㦰,w249a0706,㦰,9,9546,䇝
1116,10,𩅼,10,𩅼,w249a0801,𩅼,10,9547,𩅼
1116,11,鑯,11,鑯,w249a0802,鑯,11,9548,鑯
1116,12,鋟,12,鋟,w249a0803,鋟,12,9549,鋟
1116,13,𩃔,13,𩃔,w249a0804,𩃢,13,9550,𩃔
1117,1,潛,1,潛,w249a0901,潛,1,9551,潛
1117,2,朁,2,朁,w249a0902,朁,2,9552,朁
1117,3,鬵,3,鬵,w249a0903,鬵,3,9553,鬵
1117,4,𥮒,4,𥮒,w249a0904,𥮒,4,9554,𥮒
1117,5,灊,5,灊,w249a1001,灊,5,9555,灊
1117,6,䁮,6,䁮,w249a1002,䁮,6,9556,䁮
1117,7,燂,7,燂,w249a1003,燂,7,9557,燂
1117,8,𤎢,8,𤎢,w249a1004,𤎢,8,9558,𤎢
1117,9,螹,9,螹,w249a1005,螹,9,9559,螹
1118,1,箝,1,箝,w249a1006,箝,1,9560,箝
1118,2,鉗,2,鉗,w249b0101,鉗,2,9561,鉗
1118,3,𢁮,3,𢁮,w249b0102,𢁮,3,9562,𢁮
1118,4,鉆,4,鉆,w249b0201,鉆,4,9563,鉆
1118,5,黚,5,黚,w249b0202,黚,5,9564,黚
1118,6,拑,6,拑,w249b0203,拑,6,9565,拑
1118,7,黔,7,黔,w249b0204,黔,7,9566,黔
1118,8,羬,8,羬,w249b0301,羬,8,9567,羬
1118,9,鳹,9,鳹,w249b0302,鳹,9,9568,鳹
1118,10,雂,10,雂,w249b0303,雂,10,9569,雂
1118,11,鍼,11,鍼,w249b0304,鍼,11,9570,鍼
1118,12,鈐,12,鈐,w249b0305,鈐,12,9571,鈐
1119,1,懕,1,懕,w249b0401,懕,1,9572,懕
1119,2,猒,2,猒,w249b0402,猒,2,9573,猒
1119,3,饜,3,饜,w249b0403,饜,3,9574,饜
1119,4,嬮,4,嬮,w249b0404,嬮,4,9575,嬮
1119,5,㤿,5,㤿,w249b0405,㤿,5,9576,㤿
1119,6,䅧,6,䅧,w249b0501,䅧,6,9577,䅧
1119,7,𨣻,7,𨣻,w249b0502,𨣻〈㜝〉,7,9578,𨣻
1120,1,燅,1,燅,w249b0503,燅,1,9579,燅
1120,2,𤍙,2,𤍙,w249b0504,𤍙,2,9580,𤍙
1120,3,燖,3,燖,w249b0505,燖,3,9581,燖
1120,4,爓,4,爓,w249b0506,爓,4,9582,爓
1120,5,𦢨,5,𦢨,w249b0507,𦢨,5,9583,𦢨
1120,6,䕭,6,䕭,w249b0601,䕭,6,9584,䕭
1120,7,𢸧,7,𢸧,w249b0602,𢸧,7,9585,𢸧
1120,8,㰊,8,㰊,w249b0603,㰊,8,9586,㰊
1120,9,𢅮,9,𢅮,w249b0604,𢅮,9,9587,𢅮
1121,1,襳,1,襳,w249b0605,襳,1,9588,襳
1122,1,㶣,1,㶣,w249b0606,㶣,1,9589,㶣
1122,2,𪏂,2,𪏂,w249b0701,𪏂,2,9590,𪏂
1122,3,誗,3,誗,w249b0702,誗,3,9591,誗
1123,1,鍼,1,鍼,w249b0703,鍼,1,9592,鍼
1124,1,添,1,添,w249b0801,添,1,9593,添
1124,2,沾,2,沾,w249b0802,沾,2,9594,沾
1124,3,黇,3,黇,w249b0803,黇,3,9595,黇
1124,4,舚,4,舚,w249b0804,舚,4,9596,舚
1125,1,𩬑,1,𩬑,w249b0805,𩬑,1,9597,𩬑
1125,2,敁,2,敁,w249b0901,敁,2,9598,敁
1125,3,佔,3,佔,w249b0902,佔,3,9599,佔
1125,4,詀,4,詀,w249b0903,詀,4,9600,詀
1125,5,㤴〈㡇〉,5,㤴〈㡇〉,w249b0904,㤴〈㡇〉,5,9601,㡇
1125,6,𧚊,6,𧚊,w249b0905,𧚊,6,9602,𧚊
1125,7,𦕒,7,𦕒,w249b0906,𦕒,7,9603,𦕒
1125,8,䀡,8,䀡,w249b1001,䀡,8,9604,䀡
1126,1,甜,1,甜,w249b1002,甜,1,9605,甜
1126,2,恬,2,恬,w249b1003,恬,2,9606,恬
1126,3,湉,3,湉,w249b1004,湉,3,9607,湉
1126,4,菾,4,菾,w249b1005,菾,4,9608,菾
1126,5,𦳇,5,𦳇,w249b1006,𦳇,5,9609,𦳇
1127,1,鬑,1,鬑,w249b1007,鬑,1,9610,鬑
1127,2,薕,2,薕,w249b1008,薕,2,9611,薕
1127,3,熑,3,熑,w250a0101,熑,3,9612,熑
1127,4,溓,4,溓,w250a0102,溓,4,9613,溓
1127,5,濂,5,濂,w250a0103,濂,5,9614,濓
1127,6,燫,6,燫,w250a0104,燫,6,9615,燫
1128,1,謙,1,謙,w250a0201,謙,1,9616,謙
1128,2,䌠,2,䌠,w250a0202,䌠,2,9617,䌠
1129,1,兼,1,兼,w250a0203,兼,1,9618,兼
1129,2,縑,2,縑,w250a0204,縑,2,9619,縑
1129,3,鶼,3,鶼,w250a0301,鶼,3,9620,鶼
1129,4,𥻧,4,𥻧,w250a0302,𥻧,4,9621,𥻧
1129,5,蒹,5,蒹,w250a0303,蒹,5,9622,蒹
1129,6,𦋰,6,𦋰,w250a0304,𦋰,6,9623,𦋰
1129,7,鰜,7,鰜,w250a0305,鰜,7,9624,鰜
1130,1,嫌,1,嫌,w250a0306,嫌,1,9625,嫌
1130,2,稴,2,稴,w250a0401,稴,2,9626,稴
1131,1,鮎,1,鮎,w250a0402,鮎,1,9627,鮎
1131,2,䬯,2,䬯,w250a0403,䬯,2,9628,䬯
1131,3,拈,3,拈,w250a0404,拈,3,9629,拈
1132,1,馦,1,馦,w250a0405,馦,1,9630,馦
1132,2,㾾,2,㾾,w250a0501,㾾,2,9631,㾾
1132,3,䵌,3,䵌,w250a0502,䵌,3,9632,䵌
1132,4,㽐,4,㽐,w250a0503,㽐,4,9633,㽐
1132,5,欦,5,欦,w250a0504,欦,5,9634,欦
1132,6,䌠,6,䌠,w250a0505,䌠,6,9635,䌠
1132,7,妗,7,妗,w250a0506,妗,7,9636,妗
1133,1,咸,1,咸,w250a0601,咸,1,9637,咸
1133,2,鹹,2,鹹,w250a0602,鹹,2,9638,鹹
1133,3,醎,3,醎,w250a0603,醎,3,9639,醎
1133,4,函,4,函,w250a0604,函,4,9640,函
1133,5,𩤥,5,𩤥,w250a0701,𩤥,5,9641,𩤥
1133,6,諴,6,諴,w250a0702,諴,6,9642,諴
1133,7,鰜,7,鰜,w250a0703,鰜,7,9643,鰜
1133,8,稴,8,稴,w250a0801,稴,8,9644,稴
1133,9,椷,9,椷,w250a0802,椷,9,9645,椷
1133,10,㮭,10,㮭,w250a0803,㮭,10,9646,㮀
1133,11,輱,11,輱,w250a0804,輱,11,9647,輱
1134,1,緘,1,緘,w250a0805,緘,1,9648,緘
1134,2,䌠,2,䌠,w250a0806,䌠,2,9649,䌠
1134,3,瑊,3,瑊,w250a0807,瑊,3,9650,瑊
1134,4,玪,4,玪,w250a0808,玪,4,9651,玪
1134,5,尲,5,尲,w250a0901,尲,5,9652,尲
1134,6,黬,6,黬,w250a0902,黬,6,9653,黬
1134,7,𪒹,7,𪒹,w250a0903,𪒹,7,9654,𪒹
1135,1,攕,1,攕,w250a0904,攕,1,9655,攕
1135,2,摻,2,摻,w250a0905,摻,2,9656,摻
1135,3,檆,3,檆,w250a1001,檆,3,9657,檆
1135,4,杉,4,杉,w250a1002,杉,4,9658,杉
1135,5,櫼,5,櫼,w250a1003,櫼,5,9659,櫼
1135,6,𩃔,6,𩃔,w250a1004,𩃢,6,9660,𩃔
1135,7,𩁺,7,𩁺,w250b0101,𩁺,7,9661,𩁺
1135,8,䀐,8,䀐,w250b0102,䀐,8,9662,䀐
1135,9,𨏪,9,𨏪,w250b0103,𨏪,9,9663,𨏪
1135,10,𩌰,10,𩌰,w250b0104,𩌰,10,9664,𩌰
1135,11,㺑,11,㺑,w250b0105,㺑,11,9665,㺑
1136,1,𤟟,1,𤟟,w250b0106,𤟟,1,9666,𤟟
1136,2,淊,2,淊,w250b0107,淊,2,9667,淊
1136,3,黯,3,黯,w250b0201,黯,3,9668,黯
1137,1,嵒,1,嵒,w250b0202,嵒,1,9669,嵒
1137,2,䫡,2,䫡,w250b0203,䫡,2,9670,䫡
1137,3,黬,3,黬,w250b0204,黬,3,9671,黬
1137,4,羬,4,羬,w250b0301,羬,4,9672,羬
1137,5,𧇱,5,𧇱,w250b0302,𧇱,5,9673,𧇱
1137,6,麙,6,麙,w250b0303,麙,6,9674,麙
1137,7,𪙊,7,𪙊,w250b0304,𪙊,7,9675,𪙊
1137,8,碞,8,碞,w250b0305,碞,8,9676,碞
1137,9,㺂,9,㺂,w250b0306,㺂,9,9677,㺂
1137,10,𧬌,10,𧬌,w250b0307,𧬌,10,9678,𧬌
1138,1,㰹,1,㰹,w250b0308,㰹,1,9679,㰹
1138,2,𧍧,2,𧍧,w250b0401,𧍧,2,9680,𧍧
1138,3,妗,3,妗,w250b0402,妗,3,9681,妗
1138,4,𧮰,4,𧮰,w250b0403,𧮰,4,9682,𧮰
1138,5,䩂,5,䩂,w250b0404,䩂,5,9683,䩂
1139,1,詀,1,詀,w250b0405,詀,1,9684,詀
1139,2,䩇,2,䩇,w250b0501,䩇,2,9685,䩇
1139,3,鵮,3,鵮,w250b0502,鵮,3,9686,鵮
1139,4,𪉜,4,𪉜,w250b0503,𪉜,4,9687,𪉜
1140,1,諵,1,諵,w250b0504,諵,1,9688,諵
1140,2,喃,2,喃,w250b0505,喃,2,9689,喃
1141,1,讒,1,讒,w250b0506,讒,1,9690,讒
1141,2,獑,2,獑,w250b0601,獑,2,9691,獑
1141,3,鏨,3,鏨,w250b0602,鏨,3,9692,鏨
1141,4,饞,4,饞,w250b0603,饞,4,9693,饞
1141,5,毚,5,毚,w250b0604,毚,5,9694,毚
1141,6,㺥,6,㺥,w250b0605,㺥,6,9695,㺥
1141,7,𪗂,7,𪗂,w250b0606,𪗂,7,9696,𪗂
1141,8,欃,8,欃,w250b0607,欃,8,9697,欃
1141,9,攙,9,攙,w250b0701,攙,9,9698,攙
1141,10,𪖎,10,𪖎,w250b0702,𪖎,10,9699,𪖎
1141,11,𢽝,11,𢽝,w250b0703,𢽝,11,9700,𢽝
1141,12,儳,12,儳,w250b0704,儳,12,9701,儳
1141,13,酁,13,酁,w250b0705,酁,13,9702,酁
1142,1,鵮,1,鵮,w250b0706,鵮,1,9703,鵮
1142,2,𢽣,2,𢽣,w250b0801,𢽣,2,9704,𢽣
1142,3,嵁,3,嵁,w250b0802,嵁,3,9705,嵁
1142,4,厱,4,厱,w250b0803,厱,4,9706,厱
1142,5,𠔺,5,𠔺,w250b0804,𠔺,5,9707,𠔺
1143,1,銜,1,銜,w250b0901,銜,1,9708,銜
1143,2,甉,2,甉,w250b0902,甉,2,9709,甉
1144,1,巉,1,巉,w250b0903,巉,1,9710,巉
1144,2,嶃,2,嶃,w250b0904,嶃,2,9711,嶃
1144,3,劖,3,劖,w250b1001,劖,3,9712,酁
1144,4,艬,4,艬,w250b1002,艬,4,9713,艬
1144,5,鑱,5,鑱,w250b1003,鑱,5,9714,鑱
1144,6,獑,6,獑,w250b1004,獑,6,9715,獑
1144,7,毚,7,毚,w250b1005,毚,7,9716,毚
1144,8,嚵,8,嚵,w251a0101,嚵,8,9717,嚵
1145,1,巖,1,巖,w251a0102,巖,1,9718,巖
1145,2,礹,2,礹,w251a0103,礹,2,9719,礹
1145,3,𡆑,3,𡆑,w251a0104,𡆑,3,9720,𡆑
1146,1,攙,1,攙,w251a0105,攙,1,9721,攙
1147,1,衫,1,衫,w251a0201,衫,1,9722,衫
1147,2,纔,2,纔,w251a0202,纔,2,9723,纔
1147,3,髟,3,髟,w251a0203,髟,3,9724,髟
1147,4,縿,4,縿,w251a0204,縿,4,9725,縿
1147,5,彡,5,彡,w251a0301,彡,5,9726,彡
1147,6,芟,6,芟,w251a0302,芟,6,9727,芟
1147,7,穇,7,穇,w251a0303,穇,7,9728,穇
1147,8,𩌰,8,𩌰,w251a0304,𩌰,8,9729,𩌰
1148,1,監,1,監,w251a0305,監,1,9730,監
1148,2,礛,2,礛,w251a0306,礛,2,9731,礛
1148,3,𥌈,3,𥌈,w251a0401,𥌈,3,9732,𥌈
1148,4,鑑,4,鑑,w251a0402,鑑,4,9733,鑑
1148,5,㔋,4.5,㔋,w251a0403,㔋,5,9734,㔋
1149,1,𨂝,1,𨂝,w251a0404,𨂝,1,9735,𨂝
1150,1,嵌,1,嵌,w251a0405,嵌,1,9736,嵌
1151,1,嚴,1,嚴,w251a0501,嚴,1,9737,嚴
1151,2,䉷,2,䉷,w251a0502,䉷,2,9738,䉷
1152,1,𩏩,1,𩏩,w251a0503,𩏩,1,9739,𩏩
1152,2,杴,2,杴,w251a0601,杴,2,9740,杴
1152,3,㿌,3,㿌,w251a0602,㿌,3,9741,㿌
1152,4,𥟕,4,𥟕,w251a0603,𥟕,4,9742,𥟕
1152,5,蘞,5,蘞,w251a0604,蘞,5,9743,蘞
1153,1,醃,1,醃,w251a0701,醃,1,9744,醃
1153,2,腌,2,腌,w251a0702,腌,2,9745,腌
1154,1,㪁,1,㪁,w251a0703,㪁,1,9746,㪁
1154,2,厱,2,厱,w251a0704,厱,2,9747,厱
1155,1,凡,1,凡,w251a0801,凡,1,9748,凡
1155,2,帆,2,帆,w251a0802,帆,2,9749,帆
1155,3,𠆩,3,𠆩,w251a0803,𠆩,3,9750,𠆩
1155,4,𦨲,4,𦨲,w251a0901,𦨲,4,9751,𦨲
1155,5,氾,5,氾,w251a0902,氾,5,9752,氾
1155,6,颿,6,颿,w251a1001,颿,6,9753,颿
1155,7,柉,7,柉,w251a1002,柉,7,9754,柉
1156,1,䒦,1,䒦,w251a1003,䒦,1,9755,䒦
1156,2,𣢲,2,𣢲,w251a1004,⿰⿱八兮欠〈𣢲〉,2,9756,𣢲
1157,1,董,1,董,w302a1001,董,1,9757,董
1157,2,蝀,2,蝀,w302a1002,蝀,2,9758,蝀
1157,3,箽,3,箽,w302b0101,箽,3,9759,箽
1157,4,𢤦,4,𢤦,w302b0102,𢤦,4,9760,懂
1157,5,蕫,5,蕫,w302b0103,蕫,5,9761,蕫
1157,6,䵔,6,䵔,w302b0104,䵔,6,9762,䵔
1157,7,𧄓,7,𧄓,w302b0105,𧄓,7,9763,𧄓
1158,1,蠓,1,蠓,w302b0201,蠓,1,9764,蠓
1158,2,𤾬,2,𤾬,w302b0202,𤾬,2,9765,𤾬
1158,3,鸏,3,鸏,w302b0203,鸏,3,9766,鸏
1158,4,濛,4,濛,w302b0204,濛,4,9767,濛
1158,5,䑃,5,䑃,w302b0301,朦,5,9768,朦
1158,6,曚,6,曚,w302b0302,曚,6,9769,曚
1158,7,懵,7,懵,w302b0303,懵,7,9770,懵
1159,1,孔,1,孔,w302b0304,孔,1,9771,孔
1159,2,倥,2,倥,w302b0501,倥,2,9772,倥
1160,1,㪌,1,㪌,w302b0502,㪌,1,9773,㪌
1160,2,䉥,2,䉥,w302b0503,𥳺,2,9774,𥳺
1160,3,𣞷,3,𣞷,w302b0504,檧,3,9775,檧
1161,1,侗,1,侗,w302b0505,侗,1,9776,侗
1161,2,桶,2,桶,w302b0601,桶,2,9777,桶
1161,3,曈,3,曈,w302b0602,曈,3,9778,曈
1161,4,捅,4,捅,w302b0603,捅,4,9779,捅
1162,1,總,1,總,w302b0604,緫,1,9780,緫
1162,2,摠,2,摠,w302b0605,揔,2,9781,揔
1162,3,𢝰,3,𢝰,w302b0701,惣,3,9782,𢝰
1162,4,嵸,4,嵸,w302b0702,嵸,4,9783,嵸
1162,5,㢔,5,㢔,w302b0703,㢔,5,9784,㢔
1162,6,𩮰,6,𩮰,w302b0704,𩮀,6,9785,𩮀
1162,7,蓯,7,蓯,w302b0705,蓯,7,9786,蓯
1162,8,鬷,8,鬷,w302b0706,鬷,8,9787,𩱛
1162,9,猣,9,猣,w302b0801,猣,9,9788,猣
1162,10,翪,10,翪,w302b0802,翪,10,9789,翪
1162,11,䁓,11,䁓,w302b0803,䁓,11,9790,䁓
1162,12,熜,12,熜,w302b0804,㷓,12,9791,㷓
1162,13,𢊕,13,𢊕,w302b0901,𢉛,13,9792,𢉛
1162,14,𨍈,14,𨍈,w302b0902,𨍈,14,9793,𨍈
1162,15,傯,15,傯,w302b0903,偬,15,9794,偬
1163,1,澒,1,澒,w302b0904,澒,1,9795,澒
1163,2,鴻,2,鴻,w302b1001,鴻,2,9796,鴻
1163,3,𧋔,3,𧋔,w302b1002,𧋔,3,9797,𧋔
1163,4,𠳃,4,𠳃,w302b1003,𠳃,4,9798,𠳃
1163,5,汞,5,汞,w302b1004,汞,5,9799,汞
1164,1,蓊,1,蓊,w302b1005,蓊,1,9800,蓊
1164,2,滃,2,滃,w302b1006,滃,2,9801,滃
1164,3,暡,3,暡,w303a0101,暡,3,9802,暡
1164,4,郺,4,郺,w303a0102,郺,4,9803,郺
1164,5,勜,5,勜,w303a0103,勜,5,9804,勜
1164,6,䈵,6,䈵,w303a0104,䈵,6,9805,䈵
1164,7,䐥,7,䐥,w303a0105,䐥,7,9806,䐥
1164,8,塕,8,塕,w303a0106,塕,8,9807,塕
1164,9,𤌏,9,𤌏,w303a0201,𤌏,9,9808,𤌏
1165,1,𨑊,1,𨑊,w303a0202,𨑊,1,9809,𨑊
1166,1,琫,1,琫,w303a0203,琫,1,9810,琫
1166,2,菶,2,菶,w303a0204,菶,2,9811,菶
1166,3,𦂌,3,𦂌,w303a0205,𦂌,3,9812,𦂌
1166,4,俸,4,俸,w303a0206,俸,4,9813,俸
1167,1,曨,1,曨,w303a0301,曨,1,9814,曨
1167,2,襱,2,襱,w303a0302,襱,2,9815,襱
1167,3,巃,3,巃,w303a0303,巃,3,9816,巃
1167,4,竉,4,竉,w303a0304,竉,4,9817,竉
1167,5,籠,5,籠,w303a0305,籠,5,9818,籠
1167,6,攏,6,攏,w303a0306,攏,6,9819,攏
1167,7,𢤱,7,𢤱,w303a0401,𢤱,7,9820,𢤱
1167,8,儱,8,儱,w303a0402,儱,8,9821,儱
1167,9,龓,9,龓,w303a0403,龓,9,9822,龓
1168,1,嗊,1,嗊,w303a0404,嗊,1,9823,嗊
1168,2,𢦅,2,𢦅,w303a0501,𢦅,2,9824,𢦅
1169,1,動,1,動,w303a0502,動,1,9825,動
1169,2,𨔝,2,𨔝,w303a0503,𨔝,2,9826,𨔝
1169,3,酮,3,酮,w303a0504,酮,3,9827,酮
1169,4,姛,4,姛,w303a0505,姛,4,9828,姛
1169,5,眮,5,眮,w303a0506,眮,5,9829,眮
1169,6,詷,6,詷,w303a0601,詷,6,9830,詷
1169,7,桶,7,桶,w303a0602,桶,7,9831,桶
1169,8,挏,8,挏,w303a0603,挏,8,9832,挏
1169,9,硐,9,硐,w303a0604,硐,9,9833,硐
1170,1,菶,1,菶,w303a0605,菶,1,9834,菶
1170,2,唪,2,唪,w303a0701,唪,2,9835,唪
1170,3,埲,3,埲,w303a0702,埲,3,9836,埲
1171,1,腫,1,腫,w303a0801,腫,1,9837,腫
1171,2,種,2,種,w303a0802,種,2,9838,種
1171,3,踵,3,踵,w303a0803,踵,3,9839,踵
1171,4,歱,4,歱,w303a0901,歱,4,9840,歱
1171,5,㣫,5,㣫,w303a0902,㣫,5,9841,㣫
1171,6,喠,6,喠,w303a0903,喠,6,9842,喠
1172,1,寵,1,寵,w303a0904,寵,1,9843,寵
1172,2,𧼙,2,𧼙,w303a0905,𧼙,2,9844,𧼙
1172,3,埫,3,埫,w303a0906,埫,3,9845,埫
1173,1,隴,1,隴,w303a1001,隴,1,9846,隴
1173,2,壠,2,壠,w303a1002,壠,2,9847,壠
1173,3,㙙,3,㙙,w303b0101,㙙,3,9848,㙙
1174,1,擁,1,擁,w303b0102,擁,1,9849,擁
1174,2,𢶜,2,𢶜,w303b0201,𢶜,2,9850,𢶜
1174,3,壅,3,壅,w303b0202,壅,3,9851,壅
1175,1,宂,1,宂,w303b0203,宂,1,9852,宂
1175,2,𡦼,2,𡦼,w303b0301,⿱丿𠔿,2,9853,𡦼
1175,3,穁,3,穁,w303b0302,穁,3,9854,穁
1175,4,䢇,4,䢇,w303b0303,䢇,4,9855,䢇
1175,5,𣭲,5,𣭲,w303b0304,𣭲,5,9856,𣭲
1175,6,氄,6,氄,w303b0305,氄,6,9857,氄
1175,7,軵,7,軵,w303b0401,軵,7,9858,軵
1175,8,𤘺,8,𤘺,w303b0402,𤘻,8,9859,𤘺
1175,9,𪕎,9,𪕎,w303b0403,𪕎,9,9860,𪕎
1175,10,𢫨,10,𢫨,w303b0404,𢫨,10,9861,𢫨
1175,11,𨍷,11,𨍷,w303b0405,𨍷,11,9862,𨍷
1175,12,搑,12,搑,w303b0406,搑,12,9863,搑
1176,1,重,1,重,w303b0407,重,1,9864,重
1176,2,𢝆,2,𢝆,w303b0501,𢝆,2,9865,𢝆
1176,3,襱,3,襱,w303b0502,襱,3,9866,襱
1176,4,鮦,4,鮦,w303b0503,鮦,4,9867,鮦
1177,1,冢,1,冢,w303b0504,冢,1,9868,冢
1177,2,塚,2,塚,w303b0601,塚,2,9869,塚
1178,1,奉,1,奉,w303b0602,奉,1,9870,奉
1178,2,唪,2,唪,w303b0701,唪,2,9871,唪
1179,1,捧,1,捧,w303b0702,捧,1,9872,捧
1180,1,勇,1,勇,w303b0703,勇,1,9873,勇
1180,2,恿,2,恿,w303b0704,恿,2,9874,恿
1180,3,涌,3,涌,w303b0705,涌,3,9875,涌
1180,4,甬,4,甬,w303b0801,甬,4,9876,甬
1180,5,踊,5,踊,w303b0802,踊,5,9877,踊
1180,6,慂,6,慂,w303b0901,慂,6,9878,慂
1180,7,𧻹,7,𧻹,w303b0902,𧻹,7,9879,𧻹
1180,8,塎,8,塎,w303b0903,塎,8,9880,塎
1180,9,悀,9,悀,w303b0904,悀,9,9881,悀
1180,10,埇,10,埇,w303b0905,埇,10,9882,埇
1180,11,溶,11,溶,w303b1001,溶,11,9883,溶
1180,12,蛹,12,蛹,w303b1002,蛹,12,9884,蛹
1180,13,傛,13,傛,w303b1003,傛,13,9885,傛
1180,14,俑,14,俑,w303b1004,俑,14,9886,俑
1180,15,𧗴,15,𧗴,w304a0101,𧗴,15,9887,𧗴
1181,1,恐,1,恐,w304a0102,恐,1,9888,恐
1181,2,𢖶,2,𢖶,w304a0103,𢖶,2,9889,𢖶
1181,3,𦶐,3,𦶐,w304a0104,𦶐,3,9890,𦶐
1182,1,尰,1,尰,w304a0105,尰,1,9891,尰
1182,2,𤺄,2,𤺄,w304a0201,𤺄,2,9892,瘇
1182,3,𢡹,3,𢡹,w304a0202,𢡹,3,9893,𢡹
1183,1,拱,1,拱,w304a0203,拱,1,9894,拱
1183,2,拲,2,拲,w304a0204,拲,2,9895,拲
1183,3,䂬,3,䂬,w304a0301,䂬,3,9896,䂬
1183,4,鞏,4,鞏,w304a0302,鞏,4,9897,鞏
1183,5,蛬,5,蛬,w304a0303,蛬,5,9898,蛬
1183,6,孒,6,孒,w304a0304,了〈孒〉,6,9899,孓
1183,7,珙,7,珙,w304a0401,珙,7,9900,珙
1183,8,廾,8,廾,w304a0402,廾,8,9901,廾
1183,9,𢪒,9,𢪒,w304a0403,𢪒,9,9902,𢪒
1183,10,㤨,10,㤨,w304a0404,㤨,10,9903,㤨
1183,11,𢸁,11,𢸁,w304a0501,𢸁,11,9904,𢸁
1183,12,㼦,12,㼦,w304a0502,㼦,12,9905,㼦
1183,13,㧬,13,㧬,w304a0503,㧬,13,9906,㧬
1183,14,䡗,14,䡗,w304a0504,𨋑,14,9907,䡗
1183,15,䱋,15,䱋,w304a0505,䱋,15,9908,䱋
1183,16,巩,16,巩,w304a0506,巩,16,9909,巩
1183,17,栱,17,栱,w304a0601,栱,17,9910,栱
1183,18,輁,18,輁,w304a0602,輁,18,9911,輁
1184,1,悚,1,悚,w304a0603,悚,1,9912,悚
1184,2,竦,2,竦,w304a0604,竦,2,9913,竦
1184,3,慫,3,慫,w304a0605,慫,3,9914,慫
1184,4,聳,4,聳,w304a0701,聳,4,9915,聳
1184,5,𦄼,5,𦄼,w304a0702,𦄼,5,9916,𦄼
1184,6,㩳,6,㩳,w304a0703,㩳,6,9917,㩳
1184,7,駷,7,駷,w304a0704,駷,7,9918,駷
1184,8,愯,8,愯,w304a0705,愯,8,9919,愯
1184,9,傱,9,傱,w304a0706,傱,9,9920,傱
1184,10,䙕,10,䙕,w304a0801,䙕,10,9921,䙕
1185,1,洶,1,洶,w304a0802,洶,1,9922,洶
1185,2,詾,2,詾,w304a0803,詾,2,9923,詾
1185,3,兇,3,兇,w304a0804,兇,3,9924,兇
1186,1,覂,1,覂,w304a0901,覂,1,9925,覂
1186,2,𢇫,2,𢇫,w304a0902,𢇫,2,9926,𢇫
1187,1,湩,1,湩,w304a0903,湩,1,9927,湩
1188,1,𪁪,1,𪁪,w304a1001,𪁪,1,9928,𪁪
1188,2,䏵,2,䏵,w304a1002,䏵,2,9929,䏵
1189,1,䅃,1,䅃,w304a1003,䅃,1,9930,䅃
1190,1,𨿿,1,𨿿,w304a1004,𨿿,1,9931,𨿿
1190,2,喠,2,喠,w304b0101,喠,2,9932,喠
1191,1,幒,1,幒,w304b0102,𢃭,1,9933,𢃭
1191,2,𢃓,2,𢃓,w304b0103,𢃓,2,9934,𢃓
1192,1,䙕,1,䙕,w304b0104,䙕,1,9935,䙕
1193,1,講,1,講,w304b0201,講,1,9936,講
1193,2,港,2,港,w304b0202,港,2,9937,港
1193,3,傋,3,傋,w304b0203,傋,3,9938,傋
1193,4,耩,4,耩,w304b0204,耩,4,9939,耩
1194,1,㭋,1,㭋,w304b0205,㭋,1,9940,㭋
1194,2,棒,2,棒,w304b0301,棒,2,9941,棒
1194,3,棓,3,棓,w304b0302,棓,3,9942,棓
1194,4,玤,4,玤,w304b0303,玤,4,9943,玤
1194,5,𢗒,5,𢗒,w304b0304,𢗒,5,9944,𢗒
1194,6,蚌,6,蚌,w304b0305,蚌,6,9945,蚌
1194,7,蜯,7,蜯,w304b0401,蜯,7,9946,蜯
1194,8,䎧,8,䎧,w304b0402,䎧,8,9947,䎧
1195,1,慃,1,慃,w304b0403,慃,1,9948,慃
1196,1,𠈵,1,𠈵,w304b0404,⿰亻𡯎〈𠈵〉,1,9949,𠈵
1196,2,𪁪,2,𪁪,w304b0405,𪁪,2,9950,𪁪
1197,1,項,1,項,w304b0406,項,1,9951,項
1197,2,缿,2,缿,w304b0601,缿,2,9952,缿
1198,1,𦂌,1,𦂌,w304b0602,𦂌,1,9953,𦂌
1199,1,傋,1,傋,w304b0603,傋,1,9954,傋
1199,2,𢞡,2,𢞡,w304b0604,𢞡,2,9955,𢞡
1200,1,紙,1,紙,w304b0701,紙,1,9956,紙
1200,2,帋,2,帋,w304b0801,帋,2,9957,帋
1200,3,只,3,只,w304b0802,只,3,9958,只
1200,4,坻,4,坻,w304b0803,坻,4,9959,坻
1200,5,軹,5,軹,w304b0804,軹,5,9960,軹
1200,6,枳,6,枳,w304b0901,枳,6,9961,枳
1200,7,咫,7,咫,w304b0902,咫,7,9962,咫
1200,8,扺,8,扺,w304b0903,扺,8,9963,扺
1200,9,𣲵,9,𣲵,w304b0904,𣲵,9,9964,𣲵
1200,10,砥,10,砥,w304b1001,砥,10,9965,砥
1200,11,坻〈坁〉,11,坻〈坁〉,w304b1002,坻〈坁〉,11,9966,坁
1200,12,汦,12,汦,w304b1003,汦,12,9967,汦
1200,13,抧,13,抧,w304b1004,抧,13,9968,抧
1200,14,恀,14,恀,w304b1005,恀,14,9969,恀
1200,15,䅩,15,䅩,w305a0101,䅩,15,9970,䅩
1200,16,䳅,16,䳅,w305a0102,䳅,16,9971,䳅
1201,1,是,1,是,w305a0103,是,1,9972,是
1201,2,氏,2,氏,w305a0201,氏,2,9973,氏
1201,3,媞,3,媞,w305a0301,媞,3,9974,媞
1201,4,諟,4,諟,w305a0302,諟,4,9975,諟
1201,5,恀,5,恀,w305a0303,恀,5,9976,恀
1201,6,徥,6,徥,w305a0304,徥,6,9977,徥
1201,7,𤜣,7,𤜣,w305a0401,𤜣,7,9978,𤜣
1201,8,褆,8,褆,w305a0402,褆,8,9979,褆
1201,9,姼,9,姼,w305a0403,姼,9,9980,姼
1201,10,䟗,10,䟗,w305a0404,䟗,10,9981,䟗
1202,1,靡,1,靡,w305a0405,靡,1,9982,靡
1202,2,𨇻,2,𨇻,w305a0501,𨇻,2,9983,𨇻
1202,3,𪎓,3,𪎓,w305a0502,𪎓,3,9984,𪎓
1202,4,骳,4,骳,w305a0503,骳,4,9985,骳
1202,5,𦗕,5,𦗕,w305a0504,𦗕,5,9986,𦗕
1202,6,𡬍,6,𡬍,w305a0601,𡬍,6,9987,𡬍
1202,7,蘼,7,蘼,w305a0602,蘼,7,9988,蘼
1203,1,彼,1,彼,w305a0603,彼,1,9989,彼
1203,2,㗗,2,㗗,w305a0604,㗗,2,9990,㗗
1203,3,柀,3,柀,w305a0605,柀,3,9991,柀
1203,4,佊,4,佊,w305a0701,佊,4,9992,佊
1203,5,𠐌,5,𠐌,w305a0702,𠐌,5,9993,𠐌
1204,1,被,1,被,w305a0703,被,1,9994,被
1204,2,罷,2,罷,w305a0704,罷,2,9995,罷
1205,1,毀,1,毀,w305a0801,毀,1,9996,毀
1205,2,燬,2,燬,w305a0802,燬,2,9997,燬
1205,3,檓,3,檓,w305a0803,檓,3,9998,檓
1205,4,毇,4,毇,w305a0804,毇,4,9999,毇
1205,5,𥶵,5,𥶵,w305a0901,𥶵,5,10000,𥶵
1205,6,𠷏,6,𠷏,w305a0902,𠷏,6,10001,𠷏
1205,7,譭,7,譭,w305a0903,譭,7,10002,譭
1205,8,㩓,8,㩓,w305a0904,㩓,8,10003,㩓
1205,9,烜,9,烜,w305a0905,烜,9,10004,烜
1205,10,𡢕,10,𡢕,w305a1001,𡢕,10,10005,𡢕
1206,1,委,1,委,w305a1002,委,1,10006,委
1206,2,骫,2,骫,w305b0101,骫,2,10007,骫
1206,3,𠷏,3,𠷏,w305b0102,𠷏,3,10008,𠷏
1206,4,蜲,4,蜲,w305b0103,蜲,4,10009,蜲
1206,5,䍴,5,䍴,w305b0201,䍴,5,10010,䍴
1207,1,跪,1,跪,w305b0202,跪,1,10011,跪
1207,2,𣄲,2,𣄲,w305b0203,𣄲,2,10012,𣄲
1208,1,詭,1,詭,w305b0204,詭,1,10013,詭
1208,2,垝,2,垝,w305b0205,垝,2,10014,垝
1208,3,陒,3,陒,w305b0301,陒,3,10015,陒
1208,4,䣀,4,䣀,w305b0302,䣀,4,10016,䣀
1208,5,攱,5,攱,w305b0303,攱,5,10017,攱
1208,6,䤥,6,䤥,w305b0304,䤥,6,10018,䤥
1208,7,觤,7,觤,w305b0305,觤,7,10019,觤
1208,8,恑,8,恑,w305b0401,恑,8,10020,恑
1208,9,蛫,9,蛫,w305b0402,蛫,9,10021,蛫
1208,10,祪,10,祪,w305b0403,祪,10,10022,祪
1208,11,庪,11,庪,w305b0404,庪,11,10023,庪
1208,12,䃽,12,䃽,w305b0405,䃽,12,10024,䃽
1208,13,庋,13,庋,w305b0406,庋,13,10025,庋
1208,14,洈,14,洈,w305b0407,洈,14,10026,洈
1208,15,蟡,15,蟡,w305b0501,蟡,15,10027,蟡
1208,16,𪀗,16,𪀗,w305b0502,𪀗,16,10028,𪀗
1208,17,姽,17,姽,w305b0503,姽,17,10029,姽
1208,18,桅,18,桅,w305b0601,桅,18,10030,桅
1208,19,佹,19,佹,w305b0602,佹,19,10031,佹
1209,1,髓,1,髓,w305b0603,髓,1,10032,髓
1209,2,嶲,2,嶲,w305b0701,嶲,2,10033,嶲
1209,3,靃,3,靃,w305b0702,靃,3,10034,靃
1209,4,䭉,4,䭉,w305b0703,䭉,4,10035,䭉
1209,5,𣿂,5,𣿂,w305b0704,𣿂,5,10036,𣿂
1210,1,絫,1,絫,w305b0705,絫,1,10037,絫
1210,2,累,2,累,w305b0801,累,2,10038,累
1210,3,樏,3,樏,w305b0802,樏,3,10039,樏
1210,4,䉂,4,䉂,w305b0803,䉂,4,10040,䉂
1210,5,厽,5,厽,w305b0804,厽,5,10041,厽
1210,6,垒,6,垒,w305b0901,垒,6,10042,垒
1211,1,技,1,技,w305b0902,技,1,10043,技
1211,2,妓,2,妓,w305b0903,妓,2,10044,妓
1211,3,徛,3,徛,w305b0904,徛,3,10045,徛
1211,4,伎,4,伎,w305b0905,伎,4,10046,伎
1211,5,錡,5,錡,w305b0906,錡,5,10047,錡
1211,6,䗁,6,䗁,w305b0907,䗁,6,10048,䗁
1212,1,倚,1,倚,w305b1001,倚,1,10049,倚
1212,2,猗,2,猗,w305b1002,猗,2,10050,猗
1212,3,椅,3,椅,w305b1003,椅,3,10051,椅
1212,4,旖,4,旖,w305b1004,旖,4,10052,旖
1212,5,輢,5,輢,w306a0101,輢,5,10053,輢
1213,1,掎,1,掎,w306a0102,掎,1,10054,掎
1213,2,剞,2,剞,w306a0103,剞,2,10055,剞
1213,3,庋,3,庋,w306a0104,庋,3,10056,庋
1213,4,㞆,4,㞆,w306a0105,㞆,4,10057,㞆
1213,5,踦,5,踦,w306a0106,踦,5,10058,踦
1213,6,㱦,6,㱦,w306a0201,㱦,6,10059,㱦
1213,7,攲,7,攲,w306a0202,攲,7,10060,攲
1214,1,綺,1,綺,w306a0203,綺,1,10061,綺
1214,2,婍,2,婍,w306a0301,婍,2,10062,婍
1214,3,碕,3,碕,w306a0302,碕,3,10063,碕
1214,4,䞚,4,䞚,w306a0303,䞚,4,10064,䞚
1214,5,㥓,5,㥓,w306a0304,㥓,5,10065,㥓
1214,6,觭,6,觭,w306a0305,觭,6,10066,觭
1214,7,㾨,7,㾨,w306a0401,㾨,7,10067,㾨
1215,1,螘,1,螘,w306a0402,螘,1,10068,螘
1215,2,蟻,2,蟻,w306a0403,蟻,2,10069,蟻
1215,3,蛾,3,蛾,w306a0404,蛾,3,10070,蛾
1215,4,錡,4,錡,w306a0405,錡,4,10071,錡
1215,5,礒,5,礒,w306a0501,礒,5,10072,礒
1215,6,齮,6,齮,w306a0502,齮,6,10073,齮
1215,7,艤,7,艤,w306a0503,艤,7,10074,艤
1215,8,檥,8,檥,w306a0504,檥,8,10075,檥
1215,9,㠖,9,㠖,w306a0601,㠖,9,10076,㠖
1215,10,轙,10,轙,w306a0602,轙,10,10077,轙
1215,11,羛,11,羛,w306a0603,羛,11,10078,羛
1215,12,䰙,12,䰙,w306a0604,䰙,12,10079,䰙
1216,1,蔿,1,蔿,w306a0701,蔿,1,10080,蔿
1216,2,鄬,2,鄬,w306a0702,鄬,2,10081,鄬
1216,3,儰,3,儰,w306a0703,儰,3,10082,儰
1216,4,䧦,4,䧦,w306a0704,䧦,4,10083,䧦
1216,5,蘤,5,蘤,w306a0705,蘤,5,10084,𤾸
1216,6,𤺉,6,𤺉,w306a0801,𤺉,6,10085,𤺉
1216,7,䦱,7,䦱,w306a0802,䦱,7,10086,䦱
1216,8,薳,8,薳,w306a0803,薳,8,10087,薳
1216,9,寪,9,寪,w306a0804,寪,9,10088,寪
1217,1,觜,1,觜,w306a0901,觜,1,10089,觜
1217,2,㭰,2,㭰,w306a0902,⿱此束〈㭰〉,2,10090,㭰
1218,1,蘂,1,蘂,w306a0903,蘂,1,10091,蘂
1218,2,蕊,2,蕊,w306a0904,蕊,2,10092,蕊
1218,3,甤,3,甤,w306a0905,甤,3,10093,甤
1218,4,繠,4,繠,w306a1001,繠,4,10094,繠
1219,1,此,1,此,w306a1002,此,1,10095,此
1219,2,跐,2,跐,w306a1003,跐,2,10096,跐
1219,3,佌,3,佌,w306a1004,佌,3,10097,佌
1219,4,玼,4,玼,w306a1005,玼,4,10098,玼
1219,5,泚,5,泚,w306b0101,泚,5,10099,泚
1219,6,𩢑,6,𩢑,w306b0102,𩢑,6,10100,𩢑
1219,7,𠈈,7,𠈈,w306b0103,𠈈,7,10101,𠈈
1219,8,𧺼,8,𧺼,w306b0104,𧺼,8,10102,𧺼
1219,9,𡘌,9,𡘌,w306b0105,𡘌,9,10103,𡘌
1220,1,豸,1,豸,w306b0106,豸,1,10104,豸
1220,2,褫,2,褫,w306b0201,褫,2,10105,褫
1220,3,陊,3,陊,w306b0202,陊,3,10106,陊
1220,4,䊓,4,䊓,w306b0301,䊓,4,10107,䊓
1220,5,踶,5,踶,w306b0302,踶,5,10108,踶
1220,6,傂,6,傂,w306b0303,傂,6,10109,傂
1220,7,杝,7,杝,w306b0304,杝,7,10110,杝
1220,8,阤,8,阤,w306b0401,阤,8,10111,阤
1220,9,䚦,9,䚦,w306b0402,䚦,9,10112,䚦
1220,10,廌,10,廌,w306b0403,𢊁,10,10113,廌
1220,11,褆,11,褆,w306b0404,褆,11,10114,褆
1220,12,徥,12,徥,w306b0405,徥,12,10115,徥
1221,1,徙,1,徙,w306b0501,徙,1,10116,徙
1221,2,壐,2,壐,w306b0502,壐,2,10117,壐
1221,3,璽,3,璽,w306b0503,璽,3,10118,璽
1221,4,𠈈,4,𠈈,w306b0504,𠈈,4,10119,𠈈
1221,5,𢇌,5,𢇌,w306b0601,𢇌,5,10120,𢇌
1222,1,酏,1,酏,w306b0602,酏,1,10121,酏
1222,2,迆,2,迆,w306b0603,迆,2,10122,迆
1222,3,匜,3,匜,w306b0604,匜,3,10123,匜
1222,4,衪,4,衪,w306b0605,衪,4,10124,衪
1222,5,肔,5,肔,w306b0701,肔,5,10125,肔
1222,6,崺,6,崺,w306b0702,崺,6,10126,崺
1222,7,扡,7,扡,w306b0703,扡,7,10127,扡
1222,8,㥴,8,㥴,w306b0801,㥴,8,10128,㥴
1222,9,孈,9,孈,w306b0802,孈,9,10129,孈
1223,1,邐,1,邐,w306b0803,邐,1,10130,邐
1223,2,峛,2,峛,w306b0804,峛,2,10131,峛
1223,3,㸚,3,㸚,w306b0805,㸚,3,10132,㸚
1224,1,躧,1,躧,w306b0806,躧,1,10133,躧
1224,2,𩎉,2,𩎉,w306b0901,𩎉,2,10134,𩎉
1224,3,灑,3,灑,w306b0902,灑,3,10135,灑
1224,4,纚,4,纚,w306b0903,纚,4,10136,纚
1224,5,縰,5,縰,w306b0904,縰,5,10137,縰
1224,6,釃,6,釃,w306b0905,釃,6,10138,釃
1224,7,𩌦,7,𩌦,w306b1001,𩌦,7,10139,𩌦
1224,8,屣,8,屣,w306b1002,屣,8,10140,屣
1224,9,矖,9,矖,w306b1003,矖,9,10141,矖
1224,10,簁,10,簁,w306b1004,簁,10,10142,簁
1225,1,𢔌,1,𢔌,w306b1005,𢔌,1,10143,𢔌
1225,2,俾,2,俾,w307a0101,俾,2,10144,俾
1225,3,鞞,3,鞞,w307a0102,鞞,3,10145,鞞
1225,4,箄,4,箄,w307a0103,箄,4,10146,箄
1225,5,𪐄,5,𪐄,w307a0201,𪐄,5,10147,𪐄
1225,6,髀,6,髀,w307a0202,髀,6,10148,髀
1225,7,崥,7,崥,w307a0203,崥,7,10149,崥
1225,8,𦸣,8,𦸣,w307a0204,𦸣,8,10150,𦸣
1225,9,𠬈,9,𠬈,w307a0205,𠬈,9,10151,𠬈
1225,10,𢳋,10,𢳋,w307a0301,𢳋,10,10152,𢳋
1226,1,爾,1,爾,w307a0302,爾,1,10153,爾
1226,2,尒,2,尒,w307a0303,尒,2,10154,尒
1226,3,邇,3,邇,w307a0401,邇,3,10155,邇
1226,4,𨒛,4,𨒛,w307a0402,迩,4,10156,𨒛
1227,1,渳,1,渳,w307a0403,渳,1,10157,渳
1227,2,弭,2,弭,w307a0501,弭,2,10158,弭
1227,3,濔,3,濔,w307a0502,濔,3,10159,濔
1227,4,瀰,4,瀰,w307a0503,瀰,4,10160,瀰
1227,5,羋,5,羋,w307a0504,芈,5,10161,芈
1227,6,敉,6,敉,w307a0505,敉,6,10162,敉
1227,7,侎,7,侎,w307a0601,侎,7,10163,侎
1227,8,葞,8,葞,w307a0602,葞,8,10164,葞
1227,9,䖹,9,䖹,w307a0603,䖹,9,10165,蝆
1227,10,䦵〈𩰞〉,10,䦵〈𩰞〉,w307a0604,䦵〈𩰞〉,10,10166,䦵
1227,11,㥝,11,㥝,w307a0605,㥝,11,10167,㥝
1228,1,婢,1,婢,w307a0701,婢,1,10168,婢
1228,2,庳,2,庳,w307a0702,庳,2,10169,庳
1229,1,侈,1,侈,w307a0703,侈,1,10170,侈
1229,2,姼,2,姼,w307a0704,姼,2,10171,姼
1229,3,𡚼,3,𡚼,w307a0801,𡚼,3,10172,𡚼
1229,4,鉹,4,鉹,w307a0802,鉹,4,10173,鉹
1229,5,誃,5,誃,w307a0803,誃,5,10174,誃
1229,6,㢋,6,㢋,w307a0804,㢋,6,10175,㢋
1229,7,㢁,7,㢁,w307a0805,㢁,7,10176,㢁
1229,8,垑,8,垑,w307a0901,垑,8,10177,垑
1229,9,懘,9,懘,w307a0902,懘,9,10178,懘
1229,10,㶴,10,㶴,w307a0903,㶴,10,10179,㶴
1229,11,袳,11,袳,w307a0904,袳,11,10180,袳
1229,12,袲,12,袲,w307a0905,袲,12,10181,袲
1229,13,𧰲,13,𧰲,w307a0906,𧰲,13,10182,𧰲
1229,14,恀,14,恀,w307a0907,恀,14,10183,恀
1229,15,哆,15,哆,w307a1001,哆,15,10184,哆
1230,1,弛,1,弛,w307a1002,弛,1,10185,弛
1230,2,豕,2,豕,w307a1003,豕,2,10186,豕
1230,3,阤,3,阤,w307a1004,阤,3,10187,阤
1231,1,紫,1,紫,w307a1005,紫,1,10188,紫
1231,2,訿,2,訿,w307b0101,訿,2,10189,訿
1231,3,訾,3,訾,w307b0102,訾,3,10190,訾
1231,4,啙,4,啙,w307b0103,啙,4,10191,啙
1231,5,𣸆,5,𣸆,w307b0104,𣸆,5,10192,𣸆
1231,6,跐,6,跐,w307b0105,跐,6,10193,跐
1231,7,茈,7,茈,w307b0106,茈,7,10194,茈
1231,8,呰,8,呰,w307b0201,呰,8,10195,呰
1231,9,㧗,9,㧗,w307b0202,㧗,9,10196,㧗
1232,1,捶,1,捶,w307b0203,捶,1,10197,捶
1232,2,箠,2,箠,w307b0204,箠,2,10198,箠
1232,3,𦓝,3,𦓝,w307b0205,𦓝,3,10199,𦓝
1232,4,䮔,4,䮔,w307b0206,䮔,4,10200,䮔
1232,5,沝,5,沝,w307b0301,沝,5,10201,沝
1233,1,揣,1,揣,w307b0302,揣,1,10202,揣
1233,2,㪜,2,㪜,w307b0303,⿰耑支〈㪜〉,2,10203,㪜
1234,1,𤢍,1,𤢍,w307b0304,𤢍,1,10204,𤢍
1235,1,舓,1,舓,w307b0401,舓,1,10205,舓
1235,2,𦧇,2,𦧇,w307b0402,𦧇,2,10206,𦧇
1235,3,舐,3,舐,w307b0403,舐,3,10207,舐
1235,4,𤜣,4,𤜣,w307b0404,𤜣,4,10208,𤜣
1236,1,㧗,1,㧗,w307b0405,㧗,1,10209,㧗
1236,2,跐,2,跐,w307b0406,跐,2,10210,跐
1237,1,㱟,1,㱟,w307b0501,㱟,1,10211,㱟
1237,2,紴,2,紴,w307b0502,紴,2,10212,紴
1237,3,披,3,披,w307b0503,披,3,10213,披
1238,1,諀,1,諀,w307b0504,諀,1,10214,諀
1238,2,庀,2,庀,w307b0505,庀,2,10215,庀
1238,3,疕,3,疕,w307b0601,疕,3,10216,疕
1238,4,仳,4,仳,w307b0602,仳,4,10217,仳
1238,5,䚹,5,䚹,w307b0603,䚹,5,10218,䚹
1238,6,吡,6,吡,w307b0604,吡,6,10219,吡
1239,1,䓈,1,䓈,w307b0605,䓈,1,10220,䓈
1239,2,䔺,2,䔺,w307b0606,䔺,2,10221,䔺
1239,3,芛,3,芛,w307b0701,芛,3,10222,芛
1239,4,撱,4,撱,w307b0702,撱,4,10223,撱
1239,5,䝐,5,䝐,w307b0703,䝐,5,10224,䝐
1239,6,𤼒,6,𤼒,w307b0704,𤼒,6,10225,𤼒
1240,1,惢,1,惢,w307b0705,惢,1,10226,惢
1241,1,跬,1,跬,w307b0706,跬,1,10227,跬
1241,2,䞨,2,䞨,w307b0801,䞨,2,10228,䞨
1241,3,頍,3,頍,w307b0802,頍,3,10229,頍
1241,4,䠑,4,䠑,w307b0803,䠑,4,10230,䠑
1242,1,狔,1,狔,w307b0804,狔,1,10231,狔
1242,2,旎,2,旎,w307b0805,旎,2,10232,旎
1242,3,抳〈柅〉,3,抳〈柅〉,w307b0806,抳〈柅〉,3,10233,抳
1243,1,硊,1,硊,w307b0901,硊,1,10234,硊
1243,2,頠,2,頠,w307b0902,頠,2,10235,頠
1243,3,姽,3,姽,w307b0903,姽,3,10236,姽
1243,4,𪀗,4,𪀗,w307b0904,𪀗,4,10237,𪀗
1244,1,跪,1,跪,w307b0905,跪,1,10238,跪
1245,1,褫,1,褫,w307b1001,褫,1,10239,褫
1246,1,㨖,1,㨖,w307b1002,㨖,1,10240,㨖
1246,2,𧛢,2,𧛢,w307b1003,𧛢,2,10241,𧛢
1247,1,𪖥,1,𪖥,w307b1004,𪖪,1,10242,𪖪
1248,1,企,1,企,w307b1005,企,1,10243,企
1248,2,跂,2,跂,w308a0101,跂,2,10244,跂
1249,1,菙,1,菙,w308a0102,菙,1,10245,菙
1249,2,㥨,2,㥨,w308a0201,㥨,2,10246,㥨
1250,1,枳,1,枳,w308a0202,枳,1,10247,枳
1251,1,旨,1,旨,w308a0301,旨,1,10248,旨
1251,2,指,2,指,w308a0302,指,2,10249,指
1251,3,恉,3,恉,w308a0303,恉,3,10250,恉
1251,4,祁,4,祁,w308a0304,祁,4,10251,祁
1251,5,䛗,5,䛗,w308a0305,䛗,5,10252,䛗
1251,6,厎,6,厎,w308a0401,厎,6,10253,厎
1251,7,砥,7,砥,w308a0402,砥,7,10254,砥
1251,8,茋,8,茋,w308a0403,茋,8,10255,茋
1252,1,視,1,視,w308a0404,視,1,10256,視
1252,2,眡,2,眡,w308a0405,眡,2,10257,眡
1252,3,眎,3,眎,w308a0406,眎,3,10258,眎
1253,1,美,1,美,w308a0501,美,1,10259,美
1253,2,媺,2,媺,w308a0502,媺,2,10260,媺
1253,3,𤛎,3,𤛎,w308a0503,𤛎,3,10261,𤛎
1253,4,渼,4,渼,w308a0601,渼,4,10262,渼
1253,5,媄,5,媄,w308a0602,媄,5,10263,媄
1254,1,鄙,1,鄙,w308a0603,鄙,1,10264,鄙
1254,2,啚,2,啚,w308a0604,啚,2,10265,啚
1254,3,娝,3,娝,w308a0605,娝,3,10266,娝
1254,4,痞,4,痞,w308a0701,痞,4,10267,痞
1255,1,兕,1,兕,w308a0702,兕,1,10268,兕
1255,2,𧰽,2,𧰽,w308a0703,𧰽,2,10269,𧰽
1255,3,𠒅,3,𠒅,w308a0704,𠒅,3,10270,𠒅
1255,4,𠒃,4,𠒃,w308a0705,𠒃,4,10271,𠒃
1255,5,羠,5,羠,w308a0706,羠,5,10272,羠
1255,6,薙,6,薙,w308a0801,薙,6,10273,薙
1255,7,䒨,7,䒨,w308a0802,䒨,7,10274,䒨
1256,1,几,1,几,w308a0803,几,1,10275,几
1256,2,𪊨,2,𪊨,w308a0901,𪊨,2,10276,𪊨
1256,3,麂,3,麂,w308a1001,麂,3,10277,麂
1256,4,㞦,4,㞦,w308a1002,㞦,4,10278,㞦
1256,5,机,5,机,w308a1003,机,5,10279,机
1256,6,䢳,6,䢳,w308a1004,䢳,6,10280,䢳
1256,7,𤜝,7,𤜝,w308b0101,｛𤜝｝,7,10281,𤜝
1256,8,㞛,8,㞛,w308b0102,㞛,8,10282,㞛
1256,9,䂹,9,䂹,w308b0103,䂹,9,10283,䂹
1257,1,姊,1,姊,w308b0104,𡛷,1,10284,𡛷
1257,2,秭,2,秭,w308b0105,秭,2,10285,秭
1258,1,匕,1,匕,w308b0301,匕,1,10286,匕
1258,2,妣,2,妣,w308b0302,妣,2,10287,妣
1258,3,秕,3,秕,w308b0401,秕,3,10288,秕
1258,4,比,4,比,w308b0402,比,4,10289,比
1258,5,䃾,5,䃾,w308b0403,䃾,5,10290,䃾
1258,6,沘,6,沘,w308b0501,沘,6,10291,沘
1258,7,枇,7,枇,w308b0502,枇,7,10292,枇
1258,8,朼,8,朼,w308b0503,朼,8,10293,朼
1258,9,疕,9,疕,w308b0504,疕,9,10294,疕
1258,10,髀,10,髀,w308b0505,髀,10,10295,髀
1259,1,軌,1,軌,w308b0601,軌,1,10296,軌
1259,2,簋,2,簋,w308b0602,簋,2,10297,簋
1259,3,朹,3,朹,w308b0603,朹,3,10298,朹
1259,4,晷,4,晷,w308b0604,晷,4,10299,晷
1259,5,厬,5,厬,w308b0701,厬,5,10300,厬
1259,6,𣷾,6,𣷾,w308b0702,𣷾,6,10301,𣷾
1259,7,宄,7,宄,w308b0703,宄,7,10302,宄
1259,8,匭,8,匭,w308b0704,匭,8,10303,匭
1259,9,𠥗,9,𠥗,w308b0801,𠥗,9,10304,㔲
1259,10,頯,10,頯,w308b0802,頯,10,10305,頯
1259,11,氿,11,氿,w308b0803,氿,11,10306,氿
1259,12,𧗝,12,𧗝,w308b0901,𧗝,12,10307,𧗝
1260,1,洧,1,洧,w308b0902,洧,1,10308,洧
1260,2,鮪,2,鮪,w308b0903,鮪,2,10309,鮪
1260,3,痏,3,痏,w308b0904,痏,3,10310,痏
1260,4,䵋,4,䵋,w308b0905,䵋,4,10311,䵋
1261,1,矢,1,矢,w308b0906,矢,1,10312,矢
1261,2,𠂕,2,𠂕,w308b1001,𠂕,2,10313,𠂕
1261,3,𦳊,3,𦳊,w308b1002,𦳊,3,10314,𦳊
1261,4,屎,4,屎,w308b1003,屎,4,10315,屎
1262,1,雉,1,雉,w309a0101,雉,1,10316,雉
1262,2,滍,2,滍,w309a0102,滍,2,10317,滍
1262,3,薙,3,薙,w309a0103,薙,3,10318,薙
1263,1,死,1,死,w309a0201,死,1,10319,死
1264,1,牝,1,牝,w309a0202,牝,1,10320,牝
1265,1,履,1,履,w309a0203,履,1,10321,履
1266,1,水,1,水,w309a0301,水,1,10322,水
1267,1,壘,1,壘,w309a0401,壘,1,10323,壘
1267,2,蜼,2,蜼,w309a0402,蜼,2,10324,蜼
1267,3,猚,3,猚,w309a0501,猚,3,10325,猚
1267,4,櫐,4,櫐,w309a0502,櫐,4,10326,櫐
1267,5,蘽,5,蘽,w309a0503,蘽,5,10327,蘽
1267,6,㶟,6,㶟,w309a0504,㶟,6,10328,㶟
1267,7,𡻭,7,𡻭,w309a0505,𡻭,7,10329,𡻭
1267,8,轠,8,轠,w309a0506,轠,8,10330,轠
1267,9,鸓,9,鸓,w309a0507,鸓,9,10331,鸓
1267,10,藟,10,藟,w309a0601,藟,10,10332,藟
1267,11,誄,11,誄,w309a0602,誄,11,10333,誄
1267,12,耒,12,耒,w309a0701,耒,12,10334,耒
1267,13,讄,13,讄,w309a0702,讄,13,10335,讄
1267,14,𤢹,14,𤢹,w309a0703,𤢹,14,10336,𤢹
1268,1,揆,1,揆,w309a0704,揆,1,10337,揆
1268,2,楑,2,楑,w309a0705,楑,2,10338,楑
1268,3,𢜽,3,𢜽,w309a0801,𢜽,3,10339,𢜽
1268,4,嫢,4,嫢,w309a0802,嫢,4,10340,嫢
1268,5,湀,5,湀,w309a0803,湀,5,10341,湀
1269,1,趡,1,趡,w309a0804,趡,1,10342,趡
1269,2,踓,2,踓,w309a0901,踓,2,10343,踓
1269,3,𨿐,3,𨿐,w309a0902,𨿐,3,10344,𨿐
1270,1,柅,1,柅,w309a0903,柅,1,10345,柅
1271,1,癸,1,癸,w309a0904,癸,1,10346,癸
1271,2,湀,2,湀,w309a1001,湀,2,10347,湀
1272,1,否,1,否,w309a1002,否,1,10348,否
1272,2,痞,2,痞,w309a1003,痞,2,10349,痞
1272,3,圯〈圮〉,3,圯〈圮〉,w309a1004,圯〈圮〉,3,10350,圮
1272,4,仳,4,仳,w309a1005,仳,4,10351,仳
1272,5,殍,5,殍,w309b0101,殍,5,10352,殍
1272,6,𢁦,6,𢁦,w309b0102,𢁦,6,10353,𢁦
1272,7,䤏,7,䤏,w309b0103,䤏,7,10354,䤏
1272,8,𢻹,8,𢻹,w309b0104,㩺,8,10355,𢻹
1273,1,㠑,1,㠑,w309b0201,㠑,1,10356,㠑
1274,1,嚭,1,嚭,w309b0202,嚭,1,10357,嚭
1274,2,秠,2,秠,w309b0203,秠,2,10358,秠
1274,3,疕,3,疕,w309b0204,疕,3,10359,疕
1274,4,𡺮,4,𡺮,w309b0205,𡺮,4,10360,𡺮
1274,5,𢻹,5,𢻹,w309b0206,𢻹,5,10361,𢻹
1275,1,蕊,1,蕊,w309b0301,蕊,1,10362,蕊
1275,2,甤,2,甤,w309b0302,甤,2,10363,甤
1275,3,繠,3,繠,w309b0303,繠,3,10364,繠
1276,1,唯,1,唯,w309b0304,唯,1,10365,唯
1276,2,蓶,2,蓶,w309b0305,蓶,2,10366,蓶
1276,3,䲊,3,䲊,w309b0401,䲊,3,10367,䲊
1276,4,壝,4,壝,w309b0402,壝,4,10368,壝
1276,5,瀢,5,瀢,w309b0403,瀢,5,10369,瀢
1276,6,孈,6,孈,w309b0404,孈,6,10370,孈
1276,7,撱,7,撱,w309b0405,㨊,7,10371,㨊
1276,8,踓,8,踓,w309b0501,踓,8,10372,踓
1277,1,㰻,1,㰻,w309b0502,㰻,1,10373,㰻
1278,1,濢,1,濢,w309b0503,濢,1,10374,濢
1278,2,噿,2,噿,w309b0504,噿,2,10375,噿
1278,3,嗺〈嶉〉,3,嗺〈嶉〉,w309b0505,嗺〈嶉〉,3,10376,嗺
1278,4,臎,4,臎,w309b0506,臎,4,10377,臎
1279,1,黹,1,黹,w309b0507,黹,1,10378,黹
1279,2,𢾫,2,𢾫,w309b0601,⿰蚩支〈𢾫〉,2,10379,𢾫
1279,3,夂,3,夂,w309b0602,夂,3,10380,夂
1279,4,㨖,4,㨖,w309b0603,㨖,4,10381,㨖
1280,1,𡳭,1,𡳭,w309b0604,𡳭,1,10382,𡳭
1281,1,𧿲,1,𧿲,w309b0605,𧿲,1,10383,𧿲
1282,1,䁤,1,䁤,w309b0701,䁤,1,10384,䁤
1283,1,䣀,1,䣀,w309b0702,䣀,1,10385,䣀
1284,1,跽,1,跽,w309b0703,跽,1,10386,跽
1285,1,巋,1,巋,w309b0704,巋,1,10387,巋
1285,2,蘬,2,蘬,w309b0801,蘬,2,10388,蘬
1286,1,止,1,止,w309b0901,止,1,10389,止
1286,2,畤,2,畤,w309b0902,畤,2,10390,畤
1286,3,沚,3,沚,w309b0903,沚,3,10391,沚
1286,4,洔,4,洔,w309b1001,洔,4,10392,洔
1286,5,茝,5,茝,w309b1002,茝,5,10393,茝
1286,6,趾,6,趾,w310a0101,趾,6,10394,趾
1286,7,址,7,址,w310a0102,址,7,10395,址
1286,8,阯,8,阯,w310a0103,阯,8,10396,阯
1286,9,芷,9,芷,w310a0201,芷,9,10397,芷
1286,10,厎,10,厎,w310a0202,厎,10,10398,厎
1287,1,市,1,市,w310a0203,市,1,10399,市
1287,2,恃,2,恃,w310a0401,恃,2,10400,恃
1287,3,畤,3,畤,w310a0402,畤,3,10401,畤
1288,1,徵,1,徵,w310a0403,徵,1,10402,徵
1288,2,𧩼,2,𧩼,w310a0404,𧩼,2,10403,𧩼
1288,3,㨖,3,㨖,w310a0501,㨖,3,10404,㨖
1289,1,喜,1,喜,w310a0502,喜,1,10405,喜
1289,2,憙,2,憙,w310a0601,憙,2,10406,憙
1289,3,蟢,3,蟢,w310a0602,蟢,3,10407,蟢
1290,1,紀,1,紀,w310a0603,紀,1,10408,紀
1290,2,己,2,己,w310a0604,己,2,10409,己
1290,3,妀,3,妀,w310a0701,妀,3,10410,妀
1290,4,𠮯,4,𠮯,w310a0702,𠮯,4,10411,𠮯
1291,1,以,1,以,w310a0703,以,1,10412,以
1291,2,㠯,2,㠯,w310a0704,㠯,2,10413,㠯
1291,3,已,3,已,w310a0705,已,3,10414,巳
1291,4,苡,4,苡,w310a0801,苡,4,10415,苡
1291,5,苢,5,苢,w310a0901,苢,5,10416,苢
1291,6,佁,6,佁,w310a0902,佁,6,10417,佁
1291,7,攺,7,攺,w310a0903,攺,7,10418,攺
1292,1,似,1,似,w310a0904,似,1,10419,似
1292,2,佀,2,佀,w310a1001,佀,2,10420,佀
1292,3,祀,3,祀,w310a1002,祀,3,10421,祀
1292,4,𥘰,4,𥘰,w310a1003,𥘰,4,10422,𥘰
1292,5,禩,5,禩,w310a1004,禩,5,10423,禩
1292,6,姒,6,姒,w310a1005,姒,6,10424,姒
1292,7,巳,7,巳,w310a1006,已,7,10425,巳
1292,8,耜,8,耜,w310b0101,耜,8,10426,耜
1292,9,𦓨,9,𦓨,w310b0102,𦓨,9,10427,𦓨
1292,10,汜,10,汜,w310b0103,汜,10,10428,汜
1292,11,洍,11,洍,w310b0201,洍,11,10429,洍
1292,12,泤,12,泤,w310b0202,泤,12,10430,泤
1292,13,攺,13,攺,w310b0203,攺,13,10431,攺
1292,14,鈶,14,鈶,w310b0204,鈶,14,10432,鈶
1292,15,𪊍,15,𪊍,w310b0205,𪊍,15,10433,𪊍
1293,1,史,1,史,w310b0301,史,1,10434,史
1293,2,使,2,使,w310b0401,使,2,10435,使
1293,3,駛,3,駛,w310b0402,駛,3,10436,駛
1293,4,𩰢,4,𩰢,w310b0403,𩰢,4,10437,𩰢
1294,1,耳,1,耳,w310b0501,耳,1,10438,耳
1294,2,洱,2,洱,w310b0502,洱,2,10439,洱
1294,3,駬,3,駬,w310b0503,駬,3,10440,駬
1294,4,䋙,4,䋙,w310b0504,䋙,4,10441,䋙
1294,5,𪕔,5,𪕔,w310b0505,𪕔,5,10442,𪕔
1295,1,里,1,里,w310b0601,里,1,10443,里
1295,2,裏,2,裏,w310b0701,裏,2,10444,裏
1295,3,鯉,3,鯉,w310b0702,鯉,3,10445,鯉
1295,4,悝,4,悝,w310b0703,悝,4,10446,悝
1295,5,李,5,李,w310b0704,李,5,10447,李
1295,6,㾖,6,㾖,w310b0801,㾖,6,10448,㾖
1295,7,理,7,理,w310b0802,理,7,10449,理
1295,8,娌,8,娌,w310b0901,娌,8,10450,娌
1295,9,俚,9,俚,w310b0902,俚,9,10451,俚
1295,10,𨛋,10,𨛋,w310b0903,𨛋,10,10452,𨛋
1296,1,枲,1,枲,w310b0904,枲,1,10453,枲
1296,2,萆〈𦱓〉,2,萆〈𦱓〉,w310b1001,萆,2,10454,萆
1296,3,𤟧,3,𤟧,w310b1002,𤟧,3,10455,𤟧
1296,4,䈚,4,䈚,w310b1003,䈚,4,10456,䈚
1296,5,葸,5,葸,w310b1004,葸,5,10457,葸
1296,6,諰,6,諰,w310b1005,諰,6,10458,諰
1296,7,𠪙,7,𠪙,w311a0101,𠪙,7,10459,𠪙
1297,1,始,1,始,w311a0102,始,1,10460,始
1298,1,歭,1,歭,w311a0103,歭,1,10461,歭
1298,2,跱,2,跱,w311a0104,跱,2,10462,跱
1298,3,峙,3,峙,w311a0105,峙,3,10463,峙
1298,4,痔,4,痔,w311a0201,痔,4,10464,痔
1298,5,㣥〈偫〉,5,㣥〈偫〉,w311a0202,㣥〈偫〉,5,10465,㣥
1298,6,洔,6,洔,w311a0203,洔,6,10466,洔
1298,7,畤,7,畤,w311a0204,畤,7,10467,畤
1298,8,秲,8,秲,w311a0205,秲,8,10468,秲
1298,9,庤,9,庤,w311a0206,庤,9,10469,庤
1299,1,起,1,起,w311a0301,起,1,10470,起
1299,2,邔,2,邔,w311a0302,⿰已阝〈邔〉,2,10471,邔
1299,3,杞,3,杞,w311a0303,杞,3,10472,杞
1299,4,屺,4,屺,w311a0401,屺,4,10473,屺
1299,5,玘,5,玘,w311a0402,玘,5,10474,玘
1299,6,芑,6,芑,w311a0403,芑,6,10475,芑
1300,1,士,1,士,w311a0501,士,1,10476,士
1300,2,仕,2,仕,w311a0601,仕,2,10477,仕
1300,3,柹,3,柹,w311a0602,𣐈,3,10478,𣐈
1300,4,𢨪,4,𢨪,w311a0603,𢨪,4,10479,𢨪
1300,5,戺,5,戺,w311a0604,戺,5,10480,戺
1301,1,俟,1,俟,w311a0605,俟,1,10481,俟
1301,2,竢,2,竢,w311a0801,竢,2,10482,竢
1301,3,涘,3,涘,w311a0802,涘,3,10483,涘
1301,4,騃,4,騃,w311a0803,騃,4,10484,騃
1301,5,𥾩,5,𥾩,w311a0901,𥾩〈䋀〉,5,10485,𥾩
1301,6,𥏳,6,𥏳,w311a0902,𥏳,6,10486,𥏳
1301,7,𢓪,7,𢓪,w311a0903,𢓪,7,10487,𢓪
1302,1,子,1,子,w311a0904,子,1,10488,子
1302,2,㜽,2,㜽,w311b0101,㜽,2,10489,㜽
1302,3,仔,3,仔,w311b0102,仔,3,10490,仔
1302,4,虸,4,虸,w311b0103,虸,4,10491,虸
1302,5,耔,5,耔,w311b0104,耔,5,10492,耔
1302,6,秄,6,秄,w311b0105,秄,6,10493,秄
1302,7,梓,7,梓,w311b0201,梓,7,10494,梓
1302,8,杍,8,杍,w311b0202,杍,8,10495,杍
1303,1,矣,1,矣,w311b0203,矣,1,10496,矣
1303,2,𦮸,2,𦮸,w311b0204,𦮸,2,10497,𦮸
1304,1,擬,1,擬,w311b0205,擬,1,10498,擬
1304,2,儗,2,儗,w311b0206,儗,2,10499,儗
1304,3,薿,3,薿,w311b0301,薿,3,10500,薿
1304,4,孴,4,孴,w311b0302,孴,4,10501,孴
1304,5,譺,5,譺,w311b0303,譺,5,10502,譺
1304,6,𥣖,6,𥣖,w311b0304,𥣖,6,10503,𥣖
1305,1,齒,1,齒,w311b0305,齒,1,10504,齒
1305,2,紕〈䊼〉,2,紕〈䊼〉,w311b0401,紕,2,10505,紕
1306,1,恥,1,恥,w311b0402,恥,1,10506,恥
1306,2,祉,2,祉,w311b0403,祉,2,10507,祉
1306,3,褫,3,褫,w311b0404,褫,3,10508,褫
1307,1,㓼,1,㓼,w311b0405,㓼,1,10509,㓼
1307,2,欼,2,欼,w311b0501,欼,2,10510,欼
1307,3,㱀,3,㱀,w311b0502,㱀,3,10511,㱀
1308,1,滓,1,滓,w311b0503,滓,1,10512,滓
1308,2,笫,2,笫,w311b0504,笫,2,10513,笫
1308,3,胏,3,胏,w311b0505,胏,3,10514,胏
1308,4,䔂,4,䔂,w311b0506,䔂,4,10515,䔂
1308,5,𠂔,5,𠂔,w311b0601,𠂔,5,10516,𠂔
1309,1,譩,1,譩,w311b0602,譩,1,10517,譩
1309,2,醷,2,醷,w311b0603,醷,2,10518,醷
1310,1,伱,1,伱,w311b0604,伱,1,10519,伱
1310,2,聻,2,聻,w311b0701,聻,2,10520,聻
1311,1,尾,1,尾,w311b0801,尾,1,10521,尾
1311,2,亹,2,亹,w311b0802,亹,2,10522,亹
1311,3,斖,3,斖,w311b0803,斖,3,10523,斖
1311,4,浘,4,浘,w311b0804,浘,4,10524,浘
1311,5,娓,5,娓,w311b0901,娓,5,10525,娓
1311,6,䞔,6,䞔,w311b0902,䞔,6,10526,䞔
1311,7,䅏,7,䅏,w311b0903,䅏,7,10527,䅏
1311,8,䬿,8,䬿,w311b0904,䬿,8,10528,䬿
1312,1,扆,1,扆,w311b1001,扆,1,10529,扆
1312,2,㥋,2,㥋,w311b1002,㥋,2,10530,㥋
1312,3,偯,3,偯,w311b1003,偯,3,10531,偯
1312,4,庡〈㕈〉,4,庡〈㕈〉,w311b1004,庡〈㕈〉,4,10532,庡
1312,5,僾,5,僾,w311b1005,僾,5,10533,僾
1312,6,靉,6,靉,w312a0101,靉,6,10534,靉
1313,1,豈,1,豈,w312a0102,豈,1,10535,豈
1313,2,䔇,2,䔇,w312a0103,䔇,2,10536,䔇
1314,1,蟣,1,蟣,w312a0104,蟣,1,10537,蟣
1314,2,幾,2,幾,w312a0201,幾,2,10538,幾
1314,3,穖,3,穖,w312a0202,穖,3,10539,穖
1314,4,𩴆,4,𩴆,w312a0203,𩴆,4,10540,𩴆
1315,1,斐,1,斐,w312a0204,斐,1,10541,斐
1315,2,菲,2,菲,w312a0205,菲,2,10542,菲
1315,3,朏,3,朏,w312a0301,朏,3,10543,朏
1315,4,悱,4,悱,w312a0302,悱,4,10544,悱
1315,5,𩦎,5,𩦎,w312a0303,𩦎,5,10545,𩦎
1315,6,奜,6,奜,w312a0304,奜,6,10546,奜
1315,7,䨽,7,䨽,w312a0305,䨽,7,10547,䨽
1316,1,匪,1,匪,w312a0306,匪,1,10548,匪
1316,2,篚,2,篚,w312a0401,篚,2,10549,篚
1316,3,棐,3,棐,w312a0402,棐,3,10550,棐
1316,4,餥,4,餥,w312a0403,餥,4,10551,餥
1316,5,榧,5,榧,w312a0404,榧,5,10552,榧
1316,6,蜰,6,蜰,w312a0501,蜰,6,10553,蜰
1316,7,䕁,7,䕁,w312a0502,䕁,7,10554,䕁
1316,8,蜚,8,蜚,w312a0503,蜚,8,10555,蜚
1317,1,韙,1,韙,w312a0504,韙,1,10556,韙
1317,2,煒,2,煒,w312a0601,煒,2,10557,煒
1317,3,暐,3,暐,w312a0602,暐,3,10558,暐
1317,4,偉,4,偉,w312a0603,偉,4,10559,偉
1317,5,瑋,5,瑋,w312a0604,瑋,5,10560,瑋
1317,6,葦,6,葦,w312a0605,葦,6,10561,葦
1317,7,椲,7,椲,w312a0606,椲,7,10562,椲
1317,8,韡,8,韡,w312a0607,韡,8,10563,韡
1317,9,𩘚,9,𩘚,w312a0608,𩘚,9,10564,𩘚
1317,10,媁,10,媁,w312a0701,媁,10,10565,媁
1317,11,愇,11,愇,w312a0702,愇,11,10566,愇
1317,12,鍏,12,鍏,w312a0703,鍏,12,10567,鍏
1317,13,𢯷,13,𢯷,w312a0704,𢯷,13,10568,𢯷
1318,1,鬼,1,鬼,w312a0705,鬼,1,10569,鬼
1319,1,虺,1,虺,w312a0801,虺,1,10570,虺
1319,2,𤈦,2,𤈦,w312a0802,𤈦,2,10571,𤈦
1319,3,𩄁,3,𩄁,w312a0803,𩄁,3,10572,𩃾
1319,4,虫,4,虫,w312a0804,虫,4,10573,虫
1319,5,卉,5,卉,w312a0805,卉,5,10574,卉
1320,1,顗,1,顗,w312a0806,顗,1,10575,顗
1320,2,螘,2,螘,w312a0901,螘,2,10576,螘
1321,1,豨,1,豨,w312a0902,豨,1,10577,豨
1321,2,俙,2,俙,w312a0903,俙,2,10578,俙
1321,3,𪖥,3,𪖥,w312a0904,𪖥,3,10579,𪖥
1321,4,霼,4,霼,w312a0905,霼,4,10580,霼
1321,5,唏,5,唏,w312a1001,唏,5,10581,唏
1322,1,磈,1,磈,w312a1002,磈,1,10582,磈
1322,2,嵔,2,嵔,w312a1003,嵔,2,10583,嵔
1323,1,膹,1,膹,w312a1004,膹,1,10584,膹
1323,2,䆏,2,䆏,w312a1005,䆏,2,10585,䆏
1323,3,橨,3,橨,w312b0101,橨,3,10586,橨
1323,4,蟦,4,蟦,w312b0102,蟦,4,10587,蟦
1323,5,陫,5,陫,w312b0103,陫,5,10588,陫
1323,6,䒈,6,䒈,w312b0104,䒈,6,10589,䒈
1324,1,語,1,語,w312b0201,語,1,10590,語
1324,2,篽,2,篽,w312b0202,篽,2,10591,篽
1324,3,籞,3,籞,w312b0203,籞,3,10592,籞
1324,4,圉,4,圉,w312b0204,圉,4,10593,圉
1324,5,敔,5,敔,w312b0301,敔,5,10594,敔
1324,6,圄,6,圄,w312b0302,圄,6,10595,圄
1324,7,衙,7,衙,w312b0303,衙,7,10596,衙
1324,8,齬,8,齬,w312b0401,齬,8,10597,齬
1324,9,鋙,9,鋙,w312b0402,鋙,9,10598,鋙
1324,10,䥏,10,䥏,w312b0403,䥏,10,10599,䥏
1324,11,禦,11,禦,w312b0404,禦,11,10600,禦
1324,12,蘌,12,蘌,w312b0501,蘌,12,10601,蘌
1325,1,呂,1,呂,w312b0502,吕,1,10602,吕
1325,2,膂,2,膂,w312b0601,膂,2,10603,膂
1325,3,旅,3,旅,w312b0602,旅,3,10604,旅
1325,4,𥰠,4,𥰠,w312b0603,𥰠,4,10605,𥰠
1325,5,祣,5,祣,w312b0604,祣,5,10606,祣
1325,6,穭,6,穭,w312b0701,穭,6,10607,穭
1325,7,梠,7,梠,w312b0702,梠,7,10608,梠
1325,8,儢,8,儢,w312b0703,儢,8,10609,儢
1325,9,侶,9,侶,w312b0704,侣,9,10610,侣
1325,10,㭚,10,㭚,w312b0705,㭚,10,10611,㭚
1325,11,郘,11,郘,w312b0801,郘,11,10612,郘
1325,12,絽,12,絽,w312b0802,絽,12,10613,絽
1325,13,𢈚,13,𢈚,w312b0803,𢈚,13,10614,𢈚
1326,1,佇,1,佇,w312b0804,佇,1,10615,佇
1326,2,竚,2,竚,w312b0805,竚,2,10616,竚
1326,3,芧,3,芧,w312b0806,芧,3,10617,芧
1326,4,苧,4,苧,w312b0807,苧,4,10618,苧
1326,5,紵,5,紵,w312b0901,紵,5,10619,紵
1326,6,杼,6,杼,w312b0902,杼,6,10620,杼
1326,7,羜,7,羜,w312b0903,羜,7,10621,羜
1326,8,宁,8,宁,w312b0904,宁,8,10622,宁
1326,9,眝,9,眝,w312b0905,眝,9,10623,眝
1327,1,與,1,與,w312b1001,與,1,10624,與
1327,2,与,2,与,w312b1002,与,2,10625,与
1327,3,𢌱,3,𢌱,w312b1003,𢌱,3,10626,𢌱
1327,4,歟,4,歟,w312b1004,歟,4,10627,歟
1327,5,予,5,予,w312b1005,予,5,10628,予
1327,6,藇,6,藇,w313a0101,藇,6,10629,藇
1327,7,㦛,7,㦛,w313a0102,㦛,7,10630,㦛
1328,1,䰞,1,䰞,w313a0103,䰞,1,10631,䰞
1328,2,煑,2,煑,w313a0201,煑,2,10632,煑
1328,3,陼,3,陼,w313a0202,陼,3,10633,陼
1328,4,渚,4,渚,w313a0203,渚,4,10634,渚
1329,1,汝,1,汝,w313a0301,汝,1,10635,汝
1329,2,肗,2,肗,w313a0401,肗,2,10636,肗
1329,3,茹,3,茹,w313a0402,茹,3,10637,茹
1329,4,㼋,4,㼋,w313a0403,㼋,4,10638,㼋
1329,5,𪏮,5,𪏮,w313a0501,𪏮,5,10639,𪏮
1329,6,𡫽,6,𡫽,w313a0502,𡫽,6,10640,𡫽
1330,1,暑,1,暑,w313a0503,暑,1,10641,暑
1330,2,鼠,2,鼠,w313a0504,䑕,2,10642,鼠
1330,3,黍,3,黍,w313a0505,黍,3,10643,黍
1330,4,𧑓,4,𧑓,w313a0601,𧑓,4,10644,𧑓
1330,5,癙,5,癙,w313a0602,癙,5,10645,癙
1331,1,杵,1,杵,w313a0603,杵,1,10646,杵
1331,2,處,2,處,w313a0604,處,2,10647,處
1332,1,貯,1,貯,w313a0701,貯,1,10648,貯
1332,2,𡪄,2,𡪄,w313a0702,𡪄,2,10649,𡪄
1332,3,𢁼,3,𢁼,w313a0703,𢁼,3,10650,𢁼
1332,4,褚,4,褚,w313a0704,褚,4,10651,褚
1332,5,𤲑,5,𤲑,w313a0705,𤲑,5,10652,𤲑
1332,6,䍆,6,䍆,w313a0801,䍆,6,10653,䍆
1332,7,著,7,著,w313a0802,著,7,10654,著
1332,8,詝,8,詝,w313a0803,詝,8,10655,詝
1332,9,䘢,9,䘢,w313a0804,䘢,9,10656,䘢
1333,1,諝,1,諝,w313a0805,諝,1,10657,諝
1333,2,胥,2,胥,w313a0901,胥,2,10658,胥
1333,3,㥠,3,㥠,w313a0902,㥠,3,10659,㥠
1333,4,稰,4,稰,w313a0903,稰,4,10660,稰
1333,5,醑,5,醑,w313a0904,醑,5,10661,醑
1333,6,湑,6,湑,w313a0905,湑,6,10662,湑
1333,7,糈,7,糈,w313a0906,糈,7,10663,糈
1333,8,楈,8,楈,w313a0907,楈,8,10664,楈
1333,9,𥚩,9,𥚩,w313a0908,𥚩,9,10665,𥚩
1334,1,楮,1,楮,w313a1001,楮,1,10666,楮
1334,2,柠,2,柠,w313a1002,柠,2,10667,柠
1334,3,褚,3,褚,w313a1003,褚,3,10668,褚
1335,1,女,1,女,w313b0101,女,1,10669,女
1335,2,籹,2,籹,w313b0102,籹,2,10670,籹
1336,1,許,1,許,w313b0103,許,1,10671,許
1336,2,鄦,2,鄦,w313b0201,鄦,2,10672,鄦
1337,1,巨,1,巨,w313b0301,巨,1,10673,巨
1337,2,拒,2,拒,w313b0302,拒,2,10674,拒
1337,3,秬,3,秬,w313b0303,秬,3,10675,秬
1337,4,距,4,距,w313b0304,距,4,10676,距
1337,5,𧣒,5,𧣒,w313b0305,𧣒,5,10677,𧣒
1337,6,炬,6,炬,w313b0306,炬,6,10678,炬
1337,7,粔,7,粔,w313b0401,粔,7,10679,粔
1337,8,𧇽,8,𧇽,w313b0402,𧇽,8,10680,𧇽
1337,9,虡,9,虡,w313b0403,虡,9,10681,虡
1337,10,鐻,10,鐻,w313b0501,鐻,10,10682,鐻
1337,11,鉅,11,鉅,w313b0502,鉅,11,10683,鉅
1337,12,苣,12,苣,w313b0503,苣,12,10684,苣
1337,13,駏,13,駏,w313b0504,駏,13,10685,駏
1337,14,𦼫,14,𦼫,w313b0505,𦼫,14,10686,𦼫
1337,15,𦊐,15,𦊐,w313b0506,𦊐,15,10687,𦊐
1337,16,詎,16,詎,w313b0601,詎,16,10688,詎
1337,17,歫,17,歫,w313b0602,歫,17,10689,歫
1337,18,䶙,18,䶙,w313b0603,䶙,18,10690,䶙
1338,1,所,1,所,w313b0604,所,1,10691,所
1338,2,𠩄,2,𠩄,w313b0701,𠩄,2,10692,𠩄
1338,3,糈,3,糈,w313b0702,糈,3,10693,糈
1338,4,齭,4,齭,w313b0703,齭,4,10694,齭
1338,5,疋,5,疋,w313b0704,疋,5,10695,疋
1338,6,盨,6,盨,w313b0705,盨,6,10696,盨
1338,7,䝪,7,䝪,w313b0801,䝪,7,10697,䝪
1339,1,楚,1,楚,w313b0802,楚,1,10698,楚
1339,2,礎,2,礎,w313b0901,礎,2,10699,礎
1339,3,齭,3,齭,w313b0902,齭,3,10700,齭
1339,4,齼,4,齼,w313b0903,齼,4,10701,齼
1339,5,𪓐,5,𪓐,w313b0904,𪓐,5,10702,𪓐
1339,6,䙘,6,䙘,w313b1001,䙘,6,10703,䙘
1339,7,憷,7,憷,w313b1002,憷,7,10704,憷
1339,8,濋,8,濋,w313b1003,濋,8,10705,濋
1340,1,阻,1,阻,w313b1004,阻,1,10706,阻
1340,2,爼〈俎〉,2,爼〈俎〉,w313b1005,爼〈俎〉,2,10707,俎
1341,1,齟,1,齟,w313b1006,齟,1,10708,齟
1341,2,鉏,2,鉏,w314a0101,鉏,2,10709,鉏
1342,1,咀,1,咀,w314a0102,咀,1,10710,咀
1342,2,沮,2,沮,w314a0103,沮,2,10711,沮
1342,3,怚,3,怚,w314a0104,怚,3,10712,怚
1342,4,袓,4,袓,w314a0105,袓,4,10713,袓
1342,5,跙,5,跙,w314a0201,跙,5,10714,跙
1342,6,𧽟,6,𧽟,w314a0202,𧽟,6,10715,𧽟
1343,1,𢮁,1,𢮁,w314a0203,𢮁,1,10716,𢮁
1343,2,𩩘,2,𩩘,w314a0204,𩩘,2,10717,𩩘
1344,1,舉,1,舉,w314a0205,舉,1,10718,舉
1344,2,莒,2,莒,w314a0301,莒,2,10719,莒
1344,3,櫸,3,櫸,w314a0302,櫸,3,10720,櫸
1344,4,筥,4,筥,w314a0303,筥,4,10721,筥
1344,5,𥴧,5,𥴧,w314a0304,𥴧,5,10722,𥴧
1344,6,𧺹,6,𧺹,w314a0401,𧺹,6,10723,𧺹
1344,7,弆,7,弆,w314a0402,弆,7,10724,弆
1344,8,柜,8,柜,w314a0403,柜,8,10725,柜
1344,9,䢹,9,䢹,w314a0404,䢹,9,10726,䢹
1344,10,𠢈,10,𠢈,w314a0405,𠢈〈𦥠〉,10,10727,𠢈
1345,1,敘,1,敘,w314a0406,敘,1,10728,敘
1345,2,緒,2,緒,w314a0501,緒,2,10729,緒
1345,3,藇,3,藇,w314a0502,藇,3,10730,藇
1345,4,序,4,序,w314a0503,序,4,10731,序
1345,5,漵,5,漵,w314a0504,漵,5,10732,漵
1345,6,抒,6,抒,w314a0601,抒,6,10733,抒
1345,7,嶼,7,嶼,w314a0602,嶼,7,10734,嶼
1345,8,鱮,8,鱮,w314a0603,鱮,8,10735,鱮
1345,9,𨣦,9,𨣦,w314a0604,𨣦,9,10736,𨣦
1345,10,𥎗,10,𥎗,w314a0605,𥎗,10,10737,𥎗
1345,11,𡱣,11,𡱣,w314a0606,𡱣,11,10738,𡱣
1346,1,去,1,去,w314a0701,去,1,10739,去
1346,2,麮,2,麮,w314a0702,麮,2,10740,麮
1346,3,弆,3,弆,w314a0703,弆,3,10741,弆
1346,4,𧉧,4,𧉧,w314a0704,𧉧,4,10742,𧉧
1346,5,𥿇,5,𥿇,w314a0705,𥿇,5,10743,𥿇
1347,1,紓,1,紓,w314a0706,紓,1,10744,紓
1347,2,抒,2,抒,w314a0801,抒,2,10745,抒
1347,3,杼,3,杼,w314a0802,杼,3,10746,杼
1348,1,野,1,野,w314a0803,野,1,10747,野
1348,2,墅,2,墅,w314a0804,墅,2,10748,墅
1349,1,𥅗〈𤿚〉,1,𥅗〈𤿚〉,w314a0805,𥅗〈𤿚〉,1,10749,𤿚
1350,1,苴,1,苴,w314a0901,苴,1,10750,苴
1350,2,咀,2,咀,w314a0902,咀,2,10751,咀
1350,3,䃊,3,䃊,w314a0903,䃊,3,10752,䃊
1351,1,麌,1,麌,w314a1001,麌,1,10753,麌
1351,2,俁,2,俁,w314a1002,俁,2,10754,俁
1351,3,噳,3,噳,w314a1003,噳,3,10755,噳
1352,1,羽,1,羽,w314a1004,羽,1,10756,羽
1352,2,禹,2,禹,w314b0201,禹,2,10757,禹
1352,3,雨,3,雨,w314b0202,雨,3,10758,雨
1352,4,宇,4,宇,w314b0301,宇,4,10759,宇
1352,5,㝢,5,㝢,w314b0501,㝢,5,10760,㝢
1352,6,瑀,6,瑀,w314b0502,瑀,6,10761,瑀
1352,7,祤,7,祤,w314b0503,祤,7,10762,祤
1352,8,栩,8,栩,w314b0504,栩,8,10763,栩
1352,9,鄅,9,鄅,w314b0505,鄅,9,10764,鄅
1352,10,頨,10,頨,w314b0601,頨,10,10765,頨
1352,11,楀,11,楀,w314b0602,楀,11,10766,楀
1352,12,萭,12,萭,w314b0603,萭,12,10767,萭
1352,13,䣁,13,䣁,w314b0604,䣁,13,10768,䣁
1352,14,聥,14,聥,w314b0605,聥,14,10769,聥
1352,15,䨞,15,䨞,w314b0701,䨞,15,10770,䨞
1353,1,聚,1,聚,w314b0702,聚,1,10771,聚
1353,2,鄹,2,鄹,w314b0703,鄹,2,10772,鄹
1354,1,甫,1,甫,w314b0704,甫,1,10773,甫
1354,2,脯,2,脯,w314b0801,脯,2,10774,脯
1354,3,斧,3,斧,w314b0802,⿳八𠆢斤〈斧〉,3,10775,斧
1354,4,頫,4,頫,w314b0901,頫,4,10776,頫
1354,5,俯,5,俯,w314b0902,俯,5,10777,俯
1354,6,府,6,府,w314b0903,府,6,10778,府
1354,7,腑,7,腑,w314b1001,腑,7,10779,腑
1354,8,簠,8,簠,w314b1002,簠,8,10780,簠
1354,9,黼,9,黼,w315a0101,黼,9,10781,黼
1354,10,蜅,10,蜅,w315a0102,蜅,10,10782,蜅
1354,11,莆,11,莆,w315a0103,莆,11,10783,莆
1354,12,𧉊,12,𧉊,w315a0104,𧉊,12,10784,𧉊
1354,13,俌,13,俌,w315a0201,俌,13,10785,俌
1354,14,㕮,14,㕮,w315a0202,㕮,14,10786,㕮
1354,15,父,15,父,w315a0203,父,15,10787,父
1354,16,𥒰,16,𥒰,w315a0401,𥒰,16,10788,𥒰
1354,17,蚥,17,蚥,w315a0402,蚥,17,10789,蚥
1354,18,鯆,18,鯆,w315a0403,鯆,18,10790,鯆
1354,19,郙,19,郙,w315a0404,郙,19,10791,郙
1355,1,武,1,武,w315a0405,武,1,10792,武
1355,2,舞,2,舞,w315a0801,舞,2,10793,舞
1355,3,儛,3,儛,w315a0901,儛,3,10794,儛
1355,4,嫵,4,嫵,w315a0902,嫵,4,10795,嫵
1355,5,侮,5,侮,w315a0903,侮,5,10796,侮
1355,6,𦌬,6,𦌬,w315a0904,𦌬,6,10797,𦌬
1355,7,憮,7,憮,w315a0905,憮,7,10798,憮
1355,8,㒇,8,㒇,w315a0906,㒇,8,10799,㒇
1355,9,珷,9,珷,w315a1001,珷,9,10800,珷
1355,10,碔,10,碔,w315a1002,碔,10,10801,碔
1355,11,廡,11,廡,w315a1003,廡,11,10802,廡
1355,12,𢋑,12,𢋑,w315a1004,𢋑,12,10803,𢋑
1355,13,甒,13,甒,w315a1005,甒,13,10804,甒
1355,14,潕,14,潕,w315a1006,潕,14,10805,潕
1355,15,鵡,15,鵡,w315a1007,鵡,15,10806,鵡
1355,16,䳇,16,䳇,w315b0101,䳇,16,10807,䳇
1355,17,𢜮,17,𢜮,w315b0102,𢜮,17,10808,𢜮
1355,18,膴,18,膴,w315b0103,膴,18,10809,膴
1355,19,瞴,19,瞴,w315b0104,瞴,19,10810,瞴
1355,20,娬,20,娬,w315b0105,娬,20,10811,娬
1355,21,敄,21,敄,w315b0106,敄,21,10812,敄
1355,22,䒉,22,䒉,w315b0107,䒉,22,10813,䒉
1355,23,䍙,23,䍙,w315b0108,䍙,23,10814,䍙
1355,24,𣞤,24,𣞤,w315b0201,𣞤,24,10815,𤍍
1356,1,父,1,父,w315b0202,父,1,10816,父
1356,2,輔,2,輔,w315b0203,輔,2,10817,輔
1356,3,䩉,3,䩉,w315b0301,䩉,3,10818,䩉
1356,4,𩒺,4,𩒺,w315b0302,𩒺,4,10819,𩒺
1356,5,腐,5,腐,w315b0303,腐,5,10820,腐
1356,6,𩾿,6,𩾿,w315b0304,𩾿,6,10821,𩾿
1356,7,滏,7,滏,w315b0305,滏,7,10822,滏
1356,8,䭸,8,䭸,w315b0401,䭸,8,10823,䭸
1356,9,㕮,9,㕮,w315b0402,㕮,9,10824,㕮
1356,10,蚥,10,蚥,w315b0403,蚥,10,10825,蚥
1356,11,㾈,11,㾈,w315b0404,㾈,11,10826,㾈
1356,12,秿,12,秿,w315b0405,秿,12,10827,秿
1356,13,鬴,13,鬴,w315b0501,鬴,13,10828,鬴
1356,14,釜,14,釜,w315b0502,釜,14,10829,釜
1356,15,䪔,15,䪔,w315b0503,䪔,15,10830,䪔
1357,1,撫,1,撫,w315b0504,撫,1,10831,撫
1357,2,𢻬,2,𢻬,w315b0505,𢻬,2,10832,𢻬
1357,3,弣,3,弣,w315b0601,弣,3,10833,弣
1357,4,𠛺,4,𠛺,w315b0602,𠛺,4,10834,𠛺
1357,5,拊,5,拊,w315b0603,拊,5,10835,拊
1357,6,殕,6,殕,w315b0604,殕,6,10836,殕
1357,7,䋨,7,䋨,w315b0605,䋨,7,10837,䋨
1357,8,俌,8,俌,w315b0606,俌,8,10838,俌
1357,9,剖,9,剖,w315b0701,剖,9,10839,剖
1357,10,䌗,10,䌗,w315b0702,䌗,10,10840,䌗
1357,11,䯽,11,䯽,w315b0703,䯽,11,10841,䯽
1357,12,𠟌〈𦵿〉,12,𠟌〈𦵿〉,w315b0704,𠟌〈𦵿〉,12,10842,𠟌
1357,13,䞤,13,䞤,w315b0705,䞤,13,10843,䞤
1358,1,柱,1,柱,w315b0706,柱,1,10844,柱
1358,2,跓,2,跓,w315b0801,跓,2,10845,跓
1358,3,嵀,3,嵀,w315b0802,嵀,3,10846,嵀
1359,1,詡,1,詡,w315b0803,詡,1,10847,詡
1359,2,𦀒,2,𦀒,w315b0901,𦀒,2,10848,𦀒
1359,3,冔,3,冔,w315b0902,𠳲〈冔〉,3,10849,𠳲
1359,4,姁,4,姁,w315b0903,姁,4,10850,姁
1359,5,栩,5,栩,w315b0904,栩,5,10851,栩
1359,6,珝,6,珝,w315b1001,珝,6,10852,珝
1359,7,欨,7,欨,w315b1002,欨,7,10853,欨
1359,8,祤,8,祤,w315b1003,祤,8,10854,祤
1359,9,咻,9,咻,w315b1004,咻,9,10855,咻
1359,10,喣,10,喣,w315b1005,喣,10,10856,喣
1359,11,䧁,11,䧁,w316a0101,䧁,11,10857,䧁
1359,12,煦,12,煦,w316a0102,煦,12,10858,煦
1360,1,豎,1,豎,w316a0103,豎,1,10859,豎
1360,2,竪,2,竪,w316a0104,竪,2,10860,竪
1360,3,樹,3,樹,w316a0105,樹,3,10861,樹
1360,4,裋,4,裋,w316a0201,裋,4,10862,裋
1361,1,庾,1,庾,w316a0202,𢈔,1,10863,庾
1361,2,窳,2,窳,w316a0203,窳,2,10864,窳
1361,3,𥦠,3,𥦠,w316a0204,𥦠,3,10865,𥦠
1361,4,抌,4,抌,w316a0301,抌,4,10866,抌
1361,5,㥚,5,㥚,w316a0302,㤤,5,10867,㥚
1361,6,𦺮,6,𦺮,w316a0303,𦳅,6,10868,𦺮
1361,7,愈,7,愈,w316a0304,愈,7,10869,愈
1361,8,瘉,8,瘉,w316a0305,瘉,8,10870,瘉
1361,9,㼌,9,㼌,w316a0306,㼌,9,10871,㼌
1361,10,貐,10,貐,w316a0307,貐,10,10872,貐
1361,11,楰,11,楰,w316a0401,楰,11,10873,楰
1361,12,斞,12,斞,w316a0402,斞,12,10874,斞
1362,1,主,1,主,w316a0403,主,1,10875,主
1362,2,麈,2,麈,w316a0501,麈,2,10876,麈
1362,3,枓,3,枓,w316a0502,枓,3,10877,枓
1362,4,宔,4,宔,w316a0503,宔,4,10878,宔
1362,5,炷,5,炷,w316a0504,炷,5,10879,炷
1363,1,傴,1,傴,w316a0601,傴,1,10880,傴
1363,2,噢,2,噢,w316a0602,噢,2,10881,噢
1363,3,迂,3,迂,w316a0603,迂,3,10882,迂
1364,1,齲,1,齲,w316a0604,齲,1,10883,齲
1364,2,踽,2,踽,w316a0701,踽,2,10884,踽
1364,3,竘,3,竘,w316a0702,竘,3,10885,竘
1365,1,拄,1,拄,w316a0703,拄,1,10886,拄
1365,2,柱,2,柱,w316a0704,柱,2,10887,柱
1365,3,丶,3,丶,w316a0705,丶,3,10888,丶
1365,4,𪐴,4,𪐴,w316a0801,𪐴,4,10889,𪐴
1366,1,乳,1,乳,w316a0802,乳,1,10890,乳
1366,2,擩,2,擩,w316a0803,擩,2,10891,擩
1366,3,醹,3,醹,w316a0804,醹,3,10892,醹
1367,1,窶,1,窶,w316a0805,窶,1,10893,窶
1367,2,貗,2,貗,w316a0806,貗,2,10894,貗
1368,1,數,1,數,w316a0901,數,1,10895,數
1368,2,籔,2,籔,w316a0902,籔,2,10896,籔
1369,1,矩,1,矩,w316a0903,矩,1,10897,矩
1369,2,榘,2,榘,w316a0904,榘,2,10898,榘
1369,3,踽,3,踽,w316a1001,踽,3,10899,踽
1369,4,枸,4,枸,w316a1002,枸,4,10900,枸
1369,5,萭,5,萭,w316a1003,萭,5,10901,萭
1369,6,聥,6,聥,w316a1004,聥,6,10902,聥
1369,7,䅓,7,䅓,w316b0101,䅓,7,10903,䅓
1369,8,𦐛,8,𦐛,w316b0102,𦐛,8,10904,𦐛
1369,9,楀,9,楀,w316b0103,楀,9,10905,楀
1369,10,蒟,10,蒟,w316b0104,蒟,10,10906,蒟
1369,11,椇,11,椇,w316b0105,椇,11,10907,椇
1370,1,取,1,取,w316b0201,取,1,10908,取
1371,1,縷,1,縷,w316b0202,縷,1,10909,縷
1371,2,𨻻,2,𨻻,w316b0203,𨻻,2,10910,𨻻
1371,3,僂,3,僂,w316b0204,僂,3,10911,僂
1371,4,褸,4,褸,w316b0205,褸,4,10912,褸
1371,5,簍,5,簍,w316b0206,簍,5,10913,簍
1371,6,嶁,6,嶁,w316b0301,嶁,6,10914,嶁
1371,7,謱,7,謱,w316b0302,謱,7,10915,謱
1371,8,慺,8,慺,w316b0303,慺,8,10916,慺
1371,9,漊,9,漊,w316b0304,漊,9,10917,漊
1371,10,𪈜,10,𪈜,w316b0305,𪈜,10,10918,𪈜
1371,11,㜢,11,㜢,w316b0401,㜢,11,10919,㜢
1371,12,𦳭〈𦭯〉,12,𦳭〈𦭯〉,w316b0402,𦳭〈𦭯〉,12,10920,𦳭
1371,13,蔞,13,蔞,w316b0403,蔞,13,10921,蔞
1372,1,𦄼,1,𦄼,w316b0404,𦄼,1,10922,𦄼
1372,2,䅡,2,䅡,w316b0405,䅡,2,10923,䅡
1373,1,䝒,1,䝒,w316b0406,䝒,1,10924,䝒
1373,2,𧱛,2,𧱛,w316b0501,𧱛,2,10925,𧱛
1374,1,姥,1,姥,w316b0601,姥,1,10926,姥
1374,2,莽,2,莽,w316b0602,莽,2,10927,莽
1374,3,䥈,3,䥈,w316b0603,䥈,3,10928,䥈
1374,4,媽,4,媽,w316b0604,媽,4,10929,媽
1374,5,峔,5,峔,w316b0701,峔,5,10930,峔
1374,6,𢜮,6,𢜮,w316b0702,𢜮,6,10931,𢜮
1375,1,土,1,土,w316b0703,土,1,10932,土
1375,2,吐,2,吐,w316b0704,吐,2,10933,吐
1375,3,稌,3,稌,w316b0901,稌,3,10934,稌
1375,4,芏,4,芏,w316b0902,芏,4,10935,芏
1376,1,杜,1,杜,w316b0903,杜,1,10936,杜
1376,2,靯,2,靯,w317a0101,靯,2,10937,靯
1376,3,𤬪,3,𤬪,w317a0102,𤬪,3,10938,𤬪
1376,4,𡍨,4,𡍨,w317a0103,𡍨,4,10939,𡍨
1376,5,𢾅,5,𢾅,w317a0104,𢾖,5,10940,𢾖
1376,6,肚,6,肚,w317a0105,肚,6,10941,肚
1376,7,𥀁,7,𥀁,w317a0106,𥀁,7,10942,𥀁
1376,8,荰,8,荰,w317a0107,荰,8,10943,荰
1376,9,土,9,土,w317a0201,土,9,10944,土
1377,1,魯,1,魯,w317a0202,魯,1,10945,魯
1377,2,櫓,2,櫓,w317a0301,櫓,2,10946,櫓
1377,3,滷,3,滷,w317a0302,滷,3,10947,滷
1377,4,虜,4,虜,w317a0401,虜,4,10948,虜
1377,5,擄,5,擄,w317a0402,擄,5,10949,擄
1377,6,㢚,6,㢚,w317a0403,㢚,6,10950,㢚
1377,7,𢲸,7,𢲸,w317a0404,𢲸,7,10951,𢲸
1377,8,樐,8,樐,w317a0405,樐,8,10952,樐
1377,9,艣,9,艣,w317a0406,艣,9,10953,艣
1377,10,鐪,10,鐪,w317a0407,鐪,10,10954,鐪
1377,11,蓾,11,蓾,w317a0501,蓾,11,10955,蓾
1377,12,𧀦,12,𧀦,w317a0502,𧀦,12,10956,𧀦
1377,13,鹵,13,鹵,w317a0503,鹵,13,10957,鹵
1377,14,㔪,14,㔪,w317a0504,㔪,14,10958,㔪
1377,15,鏀,15,鏀,w317a0505,鏀,15,10959,鏀
1377,16,㭩〈㭔〉,16,㭩〈㭔〉,w317a0506,㭩〈㭔〉,16,10960,㭩
1377,17,䲐,17,䲐,w317a0507,䲐,17,10961,䲐
1378,1,蔖,1,蔖,w317a0508,蔖,1,10962,蔖
1378,2,𧆓,2,𧆓,w317a0601,𧆓,2,10963,𧆓
1379,1,覩,1,覩,w317a0602,覩,1,10964,覩
1379,2,睹,2,睹,w317a0603,睹,2,10965,睹
1379,3,暏,3,暏,w317a0604,暏,3,10966,暏
1379,4,賭,4,賭,w317a0605,賭,4,10967,賭
1379,5,堵,5,堵,w317a0701,堵,5,10968,堵
1379,6,肚,6,肚,w317a0702,肚,6,10969,肚
1379,7,帾,7,帾,w317a0703,帾,7,10970,帾
1379,8,㕆,8,㕆,w317a0704,⿸𠂆古〈㕆〉,8,10971,㕆
1379,9,楮,9,楮,w317a0705,楮,9,10972,楮
1379,10,𥀁,10,𥀁,w317a0801,𥀁,10,10973,𥀁
1379,11,䁈,11,䁈,w317a0802,䁈,11,10974,䁈
1380,1,古,1,古,w317a0803,古,1,10975,古
1380,2,皷〈鼓〉,2,皷,w317a0901,皷〈鼓〉,2,10976,皷
1380,3,鼔,3,鼓,w317a1001,鼔,3,10977,鼔
1380,4,瞽,4,瞽,w317a1002,瞽,4,10978,瞽
1380,5,股,5,股,w317a1003,股,5,10979,股
1380,6,𦙶,6,𦙶,w317a1004,𦙶,6,10980,𦙶
1380,7,罟,7,罟,w317a1005,罟,7,10981,罟
1380,8,蠱,8,蠱,w317b0101,蠱,8,10982,蠱
1380,9,估,9,估,w317b0102,估,9,10983,估
1380,10,盬,10,盬,w317b0103,盬,10,10984,盬
1380,11,鈷,11,鈷,w317b0104,鈷,11,10985,鈷
1380,12,羖,12,羖,w317b0201,羖,12,10986,羖
1380,13,𦍩,13,𦍩,w317b0202,𦍩,13,10987,𦍩
1380,14,詁,14,詁,w317b0203,詁,14,10988,詁
1380,15,牯,15,牯,w317b0204,牯,15,10989,牯
1380,16,賈,16,賈,w317b0205,賈,16,10990,賈
1380,17,夃,17,夃,w317b0206,夃〈⿹𠄎夕〉,17,10991,夃
1380,18,沽,18,沽,w317b0207,沽,18,10992,沽
1380,19,焸,19,焸,w317b0301,焸,19,10993,焸
1380,20,𠒂〈𠑹〉,20,𠒂〈𠑹〉,w317b0302,𠒂〈𠑹〉,20,10994,𠒂
1380,21,𥂩,21,𥂩,w317b0303,𥂩,21,10995,𥂩
1381,1,五,1,五,w317b0304,五,1,10996,五
1381,2,午,2,午,w317b0401,午,2,10997,午
1381,3,旿,3,旿,w317b0501,旿,3,10998,旿
1381,4,伍,4,伍,w317b0502,伍,4,10999,伍
1381,5,仵,5,仵,w317b0503,仵,5,11000,仵
1382,1,簿,1,簿,w317b0504,簿,1,11001,簿
1382,2,部,2,部,w317b0601,部,2,11002,部
1383,1,粗,1,粗,w317b0602,粗,1,11003,粗
1383,2,麆,2,麆,w317b0603,麆,2,11004,麆
1383,3,駔,3,駔,w317b0604,駔,3,11005,駔
1383,4,伹,4,伹,w317b0605,伹,4,11006,伹
1383,5,觕,5,觕,w317b0606,觕,5,11007,觕
1384,1,祖,1,祖,w317b0701,祖,1,11008,祖
1384,2,珇,2,珇,w317b0702,珇,2,11009,珇
1384,3,組,3,組,w317b0703,組,3,11010,組
1384,4,蒩,4,蒩,w317b0704,蒩,4,11011,蒩
1384,5,䔃,5,䔃,w317b0801,䔃,5,11012,䔃
1384,6,靻,6,靻,w317b0802,靻,6,11013,靻
1385,1,虎,1,虎,w317b0803,虎,1,11014,虎
1385,2,琥,2,琥,w317b0901,琥,2,11015,琥
1385,3,戽,3,戽,w317b0902,戽,3,11016,戽
1385,4,滸,4,滸,w317b0903,滸,4,11017,滸
1385,5,𨛵,5,𨛵,w317b0904,𨛵〈𨝘〉,5,11018,𨛵
1385,6,萀,6,萀,w317b1001,萀,6,11019,萀
1385,7,䗂,7,䗂,w317b1002,䗂,7,11020,䗂
1386,1,隖,1,隖,w317b1003,隖,1,11021,隖
1386,2,塢,2,塢,w317b1004,塢,2,11022,塢
1386,3,鄔,3,鄔,w318a0101,鄔,3,11023,鄔
1386,4,瑦,4,瑦,w318a0102,瑦,4,11024,瑦
1386,5,䃖,5,䃖,w318a0103,䃖,5,11025,䃖
1386,6,𢄓,6,𢄓,w318a0201,𢄓,6,11026,𢄓
1386,7,溩,7,溩,w318a0202,溩,7,11027,溩
1386,8,䛩,8,䛩,w318a0203,䛩,8,11028,䛩
1386,9,𧽋,9,𧽋,w318a0204,𧽋,9,11029,𧽋
1386,10,䡧,10,䡧,w318a0205,䡧,10,11030,䡧
1387,1,苦,1,苦,w318a0206,苦,1,11031,苦
1387,2,𥯶,2,𥯶,w318a0207,𥯶,2,11032,𥯶
1388,1,怒,1,怒,w318a0301,怒,1,11033,怒
1388,2,弩,2,弩,w318a0302,弩,2,11034,弩
1388,3,砮,3,砮,w318a0303,砮,3,11035,砮
1388,4,努,4,努,w318a0304,努,4,11036,努
1388,5,𧉭,5,𧉭,w318a0305,𧉭,5,11037,𧉭
1389,1,戶,1,戶,w318a0401,戸,1,11038,戸
1389,2,楛,2,楛,w318a0402,楛,2,11039,楛
1389,3,扈,3,扈,w318a0403,扈,3,11040,扈
1389,4,怙,4,怙,w318a0501,怙,4,11041,怙
1389,5,鄠,5,鄠,w318a0502,鄠,5,11042,鄠
1389,6,帍,6,帍,w318a0601,帍,6,11043,帍
1389,7,祜,7,祜,w318a0602,祜,7,11044,祜
1389,8,昈,8,昈,w318a0603,昈,8,11045,昈
1389,9,𡻮,9,𡻮,w318a0604,𡻮,9,11046,𡻮
1389,10,岵,10,岵,w318a0605,岵,10,11047,岵
1389,11,芐,11,芐,w318a0606,芐,11,11048,芐
1389,12,雇,12,雇,w318a0607,雇,12,11049,雇
1389,13,𩿇,13,𩿇,w318a0701,𩿇,13,11050,𩿇
1389,14,𪄮,14,𪄮,w318a0801,𪄮,14,11051,𪄮
1389,15,𨛸,15,𨛸,w318a0802,𨛸,15,11052,𨛸
1389,16,婟,16,婟,w318a0803,婟,16,11053,婟
1389,17,戽,17,戽,w318a0804,戽,17,11054,戽
1389,18,㕆,18,㕆,w318a0805,㕆,18,11055,㕆
1389,19,洿,19,洿,w318a0806,洿,19,11056,洿
1389,20,𡜂,20,𡜂,w318a0807,𡜂,20,11057,𡜂
1389,21,酤,21,酤,w318a0901,酤,21,11058,酤
1389,22,滬,22,滬,w318a0902,滬,22,11059,滬
1389,23,簄,23,簄,w318a0903,簄,23,11060,簄
1390,1,普,1,普,w318a0904,普,1,11061,普
1390,2,溥,2,溥,w318a1001,溥,2,11062,溥
1390,3,誧,3,誧,w318a1002,誧,3,11063,誧
1390,4,浦,4,浦,w318b0101,浦,4,11064,浦
1390,5,烳,5,烳,w318b0102,烳,5,11065,烳
1391,1,補,1,補,w318b0103,補,1,11066,補
1391,2,譜,2,譜,w318b0201,譜,2,11067,譜
1391,3,圃,3,圃,w318b0202,圃,3,11068,圃
1392,1,薺,1,薺,w318b0301,薺,1,11069,薺
1392,2,鮆,2,鮆,w318b0302,𩶆,2,11070,𩶆
1392,3,鱭,3,鱭,w318b0303,鱭,3,11071,鱭
1392,4,癠,4,癠,w318b0304,癠,4,11072,癠
1392,5,啙,5,啙,w318b0305,啙,5,11073,啙
1393,1,禮,1,禮,w318b0401,禮,1,11074,禮
1393,2,礼,2,礼,w318b0402,礼,2,11075,礼
1393,3,𥴡,3,𥴡,w318b0403,𥴡,3,11076,𥴡
1393,4,蠡,4,蠡,w318b0501,蠡,4,11077,蠡
1393,5,𦫈,5,𦫈,w318b0502,𦫈,5,11078,𦫈
1393,6,澧,6,澧,w318b0503,澧,6,11079,澧
1393,7,醴,7,醴,w318b0504,醴,7,11080,醴
1393,8,鱧,8,鱧,w318b0601,鱧,8,11081,鱧
1393,9,鱺,9,鱺,w318b0602,鱺,9,11082,鱺
1393,10,𩽵,10,𩽵,w318b0603,𩽵,10,11083,𩽵
1393,11,欚,11,欚,w318b0701,欚,11,11084,欚
1393,12,盠,12,盠,w318b0702,盠,12,11085,盠
1393,13,劙,13,劙,w318b0703,劙,13,11086,劙
1393,14,豊,14,豊,w318b0704,豊,14,11087,豊
1393,15,𣀷,15,𣀷,w318b0705,𣀷,15,11088,𣀷
1393,16,欐,16,欐,w318b0706,欐,16,11089,欐
1394,1,體,1,體,w318b0801,體,1,11090,體
1394,2,軆,2,軆,w318b0802,軆,2,11091,軆
1394,3,醍,3,醍,w318b0803,醍,3,11092,醍
1394,4,涕,4,涕,w318b0804,涕,4,11093,涕
1394,5,䪆,5,䪆,w318b0805,䪆,5,11094,䪆
1394,6,挮,6,挮,w318b0806,挮,6,11095,挮
1394,7,緹,7,緹,w318b0807,緹,7,11096,緹
1394,8,𣈡,8,𣈡,w318b0901,𣈡,8,11097,𣈡
1395,1,䫌,1,䫌,w318b0902,䫌,1,11098,䫌
1396,1,濟,1,濟,w318b0903,濟,1,11099,濟
1396,2,㧗,2,㧗,w318b1001,㧗,2,11100,㧗
1396,3,䍤,3,䍤,w318b1002,䍤,3,11101,䍤
1396,4,癠,4,癠,w319a0101,癠,4,11102,癠
1396,5,𠨍,5,𠨍,w319a0102,夘,5,11103,夘
1397,1,邸,1,邸,w319a0103,邸,1,11104,邸
1397,2,底,2,底,w319a0201,底,2,11105,底
1397,3,詆,3,詆,w319a0202,詆,3,11106,詆
1397,4,䏄,4,䏄,w319a0203,䏄,4,11107,䏄
1397,5,坻,5,坻,w319a0204,坻,5,11108,坻
1397,6,抵,6,抵,w319a0205,抵,6,11109,抵
1397,7,牴,7,牴,w319a0206,牴,7,11110,牴
1397,8,觝,8,觝,w319a0207,觝,8,11111,觝
1397,9,柢,9,柢,w319a0208,柢,9,11112,柢
1397,10,弤,10,弤,w319a0301,弤,10,11113,弤
1397,11,㪆,11,㪆,w319a0302,㪆,11,11114,㪆
1397,12,堤,12,堤,w319a0303,堤,12,11115,堤
1397,13,軧,13,軧,w319a0304,軧,13,11116,軧
1398,1,弟,1,弟,w319a0305,弟,1,11117,弟
1398,2,娣,2,娣,w319a0401,娣,2,11118,娣
1398,3,悌,3,悌,w319a0402,悌,3,11119,悌
1398,4,䑯,4,䑯,w319a0403,䑯,4,11120,䑯
1398,5,遞,5,遞,w319a0404,遞,5,11121,遞
1398,6,㼵,6,㼵,w319a0405,㼵,6,11122,㼵
1398,7,媞,7,媞,w319a0406,媞,7,11123,媞
1399,1,禰,1,禰,w319a0501,禰,1,11124,禰
1399,2,嬭,2,嬭,w319a0502,嬭,2,11125,嬭
1399,3,䦵〈𩰞〉,3,䦵〈𩰞〉,w319a0503,䦵〈𩰞〉,3,11126,䦵
1399,4,苨,4,苨,w319a0601,苨,4,11127,苨
1399,5,𩋪,5,𩋪,w319a0602,𩋪,5,11128,𩋪
1399,6,𦰫,6,𦰫,w319a0603,𦰫,6,11129,𦰫
1399,7,瀰,7,瀰,w319a0604,瀰,7,11130,瀰
1399,8,坭,8,坭,w319a0605,坭,8,11131,坭
1399,9,𩯨,9,𩯨,w319a0606,𩯨,9,11132,𩯨
1399,10,薾,10,薾,w319a0607,薾,10,11133,薾
1399,11,檷,11,檷,w319a0608,檷,11,11134,檷
1399,12,鑈,12,鑈,w319a0701,鑈,12,11135,鑈
1399,13,𩍦,13,𩍦,w319a0702,𩍦,13,11136,𩍦
1400,1,洗,1,洗,w319a0703,洗,1,11137,洗
1400,2,洒,2,洒,w319a0704,洒,2,11138,洒
1401,1,泚,1,泚,w319a0705,泚,1,11139,泚
1401,2,玼,2,玼,w319a0706,玼,2,11140,玼
1401,3,緀,3,緀,w319a0801,緀,3,11141,緀
1401,4,皉,4,皉,w319a0802,皉,4,11142,皉
1402,1,啓,1,啓,w319a0803,啓,1,11143,啓
1402,2,棨,2,棨,w319a0804,棨,2,11144,棨
1402,3,綮,3,綮,w319a0805,綮,3,11145,綮
1402,4,卟,4,卟,w319a0901,卟,4,11146,卟
1402,5,䭬,5,䭬,w319a0902,䭬,5,11147,䭬
1402,6,稽,6,稽,w319a0903,稽,6,11148,稽
1402,7,晵,7,晵,w319a0904,晵,7,11149,晵
1402,8,闙,8,闙,w319a0905,闙,8,11150,闙
1402,9,启,9,启,w319a1001,启,9,11151,启
1402,10,䏿,10,䏿,w319a1002,䏿,10,11152,䏿
1402,11,㒅,11,㒅,w319a1003,㒅,11,11153,㒅
1402,12,䡔,12,䡔,w319a1004,䡔,12,11154,䡔
1403,1,徯,1,徯,w319a1005,徯,1,11155,徯
1403,2,謑,2,謑,w319a1006,謑,2,11156,謑
1403,3,𥰥,3,𥰥,w319a1007,𥰥,3,11157,𥰥
1403,4,𦩶,4,𦩶,w319b0101,𦩶,4,11158,𦩶
1403,5,涀,5,涀,w319b0102,涀,5,11159,涀
1403,6,𧧹,6,𧧹,w319b0103,𧨍,6,11160,𧨍
1403,7,匸,7,匸,w319b0104,匸,7,11161,匸
1403,8,𥉐,8,𥉐,w319b0105,𥉐,8,11162,𥉐
1404,1,米,1,米,w319b0106,米,1,11163,米
1404,2,眯,2,眯,w319b0201,眯,2,11164,眯
1404,3,䋛,3,䋛,w319b0202,䋛,3,11165,䋛
1404,4,洣,4,洣,w319b0203,洣,4,11166,洣
1404,5,蔝,5,蔝,w319b0204,蔝,5,11167,蔝
1404,6,𡬍,6,𡬍,w319b0205,𡬍,6,11168,𡬍
1404,7,䱊,7,䱊,w319b0206,䱊,7,11169,䱊
1405,1,陛,1,陛,w319b0207,陛,1,11170,陛
1405,2,梐,2,梐,w319b0301,梐,2,11171,梐
1405,3,髀,3,髀,w319b0302,髀,3,11172,髀
1405,4,䯗,4,䯗,w319b0303,䯗,4,11173,䯗
1405,5,㙄,5,㙄,w319b0304,㙄,5,11174,㙄
1405,6,𦸣,6,𦸣,w319b0305,𦸣,6,11175,𦸣
1405,7,𤙞,7,𤙞,w319b0306,𤙞,7,11176,𤙞
1405,8,𠈺,8,𠈺,w319b0401,𠈺,8,11177,𠈺
1406,1,𠯋,1,𠯋,w319b0402,𠯋,1,11178,𠯋
1406,2,䚷,2,䚷,w319b0403,䚷,2,11179,䚷
1407,1,堄,1,堄,w319b0404,堄,1,11180,堄
1407,2,㪒,2,㪒,w319b0405,㪒,2,11181,㪒
1407,3,掜,3,掜,w319b0406,掜,3,11182,掜
1407,4,觬,4,觬,w319b0501,觬,4,11183,觬
1407,5,䘽,5,䘽,w319b0502,䘽,5,11184,䘽
1407,6,晲,6,晲,w319b0503,晲,6,11185,晲
1408,1,㪏,1,㪏,w319b0504,㪏,1,11186,㪏
1408,2,𤽊,2,𤽊,w319b0505,𤽊,2,11187,𤽊
1409,1,蟹,1,蟹,w319b0601,蟹,1,11188,蟹
1409,2,䲒,2,䲒,w319b0602,䲒,2,11189,䲒
1409,3,解,3,解,w319b0603,解,3,11190,解
1409,4,獬,4,獬,w319b0701,獬,4,11191,獬
1409,5,澥,5,澥,w319b0801,澥,5,11192,澥
1409,6,嶰,6,嶰,w319b0802,嶰,6,11193,嶰
1409,7,𨼬,7,𨼬,w319b0803,𨼬,7,11194,𨼬
1410,1,買,1,買,w319b0804,買,1,11195,買
1410,2,嘪,2,嘪,w319b0901,嘪,2,11196,嘪
1410,3,蕒,3,蕒,w319b0902,蕒,3,11197,蕒
1410,4,㵋,4,㵋,w319b0903,㵋,4,11198,㵋
1410,5,鷶,5,鷶,w319b0904,鷶,5,11199,鷶
1411,1,䒓,1,䒓,w319b0905,䒓,1,11200,䒓
1411,2,𡢖,2,𡢖,w319b0906,𡢖,2,11201,𡢖
1411,3,𦝨,3,𦝨,w319b0907,𦝨,3,11202,𦝨
1412,1,廌,1,廌,w319b0908,𢊁,1,11203,廌
1412,2,豸,2,豸,w319b1001,豸,2,11204,豸
1412,3,𧳋,3,𧳋,w319b1002,𧳋,3,11205,𧳋
1413,1,嬭,1,嬭,w319b1003,嬭,1,11206,嬭
1413,2,㚷,2,㚷,w319b1004,㚷,2,11207,㚷
1414,1,罷,1,罷,w319b1005,罷,1,11208,罷
1414,2,矲,2,矲,w319b1006,矲,2,11209,矲
1414,3,猈,3,猈,w319b1007,猈,3,11210,猈
1414,4,䥯,4,䥯,w320a0101,䥯,4,11211,䥯
1414,5,𢞎,5,𢞎,w320a0102,𢞎,5,11212,𢟡
1414,6,㔥,6,㔥,w320a0103,㔥,6,11213,㔥
1415,1,矮,1,矮,w320a0104,矮,1,11214,矮
1415,2,㢊,2,㢊,w320a0105,㢊,2,11215,㢊
1415,3,躷,3,躷,w320a0106,躷,3,11216,躷
1416,1,擺,1,擺,w320a0107,擺,1,11217,擺
1416,2,捭,2,捭,w320a0201,捭,2,11218,捭
1417,1,解,1,解,w320a0202,解,1,11219,解
1417,2,薢,2,薢,w320a0203,薢,2,11220,薢
1417,3,檞,3,檞,w320a0204,檞,3,11221,檞
1418,1,灑,1,灑,w320a0205,灑,1,11222,灑
1418,2,𩌦,2,𩌦,w320a0301,𩌦,2,11223,𩌦
1418,3,躧,3,躧,w320a0302,躧,3,11224,躧
1419,1,𠁥,1,𠁥,w320a0303,𦫳,1,11225,𦫳
1419,2,𡐠,2,𡐠,w320a0401,𡐠,2,11226,𡐠
1419,3,枴,3,枴,w320a0402,柺,3,11227,柺
1420,1,㧳,1,㧳,w320a0403,㧳,1,11228,㧳
1421,1,夥,1,夥,w320a0404,夥,1,11229,夥
1422,1,扮,1,扮,w320a0501,扮,1,11230,扮
1423,1,箉,1,箉,w320a0502,箉,1,11231,箉
1423,2,拐,2,拐,w320a0503,拐,2,11232,拐
1424,1,駭,1,駭,w320a0601,駭,1,11233,駭
1424,2,絯,2,絯,w320a0602,絯,2,11234,絯
1424,3,侅,3,侅,w320a0603,侅,3,11235,侅
1424,4,駴,4,駴,w320a0701,駴,4,11236,駴
1425,1,楷,1,楷,w320a0702,楷,1,11237,楷
1425,2,𠢲,2,𠢲,w320a0703,𠢲,2,11238,𠢲
1425,3,𥏪,3,𥏪,w320a0704,𥏪,3,11239,𥏪
1425,4,鍇,4,鍇,w320a0705,鍇,4,11240,鍇
1426,1,騃,1,騃,w320a0801,騃,1,11241,騃
1426,2,𤶗,2,𤶗,w320a0802,𤶗,2,11242,𤶗
1426,3,娾,3,娾,w320a0803,娾,3,11243,娾
1426,4,𧡋,4,𧡋,w320a0804,𧡋,4,11244,𧡋
1427,1,挨,1,挨,w320a0805,挨,1,11245,挨
1427,2,唉,2,唉,w320a0806,唉,2,11246,唉
1428,1,賄,1,賄,w320a0901,賄,1,11247,賄
1428,2,𧶅,2,𧶅,w320a0902,𧶅,2,11248,𧶅
1428,3,䏨,3,䏨,w320a0903,䏨,3,11249,䏨
1428,4,燘,4,燘,w320a0904,燘,4,11250,燘
1428,5,悔,5,悔,w320a0905,悔,5,11251,悔
1428,6,蛕,6,蛕,w320a0906,蛕,6,11252,蛕
1428,7,㷄,7,㷄,w320a1001,㷄,7,11253,㷄
1429,1,猥,1,猥,w320a1002,猥,1,11254,猥
1429,2,腲,2,腲,w320a1003,腲,2,11255,腲
1429,3,嵔,3,嵔,w320a1004,嵔,3,11256,嵔
1429,4,鍡,4,鍡,w320a1005,鍡,4,11257,鍡
1429,5,㛱,5,㛱,w320a1006,㛱,5,11258,㛱
1429,6,碨,6,碨,w320b0101,碨,6,11259,碨
1429,7,𥓔,7,𥓔,w320b0102,𥓔,7,11260,𥓔
1429,8,㱬,8,㱬,w320b0103,㱬,8,11261,㱬
1429,9,㞇,9,㞇,w320b0104,㞇,9,11262,㞇
1429,10,𨝀,10,𨝀,w320b0105,𨝀,10,11263,𨝀
1430,1,磥,1,磥,w320b0106,磥,1,11264,磥
1430,2,磊,2,磊,w320b0107,磊,2,11265,磊
1430,3,癗,3,癗,w320b0201,癗,3,11266,癗
1430,4,𡾋,4,𡾋,w320b0202,𡾋,4,11267,𡾋
1430,5,礧,5,礧,w320b0203,礧,5,11268,礧
1430,6,䣂,6,䣂,w320b0204,䣂,6,11269,䣂
1430,7,鑘,7,鑘,w320b0205,鑘,7,11270,鑘
1430,8,㵽,8,㵽,w320b0206,㵽,8,11271,㵽
1430,9,郲,9,郲,w320b0207,郲,9,11272,郲
1430,10,𡼊,10,𡼊,w320b0301,𡼊,10,11273,𡼊
1430,11,蕾,11,蕾,w320b0302,蕾,11,11274,蕾
1430,12,儡,12,儡,w320b0303,儡,12,11275,儡
1430,13,𨻾,13,𨻾,w320b0304,𨻾〈𨻌〉,13,11276,𨻾
1430,14,𦢏,14,𦢏,w320b0305,𦢏,14,11277,𦢏
1430,15,頛,15,頛,w320b0306,頛,15,11278,頛
1430,16,櫑,16,櫑,w320b0401,櫑,16,11279,櫑
1431,1,錞,1,錞,w320b0402,錞,1,11280,錞
1431,2,瀢,2,瀢,w320b0403,瀢,2,11281,瀢
1431,3,陮,3,陮,w320b0404,陮,3,11282,陮
1431,4,𨯝,4,𨯝,w320b0405,𨯝〈𨬍〉,4,11283,𨯝
1431,5,𦶏,5,𦶏,w320b0501,𦶏,5,11284,𦶏
1432,1,辠,1,辠,w320b0502,辠,1,11285,辠
1432,2,罪,2,罪,w320b0503,罪,2,11286,罪
1432,3,㠑,3,㠑,w320b0601,㠑,3,11287,㠑
1433,1,浼,1,浼,w320b0602,浼,1,11288,浼
1433,2,潣,2,潣,w320b0603,潣,2,11289,潣
1433,3,每,3,每,w320b0604,每,3,11290,每
1433,4,挴,4,挴,w320b0605,挴,4,11291,挴
1433,5,燘,5,燘,w320b0606,燘,5,11292,燘
1433,6,䜸,6,䜸,w320b0701,䜸,6,11293,䜸
1434,1,骽,1,骽,w320b0702,骽,1,11294,骽
1434,2,腿,2,腿,w320b0703,腿,2,11295,腿
1434,3,聉,3,聉,w320b0704,聉,3,11296,聉
1434,4,僓,4,僓,w320b0705,僓,4,11297,僓
1434,5,脮,5,脮,w320b0801,脮,5,11298,脮
1434,6,㟎,6,㟎,w320b0802,㟎,6,11299,㟎
1434,7,㱣,7,㱣,w320b0803,㱣,7,11300,㱣
1434,8,㞂,8,㞂,w320b0804,㞂,8,11301,㞂
1435,1,瘣,1,瘣,w320b0805,瘣,1,11302,瘣
1435,2,溾,2,溾,w320b0806,溾,2,11303,溾
1435,3,㱱,3,㱱,w320b0807,㱱,3,11304,㱱
1435,4,䜋,4,䜋,w320b0808,䜋,4,11305,䜋
1435,5,匯,5,匯,w320b0901,匯,5,11306,匯
1435,6,廆,6,廆,w320b0902,廆,6,11307,廆
1435,7,䕇,7,䕇,w320b0903,䕇,7,11308,䕇
1435,8,輠,8,輠,w320b0904,輠,8,11309,輠
1435,9,𨝀,9,𨝀,w320b1001,𨝀,9,11310,𨝀
1436,1,䫥,1,䫥,w320b1002,䫥,1,11311,䫥
1436,2,㚍,2,㚍,w320b1003,㚍,2,11312,㚍
1436,3,傀,3,傀,w320b1004,傀,3,11313,傀
1436,4,顝,4,顝,w320b1005,顝,4,11314,顝
1436,5,磈,5,磈,w321a0101,磈,5,11315,磈
1437,1,𦞙,1,𦞙,w321a0102,𦞙,1,11316,𦞙
1437,2,䇏,2,䇏,w321a0103,䇏,2,11317,䇏
1437,3,𡑈,3,𡑈,w321a0104,𡑈,3,11318,𡑈
1437,4,頧,4,頧,w321a0105,頧,4,11319,頧
1437,5,謉,5,謉,w321a0106,謉,5,11320,謉
1438,1,餧,1,餧,w321a0201,餧,1,11321,餧
1438,2,餒,2,餒,w321a0202,餒,2,11322,餒
1438,3,浽,3,浽,w321a0203,浽,3,11323,浽
1438,4,娞,4,娞,w321a0204,娞,4,11324,娞
1438,5,𩗔,5,𩗔,w321a0205,𩗔,5,11325,𩗔
1438,6,鮾,6,鮾,w321a0206,鮾,6,11326,鮾
1438,7,脮,7,脮,w321a0207,脮,7,11327,脮
1438,8,㼏,8,㼏,w321a0301,㼏,8,11328,㼏
1439,1,𩬳,1,𩬳,w321a0302,𩬳,1,11329,𩬳
1440,1,頠,1,頠,w321a0303,頠,1,11330,頠
1440,2,顡,2,顡,w321a0304,顡,2,11331,顡
1440,3,隗,3,隗,w321a0305,隗,3,11332,隗
1440,4,峞,4,峞,w321a0401,峞,4,11333,峞
1440,5,嵬,5,嵬,w321a0402,嵬,5,11334,嵬
1440,6,䫥,6,䫥,w321a0403,䫥,6,11335,䫥
1440,7,䃬,7,䃬,w321a0404,䃬,7,11336,䃬
1441,1,皠,1,皠,w321a0405,皠,1,11337,皠
1441,2,𣿒,2,𣿒,w321a0501,𣿒,2,11338,𣿒
1441,3,𣿓,3,𣿓,w321a0502,𣿓,3,11339,𣿓
1441,4,漼,4,漼,w321a0503,漼,4,11340,漼
1441,5,璀,5,璀,w321a0504,璀,5,11341,璀
1441,6,𥼺,6,𥼺,w321a0505,𥼺,6,11342,𥼺
1441,7,䊫,7,䊫,w321a0506,䊫,7,11343,䊫
1441,8,鏙,7.5,鏙,w321a0507,鏙,8,11344,鏙
1442,1,琲,1,琲,w321a0601,琲,1,11345,琲
1442,2,痱,2,痱,w321a0602,痱,2,11346,痱
1442,3,𢳁,3,𢳁,w321a0603,𢳁,3,11347,𢳁
1443,1,嶊,1,嶊,w321a0604,嶊,1,11348,嶊
1443,2,洅,2,洅,w321a0605,洅,2,11349,洅
1444,1,倄,1,倄,w321a0701,倄〈侑〉,1,11350,倄
1445,1,海,1,海,w321a0801,海,1,11351,海
1445,2,醢,2,醢,w321a0901,醢,2,11352,醢
1445,3,橀,3,橀,w321a0902,橀,3,11353,橀
1446,1,愷,1,愷,w321a0903,愷,1,11354,愷
1446,2,凱,2,凱,w321a0904,凱,2,11355,凱
1446,3,颽,3,颽,w321a1001,颽,3,11356,颽
1446,4,塏,4,塏,w321a1002,塏,4,11357,塏
1446,5,暟,5,暟,w321a1003,暟,5,11358,暟
1446,6,鎧,6,鎧,w321a1004,鎧,6,11359,鎧
1446,7,闓,7,闓,w321a1005,闓,7,11360,闓
1446,8,䐩,8,䐩,w321a1006,䐩,8,11361,䐩
1446,9,輆,9,輆,w321a1007,輆,9,11362,輆
1447,1,宰,1,宰,w321b0101,宰,1,11363,宰
1447,2,縡,2,縡,w321b0102,縡,2,11364,縡
1447,3,䏁,3,䏁,w321b0103,䏁,3,11365,䏁
1447,4,載,4,載,w321b0104,載,4,11366,載
1448,1,駘,1,駘,w321b0201,駘,1,11367,駘
1448,2,殆,2,殆,w321b0202,殆,2,11368,殆
1448,3,待,3,待,w321b0203,待,3,11369,待
1448,4,怠,4,怠,w321b0204,怠,4,11370,怠
1448,5,迨,5,迨,w321b0205,迨,5,11371,迨
1448,6,𨽿,6,𨽿,w321b0301,𨽿,6,11372,𨽿
1448,7,紿,7,紿,w321b0302,紿,7,11373,紿
1448,8,䈚,8,䈚,w321b0303,䈚,8,11374,䈚
1448,9,詒,9,詒,w321b0304,詒,9,11375,詒
1448,10,軩,10,軩,w321b0305,軩,10,11376,軩
1448,11,𠷂,11,𠷂,w321b0306,𠷂,11,11377,𠷂
1449,1,乃,1,乃,w321b0307,乃,1,11378,乃
1449,2,迺,2,迺,w321b0401,迺,2,11379,迺
1449,3,鼐,3,鼐,w321b0402,鼐,3,11380,鼐
1450,1,改,1,改,w321b0403,改,1,11381,改
1450,2,頦,2,頦,w321b0404,頦,2,11382,頦
1450,3,絠,3,絠,w321b0405,絠,3,11383,絠
1451,1,亥,1,亥,w321b0501,亥,1,11384,亥
1451,2,侅,2,侅,w321b0502,侅,2,11385,侅
1451,3,㧡,3,㧡,w321b0503,㧡,3,11386,㧡
1451,4,𥩲,4,𥩲,w321b0504,𥩲,4,11387,𥩲
1452,1,啡,1,啡,w321b0601,啡,1,11388,啡
1453,1,采,1,采,w321b0602,采,1,11389,采
1453,2,採,2,採,w321b0603,採,2,11390,採
1453,3,綵,3,綵,w321b0604,綵,3,11391,綵
1453,4,寀,4,寀,w321b0605,寀,4,11392,寀
1453,5,彩,5,彩,w321b0701,彩,5,11393,彩
1453,6,䰂,6,䰂,w321b0702,䰂,6,11394,䰂
1453,7,㥒,7,㥒,w321b0703,㥒,7,11395,㥒
1454,1,茝,1,茝,w321b0704,茝,1,11396,茝
1455,1,等,1,等,w321b0705,等,1,11397,等
1456,1,䆀,1,䆀,w321b0706,䆀,1,11398,䆀
1456,2,𢮇〈挴〉,2,𢮇〈挴〉,w321b0801,𢮇〈挴〉,2,11399,𢮇
1457,1,在,1,在,w321b0802,在,1,11400,在
1458,1,俖,1,俖,w321b0803,俖,1,11401,俖
1458,2,朏,2,朏,w321b0804,朏,2,11402,朏
1459,1,欸,1,欸,w321b0901,欸,1,11403,欸
1459,2,㕈,2,㕈,w321b0902,㕈,2,11404,㕈
1459,3,毐,3,毐,w321b0903,毐,3,11405,毐
1459,4,挨,4,挨,w321b0904,挨,4,11406,挨
1460,1,佁,1,佁,w321b0905,佁,1,11407,佁
1461,1,㘆,1,㘆,w321b0906,㘆,1,11408,㘆
1462,1,疓,1,疓,w321b1001,疓,1,11409,疓
1463,1,𨦂,1,𨦂,w321b1002,𨦂,1,11410,𨦂
1463,2,唻,2,唻,w321b1003,唻,2,11411,唻
1464,1,䑂,1,䑂,w321b1004,䑂,1,11412,䑂
1464,2,𦚪,2,𦚪,w321b1005,𦚪,2,11413,𦚪
1465,1,倍,1,倍,w322a0101,倍,1,11414,倍
1465,2,菩,2,菩,w322a0102,菩,2,11415,菩
1465,3,蓓,3,蓓,w322a0103,蓓,3,11416,蓓
1466,1,軫,1,軫,w322a0201,軫,1,11417,軫
1466,2,縝,2,縝,w322a0202,縝,2,11418,縝
1466,3,胗,3,胗,w322a0203,胗,3,11419,胗
1466,4,疹,4,疹,w322a0301,疹,4,11420,疹
1466,5,畛,5,畛,w322a0302,畛,5,11421,畛
1466,6,賑,6,賑,w322a0303,賑,6,11422,賑
1466,7,㐱,7,㐱,w322a0304,㐱,7,11423,㐱
1466,8,鬒,8,鬒,w322a0401,鬒,8,11424,鬒
1466,9,槙,9,槙,w322a0402,槇,9,11425,槇
1466,10,紾,10,紾,w322a0403,紾,10,11426,紾
1466,11,縝,11,縝,w322a0404,縝,11,11427,縝
1466,12,𦕑,12,𦕑,w322a0405,𦕑,12,11428,𦕑
1466,13,診,13,診,w322a0406,診,13,11429,診
1466,14,袗,14,袗,w322a0407,袗,14,11430,袗
1466,15,裖,15,裖,w322a0501,裖,15,11431,裖
1466,16,敐,16,敐,w322a0502,敐,16,11432,敐
1466,17,眕,17,眕,w322a0503,眕,17,11433,眕
1466,18,䪾,18,䪾,w322a0504,䪾,18,11434,䪾
1466,19,黰,19,黰,w322a0505,黰,19,11435,黰
1466,20,駗,20,駗,w322a0601,駗,20,11436,駗
1466,21,𣞟,21,𣞟,w322a0602,𣞟,21,11437,𣞟
1466,22,稹,22,稹,w322a0603,稹,22,11438,稹
1466,23,𠘱,23,𠘱,w322a0604,𠘱,23,11439,𠘱
1467,1,辴,1,辴,w322a0605,辴,1,11440,辴
1468,1,腎,1,腎,w322a0606,腎,1,11441,腎
1468,2,蜃,2,蜃,w322a0607,蜃,2,11442,蜃
1468,3,祳,3,祳,w322a0701,祳,3,11443,祳
1468,4,脤,4,脤,w322a0702,脤,4,11444,脤
1468,5,㰮,5,㰮,w322a0703,㰮,5,11445,㰮
1468,6,鋠,6,鋠,w322a0704,鋠,6,11446,鋠
1469,1,忍,1,忍,w322a0801,忍,1,11447,忍
1469,2,荵,2,荵,w322a0802,荵,2,11448,荵
1469,3,涊,3,涊,w322a0803,涊,3,11449,涊
1470,1,矤,1,矤,w322a0901,矤,1,11450,矤
1470,2,矧,2,矧,w322a0902,矧,2,11451,矧
1470,3,訠,3,訠,w322a0903,訠,3,11452,訠
1470,4,哂,4,哂,w322a0904,哂,4,11453,哂
1470,5,弞,5,弞,w322a0905,弞,5,11454,弞
1470,6,頣,6,頣,w322a0906,頣,6,11455,頣
1471,1,嶙,1,嶙,w322a1001,嶙,1,11456,嶙
1471,2,僯,2,僯,w322a1002,僯,2,11457,僯
1471,3,𩕔,3,𩕔,w322a1003,𩕔,3,11458,𩕔
1471,4,橉,4,橉,w322a1004,橉,4,11459,橉
1471,5,撛,5,撛,w322a1005,撛,5,11460,撛
1472,1,紖,1,紖,w322a1006,紖,1,11461,紖
1472,2,䏖,2,䏖,w322b0101,䏖,2,11462,䏖
1472,3,䀕,3,䀕,w322b0102,䀕,3,11463,䀕
1472,4,眹,4,眹,w322b0103,眹,4,11464,眹
1473,1,緊,1,緊,w322b0104,緊,1,11465,緊
1473,2,胗,2,胗,w322b0201,胗,2,11466,胗
1473,3,𦜌,3,𦜌,w322b0202,𦜌,3,11467,𦜌
1473,4,𤷌,4,𤷌,w322b0203,𤷌,4,11468,𤷌
1474,1,盡,1,盡,w322b0204,盡,1,11469,盡
1474,2,濜,2,濜,w322b0205,濜,2,11470,濜
1475,1,㯸,1,㯸,w322b0206,㯸,1,11471,㯸
1475,2,盡,2,盡,w322b0301,盡,2,11472,盡
1476,1,牝,1,牝,w322b0302,牝,1,11473,牝
1476,2,髕,2,髕,w322b0303,髕,2,11474,髕
1476,3,臏,3,臏,w322b0304,臏,3,11475,臏
1476,4,猵,4,猵,w322b0305,猵,4,11476,猵
1477,1,釿,1,釿,w322b0306,釿,1,11477,釿
1477,2,磭,2,磭,w322b0401,磭,2,11478,磭
1477,3,𪙤,3,𪙤,w322b0402,𪙤,3,11479,𪙤
1477,4,齗,4,齗,w322b0403,齗,4,11480,齗
1477,5,听,5,听,w322b0404,听,5,11481,听
1478,1,笉,1,笉,w322b0405,笉,1,11482,笉
1479,1,窘,1,窘,w322b0406,窘,1,11483,窘
1479,2,僒,2,僒,w322b0501,僒,2,11484,僒
1479,3,莙,3,莙,w322b0502,莙,3,11485,莙
1479,4,㖥,4,㖥,w322b0503,㖥,4,11486,㖥
1479,5,㻒,5,㻒,w322b0504,㻒,5,11487,㻒
1479,6,箘,6,箘,w322b0505,箘,6,11488,箘
1479,7,菌,7,菌,w322b0506,菌,7,11489,菌
1479,8,䐃,8,䐃,w322b0507,䐃,8,11490,䐃
1479,9,蔨,9,蔨,w322b0601,蔨,9,11491,蔨
1479,10,蜠,10,蜠,w322b0602,蜠,10,11492,蜠
1480,1,引,1,引,w322b0603,引,1,11493,引
1480,2,𢎢,2,𢎢,w322b0701,𢎢,2,11494,𢎢
1480,3,蚓,3,蚓,w322b0702,蚓,3,11495,蚓
1480,4,螾,4,螾,w322b0703,螾,4,11496,螾
1480,5,弞,5,弞,w322b0704,弞,5,11497,弞
1480,6,𠻤,6,𠻤,w322b0801,𠻤,6,11498,𠻤
1480,7,𢯼,7,𢯼,w322b0802,𢯼,7,11499,𢯼
1480,8,䏖,8,䏖,w322b0803,䏖,8,11500,䏖
1480,9,濥,9,濥,w322b0804,演,9,11501,濥
1480,10,廴,10,廴,w322b0805,廴,10,11502,廴
1480,11,戭,11,戭,w322b0806,戭,11,11503,戭
1480,12,縯,12,縯,w322b0901,縯,12,11504,縯
1480,13,鈏,13,鈏,w322b0902,鈏,13,11505,鈏
1480,14,靷,14,靷,w322b0903,靷,14,11506,靷
1481,1,愍,1,愍,w322b0904,愍,1,11507,愍
1481,2,慜,2,慜,w322b0905,慜,2,11508,慜
1481,3,憫,3,憫,w322b1001,憫,3,11509,憫
1481,4,閔,4,閔,w322b1002,閔,4,11510,閔
1481,5,敏,5,敏,w322b1003,敏,5,11511,敏
1481,6,敃,6,敃,w322b1004,敃,6,11512,敃
1481,7,𢽹,7,𢽹,w322b1005,暋,7,11513,暋
1481,8,潣,8,潣,w322b1006,潣,8,11514,潣
1481,9,簢,9,簢,w323a0101,簢,9,11515,簢
1481,10,𥴲,10,𥴲,w323a0102,𥴲,10,11516,𥴲
1481,11,𤛎,11,𤛎,w323a0103,𤛎,11,11517,𤛎
1481,12,𦌡,12,𦌡,w323a0104,𦌡,12,11518,𦌡
1481,13,𨏵,13,𨏵,w323a0105,𨏵,13,11519,𨏵
1481,14,鰵,14,鰵,w323a0201,鰵,14,11520,鰵
1482,1,泯,1,泯,w323a0202,泯,1,11521,泯
1482,2,𤿕,2,𤿕,w323a0203,𤿕,2,11522,𤿕
1482,3,僶,3,僶,w323a0204,僶,3,11523,僶
1482,4,笢,4,笢,w323a0205,笢,4,11524,笢
1482,5,黽,5,黽,w323a0206,黽,5,11525,黽
1482,6,澠,6,澠,w323a0301,澠,6,11526,澠
1482,7,䟨,7,䟨,w323a0302,䟨,7,11527,䟨
1482,8,刡,8,刡,w323a0303,刡,8,11528,刡
1482,9,𨌲,9,𨌲,w323a0304,𨍌,9,11529,𨍌
1482,10,䐇〈脗〉,10,䐇〈脗〉,w323a0305,䐇〈脗〉,10,11530,䐇
1483,1,殞,1,殞,w323a0306,殞,1,11531,殞
1483,2,溳,2,溳,w323a0401,溳,2,11532,溳
1483,3,磒,3,磒,w323a0402,磒,3,11533,磒
1483,4,隕,4,隕,w323a0403,隕,4,11534,隕
1483,5,霣,5,霣,w323a0404,霣,5,11535,霣
1483,6,愪,6,愪,w323a0405,愪,6,11536,愪
1483,7,荺,7,荺,w323a0406,荺,7,11537,荺
1484,1,準,1,準,w323a0601,準,1,11538,準
1484,2,准,2,准,w323a0602,准,2,11539,准
1484,3,埻,3,埻,w323a0603,埻,3,11540,埻
1484,4,純,4,純,w323a0701,純,4,11541,純
1485,1,尹,1,尹,w323a0702,尹,1,11542,尹
1485,2,䪳,2,䪳,w323a0901,䪳,2,11543,䪳
1485,3,允,3,允,w323a0902,允,3,11544,允
1485,4,狁,4,狁,w323a0903,狁,4,11545,狁
1485,5,馻,5,馻,w323a0904,馻,5,11546,馻
1485,6,玧,6,玧,w323a0905,玧,6,11547,玧
1485,7,𡴞,7,𡴞,w323a0906,⿰⿱屮𡗡允〈𡴞〉,7,11548,𡴞
1485,8,𧉃,8,𧉃,w323a1001,𧉃,8,11549,𧉃
1486,1,筍,1,筍,w323a1002,筍,1,11550,筍
1486,2,笋,2,笋,w323a1003,笋,2,11551,笋
1486,3,𠣬,3,𠣬,w323a1004,𠣤,3,11552,𠣬
1486,4,鵻,4,鵻,w323a1005,鵻,4,11553,鵻
1486,5,隼,5,隼,w323a1006,隼,5,11554,隼
1486,6,箰,6,箰,w323a1007,箰,6,11555,箰
1486,7,簨,7,簨,w323b0101,簨,7,11556,簨
1486,8,𥯗,8,𥯗,w323b0102,𫂎〈𥯗〉,8,11557,𥯗
1486,9,𣕍,9,𣕍,w323b0103,𣕍〈⿳栒一八〉,9,11558,𣕍
1487,1,蝡,1,蝡,w323b0104,蝡,1,11559,蝡
1488,1,蠢,1,蠢,w323b0201,蠢,1,11560,蠢
1488,2,𢧨,2,𢧨,w323b0202,𢧨,2,11561,𢧨
1488,3,䐏,3,䐏,w323b0203,䐏,3,11562,䐏
1488,4,踳,4,踳,w323b0301,踳,4,11563,踳
1488,5,惷,5,惷,w323b0302,惷,5,11564,惷
1488,6,𦚧,6,𦚧,w323b0303,𦚧,6,11565,𦚧
1488,7,偆,7,偆,w323b0304,偆,7,11566,偆
1488,8,僢,8,僢,w323b0401,僢,8,11567,僢
1488,9,𢾎,9,𢾎,w323b0402,𢾎,9,11568,𢾎
1489,1,盾,1,盾,w323b0403,盾,1,11569,盾
1489,2,揗,2,揗,w323b0404,揗,2,11570,揗
1489,3,吮,3,吮,w323b0405,吮,3,11571,吮
1489,4,楯,4,楯,w323b0406,楯,4,11572,楯
1490,1,偆,1,偆,w323b0407,偆,1,11573,偆
1491,1,耣,1,耣,w323b0501,耣,1,11574,耣
1491,2,𦓾,2,𦓾,w323b0502,𦓾,2,11575,𦓾
1492,1,𣯍,1,𣯍,w323b0503,𣯍,1,11576,𣯍
1493,1,𦃢,1,𦃢,w323b0504,𦃢〈𦄐〉,1,11577,𦃢
1494,1,螼,1,螼,w323b0505,螼,1,11578,螼
1494,2,𤿳,2,𤿳,w323b0601,𤿳,2,11579,𤿳
1494,3,𧼒,3,𧼒,w323b0602,𧼒,3,11580,𧼒
1495,1,賰,1,賰,w323b0603,賰,1,11581,賰
1496,1,脪,1,脪,w323b0604,脪,1,11582,脪
1496,2,㾙,2,㾙,w323b0605,㾙,2,11583,㾙
1497,1,濜,1,濜,w323b0606,濜,1,11584,濜
1498,1,屒,1,屒,w323b0701,屒,1,11585,屒
1499,1,吻,1,吻,w323b0801,吻,1,11586,吻
1499,2,𦝮,2,𦝮,w323b0802,𦝮,2,11587,𦝮
1499,3,刎,3,刎,w323b0803,刎,3,11588,刎
1499,4,抆,4,抆,w323b0804,抆,4,11589,抆
1499,5,伆,5,伆,w323b0805,伆,5,11590,伆
1499,6,勽,6,勽,w323b0806,勽,6,11591,勽
1499,7,𦮶,7,𦮶,w323b0807,𦮶,7,11592,𦮶
1500,1,粉,1,粉,w323b0808,粉,1,11593,粉
1500,2,黺,2,黺,w323b0901,黺,2,11594,黺
1500,3,扮,3,扮,w323b0902,扮,3,11595,扮
1501,1,憤,1,憤,w323b0903,憤,1,11596,憤
1501,2,𢤬,2,𢤬,w323b0904,𢤬,2,11597,𢤬
1501,3,扮,3,扮,w323b1001,扮,3,11598,扮
1501,4,㿎,4,㿎,w323b1002,㿎,4,11599,㿎
1501,5,鼢,5,鼢,w323b1003,鼢,5,11600,鼢
1501,6,蚡,6,蚡,w323b1004,蚡,6,11601,蚡
1501,7,墳,7,墳,w323b1005,墳,7,11602,墳
1501,8,魵,8,魵,w323b1006,魵,8,11603,魵
1501,9,鱝,9,鱝,w323b1007,鱝,9,11604,鱝
1501,10,弅,10,弅,w324a0101,弅,10,11605,弅
1501,11,轒,11,轒,w324a0102,轒,11,11606,轒
1501,12,膹,12,膹,w324a0103,膹,12,11607,膹
1501,13,𢅯,13,𢅯,w324a0104,𢅯,13,11608,𢅯
1501,14,坌,14,坌,w324a0201,坋,14,11609,坋
1502,1,忿,1,忿,w324a0202,忿,1,11610,忿
1502,2,魵,2,魵,w324a0203,魵,2,11611,魵
1503,1,惲,1,惲,w324a0204,惲,1,11612,惲
1503,2,薀,2,薀,w324a0301,蕰,2,11613,蕰
1503,3,蘊,3,蘊,w324a0302,藴,3,11614,藴
1503,4,韞,4,韞,w324a0303,韞,4,11615,韞
1503,5,縕,5,縕,w324a0304,緼,5,11616,緼
1503,6,褞,6,褞,w324a0305,褞,6,11617,褞
1503,7,䡝,7,䡝,w324a0306,䡝,7,11618,䡝
1503,8,賱,8,賱,w324a0307,賱,8,11619,賱
1503,9,醞,9,醞,w324a0401,醖,9,11620,醖
1503,10,搵,10,搵,w324a0402,揾,10,11621,揾
1504,1,齳,1,齳,w324a0403,齳,1,11622,齳
1504,2,𪘩,2,𪘩,w324a0404,𪘩,2,11623,齫
1504,3,夽,3,夽,w324a0405,夽,3,11624,夽
1504,4,喗,4,喗,w324a0406,喗,4,11625,喗
1504,5,𧼐,5,𧼐,w324a0407,𧼐,5,11626,𧼐
1505,1,抎,1,抎,w324a0501,抎,1,11627,抎
1505,2,䫟,2,䫟,w324a0502,䫟,2,11628,䫟
1505,3,𪏚,3,𪏚,w324a0503,𪏚,3,11629,𪏚
1505,4,𤸫,4,𤸫,w324a0504,𤸫,4,11630,𤸫
1506,1,𧼐,1,𧼐,w324a0505,𧼐,1,11631,𧼐
1506,2,𦄐,2,𦄐,w324a0506,𦄐,2,11632,𦄐
1507,1,隱,1,隱,w324a0701,隱,1,11633,隱
1507,2,磤,2,磤,w324a0702,磤,2,11634,磤
1507,3,𤻘,3,𤻘,w324a0703,𤻘,3,11635,𤻘
1507,4,䌥,4,䌥,w324a0801,䌥,4,11636,䌥
1507,5,㥯,5,㥯,w324a0802,㥯,5,11637,㥯
1507,6,櫽,6,櫽,w324a0803,櫽,6,11638,櫽
1507,7,嶾,7,嶾,w324a0804,嶾,7,11639,嶾
1507,8,𠃊,8,𠃊,w324a0805,𠃊,8,11640,乚
1507,9,㶏,9,㶏,w324a0806,㶏,9,11641,㶏
1507,10,㐆,10,㐆,w324a0807,㐆,10,11642,㐆
1507,11,𨏈,11,𨏈,w324a0808,𨏈,11,11643,𨏈
1508,1,謹,1,謹,w324a0901,謹,1,11644,謹
1508,2,𪏴,2,𪏴,w324a0902,𪏴,2,11645,𪏴
1508,3,㹏,3,㹏,w324a0903,㹏,3,11646,㹏
1508,4,槿,4,槿,w324a0904,槿,4,11647,槿
1508,5,堇,5,堇,w324a1001,堇,5,11648,堇
1508,6,𡏳,6,𡏳,w324a1002,𡏳,6,11649,𡎸
1508,7,漌,7,漌,w324a1003,漌,7,11650,漌
1508,8,慬,8,慬,w324a1004,慬,8,11651,慬
1508,9,卺〈巹〉,9,卺〈巹〉,w324a1005,𢀿〈巹〉,9,11652,巹
1508,10,𧯷,10,𧯷,w324a1006,𧯷〈⿱䒱豆〉,10,11653,𧯷
1508,11,菦,11,菦,w324b0101,菦,11,11654,菦
1509,1,𧤛,1,𧤛,w324b0102,𧤛,1,11655,𧤛
1509,2,𣓀,2,𣓀,w324b0103,𣓀,2,11656,𣐽
1510,1,赾,1,赾,w324b0104,赾,1,11657,赾
1511,1,近,1,近,w324b0105,近,1,11658,近
1511,2,瘽,2,瘽,w324b0201,瘽,2,11659,瘽
1512,1,齔,1,齔,w324b0202,齔,1,11660,齔
1513,1,听,1,听,w324b0203,听,1,11661,听
1514,1,䘆,1,䘆,w324b0204,䘆,1,11662,䘆
1515,1,阮,1,阮,w324b0401,阮,1,11663,阮
1515,2,𡯱,2,𡯱,w324b0402,𡯱,2,11664,𠒜
1515,3,邧,3,邧,w324b0403,邧,3,11665,邧
1516,1,遠,1,遠,w324b0404,逺,1,11666,遠
1516,2,𩔃,2,𩔃,w324b0405,𩔃,2,11667,𩔃
1517,1,偃,1,偃,w324b0501,偃,1,11668,偃
1517,2,㫃,2,㫃,w324b0502,㫃,2,11669,㫃
1517,3,䞁,3,䞁,w324b0503,䞁,3,11670,䞁
1517,4,鶠,4,鶠,w324b0504,鶠,4,11671,鶠
1517,5,郾,5,郾,w324b0601,郾,5,11672,郾
1517,6,褗,6,褗,w324b0602,褗,6,11673,褗
1517,7,堰,7,堰,w324b0603,堰,7,11674,堰
1517,8,匽,8,匽,w324b0604,匽,8,11675,匽
1517,9,鄢,9,鄢,w324b0605,鄢,9,11676,鄢
1517,10,鼴,10,鼴,w324b0606,鼴,10,11677,鼴
1517,11,蝘,11,蝘,w324b0701,蝘,11,11678,蝘
1517,12,鰋,12,鰋,w324b0702,鰋,12,11679,鰋
1518,1,湕,1,湕,w324b0703,湕,1,11680,湕
1518,2,𥍹,2,𥍹,w324b0704,𥍹,2,11681,𥍹
1518,3,㔓,3,㔓,w324b0801,㔓,3,11682,㔓
1518,4,揵,4,揵,w324b0802,揵,4,11683,揵
1518,5,蹇,5,蹇,w324b0803,蹇,5,11684,蹇
1519,1,寋,1,寋,w324b0804,寋,1,11685,寋
1519,2,楗,2,楗,w324b0805,楗,2,11686,楗
1519,3,鍵,3,鍵,w324b0901,鍵,3,11687,鍵
1519,4,𠐻,4,𠐻,w324b0902,𠐻,4,11688,𠐻
1520,1,𧥛,1,𧥛,w324b0903,𧥛,1,11689,𧥛
1521,1,𧥜,1,𧥜,w324b0904,𧥜,1,11690,𧥜
1521,2,巘,2,巘,w324b0905,巘,2,11691,巘
1521,3,𪗛,3,𪗛,w324b0906,𪗛,3,11692,𪗛
1521,4,屵,4,屵,w324b0907,⿱山𠂇〈屵〉,4,11693,屵
1522,1,幰,1,幰,w324b1001,幰,1,11694,幰
1522,2,攇,2,攇,w324b1002,攇,2,11695,攇
1522,3,䘆,3,䘆,w324b1003,䘆,3,11696,䘆
1522,4,䜢,4,䜢,w324b1004,䜢,4,11697,䜢
1523,1,晚,1,晚,w325a0101,晩,1,11698,晚
1523,2,娩,2,娩,w325a0102,娩,2,11699,娩
1523,3,挽,3,挽,w325a0103,挽,3,11700,挽
1523,4,輓,4,輓,w325a0104,輓,4,11701,輓
1523,5,㿸,5,㿸,w325a0105,㿸,5,11702,㿸
1523,6,㝃,6,㝃,w325a0106,㝃,6,11703,㝃
1523,7,脕,7,脕,w325a0201,脕,7,11704,脕
1524,1,反,1,反,w325a0202,反,1,11705,反
1524,2,䡊,2,䡊,w325a0203,䡊,2,11706,䡊
1524,3,阪,3,阪,w325a0204,阪,3,11707,阪
1524,4,坂,4,坂,w325a0205,坂,4,11708,坂
1524,5,返,5,返,w325a0206,返,5,11709,返
1524,6,橎,6,橎,w325a0207,橎,6,11710,橎
1525,1,𧯦,1,𧯦,w325a0301,𧯦,1,11711,𧯦
1525,2,圈,2,圈,w325a0302,圈,2,11712,圈
1525,3,菌,3,菌,w325a0303,菌,3,11713,菌
1525,4,卷,4,卷,w325a0401,卷,4,11714,卷
1526,1,婉,1,婉,w325a0402,婉,1,11715,婉
1526,2,菀,2,菀,w325a0403,菀,2,11716,菀
1526,3,苑,3,苑,w325a0501,苑,3,11717,苑
1526,4,踠,4,踠,w325a0502,踠,4,11718,踠
1526,5,蜿,5,蜿,w325a0503,蜿,5,11719,蜿
1526,6,䖤,6,䖤,w325a0601,䖤,6,11720,䖤
1526,7,畹,7,畹,w325a0602,畹,7,11721,畹
1526,8,琬,8,琬,w325a0603,琬,8,11722,琬
1526,9,宛,9,宛,w325a0604,宛,9,11723,宛
1526,10,惌,10,惌,w325a0605,惌,10,11724,惌
1526,11,倇,11,倇,w325a0701,倇,11,11725,倇
1526,12,䩩,12,䩩,w325a0702,䩩,12,11726,䩩
1526,13,𩌑,13,𩌑,w325a0703,𩌑,13,11727,𩌑
1526,14,䘼,14,䘼,w325a0704,䘼,14,11728,䘼
1526,15,夗,15,夗,w325a0705,夗,15,11729,夗
1526,16,𩎺,16,𩎺,w325a0706,𩎺,16,11730,𩎺
1526,17,晼,17,晼,w325a0707,晼,17,11731,晼
1526,18,睕,18,睕,w325a0801,睕,18,11732,睕
1526,19,𤗍,19,𤗍,w325a0802,𤗍,19,11733,𤗍
1526,20,䛄,20,䛄,w325a0803,䛄,20,11734,䛄
1527,1,䅚,1,䅚,w325a0804,䅚,1,11735,䅚
1527,2,綣,2,綣,w325a0805,綣,2,11736,綣
1527,3,虇,3,虇,w325a0806,虇,3,11737,虇
1527,4,裷,4,裷,w325a0807,裷,4,11738,裷
1527,5,䊎,5,䊎,w325a0901,䊎,5,11739,䊎
1527,6,𪐂,6,𪐂,w325a0902,𪐂,6,11740,𪐂
1528,1,暅,1,暅,w325a0903,暅,1,11741,暅
1528,2,䁔,2,䁔,w325a0904,䁔,2,11742,䁔
1528,3,咺,3,咺,w325a0905,咺,3,11743,咺
1528,4,烜,4,烜,w325a0906,烜,4,11744,烜
1528,5,愃,5,愃,w325a0907,愃,5,11745,愃
1528,6,𧡩,6,𧡩,w325a1001,𧡩,6,11746,𧡩
1528,7,諼,7,諼,w325a1002,諼,7,11747,諼
1529,1,飯,1,飯,w325a1003,飯,1,11748,飯
1529,2,軬,2,軬,w325a1004,軬,2,11749,軬
1529,3,笲,3,笲,w325a1005,笲,3,11750,笲
1529,4,䪻,4,䪻,w325a1006,䪻,4,11751,䪻
1530,1,混,1,混,w325b0101,混,1,11752,混
1530,2,鯶,2,鯶,w325b0102,鯶,2,11753,鯶
1530,3,渾,3,渾,w325b0103,渾,3,11754,渾
1530,4,緷,4,緷,w325b0104,緷,4,11755,緷
1530,5,焜,5,焜,w325b0105,焜,5,11756,焜
1530,6,倱,6,倱,w325b0201,倱,6,11757,倱
1530,7,棍,7,棍,w325b0202,棍,7,11758,棍
1530,8,䫟,8,䫟,w325b0203,䫟,8,11759,䫟
1530,9,睔,9,睔,w325b0204,睔,9,11760,睔
1530,10,㮯,10,㮯,w325b0205,㮯,10,11761,㮯
1530,11,䚠,11,䚠,w325b0206,䚠,11,11762,䚠
1530,12,𨡫,12,𨡫,w325b0301,𨡫,12,11763,𨡫
1530,13,䧰,13,䧰,w325b0302,䧰,13,11764,䧰
1530,14,掍,14,掍,w325b0303,掍,14,11765,掍
1530,15,睴,15,睴,w325b0304,睴,15,11766,睴
1530,16,煇,16,煇,w325b0305,煇,16,11767,煇
1531,1,翉,1,翉,w325b0306,翉,1,11768,翉
1532,1,忖,1,忖,w325b0307,忖,1,11769,忖
1532,2,𢩭,2,𢩭,w325b0401,𢩭,2,11770,𢩭
1532,3,刌,3,刌,w325b0402,刌,3,11771,刌
1533,1,本,1,本,w325b0403,本,1,11772,本
1533,2,畚,2,畚,w325b0501,畚,2,11773,畚
1533,3,𤲙,3,𤲙,w325b0502,𤲙,3,11774,𤲙
1533,4,笨,4,笨,w325b0503,笨,4,11775,笨
1533,5,㡷,5,㡷,w325b0504,㡷,5,11776,㡷
1533,6,苯,6,苯,w325b0505,苯,6,11777,苯
1534,1,損,1,損,w325b0506,損,1,11778,損
1534,2,㾕,2,㾕,w325b0507,㾕,2,11779,㾕
1534,3,䐣,3,䐣,w325b0601,䐣,3,11780,䐣
1534,4,𦠆,4,𦠆,w325b0602,𦠆,4,11781,𦠆
1535,1,𠟃,1,𠟃,w325b0603,𠟃,1,11782,𠟃
1535,2,撙,2,撙,w325b0604,撙,2,11783,撙
1535,3,噂,3,噂,w325b0605,噂,3,11784,噂
1535,4,譐,4,譐,w325b0701,譐,4,11785,譐
1535,5,䔿,5,䔿,w325b0702,䔿,5,11786,䔿
1535,6,僔,6,僔,w325b0703,僔,6,11787,僔
1536,1,穩,1,穩,w325b0704,穩,1,11788,穩
1536,2,𡁋,2,𡁋,w325b0705,𡁋,2,11789,𡁋
1536,3,㒚,3,㒚,w325b0706,㒚,3,11790,㒚
1537,1,囤,1,囤,w325b0707,囤,1,11791,囤
1537,2,𥫱,2,𥫱,w325b0801,𥫱,2,11792,𥫱
1537,3,盾,3,盾,w325b0802,盾,3,11793,盾
1537,4,沌,4,沌,w325b0803,沌,4,11794,沌
1537,5,坉,5,坉,w325b0804,坉,5,11795,坉
1537,6,庉,6,庉,w325b0805,庉,6,11796,庉
1537,7,遁,7,遁,w325b0806,遁,7,11797,遁
1537,8,遯,8,遯,w325b0807,遯,8,11798,遯
1537,9,㡒,9,㡒,w325b0808,㡒,9,11799,㡒
1538,1,鱒,1,鱒,w325b0901,鱒,1,11800,鱒
1539,1,𩩌,1,𩩌,w325b0902,𩩌,1,11801,𩩌
1539,2,㯻,2,㯻,w325b0903,㯻,2,11802,𧞢
1539,3,袞,3,袞,w325b1001,衮,3,11803,衮
1539,4,緄,4,緄,w325b1002,緄,4,11804,緄
1539,5,鯀,5,鯀,w325b1003,鯀,5,11805,鯀
1539,6,輥,6,輥,w325b1004,輥,6,11806,輥
1539,7,緷,7,緷,w325b1005,緷,7,11807,緷
1539,8,蔉,8,蔉,w325b1006,蓘,8,11808,蓘
1539,9,惃,9,惃,w325b1007,惃,9,11809,惃
1539,10,丨,10,丨,w326a0101,丨,10,11810,丨
1539,11,䃂,11,䃂,w326a0102,䃂,11,11811,䃂
1539,12,錕,12,錕,w326a0103,錕,12,11812,錕
1540,1,畽,1,畽,w326a0104,畽,1,11813,畽
1540,2,𤊯,2,𤊯,w326a0105,𤊯,2,11814,𤊯
1540,3,吨,3,吨,w326a0106,吨,3,11815,吨
1540,4,黗,4,黗,w326a0107,黗,4,11816,黗
1541,1,閫,1,閫,w326a0201,閫,1,11817,閫
1541,2,壼,2,壼,w326a0202,壼,2,11818,壼
1541,3,𡈋,3,𡈋,w326a0203,𡈋,3,11819,𡈋
1541,4,稛〈稇〉,4,稛〈稇〉,w326a0204,稛,4,11820,稇
1541,5,裍,5,裍,w326a0205,裍,5,11821,裍
1541,6,悃,6,悃,w326a0206,悃,6,11822,悃
1541,7,𩑔,7,𩑔,w326a0207,𩑔,7,11823,𩑔
1541,8,梱,8,梱,w326a0301,梱,8,11824,梱
1541,9,齫,9,齫,w326a0302,齫,9,11825,齫
1541,10,硱,10,硱,w326a0303,硱,10,11826,硱
1542,1,㤻,1,㤻,w326a0304,㤻,1,11827,㤻
1542,2,惀,2,惀,w326a0305,惀,2,11828,惀
1542,3,睔,3,睔,w326a0401,睔,3,11829,睔
1542,4,碖,4,碖,w326a0402,碖,4,11830,碖
1543,1,獖,1,獖,w326a0403,獖,1,11831,獖
1543,2,笨,2,笨,w326a0404,笨,2,11832,笨
1543,3,㨧〈㮥〉,3,㨧〈㮥〉,w326a0405,㨧〈㮥〉,3,11833,㨧
1543,4,体,4,体,w326a0501,体,4,11834,体
1544,1,懣,1,懣,w326a0502,懣,1,11835,懣
1545,1,㶧,1,㶧,w326a0503,㶧,1,11836,㶧
1546,1,𦃕,1,𦃕,w326a0504,𦃕,1,11837,𦃕
1546,2,惛,2,惛,w326a0505,惛,2,11838,惛
1547,1,很,1,很,w326a0701,很,1,11839,很
1547,2,䓳,2,䓳,w326a0702,䓳,2,11840,䓳
1548,1,墾,1,墾,w326a0703,墾,1,11841,墾
1548,2,懇,2,懇,w326a0704,懇,2,11842,懇
1548,3,齦,3,齦,w326a0801,齦,3,11843,齦
1548,4,豤,4,豤,w326a0802,豤,4,11844,豤
1549,1,䫀,1,䫀,w326a0803,䫀,1,11845,䫀
1549,2,詪,2,詪,w326a0804,詪,2,11846,詪
1550,1,旱,1,旱,w326a0901,旱,1,11847,旱
1550,2,𡷛,2,𡷛,w326a0902,𡷛,2,11848,𡷛
1550,3,皔,3,皔,w326a0903,皔,3,11849,皔
1550,4,䓍,4,䓍,w326a0904,䓍,4,11850,䓍
1550,5,䛞,5,䛞,w326a0905,䛞,5,11851,䛞
1551,1,亶,1,亶,w326a0906,亶,1,11852,亶
1551,2,𤺺,2,𤺺,w326a1001,𤺺,2,11853,𤺺
1551,3,嬗,3,嬗,w326a1002,嬗,3,11854,嬗
1551,4,笪,4,笪,w326a1003,笪,4,11855,笪
1551,5,疸,5,疸,w326a1004,疸,5,11856,疸
1551,6,觛,6,觛,w326a1005,觛,6,11857,觛
1551,7,狚,7,狚,w326b0101,狚,7,11858,狚
1551,8,担,8,担,w326b0102,担,8,11859,担
1552,1,坦,1,坦,w326b0103,坦,1,11860,坦
1552,2,䦔,2,䦔,w326b0104,䦔,2,11861,䦔
1553,1,散,1,散,w326b0105,散,1,11862,散
1553,2,𢽳,2,𢽳,w326b0201,𢽳,2,11863,𢽳
1553,3,𢿱,3,𢿱,w326b0202,𢿨,3,11864,𢿨
1553,4,饊,4,饊,w326b0203,饊,4,11865,饊
1553,5,糤,5,糤,w326b0204,糤,5,11866,糤
1553,6,鏾,6,鏾,w326b0301,鏾,6,11867,鏾
1553,7,繖,7,繖,w326b0302,繖,7,11868,繖
1553,8,䉈,8,䉈,w326b0303,䉈,8,11869,䉈
1553,9,傘,9,傘,w326b0304,傘,9,11870,傘
1553,10,𩀼,10,𩀼,w326b0305,𣀧,10,11871,𣀧
1553,11,𢄻,11,𢄻,w326b0306,𢄻,11,11872,𢄻
1554,1,但,1,但,w326b0307,但,1,11873,但
1554,2,蜑,2,蜑,w326b0401,蜑,2,11874,蜑
1554,3,袒,3,袒,w326b0402,袒,3,11875,袒
1554,4,襢,4,襢,w326b0403,襢,4,11876,襢
1554,5,誕,5,誕,w326b0404,誕,5,11877,誕
1554,6,潬,6,潬,w326b0405,潬,6,11878,潬
1554,7,䩥,7,䩥,w326b0501,䩥,7,11879,䩥
1554,8,繵,8,繵,w326b0502,繵,8,11880,繵
1554,9,膻,9,膻,w326b0503,膻,9,11881,膻
1554,10,僤,10,僤,w326b0504,僤,10,11882,僤
1554,11,觛,11,觛,w326b0505,觛,11,11883,觛
1555,1,瓚,1,瓚,w326b0506,瓉,1,11884,瓉
1555,2,趲,2,趲,w326b0601,䟎,2,11885,趲
1555,3,禶,3,禶,w326b0602,禶,3,11886,禶
1556,1,笴,1,笴,w326b0603,笴,1,11887,笴
1556,2,簳,2,簳,w326b0701,簳,2,11888,簳
1556,3,皯,3,皯,w326b0702,皯,3,11889,皯
1556,4,䵟,4,䵟,w326b0703,䵟,4,11890,䵟
1556,5,𤿊,5,𤿊,w326b0704,𤿊,5,11891,𤿊
1556,6,稈,6,稈,w326b0705,稈,6,11892,稈
1556,7,秆,7,秆,w326b0706,秆,7,11893,秆
1556,8,仠,8,仠,w326b0707,仠,8,11894,仠
1556,9,𦼮,9,𦼮,w326b0708,𦼮,9,11895,𦼮
1556,10,矸,10,矸,w326b0709,矸,10,11896,矸
1556,11,衦,11,衦,w326b0801,衦,11,11897,衦
1556,12,𥾍,12,𥾍,w326b0802,𥾍,12,11898,𥾍
1557,1,嬾,1,嬾,w326b0803,嬾,1,11899,嬾
1557,2,懶,2,懶,w326b0804,懶,2,11900,懶
1557,3,𥽭,4,𥽭,w326b0805,𥽭,4,11902,𥽭
1557,4,𥻂,3,𥻂,w326b0806,𥻂,3,11901,𥻂
1557,5,讕,5,讕,w326b0807,讕,5,11903,讕
1558,1,侃,1,侃,w326b0901,侃,1,11904,侃
1558,2,衎,2,衎,w326b0902,衎,2,11905,衎
1559,1,䍐,1,䍐,w326b0903,䍐,1,11906,䍐
1559,2,蔊,2,蔊,w326b1001,蔊,2,11907,蔊
1559,3,厂,3,厂,w326b1002,厂,3,11908,厂
1559,4,灘,4,灘,w326b1003,灘,4,11909,灘
1559,5,暵,5,暵,w327a0101,暵,5,11910,暵
1559,6,焊,6,焊,w327a0102,焊,6,11911,焊
1559,7,熯,7,熯,w327a0103,熯,7,11912,熯
1560,1,䰖,1,䰖,w327a0104,𩯳,1,11913,𩯳
1561,1,緩,1,緩,w327a0201,緩,1,11914,緩
1561,2,澣,2,澣,w327a0202,澣,2,11915,澣
1561,3,浣,3,浣,w327a0203,浣,3,11916,浣
1561,4,綄,4,綄,w327a0204,綄,4,11917,綄
1561,5,㬊,5,㬊,w327a0205,㬊,5,11918,㬊
1561,6,䁔,6,䁔,w327a0301,䁔,6,11919,䁔
1561,7,𧡩,7,𧡩,w327a0302,𧡩,7,11920,𧡩
1561,8,梡,8,梡,w327a0303,梡,8,11921,梡
1561,9,棵,9,棵,w327a0304,棵,9,11922,棵
1561,10,𧶲,10,𧶲,w327a0305,𧶲,10,11923,𧶲
1561,11,鰀,11,鰀,w327a0401,鰀,11,11924,鰀
1561,12,嵈,12,嵈,w327a0402,嵈,12,11925,嵈
1561,13,晥,13,晥,w327a0403,晥,13,11926,晥
1561,14,䈠,14,䈠,w327a0404,䈠,14,11927,䈠
1562,1,短,1,短,w327a0405,短,1,11928,短
1562,2,𢭃,2,𢭃,w327a0406,𢭃,2,11929,𢭃
1562,3,斷,3,斷,w327a0407,斷,3,11930,斷
1562,4,𢷖,4,𢷖,w327a0501,𢷖,4,11931,𢷖
1563,1,椀,1,椀,w327a0502,椀,1,11932,椀
1563,2,盌,2,盌,w327a0503,盌,2,11933,盌
1563,3,䝹,3,䝹,w327a0504,䝹,3,11934,䝹
1564,1,疃,1,疃,w327a0505,疃,1,11935,疃
1564,2,𤲫,2,𤲫,w327a0601,𤲫,2,11936,𤲫
1564,3,瘓,3,瘓,w327a0602,瘓,3,11937,瘓
1564,4,䠪,4,䠪,w327a0603,䠪,4,11938,䠪
1565,1,算,1,算,w327a0604,算,1,11939,算
1565,2,匴,2,匴,w327a0605,匴,2,11940,匴
1565,3,篹,3,篹,w327a0606,篹,3,11941,篹
1566,1,管,1,管,w327a0701,管,1,11942,管
1566,2,筦,2,筦,w327a0702,筦,2,11943,筦
1566,3,脘,3,脘,w327a0703,脘,3,11944,脘
1566,4,輨,4,輨,w327a0704,輨,4,11945,輨
1566,5,盥,5,盥,w327a0705,盥,5,11946,盥
1566,6,琯,6,琯,w327a0801,琯,6,11947,琯
1566,7,痯,7,痯,w327a0802,痯,7,11948,痯
1566,8,悹,8,悹,w327a0803,悹,8,11949,悹
1566,9,䩪,9,䩪,w327a0804,䩪,9,11950,䩪
1566,10,錧,10,錧,w327a0901,錧,10,11951,錧
1566,11,䗆,11,䗆,w327a0902,䗆,11,11952,䗆
1566,12,䘾,12,䘾,w327a0903,䘾,12,11953,䘾
1567,1,卵,1,卵,w327a0904,卵,1,11954,卵
1568,1,款,1,款,w327a0905,款,1,11955,款
1568,2,歀,2,歀,w327a1001,歀,2,11956,歀
1568,3,欵,3,欵,w327a1002,欵,3,11957,欵
1568,4,窾,4,窾,w327a1003,窾,4,11958,窾
1568,5,䥗,5,䥗,w327a1004,䥗,5,11959,䥗
1568,6,梡,6,梡,w327a1005,梡,6,11960,梡
1568,7,棵,7,棵,w327a1006,棵,7,11961,棵
1568,8,䲌,8,䲌,w327a1007,䲌,8,11962,䲌
1569,1,煗,1,煗,w327a1008,煗,1,11963,煗
1569,2,㬉,2,㬉,w327b0101,㬉,2,11964,㬉
1569,3,暖,3,暖,w327b0102,暖,3,11965,暖
1569,4,煖,4,煖,w327b0103,煖,4,11966,煖
1569,5,餪,5,餪,w327b0104,餪,5,11967,餪
1569,6,渜,6,渜,w327b0105,渜,6,11968,渜
1569,7,稬,7,稬,w327b0106,稬,7,11969,稬
1570,1,纂,1,纂,w327b0107,纂,1,11970,纂
1570,2,䂎,2,䂎,w327b0201,𥎞,2,11971,䂎
1570,3,纘,3,纘,w327b0202,纉,3,11972,纉
1570,4,儹,4,儹,w327b0203,儧,4,11973,儹
1570,5,籫,5,籫,w327b0204,籫,5,11974,籫
1570,6,酇,6,酇,w327b0205,鄼,6,11975,鄼
1570,7,繤,7,繤,w327b0301,繤,7,11976,繤
1570,8,𦆈,8,𦆈,w327b0302,𦆈,8,11977,𦆈
1571,1,伴,1,伴,w327b0303,伴,1,11978,伴
1571,2,㚘,2,㚘,w327b0304,㚘,2,11979,㚘
1571,3,拌,3,拌,w327b0305,拌,3,11980,拌
1572,1,滿,1,滿,w327b0401,滿,1,11981,滿
1572,2,懣,2,懣,w327b0402,懣,2,11982,懣
1572,3,𢟮,3,𢟮,w327b0403,𢟮,3,11983,𢟮
1572,4,𥲈,4,𥲈,w327b0404,𥲈,4,11984,𥲈
1572,5,鏋,5,鏋,w327b0405,鏋,5,11985,鏋
1573,1,粄,1,粄,w327b0501,粄,1,11986,粄
1573,2,䉽,2,䉽,w327b0502,䉽,2,11987,䉽
1573,3,䬳,3,䬳,w327b0503,䬳,3,11988,䬳
1573,4,瓪,4,瓪,w327b0504,瓪,4,11989,瓪
1573,5,昄,5,昄,w327b0505,昄,5,11990,昄
1574,1,鄹,1,鄹,w327b0506,鄹,1,11991,鄹
1575,1,斷,1,斷,w327b0601,斷,1,11992,斷
1575,2,𩏇,2,𩏇,w327b0602,𩏇,2,11993,𩋦
1575,3,緞,3,緞,w327b0603,緞,3,11994,緞
1576,1,攤,1,攤,w327b0604,攤,1,11995,攤
1577,1,坢,1,坢,w327b0605,坢,1,11996,坢
1577,2,𧺾,2,𧺾,w327b0606,𧺾,2,11997,𧺾
1578,1,潸,1,潸,w327b0701,潸,1,11998,潸
1579,1,綰,1,綰,w327b0702,綰,1,11999,綰
1580,1,版,1,版,w327b0703,版,1,12000,版
1580,2,板,2,板,w327b0704,板,2,12001,板
1580,3,蝂,3,蝂,w327b0705,蝂,3,12002,蝂
1580,4,瓪,4,瓪,w327b0801,瓪,4,12003,瓪
1580,5,昄,5,昄,w327b0802,昄,5,12004,昄
1580,6,鈑,6,鈑,w327b0803,鈑,6,12005,鈑
1581,1,䩆,1,䩆,w327b0804,䩆,1,12006,䩆
1581,2,拃,2,拃,w327b0805,拃,2,12007,拃
1581,3,䎒,3,䎒,w327b0806,䎒,3,12008,䎒
1582,1,赧,1,赧,w327b0807,⿰赤𠬝〈赧〉,1,12009,赧
1582,2,𩈶,2,𩈶,w327b0901,𩈶,2,12010,𩈶
1582,3,㫱,3,㫱,w327b0902,㫱,3,12011,㫱
1582,4,戁,4,戁,w327b0903,戁,4,12012,戁
1583,1,僩,1,僩,w327b0904,僩,1,12013,僩
1583,2,憪,2,憪,w327b0905,憪,2,12014,憪
1583,3,𤡥,3,𤡥,w327b0906,𤡥〈撊〉,3,12015,𤡥
1583,4,捍,4,捍,w327b0907,捍,4,12016,捍
1583,5,橌,5,橌,w327b1001,橌,5,12017,橌
1584,1,睆,1,睆,w327b1002,睆,1,12018,睆
1584,2,睅,2,睅,w327b1003,睅,2,12019,睅
1584,3,𪍺,3,𪍺,w327b1004,𪍺,3,12020,𪍺
1584,4,鯇,4,鯇,w327b1005,鯇,4,12021,鯇
1584,5,䴷,5,䴷,w327b1006,䴷,5,12022,䴷
1584,6,皖,6,皖,w327b1007,皖,6,12023,皖
1584,7,莞,7,莞,w328a0101,莞,7,12024,莞
1585,1,阪,1,阪,w328a0102,阪,1,12025,阪
1585,2,昄,2,昄,w328a0103,昄,2,12026,昄
1585,3,魬,3,魬,w328a0104,魬,3,12027,魬
1586,1,矕,1,矕,w328a0105,矕,1,12028,矕
1586,2,𦺖,2,𦺖,w328a0106,𦺖,2,12029,𦺖
1587,1,𪘪,1,𪘪,w328a0201,𪘪,1,12030,𪘪
1587,2,䗃,2,䗃,w328a0202,䗃,2,12031,䗃
1588,1,𪗙,1,𪗙,w328a0203,𪗙,1,12032,𪗙
1589,1,㹽,1,㹽,w328a0204,㹽,1,12033,㹽
1590,1,眅,1,眅,w328a0205,眅,1,12034,眅
1591,1,撰,1,撰,w328a0206,撰,1,12035,撰
1591,2,饌,2,饌,w328a0301,饌,2,12036,饌
1592,1,產,1,產,w328a0401,産,1,12037,産
1592,2,簅,2,簅,w328a0402,簅,2,12038,簅
1592,3,摌,3,摌,w328a0403,摌,3,12039,摌
1592,4,㹌,4,㹌,w328a0404,㹌,4,12040,㹌
1592,5,嵼,5,嵼,w328a0501,嵼,5,12041,嵼
1592,6,汕,6,汕,w328a0502,汕,6,12042,汕
1592,7,滻,7,滻,w328a0503,滻,7,12043,滻
1592,8,㦃,8,㦃,w328a0504,㦃,8,12044,㦃
1592,9,䊲,9,䊲,w328a0505,𥽽,9,12045,𥽽
1592,10,𩥮,10,𩥮,w328a0506,𩥮,10,12046,𩥮
1593,1,限,1,限,w328a0507,限,1,12047,限
1593,2,硍,2,硍,w328a0601,硍,2,12048,硍
1593,3,䁂,3,䁂,w328a0602,䁂,3,12049,䁂
1593,4,㹂,4,㹂,w328a0603,㹂,4,12050,㹂
1593,5,䦘,5,䦘,w328a0604,䦘,5,12051,䦘
1594,1,𥇅,1,𥇅,w328a0605,𥇅,1,12052,𥇅
1595,1,簡,1,簡,w328a0606,𥳑,1,12053,簡
1595,2,㶕,2,㶕,w328a0701,𤄒,2,12054,㶕
1595,3,僩,3,僩,w328a0801,僩,3,12055,僴
1595,4,𧟉,4,𧟉,w328a0802,𧟉,4,12056,𧟉
1595,5,柬,5,柬,w328a0803,柬,5,12057,柬
1595,6,暕,6,暕,w328a0804,暕,6,12058,暕
1595,7,揀,7,揀,w328a0805,揀,7,12059,揀
1596,1,剗,1,剗,w328a0806,剗,1,12060,剗
1596,2,鏟,2,鏟,w328a0901,鏟,2,12061,鏟
1596,3,丳,3,丳,w328a0902,丳,3,12062,丳
1596,4,羼,4,羼,w328a0903,羼,4,12063,羼
1596,5,㦃,5,㦃,w328a0904,㦃,5,12064,㦃
1596,6,䐮,6,䐮,w328a0905,䐮,6,12065,䐮
1597,1,棧,1,棧,w328a0906,棧,1,12066,棧
1597,2,㟞,2,㟞,w328a1001,㟞,2,12067,㟞
1597,3,嶘,3,嶘,w328a1002,嶘,3,12068,嶘
1597,4,轏,4,轏,w328a1003,轏,4,12069,轏
1597,5,孱,5,孱,w328a1004,孱,5,12070,孱
1597,6,𠊩,6,𠊩,w328a1005,𠊩,6,12071,𠊩
1597,7,輚,7,輚,w328b0101,輚,7,12072,輚
1597,8,虥,8,虥,w328b0102,虥,8,12073,虥
1598,1,眼,1,眼,w328b0103,眼,1,12074,眼
1599,1,醆,1,醆,w328b0104,醆,1,12075,醆
1599,2,琖,2,琖,w328b0201,琖,2,12076,琖
1599,3,盞,3,盞,w328b0202,盞,3,12077,盞
1599,4,𧣴,4,𧣴,w328b0203,𧣴,4,12078,𧣴
1600,1,㦃,1,㦃,w328b0204,㦃,1,12079,㦃
1600,2,䊲,2,䊲,w328b0205,𥽽,2,12080,𥽽
1601,1,齦,1,齦,w328b0206,齦,1,12081,齦
1602,1,銑,1,銑,w328b0301,銑,1,12082,銑
1602,2,洗,2,洗,w328b0302,洗,2,12083,洗
1602,3,跣,3,跣,w328b0303,跣,3,12084,跣
1602,4,毨,4,毨,w328b0304,毨,4,12085,毨
1602,5,姺,5,姺,w328b0401,姺,5,12086,姺
1602,6,燹,6,燹,w328b0402,燹,6,12087,燹
1602,7,箲,7,箲,w328b0403,箲,7,12088,箲
1602,8,筅,8,筅,w328b0404,筅,8,12089,筅
1602,9,㭠,9,㭠,w328b0405,㭠,9,12090,㭠
1602,10,𦭶,10,𦭶,w328b0406,𦭶,10,12091,𦭶
1602,11,𩶤,11,𩶤,w328b0407,𩶤,11,12092,𩶤
1603,1,腆,1,腆,w328b0501,腆,1,12093,腆
1603,2,痶,2,痶,w328b0502,痶,2,12094,痶
1603,3,圢,3,圢,w328b0503,圢,3,12095,圢
1603,4,淟,4,淟,w328b0504,淟,4,12096,淟
1603,5,町,5,町,w328b0505,町,5,12097,町
1603,6,𤲖,6,𤲖,w328b0506,𤲖,6,12098,𤲖
1603,7,錪,7,錪,w328b0507,錪,7,12099,錪
1603,8,靦,8,靦,w328b0508,靦,8,12100,靦
1603,9,㥏,9,㥏,w328b0601,㥏,9,12101,㥏
1603,10,琠,10,琠,w328b0602,琠,10,12102,琠
1603,11,蚕,11,蚕,w328b0603,蚕,11,12103,蚕
1603,12,䠄,12,䠄,w328b0604,䠄,12,12104,䠄
1603,13,𨆁,13,𨆁,w328b0605,𨆁,13,12105,𨆁
1603,14,賟,14,賟,w328b0701,賟,14,12106,賟
1603,15,晪,15,晪,w328b0702,晪,15,12107,晪
1604,1,典,1,典,w328b0703,典,1,12108,典
1604,2,蕇,2,蕇,w328b0704,蕇,2,12109,蕇
1604,3,䫀,3,䫀,w328b0705,𩒝,3,12110,𩒝
1604,4,錪,4,錪,w328b0801,錪,4,12111,錪
1604,5,𥮏,5,𥮏,w328b0802,𥮏,5,12112,𥮏
1605,1,蝘,1,蝘,w328b0803,蝘,1,12113,蝘
1605,2,躽,2,躽,w328b0804,躽,2,12114,躽
1605,3,𥈔,3,𥈔,w328b0805,𥈔,3,12115,𥈔
1605,4,宴,4,宴,w328b0806,宴,4,12116,宴
1605,5,嬿,5,嬿,w328b0807,嬿,5,12117,嬿
1606,1,殄,1,殄,w328b0901,殄,1,12118,殄
1606,2,蜓,2,蜓,w328b0902,蜓,2,12119,蜒
1606,3,跈,3,跈,w328b1001,跈,3,12120,跈
1607,1,繭,1,繭,w328b1002,繭,1,12121,繭
1607,2,絸,2,絸,w328b1003,絸,2,12122,絸
1607,3,蠒,3,蠒,w328b1004,蠒,3,12123,蠒
1607,4,𥀹,4,𥀹,w328b1005,𥀹,4,12124,𥀹
1607,5,趼,5,趼,w328b1006,趼,5,12125,趼
1607,6,𢆞,6,𢆞,w328b1007,𢆞,6,12126,𢆞
1607,7,𡘸,7,𡘸,w329a0101,𡘸,7,12127,𡘸
1607,8,垷,8,垷,w329a0102,垷,8,12128,垷
1607,9,筧,9,筧,w329a0103,筧,9,12129,筧
1607,10,襺,10,襺,w329a0104,襺,10,12130,襺
1607,11,𢺃,11,𢺃,w329a0105,𢺃,11,12131,𢺃
1607,12,挸,12,挸,w329a0106,挸,12,12132,挸
1607,13,𢹕,13,𢹕,w329a0107,𢹕,13,12133,𢹕
1608,1,峴,1,峴,w329a0108,峴,1,12134,峴
1608,2,臔,2,臔,w329a0201,臔,2,12135,臔
1608,3,哯,3,哯,w329a0202,哯,3,12136,哯
1608,4,晛,4,晛,w329a0203,晛,4,12137,晛
1608,5,垷,5,垷,w329a0204,垷,5,12138,垷
1608,6,蜆,6,蜆,w329a0205,蜆,6,12139,蜆
1608,7,俔,7,俔,w329a0301,俔,7,12140,俔
1608,8,顈,8,顈,w329a0302,顈,8,12141,顈
1608,9,䵤,9,䵤,w329a0303,䵤,9,12142,䵤
1608,10,睍,10,睍,w329a0304,睍,10,12143,睍
1608,11,詪,11,詪,w329a0305,詪,11,12144,詪
1608,12,㦓,12,㦓,w329a0306,㦓,12,12145,㦓
1608,13,嫢,13,嫢,w329a0307,嫢,13,12146,嫢
1609,1,顯,1,顯,w329a0401,顯,1,12147,顯
1609,2,韅,2,韅,w329a0402,韅,2,12148,韅
1609,3,蜆,3,蜆,w329a0403,蜆,3,12149,蜆
1609,4,抮,4,抮,w329a0404,抮,4,12150,抮
1609,5,𣊡,5,𣊡,w329a0501,𣊡,5,12151,𣊡
1610,1,㨠,1,㨠,w329a0502,㨠,1,12152,㨠
1610,2,芇,2,芇,w329a0503,芇,2,12153,芇
1610,3,丏,3,丏,w329a0504,丏,3,12154,丏
1610,4,眄,4,眄,w329a0505,眄,4,12155,眄
1611,1,撚,1,撚,w329a0601,撚,1,12156,撚
1611,2,涊,2,涊,w329a0602,涊,2,12157,涊
1611,3,蹨,3,蹨,w329a0603,蹨,3,12158,蹨
1611,4,跈,4,跈,w329a0604,跈,4,12159,跈
1612,1,編,1,編,w329a0605,編,1,12160,編
1612,2,匾,2,匾,w329a0606,匾,2,12161,匾
1612,3,緶,3,緶,w329a0701,緶,3,12162,緶
1612,4,𦄒,4,𦄒,w329a0702,𦄒,4,12163,𦄒
1612,5,萹,5,萹,w329a0703,萹,5,12164,萹
1612,6,𥣰,6,𥣰,w329a0704,𥣰,6,12165,𥣰
1612,7,𥤓,7,𥤓,w329a0705,𥤓,7,12166,𥤓
1612,8,惼,8,惼,w329a0706,惼,8,12167,惼
1612,9,碥,9,碥,w329a0707,碥,9,12168,碥
1612,10,扁,10,扁,w329a0708,扁,10,12169,扁
1612,11,糄,11,糄,w329a0801,糄,11,12170,糄
1613,1,泫,1,泫,w329a0802,泫,1,12171,泫
1613,2,鉉,2,鉉,w329a0803,鉉,2,12172,鉉
1613,3,琄,3,琄,w329a0804,㻆,3,12173,琄
1613,4,贙,4,贙,w329a0805,贙,4,12174,贙
1613,5,埍,5,埍,w329a0901,埍,5,12175,埍
1613,6,繯,6,繯,w329a0902,繯,6,12176,𦇏
1613,7,䀏,7,䀏,w329a0903,䀏,7,12177,䀏
1613,8,𥌭,8,𥌭,w329a0904,𥌭,8,12178,𥌭
1613,9,鞙,9,鞙,w329a1001,鞙,9,12179,鞙
1613,10,䩙,10,䩙,w329a1002,䩙,10,12180,䩙
1613,11,䧎,11,䧎,w329a1003,𨹆,11,12181,䧎
1613,12,𨊼,12,𨊼,w329a1004,𨊼,12,12182,𨊼
1613,13,𩉥,13,𩉥,w329a1005,𩉥,13,12183,𩉥
1613,14,䭴,14,䭴,w329a1006,䭴,14,12184,䭴
1614,1,𡿨,1,𡿨,w329a1007,𡿨,1,12185,𡿨
1614,2,畎,2,畎,w329b0101,畎,2,12186,畎
1614,3,𤰝,3,𤰝,w329b0102,𤰝,3,12187,𤰝
1614,4,詃,4,詃,w329b0103,詃,4,12188,詃
1614,5,埍,5,埍,w329b0104,埍,5,12189,埍
1614,6,罥,6,罥,w329b0105,罥,6,12190,罥
1614,7,羂,7,羂,w329b0106,羂,7,12191,羂
1614,8,汱,8,汱,w329b0107,汱,8,12192,汱
1615,1,辮,1,辮,w329b0201,辮,1,12193,辮
1615,2,艑,2,艑,w329b0202,艑,2,12194,艑
1615,3,𪉱,3,𪉱,w329b0203,𪉱,3,12195,𪉱
1615,4,扁,4,扁,w329b0204,扁,4,12196,扁
1615,5,㲢,5,㲢,w329b0205,㲢,5,12197,㲢
1615,6,𤻶,6,𤻶,w329b0206,⿸广編〈𤻶〉,6,12198,𤻶
1615,7,𩩯,7,𩩯,w329b0301,𩩯,7,12199,𩩯
1616,1,犬,1,犬,w329b0302,犬,1,12200,犬
1617,1,𥧬,1,𥧬,w329b0303,𥧬,1,12201,𥧬
1617,2,豤,2,豤,w329b0401,豤,2,12202,豤
1617,3,䵖,3,䵖,w329b0402,䵖,3,12203,䵖
1617,4,蜸,4,蜸,w329b0403,蜸,4,12204,蜸
1618,1,齞,1,齞,w329b0404,齞,1,12205,齞
1619,1,獮,1,獮,w329b0501,獮,1,12206,獮
1619,2,𤣗,2,𤣗,w329b0502,𤣔𤫏,2,12207,𤣗
1619,3,𥙮,3,𥙮,w329b0503,𥙮,3,12208,𥙮
1619,4,鮮,4,鮮,w329b0504,鮮,4,12209,鮮
1619,5,尠,5,尠,w329b0505,尠,5,12210,尠
1619,6,尟,6,尟,w329b0506,尟,6,12211,尟
1619,7,癬,7,癬,w329b0507,癬,7,12212,癬
1619,8,燹,8,燹,w329b0601,燹,8,12213,燹
1619,9,𤐨,9,𤐨,w329b0602,𤐨,9,12214,𤐨
1619,10,䉳,10,䉳,w329b0603,䉳,10,12215,䉳
1619,11,廯,11,廯,w329b0604,廯,11,12216,廯
1619,12,𧕇,12,𧕇,w329b0605,𧕇,12,12217,𧕇
1619,13,蘚,13,蘚,w329b0606,蘚,13,12218,蘚
1620,1,演,1,演,w329b0701,演,1,12219,演
1620,2,衍,2,衍,w329b0702,衍,2,12220,衍
1620,3,縯,3,縯,w329b0703,縯,3,12221,縯
1620,4,蔩,4,蔩,w329b0704,蔩,4,12222,蔩
1620,5,𠻤,5,𠻤,w329b0705,𠻤,5,12223,𠻤
1620,6,戭,6,戭,w329b0706,戭,6,12224,戭
1620,7,𧍢,7,𧍢,w329b0801,𧍢,7,12225,𧍢
1620,8,𧊔,8,𧊔,w329b0802,𧊔,8,12226,𧊔
1621,1,踐,1,踐,w329b0803,踐,1,12227,踐
1621,2,諓,2,諓,w329b0804,諓,2,12228,諓
1621,3,餞,3,餞,w329b0805,餞,3,12229,餞
1621,4,俴,4,俴,w329b0806,俴,4,12230,俴
1621,5,𤷃,5,𤷃,w329b0901,𤷃,5,12231,𤷃
1621,6,𧗸,6,𧗸,w329b0902,𧗸,6,12232,𧗸
1621,7,㣤,7,㣤,w329b0903,㣤,7,12233,㣤
1622,1,展,1,展,w329b0904,展,1,12234,展
1622,2,㞡,2,㞡,w329b0905,㞡,2,12235,㞡
1622,3,搌,3,搌,w329b1001,搌,3,12236,搌
1622,4,皽,4,皽,w329b1002,皽,4,12237,皽
1622,5,輾,5,輾,w329b1003,輾,5,12238,輾
1622,6,紾,6,紾,w329b1004,紾,6,12239,紾
1622,7,㠭,7,㠭,w329b1005,㠭,7,12240,㠭
1622,8,㜊,8,㜊,w330a0101,㜊,8,12241,㜊
1622,9,𧎰,9,𧎰,w330a0102,𧎰,9,12242,𧎰
1622,10,襢,10,襢,w330a0103,襢,10,12243,襢
1623,1,𦗢,1,𦗢,w330a0104,𦗢,1,12244,𦗢
1623,2,𠟉,2,𠟉,w330a0105,𠟉,2,12245,𠟉
1623,3,樿,3,樿,w330a0106,樿,3,12246,樿
1623,4,𩕊,4,𩕊,w330a0107,𩕊,4,12247,𩕊
1623,5,饘,5,饘,w330a0201,饘,5,12248,饘
1623,6,醆,6,醆,w330a0202,醆,6,12249,醆
1623,7,皽,7,皽,w330a0203,皽,7,12250,皽
1623,8,燀,8,燀,w330a0204,燀,8,12251,燀
1623,9,䆄,9,䆄,w330a0205,䆄,9,12252,䆄
1623,10,䡀,10,䡀,w330a0206,䡀,10,12253,䡀
1623,11,䁴,11,䁴,w330a0301,䁴,11,12254,䁴
1623,12,𥊳,12,𥊳,w330a0302,𥊳,12,12255,𥊳
1623,13,橏,13,橏,w330a0303,橏,13,12256,橏
1623,14,䎒,14,䎒,w330a0304,䎒,14,12257,䎒
1623,15,㔊,15,㔊,w330a0305,㔊,15,12258,㔊
1623,16,𨭖,16,𨭖,w330a0306,𨭖,16,12259,𨭖
1623,17,嫸,17,嫸,w330a0307,嫸,17,12260,嫸
1624,1,趁,1,趁,w330a0401,趁,1,12261,趁
1624,2,𨋚,2,𨋚,w330a0402,𨋚,2,12262,𨋚
1624,3,㞋,3,㞋,w330a0403,㞋,3,12263,𠬝
1625,1,淺,1,淺,w330a0404,淺,1,12264,淺
1626,1,闡,1,闡,w330a0405,闡,1,12265,闡
1626,2,燀,2,燀,w330a0501,燀,2,12266,燀
1626,3,繟,3,繟,w330a0502,繟,3,12267,繟
1626,4,䵐,4,䵐,w330a0503,䵐,4,12268,䵐
1626,5,幝,5,幝,w330a0504,幝,5,12269,幝
1626,6,𨼒,6,𨼒,w330a0505,𨼒,6,12270,𨼒
1626,7,灛,7,灛,w330a0601,灛,7,12271,灛
1626,8,嘽,8,嘽,w330a0602,嘽,8,12272,嘽
1626,9,𦆀,9,𦆀,w330a0603,𦆀,9,12273,𦆀
1627,1,遣,1,遣,w330a0604,遣,1,12274,遣
1627,2,繾,2,繾,w330a0605,繾,2,12275,繾
1627,3,䭤,3,䭤,w330a0701,䭤,3,12276,䭤
1627,4,𥳐,4,𥳐,w330a0702,𥳐,4,12277,𥳐
1627,5,㹂,5,㹂,w330a0703,㹂,5,12278,㹂
1627,6,𠳋,6,𠳋,w330a0704,𠳋,6,12279,𠳋
1627,7,𨺫,7,𨺫,w330a0705,𦥳〈𨺫〉,7,12280,𨺫
1627,8,𩝡,8,𩝡,w330a0706,𩝡,8,12281,𩝡
1628,1,蹇,1,蹇,w330a0707,蹇,1,12282,蹇
1628,2,謇,2,謇,w330a0801,謇,2,12283,謇
1628,3,搴,3,搴,w330a0802,搴,3,12284,搴
1628,4,𢷘,4,𢷘,w330a0803,𢷘〈攓〉,4,12285,𢷘
1628,5,𠐻,5,𠐻,w330a0804,𠐻,5,12286,𠐻
1628,6,𢵈,6,𢵈,w330a0805,𢵈,6,12287,𢵈
1628,7,𦂇,7,𦂇,w330a0901,𦂇,7,12288,𦂇
1628,8,𡾰,8,𡾰,w330a0902,𡾰,8,12289,𡾰
1628,9,藆,9,藆,w330a0903,藆,9,12290,藆
1628,10,𩽜,10,𩽜,w330a0904,𩽜,10,12291,𩽜
1628,11,䙭,11,䙭,w330a0905,䙭,11,12292,䙭
1629,1,善,1,善,w330a0906,善,1,12293,善
1629,2,譱,2,譱,w330a1001,譱,2,12294,譱
1629,3,墠,3,墠,w330a1002,墠,3,12295,墠
1629,4,鱓,4,鱓,w330a1003,鱓,4,12296,鱓
1629,5,蟺,5,蟺,w330a1004,蟺,5,12297,蟺
1629,6,單,6,單,w330b0101,單,6,12298,單
1629,7,僐,7,僐,w330b0102,僐,7,12299,僐
1629,8,鄯,8,鄯,w330b0103,鄯,8,12300,鄯
1629,9,墡,9,墡,w330b0201,墡,9,12301,墡
1629,10,磰,10,磰,w330b0202,磰,10,12302,磰
1629,11,𪍶,11,𪍶,w330b0203,𪍶,11,12303,𪍶
1630,1,翦,1,翦,w330b0204,翦,1,12304,翦
1630,2,剪,2,剪,w330b0301,剪,2,12305,剪
1630,3,揃,3,揃,w330b0302,揃,3,12306,揃
1630,4,戩,4,戩,w330b0303,戩,4,12307,戩
1630,5,錢,5,錢,w330b0304,錢,5,12308,錢
1630,6,媊,6,媊,w330b0305,媊,6,12309,媊
1630,7,俴,7,俴,w330b0306,俴,7,12310,俴
1630,8,帴,8,帴,w330b0307,帴,8,12311,帴
1630,9,𦺍,9,𦺍,w330b0308,𦺍,9,12312,𦺍
1630,10,鬋,10,鬋,w330b0401,鬋,10,12313,鬋
1630,11,𥰸,11,𥰸,w330b0402,𥰸,11,12314,𥰸
1630,12,𥳟,12,𥳟,w330b0403,𥳟,12,12315,𥳟
1630,13,籛,13,籛,w330b0404,籛,13,12316,籛
1630,14,㨵,14,㨵,w330b0405,㨵,14,12317,㨵
1631,1,蹨,1,蹨,w330b0406,蹨,1,12318,蹨
1631,2,橪,2,橪,w330b0407,橪,2,12319,橪
1631,3,戁,3,戁,w330b0501,戁,3,12320,戁
1631,4,熯,4,熯,w330b0502,熯,4,12321,熯
1631,5,㒄,5,㒄,w330b0503,㒄,5,12322,㒄
1632,1,𦆀,1,𦆀,w330b0504,𦆀,1,12323,𦆀
1633,1,輦,1,輦,w330b0505,輦,1,12324,輦
1633,2,𪍦,2,𪍦,w330b0601,𪍦,2,12325,𪍦
1633,3,𤑿,3,𤑿,w330b0602,𤑿,3,12326,𤒤
1633,4,璉,4,璉,w330b0603,璉,4,12327,璉
1633,5,鄻,5,鄻,w330b0604,鄻,5,12328,鄻
1633,6,僆,6,僆,w330b0605,僆,6,12329,僆
1633,7,摙,7,摙,w330b0606,摙,7,12330,摙
1633,8,蓮,8,蓮,w330b0607,蓮,8,12331,蓮
1633,9,膦,9,膦,w330b0701,膦,9,12332,膦
1634,1,齴,1,齴,w330b0702,齴,1,12333,齴
1634,2,巘,2,巘,w330b0703,巘,2,12334,巘
1634,3,遃,3,遃,w330b0704,遃,3,12335,遃
1634,4,嵃,4,嵃,w330b0705,嵃,4,12336,嵃
1634,5,讞,5,讞,w330b0706,讞,5,12337,讞
1634,6,𤫣,6,𤫣,w330b0707,𤫣,6,12338,𤫣
1634,7,甗,7,甗,w330b0801,甗,7,12339,甗
1635,1,件,1,件,w330b0802,件,1,12340,件
1635,2,𡾰,2,𡾰,w330b0803,𡾰,2,12341,𡾰
1635,3,鍵,3,鍵,w330b0804,鍵,3,12342,鍵
1635,4,鑳,4,鑳,w330b0805,鑳,4,12343,鑳
1636,1,辯,1,辯,w330b0806,辯,1,12344,辯
1636,2,𧦪,2,𧦪,w330b0901,𧦪〈䛒〉,2,12345,𧦪
1636,3,辡,3,辡,w330b0902,辡,3,12346,辡
1636,4,辨,4,辨,w330b0903,辨,4,12347,辨
1636,5,諞,5,諞,w330b0904,諞,5,12348,諞
1637,1,緬,1,緬,w330b1001,緬,1,12349,緬
1637,2,沔,2,沔,w330b1002,沔,2,12350,沔
1637,3,汅,3,汅,w330b1003,汅,3,12351,汅
1637,4,湎,4,湎,w331a0101,湎,4,12352,湎
1637,5,愐,5,愐,w331a0102,愐,5,12353,愐
1637,6,黽,6,黽,w331a0103,黽,6,12354,黽
1637,7,𩋠,7,𩋠,w331a0104,𩋠,7,12355,𩋠
1637,8,偭,8,偭,w331a0105,偭,8,12356,偭
1637,9,勔,9,勔,w331a0106,勔,9,12357,勔
1637,10,𢃮,10,𢃮,w331a0107,𢃮,10,12358,𢃮
1638,1,褊,1,褊,w331a0201,褊,1,12359,褊
1638,2,㦚,2,㦚,w331a0202,㦚,2,12360,㦚
1639,1,臇,1,臇,w331a0203,臇,1,12361,臇
1639,2,𤎱,2,𤎱,w331a0204,𤎱,2,12362,𤎱
1639,3,𧕣,3,𧕣,w331a0205,𧕣,3,12363,𧕣
1640,1,雋,1,雋,w331a0206,雋,1,12364,雋
1640,2,隽,2,隽,w331a0301,隽,2,12365,隽
1640,3,𤺻,3,𤺻,w331a0302,𤺻,3,12366,𤺻
1640,4,吮,4,吮,w331a0303,吮,4,12367,吮
1640,5,𦼱,5,𦼱,w331a0304,𦼱,5,12368,𦼱
1641,1,辡,1,辡,w331a0305,辡,1,12369,辡
1641,2,䁵,2,䁵,w331a0306,䁵,2,12370,䁵
1641,3,覸,3,覸,w331a0401,覵,3,12371,覸
1641,4,鴘,4,鴘,w331a0402,鴘,4,12372,鴘
1642,1,兗,1,兗,w331a0403,兖,1,12373,兖
1642,2,渷,2,渷,w331a0501,渷,2,12374,渷
1642,3,沇,3,沇,w331a0601,沇,3,12375,沇
1642,4,𢯻,4,𢯻,w331a0602,𢯻,4,12376,𢯻
1642,5,抁,5,抁,w331a0603,抁,5,12377,抁
1642,6,𦳆,6,𦳆,w331a0604,萒,6,12378,萒
1642,7,馻,7,馻,w331a0605,馻,7,12379,馻
1642,8,㕣,8,㕣,w331a0606,㕣,8,12380,㕣
1642,9,𦁙,9,𦁙,w331a0607,𦁙,9,12381,𦁙
1642,10,𩘍,10,𩘍,w331a0608,𩘍,10,12382,𩘍
1643,1,臠,1,臠,w331a0701,臠,1,12383,臠
1643,2,孌,2,孌,w331a0702,孌,2,12384,孌
1643,3,𡡗,3,𡡗,w331a0703,𡡗,3,12385,𡡗
1643,4,脟,4,脟,w331a0704,脟,4,12386,脟
1644,1,轉,1,轉,w331a0705,轉,1,12387,轉
1644,2,𣓧,2,𣓧,w331a0706,𣓧,2,12388,𣓧
1645,1,卷,1,卷,w331a0801,卷,1,12389,卷
1645,2,菤,2,菤,w331a0802,菤,2,12390,菤
1645,3,韏,3,韏,w331a0803,韏,3,12391,韏
1645,4,𨹵,4,𨹵,w331a0804,𨹵,4,12392,𨹵
1645,5,捲,5,捲,w331a0901,捲,5,12393,捲
1645,6,埢,6,埢,w331a0902,埢,6,12394,埢
1646,1,圈,1,圈,w331a0903,圈,1,12395,圈
1646,2,蔨,2,蔨,w331a0904,蔨,2,12396,蔨
1646,3,𦳆,3,𦳆,w331a0905,萒,3,12397,萒
1647,1,輭,1,輭,w331a1001,輭,1,12398,輭
1647,2,軟,2,軟,w331a1002,軟,2,12399,軟
1647,3,蝡,3,蝡,w331a1003,蝡,3,12400,蝡
1647,4,㮕,4,㮕,w331a1004,㮕,4,12401,㮕
1647,5,䓴,5,䓴,w331a1005,䓴,5,12402,䓴
1647,6,碝,6,碝,w331a1006,碝,6,12403,碝
1647,7,瑌,7,瑌,w331a1007,瑌,7,12404,瑌
1647,8,愞,8,愞,w331b0101,愞,8,12405,愞
1647,9,腝,9,腝,w331b0102,腝,9,12406,腝
1647,10,䞂,10,䞂,w331b0103,䞂,10,12407,䞂
1647,11,耎,11,耎,w331b0104,耎,11,12408,耎
1647,12,𢘎,12,𢘎,w331b0105,𢘎,12,12409,𢘎
1647,13,㞋,13,㞋,w331b0106,㞋,13,12410,㞋
1647,14,偄,14,偄,w331b0107,偄,14,12411,偄
1647,15,㼱,15,㼱,w331b0201,㼱,15,12412,㼱
1647,16,𤲬,16,𤲬,w331b0202,𤲬,16,12413,𤲬
1647,17,緛,17,緛,w331b0203,緛,17,12414,緛
1648,1,舛,1,舛,w331b0204,舛,1,12415,舛
1648,2,喘,2,喘,w331b0301,喘,2,12416,喘
1648,3,荈,3,荈,w331b0302,荈,3,12417,荈
1648,4,㪜,4,㪜,w331b0303,㪜,4,12418,㪜
1649,1,膞,1,膞,w331b0304,膞,1,12419,膞
1649,2,腨,2,腨,w331b0305,腨,2,12420,腨
1649,3,鄟,3,鄟,w331b0306,鄟,3,12421,鄟
1649,4,𡭐,4,𡭐,w331b0401,𡭐,4,12422,𡭐
1649,5,歂,5,歂,w331b0402,歂,5,12423,歂
1649,6,踹,6,踹,w331b0403,踹,6,12424,踹
1649,7,𦺲,7,𦺲,w331b0404,𦺲,7,12425,𦺲
1650,1,篆,1,篆,w331b0405,篆,1,12426,篆
1650,2,瑑,2,瑑,w331b0406,瑑,2,12427,瑑
1650,3,沌,3,沌,w331b0501,沌,3,12428,沌
1650,4,摶,4,摶,w331b0502,摶,4,12429,摶
1650,5,𦁆,5,𦁆,w331b0503,𦁆,5,12430,𦁆
1650,6,䧘,6,䧘,w331b0504,䧘,6,12431,䧘
1650,7,堟,7,堟,w331b0505,堟,7,12432,堟
1651,1,剸,1,剸,w331b0601,剸,1,12433,剸
1651,2,剬,2,剬,w331b0602,剬,2,12434,剬
1651,3,孨,3,孨,w331b0603,孨,3,12435,孨
1651,4,鱄,4,鱄,w331b0604,鱄,4,12436,鱄
1651,5,竱,5,竱,w331b0605,竱,5,12437,竱
1651,6,膞,6,膞,w331b0606,膞,6,12438,膞
1651,7,𨷱,7,𨷱,w331b0701,𨷱,7,12439,𨷱
1651,8,𡇰,8,𡇰,w331b0702,𡇰,8,12440,𡇰
1651,9,𦓝,9,𦓝,w331b0703,𦓝,9,12441,𦓝
1652,1,選,1,選,w331b0704,選,1,12442,選
1652,2,𦌔,2,𦌔,w331b0801,𦌔,2,12443,𦌻
1652,3,𥶷,3,𥶷,w331b0802,𥶷,3,12444,𥶷
1653,1,撰,1,撰,w331b0803,撰,1,12445,撰
1653,2,僎,2,僎,w331b0804,僎,2,12446,僎
1653,3,𩔊,3,𩔊,w331b0805,𩔊,3,12447,𩔊
1653,4,𩻝,4,𩻝,w331b0806,𩻝,4,12448,𩻝
1653,5,譔,5,譔,w331b0807,譔,5,12449,譔
1654,1,蜎,1,蜎,w331b0901,蜎,1,12450,蜎
1655,1,蠉,1,蠉,w331b1001,蠉,1,12451,蠉
1655,2,𧾣,2,𧾣,w331b1002,𧾣,2,12452,𧾣
1656,1,楩,1,楩,w331b1003,楩,1,12453,楩
1656,2,㦚,2,㦚,w331b1004,𢣑,2,12454,𢣑
1656,3,諞,3,諞,w331b1005,諞,3,12455,諞
1656,4,扁,4,扁,w331b1006,扁,4,12456,扁
1657,1,免,1,免,w331b1007,免,1,12457,免
1657,2,娩,2,娩,w332a0101,娩,2,12458,娩
1657,3,勉,3,勉,w332a0102,勉,3,12459,勉
1657,4,俛,4,俛,w332a0103,俛,4,12460,俛
1657,5,鮸,5,鮸,w332a0104,鮸,5,12461,鮸
1657,6,㝃,6,㝃,w332a0201,㝃,6,12462,㝃
1657,7,冕,7,冕,w332a0202,冕,7,12463,冕
1657,8,絻,8,絻,w332a0203,絻,8,12464,絻
1658,1,搌,1,搌,w332a0204,搌,1,12465,搌
1658,2,𨩪,2,𨩪,w332a0205,𨩪,2,12466,𨩪
1658,3,𣃘,3,𣃘,w332a0206,𣃘,3,12467,𣃘
1658,4,蕆,4,蕆,w332a0207,蕆,4,12468,蕆
1658,5,𧈪,5,𧈪,w332a0301,𧈪,5,12469,𧈪
1658,6,㢟,6,㢟,w332a0302,㢟,6,12470,㢟
1658,7,䩶,7,䩶,w332a0303,䩶,7,12471,䩶
1659,1,鴘,1,鴘,w332a0304,鴘,1,12472,鴘
1660,1,㒄,1,㒄,w332a0305,㒄,1,12473,㒄
1660,2,㜣,2,㜣,w332a0401,㜣,2,12474,㜣
1660,3,䁴,3,䁴,w332a0402,䁴,3,12475,䁴
1661,1,㫃,1,㫃,w332a0403,㫃,1,12476,㫃
1661,2,䟍,2,䟍,w332a0404,䟍,2,12477,䟍
1661,3,嫣,3,嫣,w332a0405,嫣,3,12478,嫣
1662,1,邅,1,邅,w332a0501,邅,1,12479,邅
1663,1,棧,1,棧,w332a0502,棧,1,12480,棧
1664,1,篠,1,篠,w332a0601,篠,1,12481,篠
1664,2,筱,2,筱,w332a0602,筱,2,12482,筱
1664,3,𩵌,3,𩵌,w332a0603,𩵌,3,12483,𩵌
1664,4,𧩮,4,𧩮,w332a0604,𧩮,4,12484,𧩮
1664,5,謏,5,謏,w332a0605,謏,5,12485,謏
1664,6,䃤,6,䃤,w332a0606,䃤,6,12486,䃤
1664,7,㩋,7,㩋,w332a0701,㩋,7,12487,㩋
1665,1,皎,1,皎,w332a0702,皎,1,12488,皎
1665,2,璬,2,璬,w332a0703,璬,2,12489,璬
1665,3,𢅎,3,𢅎,w332a0704,𢅎,3,12490,𢅎
1665,4,䥵,4,䥵,w332a0705,䥵,4,12491,䥵
1665,5,㿟,5,㿟,w332a0801,㿟,5,12492,㿟
1665,6,皦,6,皦,w332a0802,皦,6,12493,皦
1665,7,恔,7,恔,w332a0803,恔,7,12494,恔
1665,8,繳,8,繳,w332a0804,繳,8,12495,繳
1665,9,𨶪〈䰘〉,9,𨶪〈䰘〉,w332a0805,䰘,9,12496,𨶪
1665,10,晈,10,晈,w332a0806,晈,10,12497,晈
1665,11,䘨,11,䘨,w332a0807,䘨,11,12498,䘨
1665,12,儌,12,儌,w332a0901,儌,12,12499,儌
1666,1,鳥,1,鳥,w332a0902,鳥,1,12500,鳥
1666,2,𢁕,2,𢁕,w332a0903,𢁕,2,12501,𢁕
1666,3,㣿,3,㣿,w332a0904,㣿,3,12502,㣿
1666,4,蔦,4,蔦,w332a0905,蔦,4,12503,蔦
1666,5,釕,5,釕,w332a0906,釕,5,12504,釕
1666,6,扚,6,扚,w332a1001,扚,6,12505,扚
1666,7,𧜣,7,𧜣,w332a1002,𧜣,7,12506,𧜣
1666,8,䄪,8,䄪,w332a1003,䄪,8,12507,䄪
1666,9,𠄏,9,𠄏,w332a1004,𠄏,9,12508,𠄏
1667,1,了,1,了,w332a1005,了,1,12509,了
1667,2,蓼,2,蓼,w332a1006,蓼,2,12510,蓼
1667,3,瞭,3,瞭,w332b0101,瞭,3,12511,瞭
1667,4,镽,4,镽,w332b0102,镽,4,12512,镽
1667,5,鄝,5,鄝,w332b0103,鄝,5,12513,鄝
1667,6,繚,6,繚,w332b0104,繚,6,12514,繚
1667,7,憭,7,憭,w332b0105,憭,7,12515,憭
1667,8,䑠,8,䑠,w332b0106,䑠,8,12516,䑠
1667,9,爒,9,爒,w332b0107,爒,9,12517,爒
1667,10,𢄺,10,𢄺,w332b0201,𢄺,10,12518,𢄺
1667,11,𥗀,11,𥗀,w332b0202,𥗀,11,12519,𥗀
1667,12,撩,12,撩,w332b0203,撩,12,12520,撩
1667,13,𤁸,13,𤁸,w332b0204,𤁸,13,12521,𤁸
1667,14,𧘈,14,𧘈,w332b0205,𧘈,14,12522,𧘈
1668,1,朓,1,朓,w332b0206,朓,1,12523,朓
1668,2,窱,2,窱,w332b0207,窱,2,12524,窱
1668,3,䠷,3,䠷,w332b0301,䠷,3,12525,䠷
1669,1,䥵,1,䥵,w332b0302,䥵,1,12526,䥵
1669,2,曉,2,曉,w332b0303,曉,2,12527,曉
1669,3,皢,3,皢,w332b0304,皢,3,12528,皢
1669,4,膮,4,膮,w332b0305,膮,4,12529,膮
1670,1,杳,1,杳,w332b0306,杳,1,12530,杳
1670,2,窅,2,窅,w332b0401,窅,2,12531,窅
1670,3,窈,3,窈,w332b0402,窈,3,12532,窈
1670,4,偠,4,偠,w332b0403,偠,4,12533,偠
1670,5,騕,5,騕,w332b0404,騕,5,12534,騕
1670,6,𩡻,6,𩡻,w332b0405,𩡻,6,12535,𩡻
1670,7,𨱧,7,𨱧,w332b0406,𨱧,7,12536,𨱧
1670,8,葽,8,葽,w332b0501,葽,8,12537,葽
1670,9,㫏,9,㫏,w332b0502,㫏,9,12538,㫏
1670,10,鴢,10,鴢,w332b0503,鴢,10,12539,鴢
1670,11,婹,11,婹,w332b0504,婹,11,12540,婹
1670,12,㫐,12,㫐,w332b0505,㫐,12,12541,㫐
1670,13,䆞,13,䆞,w332b0601,䆞,13,12542,䆞
1670,14,𡧮,14,𡧮,w332b0602,𡧮,14,12543,𡧮
1670,15,苭,15,苭,w332b0603,苭,15,12544,苭
1671,1,嬲,1,嬲,w332b0604,⿲男力男〈嬲〉,1,12545,嬲
1671,2,嫋,2,嫋,w332b0605,嫋,2,12546,嫋
1671,3,𨲂〈䦊〉,3,𨲂〈䦊〉,w332b0701,𨲂,3,12547,𨲂
1671,4,㒟,4,㒟,w332b0702,㒟,4,12548,㒟
1671,5,褭,5,褭,w332b0703,褭,5,12549,褭
1671,6,嬈,6,嬈,w332b0704,嬈,6,12550,嬈
1671,7,㜵,7,㜵,w332b0705,㜵,7,12551,㜵
1671,8,䃵,8,䃵,w332b0706,䃵,8,12552,䃵
1671,9,𢸣,9,𢸣,w332b0707,𢸣,9,12553,𢴶
1672,1,皛,1,皛,w332b0708,皛,1,12554,皛
1672,2,㵿,2,㵿,w332b0801,㵿,2,12555,㵿
1672,3,芍,3,芍,w332b0802,芍,3,12556,芍
1672,4,𦯪,4,𦯪,w332b0803,𦯪,4,12557,𦯪
1672,5,𠄔,5,𠄔,w332b0804,𠄔,5,12558,𠄔
1673,1,窕,1,窕,w332b0805,窕,1,12559,窕
1673,2,𤕷,2,𤕷,w332b0901,𤕷,2,12560,𤕷
1673,3,𤱩,3,𤱩,w332b0902,𤱩,3,12561,𤱩
1673,4,誂,4,誂,w332b0903,誂,4,12562,誂
1673,5,掉,5,掉,w332b0904,掉,5,12563,掉
1673,6,嬥,6,嬥,w332b0905,嬥,6,12564,嬥
1673,7,挑,7,挑,w332b1001,挑,7,12565,挑
1673,8,䂽,8,䂽,w332b1002,䂽,8,12566,䂽
1674,1,磽,1,磽,w332b1003,磽,1,12567,磽
1674,2,䂪,2,䂪,w332b1004,䂪,2,12568,䂪
1675,1,湫,1,湫,w332b1005,湫,1,12569,湫
1675,2,劋,2,劋,w333a0101,劋,2,12570,劋
1675,3,㭂,3,㭂,w333a0102,㭂,3,12571,㭂
1675,4,㡑,4,㡑,w333a0103,㡑,4,12572,㡑
1675,5,𧂈,5,𧂈,w333a0104,𧂈,5,12573,𧂈
1676,1,小,1,小,w333a0201,小,1,12574,小
1676,2,𩵖,2,𩵖,w333a0202,𩵖,2,12575,𩵖
1676,3,䒕,3,䒕,w333a0203,䒕,3,12576,䒕
1677,1,肈,1,肈,w333a0204,肈,1,12577,肇
1677,2,肁,2,肁,w333a0205,肁,2,12578,肁
1677,3,兆,3,兆,w333a0301,兆,3,12579,兆
1677,4,趙,4,趙,w333a0302,趙,4,12580,趙
1677,5,旐,5,旐,w333a0501,旐,5,12581,旐
1677,6,狣,6,狣,w333a0502,狣,6,12582,狣
1677,7,䍮,7,䍮,w333a0601,䍮,7,12583,䍮
1677,8,鮡,8,鮡,w333a0602,鮡,8,12584,鮡
1677,9,駣,9,駣,w333a0603,駣,9,12585,駣
1677,10,垗,10,垗,w333a0604,垗,10,12586,垗
1677,11,𠧞,11,𠧞,w333a0605,𠧞,11,12587,𠧞
1678,1,沼,1,沼,w333a0606,沼,1,12588,沼
1678,2,菬,2,菬,w333a0607,菬,2,12589,菬
1678,3,䈃,3,䈃,w333a0608,䈃,3,12590,䈃
1679,1,夭,1,夭,w333a0701,夭,1,12591,夭
1679,2,殀,2,殀,w333a0702,殀,2,12592,殀
1679,3,芺,3,芺,w333a0703,芺,3,12593,芺
1679,4,仸,4,仸,w333a0704,仸,4,12594,仸
1680,1,巐,1,巐,w333a0801,巐,1,12595,巐
1681,1,少,1,少,w333a0802,少,1,12596,少
1681,2,䒚,2,䒚,w333a0803,䒚,2,12597,䒚
1681,3,𨙹,3,𨙹,w333a0804,𨙹,3,12598,𨙹
1682,1,擾,1,擾,w333a0805,擾,1,12599,擾
1682,2,𢹎,2,𢹎,w333a0901,𢹎,2,12600,𢹎
1682,3,繞,3,繞,w333a0902,繞,3,12601,繞
1682,4,遶,4,遶,w333a0903,遶,4,12602,遶
1682,5,嬈,5,嬈,w333a0904,嬈,5,12603,嬈
1682,6,𤛾,6,𤛾,w333a0905,𤛾,6,12604,𤛾
1682,7,𧳨,7,𧳨,w333a0906,𧳨,7,12605,𧳨
1683,1,摽,1,摽,w333a1001,摽,1,12606,摽
1683,2,𢹰,2,𢹰,w333a1002,𢹰,2,12607,𢹰
1683,3,鰾,3,鰾,w333b0101,鰾,3,12608,鰾
1683,4,慓,4,慓,w333b0102,慓,4,12609,慓
1683,5,顠,5,顠,w333b0103,顠,5,12610,顠
1683,6,𩮳,6,𩮳,w333b0104,𩮳,6,12611,𩮳
1683,7,膘,7,膘,w333b0105,膘,7,12612,膘
1683,8,𦭼,8,𦭼,w333b0106,𦭼,8,12613,𦭼
1684,1,𪍑,1,𪍑,w333b0107,𪍑,1,12614,𪍑
1684,2,麨,2,麨,w333b0201,麨,2,12615,麨
1684,3,弨,3,弨,w333b0202,弨,3,12616,弨
1684,4,楢,4,楢,w333b0203,楢,4,12617,楢
1684,5,眧,5,眧,w333b0204,眧,5,12618,眧
1685,1,縹,1,縹,w333b0205,縹,1,12619,縹
1685,2,醥,2,醥,w333b0206,醥,2,12620,醥
1685,3,犥,3,犥,w333b0301,犥,3,12621,犥
1685,4,顠,4,顠,w333b0302,顠,4,12622,顠
1685,5,皫,5,皫,w333b0303,皫,5,12623,皫
1685,6,篻,6,篻,w333b0304,篻,6,12624,篻
1685,7,瞟,7,瞟,w333b0305,瞟,7,12625,瞟
1685,8,膘,8,膘,w333b0306,膘,8,12626,膘
1686,1,眇,1,眇,w333b0307,眇,1,12627,眇
1686,2,渺,2,渺,w333b0401,渺,2,12628,渺
1686,3,訬,3,訬,w333b0402,訬,3,12629,訬
1686,4,𦳥,4,𦳥,w333b0403,𦳥,4,12630,𦳥
1686,5,淼,5,淼,w333b0404,淼,5,12631,淼
1686,6,杪,6,杪,w333b0405,杪,6,12632,杪
1686,7,秒,7,秒,w333b0406,秒,7,12633,秒
1686,8,藐,8,藐,w333b0407,藐,8,12634,藐
1686,9,吵,9,吵,w333b0501,吵,9,12635,吵
1686,10,篎,10,篎,w333b0502,篎,10,12636,篎
1687,1,紹,1,紹,w333b0503,紹,1,12637,紹
1687,2,綤,2,綤,w333b0504,綤〈⿱卲糸〉,2,12638,綤
1687,3,佋,3,佋,w333b0505,佋,3,12639,佋
1687,4,袑,4,袑,w333b0506,袑,4,12640,袑
1687,5,䙼,5,䙼,w333b0507,䙼,5,12641,䙼
1688,1,矯,1,矯,w333b0601,矯,1,12642,矯
1688,2,鱎,2,鱎,w333b0602,鱎,2,12643,鱎
1688,3,䚩,3,䚩,w333b0603,䚩,3,12644,䚩
1688,4,敽,4,敽,w333b0604,敽,4,12645,敽
1688,5,撟,5,撟,w333b0605,撟,5,12646,撟
1688,6,嬌,6,嬌,w333b0701,嬌,6,12647,嬌
1688,7,𥃧,7,𥃧,w333b0702,𥃧,7,12648,𥃧
1688,8,蟜,8,蟜,w333b0703,蟜,8,12649,蟜
1688,9,譑,9,譑,w333b0704,譑,9,12650,譑
1688,10,𨝰,10,𨝰,w333b0801,𨝰,10,12651,𨝰
1688,11,孂,11,孂,w333b0802,孂,11,12652,孂
1688,12,蹻,12,蹻,w333b0803,蹻,12,12653,蹻
1689,1,表,1,表,w333b0804,表,1,12654,表
1689,2,𧘝,2,𧘝,w333b0901,𧘝,2,12655,𧘝
1689,3,𧞧,3,𧞧,w333b0902,𧞧,3,12656,𧞧
1689,4,䔸,4,䔸,w333b0903,䔸,4,12657,䔸
1690,1,褾,1,褾,w333b0904,褾,1,12658,褾
1690,2,𧢄,2,𧢄,w333b0905,𧢄,2,12659,𧢄
1690,3,標,3,標,w333b0906,標,3,12660,標
1690,4,㟽,4,㟽,w333b0907,㟽,4,12661,㟽
1691,1,藨,1,藨,w333b1001,藨,1,12662,藨
1691,2,𦳤,2,𦳤,w333b1002,𦳤,2,12663,𦳤
1691,3,殍,3,殍,w333b1003,殍,3,12664,殍
1691,4,莩,4,莩,w333b1004,莩,4,12665,莩
1691,5,𠬪,5,𠬪,w333b1005,𠬪,5,12666,𠬪
1691,6,㰶,6,㰶,w333b1006,㰶,6,12667,㰶
1691,7,㹾,7,㹾,w333b1007,㹾,7,12668,㹾
1691,8,𧴎,8,𧴎,w334a0101,𧴎,8,12669,𧴎
1692,1,鷕,1,鷕,w334a0102,鷕,1,12670,鷕
1692,2,溔,2,溔,w334a0103,溔,2,12671,溔
1692,3,舀,3,舀,w334a0104,𦥝,3,12672,舀
1692,4,𦥨,4,𦥨,w334a0105,𦥨〈⿰臼宂〉,4,12673,𦥨
1692,5,抭,5,抭,w334a0106,㧒〈抭〉,5,12674,抭
1692,6,𩨴,6,𩨴,w334a0107,𩨴,6,12675,𩨴
1692,7,䁘,7,䁘,w334a0201,䁘,7,12676,䁘
1693,1,悄,1,悄,w334a0202,悄,1,12677,悄
1693,2,愀,2,愀,w334a0203,愀,2,12678,愀
1693,3,釥,3,釥,w334a0204,釥,3,12679,釥
1694,1,剿,1,剿,w334a0205,𠟿,1,12680,𠞰
1694,2,劋,2,劋,w334a0206,𠟯,2,12681,𠟯
1694,3,勦,3,勦,w334a0301,勦,3,12682,勦
1694,4,漅,4,漅,w334a0302,漅,4,12683,漅
1694,5,𨙹,5,𨙹,w334a0303,𨙹,5,12684,𨙹
1694,6,𤃭,6,𤃭,w334a0304,𤃭,6,12685,𤃭
1694,7,膘,7,膘,w334a0305,膘,7,12686,膘
1694,8,𢄺,8,𢄺,w334a0306,𢄺,8,12687,𢄺
1695,1,𨲭,1,𨲭,w334a0307,𨲭,1,12688,𨲭
1696,1,繚,1,繚,w334a0308,繚,1,12689,繚
1696,2,燎,2,燎,w334a0401,燎,2,12690,燎
1696,3,𢻢,3,𢻢,w334a0402,𢻢,3,12691,𢻢
1696,4,璙,4,璙,w334a0403,璙,4,12692,璙
1696,5,憭,5,憭,w334a0404,憭,5,12693,憭
1696,6,爒,6,爒,w334a0405,爒,6,12694,爒
1696,7,僚,7,僚,w334a0406,僚,7,12695,僚
1696,8,䩍,8,䩍,w334a0501,䩍,8,12696,䩍
1696,9,嫽,9,嫽,w334a0502,嫽,9,12697,嫽
1697,1,麃,1,麃,w334a0503,麃,1,12698,麃
1698,1,闄,1,闄,w334a0601,闄,1,12699,闄
1699,1,巧,1,巧,w334a0701,巧,1,12700,巧
1699,2,䲾,2,䲾,w334a0702,䲾,2,12701,䲾
1700,1,澩,1,澩,w334a0703,澩,1,12702,澩
1700,2,㺒,2,㺒,w334a0801,㺒,2,12703,㺒
1700,3,䕧,3,䕧,w334a0802,䕧,3,12704,䕧
1700,4,佼,4,佼,w334a0803,佼,4,12705,佼
1700,5,䀊,5,䀊,w334a0901,䀊,5,12706,䀊
1700,6,䉰,6,䉰,w334a0902,䉰,6,12707,䉰
1701,1,飽,1,飽,w334a0903,飽,1,12708,飽
1701,2,𩜿,2,𩜿,w334a0904,𩝰,2,12709,𩝰
1701,3,𩛁,3,𩛁,w334a0905,𩛁,3,12710,𩛁
1702,1,㺒,1,㺒,w334a0906,㺒,1,12711,㺒
1702,2,撓,2,撓,w334a0907,撓,2,12712,撓
1702,3,獿,3,獿,w334a1001,獿,3,12713,獿
1703,1,卯,1,卯,w334a1002,卯,1,12714,卯
1703,2,戼,2,戼,w334b0301,戼,2,12715,戼
1703,3,緢,3,緢,w334b0302,緢,3,12716,緢
1703,4,泖,4,泖,w334b0401,泖,4,12717,泖
1703,5,媌,5,媌,w334b0402,媌,5,12718,媌
1703,6,昴,6,昴,w334b0403,昴,6,12719,昴
1703,7,茆,7,茆,w334b0404,茆,7,12720,茆
1704,1,絞,1,絞,w334b0405,絞,1,12721,絞
1704,2,狡,2,狡,w334b0501,狡,2,12722,狡
1704,3,佼,3,佼,w334b0502,佼,3,12723,佼
1704,4,攪,4,攪,w334b0503,攪,4,12724,攪
1704,5,䕧,5,䕧,w334b0504,䕧,5,12725,䕧
1704,6,筊,6,筊,w334b0601,筊,6,12726,筊
1704,7,𢯴,7,𢯴,w334b0602,𢯴,7,12727,𢯴
1704,8,鉸,8,鉸,w334b0603,鉸,8,12728,鉸
1704,9,𥂔,9,𥂔,w334b0604,𥂔,9,12729,𥂔
1704,10,姣,10,姣,w334b0605,姣,10,12730,姣
1704,11,烄,11,烄,w334b0606,烄,11,12731,烄
1704,12,𢽻〈𤉧〉,12,𢽻〈𤉧〉,w334b0607,𢽻〈⿰⿱爻火攵〉,12,12732,𢽻
1704,13,䀊,13,䀊,w334b0608,䀊,13,12733,䀊
1704,14,䉰,14,䉰,w334b0701,䉰,14,12734,䉰
1704,15,㽱,15,㽱,w334b0702,㽱,15,12735,㽱
1705,1,爪,1,爪,w334b0703,爪,1,12736,爪
1705,2,㕚,2,㕚,w334b0704,㕚,2,12737,㕚
1705,3,䝖,3,䝖,w334b0801,䝖,3,12738,䝖
1705,4,瑵,4,瑵,w334b0802,瑵,4,12739,瑵
1705,5,笊,5,笊,w334b0803,笊,5,12740,笊
1705,6,𢁬,6,𢁬,w334b0804,𢁬,6,12741,𢁬
1705,7,抓,7,抓,w334b0805,抓,7,12742,抓
1705,8,𦬔,8,𦬔,w334b0806,𦬔,8,12743,𦬔
1706,1,拗,1,拗,w334b0807,拗,1,12744,拗
1706,2,鴢,2,鴢,w334b0808,鴢,2,12745,鴢
1706,3,𢂊,3,𢂊,w334b0901,𢂊,3,12746,𢂊
1706,4,𥃺〈𥄀〉,4,𥃺〈𥄀〉,w334b0902,𥃺〈見〉,4,12747,𥃯
1706,5,狕,5,狕,w334b0903,狕,5,12748,狕
1707,1,鮑,1,鮑,w334b0904,鮑,1,12749,鮑
1707,2,骲,2,骲,w334b1001,骲,2,12750,骲
1707,3,𡂟,3,𡂟,w334b1002,𡂟,3,12751,𡂟
1707,4,鞄,4,鞄,w334b1003,鞄,4,12752,鞄
1708,1,齩,1,齩,w334b1004,齩,1,12753,齩
1709,1,䰫,1,䰫,w334b1005,䰫,1,12754,䰫
1709,2,㑿,2,㑿,w334b1006,㑿,2,12755,㑿
1710,1,煼,1,煼,w335a0101,煼,1,12756,煼
1710,2,𩱦,2,𩱦,w335a0102,𩱦,2,12757,𩱦
1710,3,𤌉,3,𤌉,w335a0103,𤌉,3,12758,𤌉
1710,4,炒,4,炒,w335a0104,炒,4,12759,炒
1710,5,謅,5,謅,w335a0105,謅,5,12760,謅
1710,6,𩱈,6,𩱈,w335a0106,𩱈,6,12761,𩱈
1710,7,吵,7,吵,w335a0107,吵,7,12762,吵
1711,1,䝤,1,䝤,w335a0108,䝤,1,12763,䝤
1711,2,獠,2,獠,w335a0201,獠,2,12764,獠
1712,1,㪢,1,㪢,w335a0202,𢾐,1,12765,𢾐
1713,1,晧,1,晧,w335a0301,晧,1,12766,晧
1713,2,昊,2,昊,w335a0302,昊,2,12767,昊
1713,3,昦,3,昦,w335a0303,昦,3,12768,昦
1713,4,暤,4,暤,w335a0304,暭,4,12769,暭
1713,5,鎬,5,鎬,w335a0401,鎬,5,12770,鎬
1713,6,浩,6,浩,w335a0402,浩,6,12771,浩
1713,7,顥,7,顥,w335a0403,顥,7,12772,顥
1713,8,灝,8,灝,w335a0501,灝,8,12773,灝
1713,9,鰝,9,鰝,w335a0502,鰝,9,12774,鰝
1713,10,夰,10,夰,w335a0503,夰,10,12775,夰
1713,11,薃,11,薃,w335a0504,薃,11,12776,薃
1713,12,鄗,12,鄗,w335a0601,鄗,12,12777,鄗
1713,13,𨛴,13,𨛴,w335a0602,𨛴,13,12778,𨛴
1713,14,𧇼,14,𧇼,w335a0603,𧇼,14,12779,𧇼
1713,15,𥢑,15,𥢑,w335a0604,𥢑,15,12780,𥢑
1713,16,滈,16,滈,w335a0605,滈,16,12781,滈
1714,1,抱,1,抱,w335a0606,抱,1,12782,抱
1715,1,老,1,老,w335a0701,老,1,12783,老
1715,2,䝤,2,䝤,w335a0702,䝤,2,12784,䝤
1715,3,獠,3,獠,w335a0703,獠,3,12785,獠
1715,4,轑,4,轑,w335a0704,轑,4,12786,轑
1715,5,橑,5,橑,w335a0705,橑,5,12787,橑
1715,6,潦,6,潦,w335a0801,潦,6,12788,潦
1715,7,䕩,7,䕩,w335a0802,䕩,7,12789,䕩
1715,8,栳,8,栳,w335a0803,栳,8,12790,栳
1715,9,𣠼,9,𣠼,w335a0804,𣠼,9,12791,𣠼
1715,10,𩔇,10,𩔇,w335a0805,𩔇,10,12792,𩔇
1715,11,恅,11,恅,w335a0806,恅,11,12793,恅
1715,12,𡂕,12,𡂕,w335a0807,𡂕,12,12794,𡂕
1715,13,䵏,13,䵏,w335a0901,䵏,13,12795,䵏
1715,14,澇,14,澇,w335a0902,澇,14,12796,澇
1716,1,討,1,討,w335a0903,討,1,12797,討
1716,2,套,2,套,w335a0904,𡘷,2,12798,𡘷
1716,3,槄,3,槄,w335a0905,槄,3,12799,槄
1717,1,道,1,道,w335a0906,道,1,12800,道
1717,2,衟,2,衟,w335a1001,衟,2,12801,衟
1717,3,𡬹,3,𡬹,w335a1002,𡬹,3,12802,𡬲
1717,4,稻,4,稻,w335a1003,稻,4,12803,稻
1717,5,駣,5,駣,w335b0101,駣,5,12804,駣
1717,6,䆃,6,䆃,w335b0102,䆃,6,12805,䆃
1717,7,𨱵,7,𨱵,w335b0103,𨱵,7,12806,𨱵
1718,1,堖,1,堖,w335b0104,堖〈匘〉,1,12807,堖
1718,2,腦,2,腦,w335b0105,腦,2,12808,腦
1718,3,𠜶,3,𠜶,w335b0201,𠜶,3,12809,𠜶
1718,4,惱,4,惱,w335b0202,惱,4,12810,惱
1718,5,碯,5,碯,w335b0203,碯,5,12811,碯
1718,6,𨱵,6,𨱵,w335b0204,𨱵,6,12812,𨱵
1718,7,㺁,7,㺁,w335b0205,㺁,7,12813,㺁
1718,8,𧳦,8,𧳦,w335b0206,𧳦,8,12814,𧳦
1718,9,㛴,9,㛴,w335b0207,㛴,9,12815,㛴
1719,1,㛮,1,㛮,w335b0208,㛮,1,12816,㛮
1719,2,嫂,2,嫂,w335b0301,嫂,2,12817,嫂
1719,3,㛐,3,㛐,w335b0302,㛐,3,12818,㛐
1719,4,燥,4,燥,w335b0303,燥,4,12819,燥
1719,5,埽,5,埽,w335b0304,埽,5,12820,埽
1719,6,掃,6,掃,w335b0305,掃,6,12821,掃
1719,7,䕅,7,䕅,w335b0306,𦺋,7,12822,𦺋
1720,1,倒,1,倒,w335b0307,倒,1,12823,倒
1720,2,擣,2,擣,w335b0308,擣,2,12824,擣
1720,3,㨶,3,㨶,w335b0401,㨶,3,12825,搗
1720,4,島,4,島,w335b0402,㠀,4,12826,㠀
1720,5,禂,5,禂,w335b0403,禂,5,12827,禂
1720,6,䮻,6,䮻,w335b0404,䮻,6,12828,䮻
1720,7,檮,7,檮,w335b0405,檮,7,12829,檮
1720,8,禱,8,禱,w335b0406,禱,8,12830,禱
1720,9,㿒,9,㿒,w335b0501,㿒,9,12831,㿒
1720,10,壔,10,壔,w335b0502,壔,10,12832,壔
1720,11,懤,11,懤,w335b0503,懤,11,12833,懤
1721,1,草,1,草,w335b0504,草,1,12834,草
1721,2,艸,2,艸,w335b0505,艸,2,12835,艸
1721,3,懆,3,懆,w335b0506,懆,3,12836,懆
1721,4,慅,4,慅,w335b0601,慅,4,12837,慅
1721,5,騲,5,騲,w335b0602,騲,5,12838,騲
1721,6,𠹊,6,𠹊,w335b0603,𠹊,6,12839,𠹊
1721,7,愺,7,愺,w335b0604,愺,7,12840,愺
1722,1,早,1,早,w335b0605,早,1,12841,早
1722,2,澡,2,澡,w335b0606,澡,2,12842,澡
1722,3,藻,3,藻,w335b0607,藻,3,12843,藻
1722,4,薻,4,薻,w335b0701,𧃡,4,12844,薻
1722,5,𧎮,5,𧎮,w335b0702,𧎮,5,12845,𧎮
1722,6,蚤,6,蚤,w335b0703,蚤,6,12846,蚤
1722,7,䲃,7,䲃,w335b0704,䲃,7,12847,䲃
1722,8,璪,8,璪,w335b0705,璪,8,12848,璪
1722,9,璅,9,璅,w335b0801,璅,9,12849,璅
1722,10,棗,10,棗,w335b0802,棗,10,12850,棗
1722,11,繰,11,繰,w335b0901,繰,11,12851,繰
1722,12,繅,12,繅,w335b0902,繅,12,12852,繅
1723,1,皁,1,皁,w335b0903,皁,1,12853,皁
1723,2,𦯑,2,𦯑,w335b0904,𦯑,2,12854,𦯑
1723,3,造,3,造,w335b0905,造,3,12855,造
1723,4,艁,4,艁,w335b1001,艁,4,12856,艁
1724,1,暠,1,暠,w335b1002,暠,1,12857,暠
1724,2,𣓌,2,𣓌,w335b1003,𣓌,2,12858,𣓌
1724,3,杲,3,杲,w335b1004,杲,3,12859,杲
1724,4,稾,4,稾,w335b1005,稾,4,12860,稾
1724,5,藁,5,藁,w336a0101,藁,5,12861,藳
1724,6,夰,6,夰,w336a0102,夰,6,12862,夰
1724,7,縞,7,縞,w336a0103,縞,7,12863,縞
1724,8,槀,8,槀,w336a0104,槀,8,12864,槀
1724,9,㚖,9,㚖,w336a0105,㚖,9,12865,㚖
1724,10,菒,10,菒,w336a0106,菒,10,12866,菒
1724,11,𥓖,11,𥓖,w336a0107,𥓖,11,12867,𥓖
1725,1,好,1,好,w336a0201,好,1,12868,好
1725,2,𡚽,2,𡚽,w336a0202,𡚽,2,12869,𡚽
1726,1,蓩,1,蓩,w336a0203,蓩,1,12870,蓩
1726,2,䓮,2,䓮,w336a0204,䓮,2,12871,䓮
1726,3,媢,3,媢,w336a0205,媢,3,12872,媢
1726,4,𠔼,4,𠔼,w336a0301,𠔼,4,12873,冃
1727,1,寶,1,寶,w336a0302,寶,1,12874,寶
1727,2,珤,2,珤,w336a0401,珤,2,12875,珤
1727,3,保,3,保,w336a0402,保,3,12876,保
1727,4,𡥀,4,𡥀,w336a0403,𣎼,4,12877,𡥀
1727,5,堢,5,堢,w336a0404,堢,5,12878,堢
1727,6,堡,6,堡,w336a0501,堡,6,12879,堡
1727,7,褓,7,褓,w336a0502,褓,7,12880,褓
1727,8,緥,8,緥,w336a0503,緥,8,12881,緥
1727,9,鴇,9,鴇,w336a0504,鴇,9,12882,鴇
1727,10,葆,10,葆,w336a0505,葆,10,12883,葆
1727,11,駂,11,駂,w336a0506,駂,11,12884,駂
1727,12,䎂,12,䎂,w336a0507,䎂,12,12885,䎂
1727,13,宲,13,宲,w336a0601,宲,13,12886,宲
1727,14,賲,14,賲,w336a0602,賲,14,12887,賲
1727,15,𠤏,15,𠤏,w336a0603,𠤏,15,12888,𠤏
1728,1,襖,1,襖,w336a0604,襖,1,12889,襖
1728,2,镺,2,镺,w336a0605,镺,2,12890,镺
1728,3,懊,3,懊,w336a0606,懊,3,12891,懊
1728,4,䐿,4,䐿,w336a0607,䐿,4,12892,䐿
1728,5,芺,5,芺,w336a0608,芺,5,12893,芺
1728,6,䴠,6,䴠,w336a0701,䴠,6,12894,䴠
1728,7,媼,7,媼,w336a0702,媪,7,12895,媪
1728,8,燠,8,燠,w336a0703,燠,8,12896,燠
1728,9,夭,9,夭,w336a0704,夭,9,12897,夭
1728,10,㤇,10,㤇,w336a0705,㤇,10,12898,㤇
1728,11,郩,11,郩,w336a0706,郩,11,12899,郩
1728,12,蝹,12,蝹,w336a0707,蝹,12,12900,蝹
1728,13,䯠,13,䯠,w336a0801,䯠,13,12901,䯠
1728,14,𪁾,14,𪁾,w336a0802,𪁾,14,12902,𪁾
1729,1,考,1,考,w336a0803,考,1,12903,考
1729,2,攷,2,攷,w336a0901,攷,2,12904,攷
1729,3,栲,3,栲,w336a0902,栲,3,12905,栲
1729,4,槀,4,槀,w336a0903,槁,4,12906,槁
1729,5,祰,5,祰,w336a0904,祰,5,12907,祰
1729,6,洘,6,洘,w336a0905,洘,6,12908,洘
1729,7,燺,7,燺,w336a0906,燺,7,12909,燺
1729,8,丂,8,丂,w336a1001,丂,8,12910,丂
1729,9,䯪,9,䯪,w336a1002,䯪,9,12911,䯪
1729,10,薧,10,薧,w336a1003,薧,10,12912,薧
1730,1,𦽀,1,𦽀,w336a1004,𦽀,1,12913,𦽀
1730,2,𩑤,2,𩑤,w336b0101,𩑤,2,12914,𩑤
1731,1,哿,1,哿,w336b0201,哿,1,12915,哿
1731,2,舸,2,舸,w336b0202,舸,2,12916,舸
1731,3,笴,3,笴,w336b0203,笴,3,12917,笴
1731,4,𥰮,4,𥰮,w336b0204,𥰮,4,12918,𥰮
1732,1,瑳,1,瑳,w336b0205,瑳,1,12919,瑳
1732,2,䰈,2,䰈,w336b0301,䰈,2,12920,䰈
1732,3,硰,3,硰,w336b0302,硰,3,12921,硰
1733,1,嚲,1,嚲,w336b0303,嚲,1,12922,嚲
1733,2,䯬,2,䯬,w336b0304,䯬,2,12923,䯬
1733,3,哆,3,哆,w336b0305,哆,3,12924,哆
1733,4,癉,4,癉,w336b0401,癉,4,12925,癉
1733,5,䫂,5,䫂,w336b0402,䫂,5,12926,䫂
1734,1,縒,1,縒,w336b0403,縒,1,12927,縒
1734,2,娑,2,娑,w336b0404,娑,2,12928,娑
1734,3,褨,3,褨,w336b0405,褨,3,12929,褨
1735,1,爹,1,爹,w336b0406,爹,1,12930,爹
1735,2,柁,2,柁,w336b0501,柁,2,12931,柁
1735,3,舵,3,舵,w336b0502,舵,3,12932,舵
1735,4,陊,4,陊,w336b0503,陊,4,12933,陊
1735,5,袉,5,袉,w336b0504,袉,5,12934,袉
1735,6,拕,6,拕,w336b0505,拕,6,12935,拕
1735,7,沱,7,沱,w336b0506,沱,7,12936,沱
1735,8,𣵻,8,𣵻,w336b0601,𣵻,8,12937,𣵻
1735,9,詑,9,詑,w336b0602,詑,9,12938,詑
1736,1,我,1,我,w336b0603,我,1,12939,我
1736,2,騀,2,騀,w336b0604,騀,2,12940,騀
1736,3,𩒰,3,𩒰,w336b0605,𩒰,3,12941,𩒰
1736,4,㧴,4,㧴,w336b0606,㧴,4,12942,㧴
1736,5,硪,5,硪,w336b0701,硪,5,12943,硪
1737,1,袉,1,袉,w336b0702,袉,1,12944,袉
1738,1,㰁,1,㰁,w336b0703,㰁,1,12945,㰁
1738,2,𩝢〈𨬅〉,2,𩝢〈𨬅〉,w336b0704,𩝢〈𨬅〉,2,12946,𩝢
1738,3,欏〈攞〉,3,欏〈攞〉,w336b0705,欏〈攞〉,3,12947,欏
1738,4,砢,4,砢,w336b0706,砢,4,12948,砢
1738,5,㦬,5,㦬,w336b0801,㦬,5,12949,㦬
1738,6,曪,6,曪,w336b0802,⿰目羅〈曪〉,6,12950,曪
1738,7,𣂞,7,𣂞,w336b0803,𣂞,7,12951,𣂞
1738,8,剆,8,剆,w336b0804,剆,8,12952,剆
1738,9,𠻡,9,𠻡,w336b0805,𠻡,9,12953,𠻡
1739,1,橠,1,橠,w336b0806,橠,1,12954,橠
1739,2,娜,2,娜,w336b0901,娜,2,12955,娜
1739,3,㡅,3,㡅,w336b0902,㡅,3,12956,㡅
1739,4,𢄴,4,𢄴,w336b0903,𢄴,4,12957,𢄴
1739,5,那,5,那,w336b0904,𨙻,5,12958,那
1739,6,袲,6,袲,w336b0905,袲,6,12959,袲
1740,1,荷,1,荷,w336b0906,荷,1,12960,荷
1740,2,何,2,何,w336b1001,何,2,12961,何
1741,1,㰤,1,㰤,w336b1002,㰤,1,12962,㰤
1741,2,㗿,2,㗿,w336b1003,㗿,2,12963,㗿
1741,3,㪃,3,㪃,w336b1004,㪃,3,12964,㪃
1741,4,㪋,4,㪋,w336b1005,㪋,4,12965,㪋
1741,5,𩑸,5,𩑸,w336b1006,𩑸,5,12966,𩑸
1742,1,可,1,可,w336b1007,可,1,12967,可
1742,2,岢,2,岢,w337a0201,岢,2,12968,岢
1742,3,軻,3,軻,w337a0202,軻,3,12969,軻
1742,4,坷,4,坷,w337a0203,坷,4,12970,坷
1743,1,𨵌,1,𨵌,w337a0204,𨵌,1,12971,𨵌
1743,2,椏,2,椏,w337a0301,椏,2,12972,椏
1743,3,𣘨,3,𣘨,w337a0302,𣘨,3,12973,𣘨
1743,4,妸,4,妸,w337a0303,妸,4,12974,妸
1743,5,娿,5,娿,w337a0304,娿,5,12975,娿
1743,6,㫊,6,㫊,w337a0305,㫊,6,12976,㫊
1743,7,𧙃,7,𧙃,w337a0306,𧙃,7,12977,𧙃
1744,1,左,1,左,w337a0401,左,1,12978,左
1744,2,㝾,2,㝾,w337a0501,㝾,2,12979,㝾
1744,3,𠂇,3,𠂇,w337a0502,𠂇,3,12980,𠂇
1745,1,果,1,果,w337a0601,果,1,12981,果
1745,2,菓,2,菓,w337a0602,菓,2,12982,菓
1745,3,猓,3,猓,w337a0603,猓,3,12983,猓
1745,4,輠,4,輠,w337a0701,輠,4,12984,輠
1745,5,鐹,5,鐹,w337a0702,鐹,5,12985,鐹
1745,6,划,6,划,w337a0703,划,6,12986,划
1745,7,裹,7,裹,w337a0704,裹,7,12987,裹
1745,8,蜾,8,蜾,w337a0705,蜾,8,12988,蜾
1745,9,惈,9,惈,w337a0706,惈,9,12989,惈
1745,10,䴹,10,䴹,w337a0801,䴹,10,12990,䴹
1745,11,粿,11,粿,w337a0802,粿,11,12991,粿
1746,1,埵,1,埵,w337a0803,埵,1,12992,埵
1746,2,鬌,2,鬌,w337a0804,鬌,2,12993,鬌
1746,3,挆,3,挆,w337a0805,挆,3,12994,挆
1746,4,𦀉,4,𦀉,w337a0806,𦀉,4,12995,𦀉
1746,5,朵,5,朵,w337a0807,朵,5,12996,朵
1746,6,朶,6,朶,w337a0901,朶,6,12997,朶
1746,7,綞,7,綞,w337a0902,綞,7,12998,綞
1746,8,揣,8,揣,w337a0903,揣,8,12999,揣
1746,9,鍺,9,鍺,w337a0904,鍺,9,13000,鍺
1746,10,𨹄,10,𨹄,w337a0905,𨹄,10,13001,𨹄
1746,11,䤪,11,䤪,w337a0906,𨦃,11,13002,䤪
1746,12,𥠄,12,𥠄,w337a0907,𥠄,12,13003,𥠄
1746,13,㪜,13,㪜,w337a1001,㪜,13,13004,㪜
1746,14,𩊜,14,𩊜,w337a1002,𩊜,14,13005,𩊜
1746,15,褍,15,褍,w337a1003,褍,15,13006,褍
1747,1,鎖,1,鎖,w337a1004,鎖,1,13007,鎖
1747,2,瑣,2,瑣,w337a1005,瑣,2,13008,瑣
1747,3,溑,3,溑,w337b0101,溑,3,13009,溑
1747,4,葰,4,葰,w337b0102,葰,4,13010,葰
1747,5,䈗,5,䈗,w337b0103,䈗,5,13011,䈗
1747,6,䵀,6,䵀,w337b0104,䵀,6,13012,䵀
1747,7,𩹳,7,𩹳,w337b0201,𩹳,7,13013,𩹳
1747,8,𥔭,8,𥔭,w337b0202,𥔭,8,13014,𥔭
1747,9,䣔,9,䣔,w337b0203,䣔,9,13015,䣔
1747,10,惢,10,惢,w337b0204,惢,10,13016,惢
1747,11,𢱡,11,𢱡,w337b0205,𢱡,11,13017,𢱡
1747,12,𧴪,12,𧴪,w337b0206,𧴪,12,13018,𧴪
1748,1,墮,1,墮,w337b0207,墮,1,13019,墮
1748,2,垛,2,垛,w337b0301,垛,2,13020,垛
1748,3,𤬾,3,𤬾,w337b0302,𤬾,3,13021,𤬾
1748,4,䅜,4,䅜,w337b0303,䅜,4,13022,䅜
1748,5,𥬲,5,𥬲,w337b0304,𥬲,5,13023,𥬲
1748,6,𥳔,6,𥳔,w337b0305,𥳔,6,13024,𥳔
1748,7,𩊜,7,𩊜,w337b0306,𩊜,7,13025,𩊜
1748,8,䤻,8,䤻,w337b0307,䤻,8,13026,䤻
1748,9,憜,9,憜,w337b0401,憜,9,13027,憜
1748,10,惰,10,惰,w337b0402,惰,10,13028,惰
1748,11,嫷,11,嫷,w337b0403,嫷,11,13029,嫷
1748,12,鬌,12,鬌,w337b0404,鬌,12,13030,鬌
1748,13,䲊,13,䲊,w337b0501,䲊,13,13031,䲊
1748,14,嶞,14,嶞,w337b0502,嶞,14,13032,嶞
1749,1,妥,1,妥,w337b0503,妥,1,13033,妥
1749,2,嫷,2,嫷,w337b0504,媠,2,13034,媠
1749,3,隋,3,隋,w337b0505,隋,3,13035,隋
1749,4,䲊,4,䲊,w337b0506,䲊,4,13036,䲊
1749,5,㟎,5,㟎,w337b0601,㟎,5,13037,㟎
1749,6,墮,6,墮,w337b0602,墮,6,13038,墮
1749,7,橢,7,橢,w337b0603,橢,7,13039,橢
1749,8,𨼰,8,𨼰,w337b0604,⿱隓土〈𡽃〉,8,13040,𨼰
1749,9,鵎,9,鵎,w337b0605,鵎,9,13041,鵎
1750,1,麼,1,麼,w337b0606,麼,1,13042,麼
1750,2,𣋟,2,𣋟,w337b0607,𣋟,2,13043,𣋟
1750,3,懡,3,懡,w337b0701,懡,3,13044,懡
1751,1,坐,1,坐,w337b0702,坐,1,13045,坐
1751,2,𡋲,2,𡋲,w337b0703,𡋲,2,13046,𡋲
1752,1,㛂,1,㛂,w337b0704,㛂,1,13047,㛂
1752,2,𠂬,2,𠂬,w337b0705,𠂬,2,13048,𠂬
1753,1,裸,1,裸,w337b0801,裸,1,13049,裸
1753,2,躶,2,躶,w337b0802,躶,2,13050,躶
1753,3,𧝹,3,𧝹,w337b0803,𧝹,3,13051,𧝹
1753,4,臝,4,臝,w337b0804,臝,4,13052,臝
1753,5,卵,5,卵,w337b0805,卵,5,13053,卵
1753,6,瘰,6,瘰,w337b0806,瘰,6,13054,瘰
1753,7,𤼠,7,𤼠,w337b0807,𤼠,7,13055,𤼠
1753,8,蓏,8,蓏,w337b0808,蓏,8,13056,蓏
1753,9,蠃,9,蠃,w337b0901,蠃,9,13057,蠃
1754,1,婐,1,婐,w337b1001,婐,1,13058,婐
1754,2,倭,2,倭,w337b1002,倭,2,13059,倭
1754,3,𥟿,3,𥟿,w338a0101,𥟿,3,13060,𥟿
1755,1,㛂,1,㛂,w338a0102,㛂,1,13061,㛂
1755,2,𢫷,2,𢫷,w338a0103,𢫷,2,13062,𢫷
1756,1,跛,1,跛,w338a0104,跛,1,13063,跛
1756,2,簸,2,簸,w338a0105,簸,2,13064,簸
1756,3,駊,3,駊,w338a0106,駊,3,13065,駊
1756,4,㝿,4,㝿,w338a0201,⿺兀皮〈㝿〉,4,13066,㝿
1757,1,叵,1,叵,w338a0202,叵,1,13067,叵
1757,2,駊,2,駊,w338a0203,駊,2,13068,駊
1757,3,頗,3,頗,w338a0204,頗,3,13069,頗
1757,4,𡽠,4,𡽠,w338a0205,𡽠,4,13070,𡽠
1758,1,禍,1,禍,w338a0206,禍,1,13071,禍
1758,2,𥚁,2,𥚁,w338a0207,𥚁,2,13072,𥚁
1758,3,夥,3,夥,w338a0301,夥,3,13073,夥
1758,4,𡖿,4,𡖿,w338a0302,𡖿,4,13074,𡖿
1758,5,𣄸,5,𣄸,w338a0303,𣄸,5,13075,𣄸
1758,6,輠,6,輠,w338a0304,輠,6,13076,輠
1758,7,𨘌,7,𨘌,w338a0305,𨘌,7,13077,𨘌
1759,1,火,1,火,w338a0306,火,1,13078,火
1759,2,邩,2,邩,w338a0401,邩,2,13079,邩
1760,1,顆,1,顆,w338a0402,顆,1,13080,顆
1760,2,堁,2,堁,w338a0403,堁,2,13081,堁
1760,3,敤,3,敤,w338a0501,敤,3,13082,敤
1761,1,爸,1,爸,w338a0502,爸,1,13083,爸
1762,1,脞,1,脞,w338a0503,脞,1,13084,脞
1762,2,䂳,2,䂳,w338a0504,䂳,2,13085,䂳
1763,1,硰,1,硰,w338a0505,硰,1,13086,硰
1764,1,馬,1,馬,w338a0601,馬,1,13087,馬
1764,2,碼,2,碼,w338a0801,碼,2,13088,碼
1764,3,䣕,3,䣕,w338a0802,䣕,3,13089,䣕
1764,4,罵,4,罵,w338a0901,罵,4,13090,罵
1764,5,𥧓,5,𥧓,w338a0902,𥧓,5,13091,𥧓
1764,6,鷌,6,鷌,w338a0903,鷌,6,13092,鷌
1764,7,鰢,7,鰢,w338a0904,鰢,7,13093,鰢
1765,1,者,1,者,w338a0905,者,1,13094,者
1765,2,赭,2,赭,w338a0906,赭,2,13095,赭
1765,3,堵,3,堵,w338a0907,堵,3,13096,堵
1766,1,野,1,野,w338a1001,野,1,13097,野
1766,2,壄〈𡐨〉,2,壄〈𡐨〉,w338a1002,壄,2,13098,壄
1766,3,也,3,也,w338a1003,也,3,13099,也
1766,4,冶,4,冶,w338a1004,冶,4,13100,冶
1766,5,虵,5,虵,w338b0101,虵,5,13101,虵
1767,1,雅,1,雅,w338b0102,雅,1,13102,雅
1767,2,疋,2,疋,w338b0201,疋,2,13103,疋
1767,3,庌,3,庌,w338b0202,庌,3,13104,庌
1767,4,厊,4,厊,w338b0203,厊,4,13105,厊
1767,5,㿿,5,㿿,w338b0204,㿿,5,13106,㿿
1768,1,檟,1,檟,w338b0301,檟,1,13107,檟
1768,2,榎,2,榎,w338b0302,榎,2,13108,榎
1768,3,嘏,3,嘏,w338b0303,嘏,3,13109,嘏
1768,4,假,4,假,w338b0304,假,4,13110,假
1768,5,叚,5,叚,w338b0305,叚,5,13111,叚
1768,6,賈,6,賈,w338b0306,賈,6,13112,賈
1768,7,斝,7,斝,w338b0401,斝,7,13113,斝
1768,8,瘕,8,瘕,w338b0402,瘕,8,13114,瘕
1768,9,椵,9,椵,w338b0403,椵,9,13115,椵
1768,10,婽,10,婽,w338b0501,婽,10,13116,婽
1769,1,灑,1,灑,w338b0502,灑,1,13117,灑
1770,1,啞,1,啞,w338b0503,啞,1,13118,啞
1770,2,瘂,2,瘂,w338b0504,瘂,2,13119,瘂
1770,3,𤺘,3,𤺘,w338b0505,𤺘,3,13120,𤺘
1771,1,灺,1,灺,w338b0601,灺,1,13121,灺
1771,2,抯,2,抯,w338b0602,抯,2,13122,抯
1771,3,䵦,3,䵦,w338b0603,⿰黑汗〈䵦〉,3,13123,䵦
1772,1,下,1,下,w338b0604,下,1,13124,下
1772,2,丅,2,丅,w338b0605,丅,2,13125,丅
1772,3,夏,3,夏,w338b0606,夏,3,13126,夏
1772,4,廈,4,廈,w338b0701,廈,4,13127,廈
1773,1,寫,1,寫,w338b0702,寫,1,13128,寫
1773,2,𣞐,2,𣞐,w338b0801,𣞐,2,13129,𣞐
1773,3,瀉,3,瀉,w338b0802,瀉,3,13130,瀉
1773,4,𣬕,4,𣬕,w338b0803,𣬕,4,13131,𣬕
1774,1,𡎬,1,𡎬,w338b0804,𡎬,1,13132,𡎬
1775,1,乜,1,乜,w338b0805,乜,1,13133,乜
1776,1,且,1,且,w338b0901,且,1,13134,且
1777,1,㗿,1,㗿,w338b0902,㗿,1,13135,㗿
1777,2,閜,2,閜,w338b0903,閜,2,13136,閜
1777,3,襾,3,襾,w338b0904,覀,3,13137,襾
1778,1,社,1,社,w338b0905,社,1,13138,社
1778,2,𥁹,2,𥁹,w338b1001,𥁹,2,13139,𥁹
1778,3,𣝒,3,𣝒,w338b1002,𣝒,3,13140,𣝒
1779,1,跒,1,跒,w338b1003,跒,1,13141,跒
1780,1,跁,1,跁,w339a0101,跁,1,13142,跁
1780,2,䇑,2,䇑,w339a0102,䇑,2,13143,䇑
1780,3,笆,3,笆,w339a0103,笆,3,13144,笆
1781,1,捨,1,捨,w339a0104,捨,1,13145,捨
1781,2,舍,2,舍,w339a0105,舎,2,13146,舍
1781,3,騇,3,騇,w339a0106,騇,3,13147,騇
1781,4,䬷,4,䬷,w339a0201,䬷,4,13148,䬷
1781,5,𩜉,5,𩜉,w339a0202,𩜉,5,13149,𩜉
1782,1,姐,1,姐,w339a0203,姐,1,13150,姐
1782,2,抯,2,抯,w339a0204,抯,2,13151,抯
1782,3,飷,3,飷,w339a0205,飷,3,13152,飷
1783,1,把,1,把,w339a0206,把,1,13153,把
1784,1,踝,1,踝,w339a0301,踝,1,13154,踝
1784,2,稞,2,稞,w339a0302,稞,2,13155,稞
1784,3,𡱏〈䋀〉,3,𡱏〈䋀〉,w339a0303,𡱏〈䋀〉,3,13156,𡱏
1784,4,𦖍,4,𦖍,w339a0304,𦖍,4,13157,𦖍
1784,5,黊,5,黊,w339a0305,黊,5,13158,黊
1784,6,蘳,6,蘳,w339a0306,蘳,6,13159,蘳
1784,7,觟,7,觟,w339a0307,觟,7,13160,觟
1784,8,𩸄,8,𩸄,w339a0401,𩸄,8,13161,𩸄
1784,9,𢦚,9,𢦚,w339a0402,𢦚,9,13162,𢦚
1784,10,輠,10,輠,w339a0403,輠,10,13163,輠
1784,11,䴹,11,䴹,w339a0404,䴹,11,13164,䴹
1785,1,寡,1,寡,w339a0405,寡,1,13165,寡
1785,2,冎,2,冎,w339a0501,冎,2,13166,冎
1785,3,剮,3,剮,w339a0502,剮,3,13167,剮
1785,4,𣑍,4,𣑍,w339a0503,𣐷,4,13168,𣑍
1785,5,𠊰,5,𠊰,w339a0504,𠊰,5,13169,𠊰
1785,6,𠁥,6,𠁥,w339a0505,𦫳,6,13170,𦫳
1785,7,䈑,7,䈑,w339a0506,䈑,7,13171,䈑
1785,8,𧤐,8,𧤐,w339a0507,𧤐,8,13172,𧤐
1786,1,瓦,1,瓦,w339a0601,瓦,1,13173,瓦
1786,2,邷,2,邷,w339a0602,邷,2,13174,邷
1787,1,若,1,若,w339a0603,若,1,13175,若
1787,2,惹,2,惹,w339a0701,惹,2,13176,惹
1787,3,𠰒,3,𠰒,w339a0702,𠰒,3,13177,𠰒
1788,1,鮓,1,鮓,w339a0703,鮓,1,13178,鮓
1788,2,厏,2,厏,w339a0801,厏,2,13179,厏
1788,3,謯,3,謯,w339a0802,謯,3,13180,謯
1788,4,𥰭,4,𥰭,w339a0803,𥰭,4,13181,𥰭
1788,5,痄,5,痄,w339a0804,痄,5,13182,痄
1789,1,觰,1,觰,w339a0805,觰,1,13183,觰
1790,1,槎,1,槎,w339a0901,槎,1,13184,槎
1790,2,厏,2,厏,w339a0902,厏,2,13185,厏
1791,1,奲,1,奲,w339a0903,奲,1,13186,奲
1791,2,㨋,2,㨋,w339a0904,㨋,2,13187,㨋
1791,3,䰩,3,䰩,w339a0905,䰩,3,13188,䰩
1791,4,哆,4,哆,w339a0906,哆,4,13189,哆
1791,5,撦,5,撦,w339a1001,撦,5,13190,撦
1792,1,䋾,1,䋾,w339a1002,䋾,1,13191,䋾
1793,1,䋈,1,䋈,w339a1003,䋈,1,13192,䋈
1794,1,髁,1,髁,w339a1004,髁,1,13193,髁
1794,2,跨,2,跨,w339a1005,跨,2,13194,跨
1794,3,骻,3,骻,w339a1006,骻,3,13195,骻
1794,4,㡁,4,㡁,w339b0101,㡁,4,13196,㡁
1794,5,銙,5,銙,w339b0102,銙,5,13197,銙
1794,6,𢄳,6,𢄳,w339b0103,𢄳,6,13198,𢄳
1794,7,㐄,7,㐄,w339b0104,㐄〈𡕒〉,7,13199,𡕒
1795,1,䂳,1,䂳,w339b0105,䂳,1,13200,䂳
1796,1,䊬,1,䊬,w339b0106,⿱⿰禾⿸厂果米〈䊬〉,1,13201,䊬
1797,1,葰,1,葰,w339b0201,葰,1,13202,葰
1797,2,𧫝,2,𧫝,w339b0202,𧫝,2,13203,𧫝
1797,3,傻,3,傻,w339b0203,傻,3,13204,傻
1798,1,奼,1,奼,w339b0204,奼,1,13205,奼
1799,1,藞,1,藞,w339b0205,藞,1,13206,藞
1800,1,養,1,養,w339b0401,養,1,13207,養
1800,2,痒,2,痒,w339b0402,痒,2,13208,痒
1800,3,癢,3,癢,w339b0403,癢,3,13209,癢
1800,4,瀁,4,瀁,w339b0404,瀁,4,13210,瀁
1800,5,蝆,5,蝆,w339b0405,蝆,5,13211,蛘
1800,6,勨,6,勨,w339b0501,勨,6,13212,勨
1800,7,𧓲,7,𧓲,w339b0502,𧓲,7,13213,𧓲
1801,1,像,1,像,w339b0503,像,1,13214,像
1801,2,象,2,象,w339b0504,象,2,13215,象
1801,3,蟓,3,蟓,w339b0601,蟓,3,13216,蟓
1801,4,橡,4,橡,w339b0602,橡,4,13217,橡
1801,5,襐,5,襐,w339b0603,襐,5,13218,襐
1801,6,勨,6,勨,w339b0604,勨,6,13219,勨
1801,7,鱌,7,鱌,w339b0605,鱌,7,13220,鱌
1801,8,潒,8,潒,w339b0701,潒,8,13221,潒
1801,9,𦺨,10,𦺨,w339b0702,𦺨,10,13223,𦺨
1801,10,𨖶,9,𨖶,w339b0703,𨖶,9,13222,𨖶
1801,11,嶑,11,嶑,w339b0704,嶑,11,13224,嶑
1802,1,㢡,1,㢡,w339b0705,㢡,1,13225,㢡
1802,2,獎,2,獎,w339b0706,獎,2,13226,獎
1802,3,䉃,3,䉃,w339b0801,䉃,3,13227,䉃
1802,4,槳,4,槳,w339b0802,槳,4,13228,槳
1802,5,㯍,5,㯍,w339b0803,㯍,5,13229,㯍
1802,6,蔣,6,蔣,w339b0804,蔣,6,13230,蔣
1803,1,㒳,1,㒳,w339b0901,㒳,1,13231,㒳
1803,2,兩,2,兩,w339b0902,兩,2,13232,兩
1803,3,脼,3,脼,w339b0903,脼,3,13233,脼
1803,4,𣓈,4,𣓈,w339b0904,𣓈,4,13234,𣓈
1803,5,緉,5,緉,w339b1001,緉,5,13235,緉
1803,6,蜽,6,蜽,w339b1002,蜽,6,13236,蜽
1803,7,魎,7,魎,w339b1003,魎,7,13237,魎
1803,8,㔝,8,㔝,w339b1004,㔝,8,13238,㔝
1804,1,鞅,1,鞅,w339b1005,鞅,1,13239,鞅
1804,2,柍,2,柍,w340a0101,柍,2,13240,柍
1804,3,秧,3,秧,w340a0102,秧,3,13241,秧
1804,4,䬬,4,䬬,w340a0103,䬬,4,13242,䬬
1804,5,詇,5,詇,w340a0104,詇,5,13243,詇
1804,6,岟,6,岟,w340a0105,岟,6,13244,岟
1804,7,駚,7,駚,w340a0106,駚,7,13245,駚
1804,8,炴,8,炴,w340a0201,炴,8,13246,炴
1804,9,𧵌,9,𧵌,w340a0202,𧵌,9,13247,𧵌
1804,10,怏,10,怏,w340a0203,怏,10,13248,怏
1804,11,紻,11,紻,w340a0204,紻,11,13249,紻
1805,1,勥,1,勥,w340a0205,勥,1,13250,勥
1805,2,彊,2,彊,w340a0206,彊,2,13251,彊
1805,3,弜,3,弜,w340a0301,弜,3,13252,弜
1805,4,誩,4,誩,w340a0302,誩,4,13253,誩
1805,5,滰,5,滰,w340a0303,滰,5,13254,滰
1806,1,仰,1,仰,w340a0304,仰,1,13255,仰
1806,2,䒢,2,䒢,w340a0401,䒢,2,13256,䒢
1806,3,卬,3,卬,w340a0402,卬,3,13257,卬
1807,1,磢,1,磢,w340a0403,磢,1,13258,磢
1807,2,㼽,2,㼽,w340a0404,㼽,2,13259,㼽
1807,3,𠞮,3,𠞮,w340a0405,𠞮,3,13260,𠞮
1807,4,搶,4,搶,w340a0406,搶,4,13261,搶
1807,5,漺,5,漺,w340a0407,漺,5,13262,漺
1807,6,愴,6,愴,w340a0501,愴,6,13263,愴
1808,1,想,1,想,w340a0502,想,1,13264,想
1808,2,鯗,2,鯗,w340a0503,鯗,2,13265,鯗
1809,1,掌,1,掌,w340a0504,掌,1,13266,掌
1809,2,仉,2,仉,w340a0601,仉,2,13267,仉
1809,3,𤓯,3,𤓯,w340a0602,𤓯,3,13268,𤓯
1810,1,𤕤,1,𤕤,w340a0603,爽,1,13269,𤕤
1810,2,爽,2,爽,w340a0604,𡙁,2,13270,爽
1810,3,𦄍,3,𦄍,w340a0605,𦄍,3,13271,𦄍
1810,4,鷞,4,鷞,w340a0701,鷞,4,13272,鷞
1810,5,塽,5,塽,w340a0702,塽,5,13273,塽
1810,6,樉,6,樉,w340a0703,樉,6,13274,樉
1810,7,㼽,7,㼽,w340a0704,㼽,7,13275,㼽
1810,8,漺,8,漺,w340a0705,漺,8,13276,漺
1810,9,䫪,9,䫪,w340a0706,䫪,9,13277,䫪
1811,1,響,1,響,w340a0707,響,1,13278,響
1811,2,饗,2,饗,w340a0708,饗,2,13279,饗
1811,3,蠁,3,蠁,w340a0709,蠁,3,13280,蠁
1811,4,䖮,4,䖮,w340a0801,䖮,4,13281,䖮
1811,5,亯,5,亯,w340a0802,亯,5,13282,亯
1811,6,亨,6,亨,w340a0803,亨,6,13283,亨
1811,7,嚮,7,嚮,w340a0804,嚮,7,13284,嚮
1811,8,曏,8,曏,w340a0901,曏,8,13285,曏
1812,1,敞,1,敞,w340a0902,敞,1,13286,敞
1812,2,𢠵,2,𢠵,w340a0903,𢠵,2,13287,𢠵
1812,3,氅,3,氅,w340a0904,氅,3,13288,氅
1812,4,𪅶,4,𪅶,w340a0905,𪅶,4,13289,𪅶
1812,5,廠,5,廠,w340a0906,廠,5,13290,廠
1812,6,䟫,6,䟫,w340a1001,䟫〈𣥺〉,6,13291,䟫
1812,7,僘,7,僘,w340a1002,僘,7,13292,僘
1813,1,繈,1,繈,w340a1003,繈,1,13293,繈
1813,2,鏹,2,鏹,w340a1004,鏹,2,13294,鏹
1813,3,襁,3,襁,w340a1005,襁,3,13295,襁
1813,4,膙,4,膙,w340b0101,膙,4,13296,膙
1813,5,憼,5,憼,w340b0102,憼,5,13297,憼
1814,1,丈,1,丈,w340b0103,丈,1,13298,丈
1814,2,杖,2,杖,w340b0201,杖,2,13299,杖
1814,3,仗,3,仗,w340b0301,仗,3,13300,仗
1814,4,㽴,4,㽴,w340b0302,㽴,4,13301,㽴
1815,1,昶,1,昶,w340b0303,昶,1,13302,昶
1815,2,鋹,2,鋹,w340b0401,鋹,2,13303,鋹
1816,1,獷,1,獷,w340b0402,獷,1,13304,獷
1817,1,壤,1,壤,w340b0403,壤,1,13305,壤
1817,2,䖆,2,䖆,w340b0601,䖆,2,13306,䖆
1817,3,䑋,3,䑋,w340b0602,䑋,3,13307,䑋
1817,4,穰,4,穰,w340b0603,穰,4,13308,穰
1817,5,蠰,5,蠰,w340b0604,蠰,5,13309,蠰
1817,6,攘,6,攘,w340b0605,攘,6,13310,攘
1817,7,躟,7,躟,w340b0606,躟,7,13311,躟
1817,8,𥗝,8,𥗝,w340b0607,𥗝,8,13312,𥗝
1818,1,賞,1,賞,w340b0701,賞,1,13313,賞
1818,2,𩞧,2,𩞧,w340b0702,𩞧,2,13314,𩞧
1818,3,𩞃,3,𩞃,w340b0703,𩞃,3,13315,𩞃
1818,4,饟,4,饟,w340b0704,饟,4,13316,饟
1818,5,曏,5,曏,w340b0705,曏,5,13317,曏
1819,1,髣,1,髣,w340b0801,髣,1,13318,髣
1819,2,彷,2,彷,w340b0802,彷,2,13319,彷
1819,3,仿,3,仿,w340b0803,仿,3,13320,仿
1819,4,紡,4,紡,w340b0804,紡,4,13321,紡
1819,5,鶭,5,鶭,w340b0805,鶭,5,13322,鶭
1819,6,鴋,6,鴋,w340b0901,䲱,6,13323,䲱
1820,1,网,1,网,w340b0902,网,1,13324,网
1820,2,網,2,網,w340b0903,網,2,13325,網
1820,3,罔,3,罔,w340b1001,罔,3,13326,罔
1820,4,輞,4,輞,w340b1002,輞,4,13327,輞
1820,5,棢,5,棢,w340b1003,棢,5,13328,棢
1820,6,惘,6,惘,w340b1004,惘,6,13329,惘
1820,7,菵,7,菵,w340b1005,菵,7,13330,菵
1820,8,誷,8,誷,w340b1006,誷,8,13331,誷
1820,9,𡔞,9,𡔞,w340b1007,𤣴,9,13332,𡔞
1820,10,𦖉,10,𦖉,w340b1008,𦖉,10,13333,𦖉
1820,11,蛧,11,蛧,w340b1009,蛧,11,13334,蛧
1820,12,魍,12,魍,w341a0101,魍,12,13335,魍
1821,1,昉,1,昉,w341a0102,昉,1,13336,昉
1821,2,倣,2,倣,w341a0103,倣,2,13337,倣
1821,3,放,3,放,w341a0104,放,3,13338,放
1821,4,瓬,4,瓬,w341a0105,瓬,4,13339,瓬
1822,1,枉,1,枉,w341a0106,枉,1,13340,枉
1822,2,𢼟,2,𢼟,w341a0201,𢼟,2,13341,𢽃
1822,3,𣢫,3,𣢫,w341a0202,𣢫,3,13342,𣢫
1822,4,汪,4,汪,w341a0203,汪,4,13343,汪
1823,1,往,1,往,w341a0204,往,1,13344,往
1823,2,暀,2,暀,w341a0205,暀,2,13345,暀
1824,1,怳,1,怳,w341a0301,怳,1,13346,怳
1824,2,𧧢,2,𧧢,w341a0302,𧧢,2,13347,𧧢
1825,1,搶,1,搶,w341a0303,搶,1,13348,搶
1825,2,摤,2,摤,w341a0304,摤,2,13349,摤
1826,1,長,1,長,w341a0401,長,1,13350,長
1827,1,上,1,上,w341a0402,上,1,13351,上
1827,2,丄,2,丄,w341a0501,丄,2,13352,丄
1828,1,俇,1,俇,w341a0502,俇,1,13353,俇
1829,1,臩,1,臩,w341a0503,臩,1,13354,臩
1829,2,迋,2,迋,w341a0504,迋,2,13355,迋
1829,3,𠏤,3,𠏤,w341a0601,𠏤,3,13356,𠏤
1829,4,逛,4,逛,w341a0602,逛,4,13357,逛
1830,1,𩦠,1,𩦠,w341a0603,𩦠,1,13358,𩦠
1831,1,䫪,1,䫪,w341a0604,䫪,1,13359,䫪
1831,2,傸,2,傸,w341a0605,傸,2,13360,傸
1832,1,蕩,1,蕩,w341a0701,蕩,1,13361,蕩
1832,2,崵,2,崵,w341a0702,崵,2,13362,崵
1832,3,婸,3,婸,w341a0703,婸,3,13363,婸
1832,4,𥯕,4,𥯕,w341a0704,𥯕,4,13364,𥯕
1832,5,潒,5,潒,w341a0801,潒,5,13365,潒
1832,6,𢠽,6,𢠽,w341a0802,𢠽,6,13366,𢠽
1832,7,愓,7,愓,w341a0803,愓,7,13367,愓
1832,8,璗,8,璗,w341a0804,璗,8,13368,璗
1832,9,盪,9,盪,w341a0805,盪,9,13369,盪
1832,10,䑗,10,䑗,w341a0901,䑗,10,13370,䑗
1832,11,簜,11,簜,w341a0902,簜,11,13371,簜
1832,12,嵣,12,嵣,w341a0903,嵣,12,13372,嵣
1833,1,顙,1,顙,w341a0904,顙,1,13373,顙
1833,2,𣞙,2,𣞙,w341a0905,𣞙,2,13374,𣞙
1833,3,𣡆,3,𣡆,w341a0906,𣡆,3,13375,𣡆
1833,4,磉,4,磉,w341a1001,磉,4,13376,磉
1834,1,廣,1,廣,w341a1002,廣,1,13377,廣
1834,2,鄺,2,鄺,w341a1003,鄺,2,13378,鄺
1835,1,榜,1,榜,w341a1004,榜,1,13379,榜
1835,2,牓,2,牓,w341a1005,牓,2,13380,牓
1835,3,𣮧,3,𣮧,w341a1006,𣮧,3,13381,𣮧
1835,4,螃,4,螃,w341a1007,螃,4,13382,螃
1835,5,蒡,5,蒡,w341b0101,蒡,5,13383,蒡
1835,6,䰃,6,䰃,w341b0102,䰃,6,13384,䰃
1836,1,駔,1,駔,w341b0103,駔,1,13385,駔
1836,2,驡,2,驡,w341b0104,驡,2,13386,驡
1836,3,髒,3,髒,w341b0105,髒,3,13387,髒
1837,1,曩,1,曩,w341b0106,曩,1,13388,曩
1837,2,灢,2,灢,w341b0201,灢,2,13389,灢
1838,1,沆,1,沆,w341b0202,沆,1,13390,沆
1838,2,骯,2,骯,w341b0203,骯,2,13391,骯
1838,3,䟘,3,䟘,w341b0204,䟘,3,13392,䟘
1838,4,𡕬,4,𡕬,w341b0205,𡕬,4,13393,𡕬
1838,5,蚢,5,蚢,w341b0206,蚢,5,13394,蚢
1838,6,吭,6,吭,w341b0301,吭,6,13395,吭
1839,1,曭,1,曭,w341b0302,曭,1,13396,曭
1839,2,儻,2,儻,w341b0303,儻,2,13397,儻
1839,3,偒,3,偒,w341b0304,偒,3,13398,偒
1839,4,戃,4,戃,w341b0305,戃,4,13399,戃
1839,5,矘,5,矘,w341b0401,矘,5,13400,矘
1839,6,𥯕,6,𥯕,w341b0402,𥯕,6,13401,𥯕
1839,7,帑,7,帑,w341b0403,帑,7,13402,帑
1839,8,爣,8,爣,w341b0404,爣,8,13403,爣
1839,9,𣎲,9,𣎲,w341b0405,𣎲,9,13404,𣎲
1839,10,㼒,10,㼒,w341b0406,㼒,10,13405,㼒
1839,11,㿩,11,㿩,w341b0501,㿩,11,13406,㿩
1839,12,攩,12,攩,w341b0502,攩,12,13407,攩
1840,1,莽,1,莽,w341b0503,莽,1,13408,莽
1840,2,茻,2,茻,w341b0601,茻,2,13409,茻
1840,3,壾,3,壾,w341b0602,壾,3,13410,壾
1840,4,䁳,4,䁳,w341b0603,䁳,4,13411,䁳
1840,5,䒎,5,䒎,w341b0604,䒎,5,13412,䒎
1840,6,㬒,6,㬒,w341b0701,㬒,6,13413,㬒
1840,7,䥈,7,䥈,w341b0702,䥈,7,13414,䥈
1840,8,蟒,8,蟒,w341b0703,蟒,8,13415,蠎
1840,9,漭,9,漭,w341b0704,漭,9,13416,漭
1840,10,㟐,10,㟐,w341b0705,㟐,10,13417,㟐
1841,1,黨,1,黨,w341b0706,黨,1,13418,黨
1841,2,讜,2,讜,w341b0801,讜,2,13419,讜
1841,3,欓,3,欓,w341b0802,欓,3,13420,欓
1841,4,䣣,4,䣣,w341b0803,䣣,4,13421,䣣
1841,5,𧅗,5,𧅗,w341b0804,𧅗,5,13422,𧅗
1842,1,朗,1,朗,w341b0901,朗,1,13423,朗
1842,2,朖,2,朖,w341b0902,朖,2,13424,朖
1842,3,誏,3,誏,w341b0903,誏,3,13425,誏
1842,4,俍,4,俍,w341b0904,俍,4,13426,俍
1842,5,崀,5,崀,w341b0905,崀,5,13427,崀
1842,6,榔,6,榔,w341b0906,榔,6,13428,榔
1842,7,㝗,7,㝗,w341b0907,㝗,7,13429,㝗
1843,1,坱,1,坱,w341b1001,坱,1,13430,坱
1843,2,姎,2,姎,w341b1002,姎,2,13431,姎
1843,3,映,3,映,w341b1003,映,3,13432,映
1843,4,泱,4,泱,w341b1004,泱,4,13433,泱
1843,5,咉,5,咉,w341b1005,咉,5,13434,咉
1843,6,醠,6,醠,w341b1006,醠,6,13435,醠
1843,7,䇦,7,䇦,w342a0101,䇦,7,13436,䇦
1843,8,盎,8,盎,w342a0102,盎,8,13437,盎
1843,9,駚,9,駚,w342a0103,駚,9,13438,駚
1843,10,軮,10,軮,w342a0104,軮,10,13439,軮
1844,1,慷,1,慷,w342a0105,慷,1,13440,慷
1844,2,忼,2,忼,w342a0106,忼,2,13441,忼
1844,3,𡻚,3,𡻚,w342a0201,𡻚,3,13442,𡻚
1844,4,骯,4,骯,w342a0202,骯,4,13443,骯
1844,5,䡉,5,䡉,w342a0203,䡉,5,13444,䡉
1844,6,㝩,6,㝩,w342a0204,㝩,6,13445,㝩
1844,7,懬,7,懬,w342a0205,懬,7,13446,懬
1845,1,㳹,1,㳹,w342a0206,㳹,1,13447,㳹
1845,2,瀇,2,瀇,w342a0301,瀇,2,13448,瀇
1846,1,晃,1,晃,w342a0302,晃,1,13449,晃
1846,2,幌,2,幌,w342a0303,幌,2,13450,幌
1846,3,櫎,3,櫎,w342a0304,櫎,3,13451,櫎
1846,4,榥,4,榥,w342a0401,榥,4,13452,榥
1846,5,滉,5,滉,w342a0402,滉,5,13453,滉
1846,6,攩,6,攩,w342a0403,攩,6,13454,攩
1846,7,皝,7,皝,w342a0404,皝,7,13455,皝
1847,1,髈,1,髈,w342a0405,髈,1,13456,髈
1847,2,䒍,2,䒍,w342a0406,䒍,2,13457,䒍
1848,1,慌,1,慌,w342a0501,慌,1,13458,慌
1848,2,爌,2,爌,w342a0502,爌,2,13459,爌
1848,3,𡧽,3,𡧽,w342a0503,𡧽,3,13460,𡧽
1848,4,䁜,4,䁜,w342a0504,䁜,4,13461,䁜
1848,5,㬻,5,㬻,w342a0505,㬻,5,13462,㬻
1848,6,𣆖,6,𣆖,w342a0601,𣆖,6,13463,𣆖
1848,7,𧧢,7,𧧢,w342a0602,𧧢,7,13464,𧧢
1849,1,䴚,1,䴚,w342a0603,䴚,1,13465,䴚
1849,2,𨟼,2,𨟼,w342a0604,𨟼,2,13466,𨟼
1849,3,㽘,3,㽘,w342a0605,㽘,3,13467,㽘
1849,4,䟘,4,䟘,w342a0606,䟘,4,13468,䟘
1850,1,䭹,1,䭹,w342a0607,䭹,1,13469,䭹
1851,1,奘,1,奘,w342a0701,奘,1,13470,奘
1852,1,蒼,1,蒼,w342a0702,蒼,1,13471,蒼
1853,1,汻,1,汻,w342a0703,汻,1,13472,汻
1853,2,酐,2,酐,w342a0704,酐,2,13473,酐
1853,3,𤰟,3,𤰟,w342a0705,𤰟,3,13474,𤰟
1854,1,㢜〈懬〉,1,㢜〈懬〉,w342a0801,懬〈㢜〉,1,13475,懬
1854,2,䡉,2,䡉,w342a0802,䡉,2,13476,䡉
1854,3,爌,3,爌,w342a0803,爌,3,13477,爌
1855,1,梗,1,梗,w342a0901,梗,1,13478,梗
1855,2,挭,2,挭,w342a0902,挭,2,13479,挭
1855,3,哽,3,哽,w342a0903,哽,3,13480,哽
1855,4,郠,4,郠,w342a0904,郠,4,13481,郠
1855,5,綆,5,綆,w342a0905,綆,5,13482,綆
1855,6,鯁,6,鯁,w342a0906,鯁,6,13483,鯁
1855,7,埂,7,埂,w342a1001,埂,7,13484,埂
1855,8,骾,8,骾,w342a1002,骾,8,13485,骾
1855,9,𧋑,9,𧋑,w342a1003,𧋑,9,13486,𧋑
1856,1,丙,1,丙,w342a1004,丙,1,13487,丙
1856,2,昞,2,昞,w342b0101,昞,2,13488,昞
1856,3,怲,3,怲,w342b0102,怲,3,13489,怲
1856,4,邴,4,邴,w342b0103,邴,4,13490,邴
1856,5,炳,5,炳,w342b0104,炳,5,13491,炳
1856,6,秉,6,秉,w342b0201,秉,6,13492,秉
1856,7,窉,7,窉,w342b0202,窉,7,13493,窉
1856,8,苪,8,苪,w342b0203,苪,8,13494,苪
1856,9,蛃,9,蛃,w342b0301,蛃,9,13495,蛃
1857,1,警,1,警,w342b0302,警,1,13496,警
1857,2,儆,2,儆,w342b0303,儆,2,13497,儆
1857,3,景,3,景,w342b0304,景,3,13498,景
1857,4,境,4,境,w342b0305,境,4,13499,境
1857,5,璥,5,璥,w342b0401,璥,5,13500,璥
1857,6,蟼,6,蟼,w342b0402,蟼,6,13501,蟼
1857,7,檠,7,檠,w342b0403,㯳,7,13502,㯳
1857,8,憼,8,憼,w342b0404,憼,8,13503,憼
1858,1,影,1,影,w342b0405,影,1,13504,影
1858,2,璟,2,璟,w342b0406,璟,2,13505,璟
1858,3,璄,3,璄,w342b0407,璄,3,13506,璄
1858,4,䭘,4,䭘,w342b0501,䭘,4,13507,䭘
1858,5,摬,5,摬,w342b0502,摬,5,13508,摬
1858,6,㲟,6,㲟,w342b0503,㲟,6,13509,㲟
1858,7,𠝟,7,𠝟,w342b0504,𠝟,7,13510,𠝟
1858,8,𩘑,8,𩘑,w342b0505,𩘑,8,13511,𩘑
1859,1,省,1,省,w342b0506,省,1,13512,省
1859,2,眚,2,眚,w342b0601,眚,2,13513,眚
1859,3,㾪,3,㾪,w342b0602,㾪,3,13514,㾪
1859,4,𡞞,4,𡞞,w342b0603,𡞞,4,13515,𡞞
1859,5,䚇,5,䚇,w342b0604,䚇,5,13516,䚇
1859,6,𨵥,6,𨵥,w342b0605,𨵥,6,13517,𨵥
1859,7,㼳,7,㼳,w342b0701,㼳,7,13518,㼳
1859,8,渻,8,渻,w342b0702,渻,8,13519,渻
1859,9,𨜜,9,𨜜,w342b0703,𨜜,9,13520,𨜜
1860,1,永,1,永,w342b0704,永,1,13521,永
1860,2,栐,2,栐,w342b0705,栐,2,13522,栐
1861,1,𦬺,1,𦬺,w342b0801,𦬺,1,13523,𦬺
1862,1,皿,1,皿,w342b0802,皿,1,13524,皿
1862,2,𥥊,2,𥥊,w342b0803,𥥊,2,13525,𥥊
1862,3,𥁰,3,𥁰,w342b0804,𥁰,3,13526,𥁰
1863,1,憬,1,憬,w342b0805,憬,1,13527,憬
1863,2,囧,2,囧,w342b0806,囧,2,13528,囧
1863,3,煚,3,煚,w342b0807,煚,3,13529,煚
1863,4,璟,4,璟,w342b0901,璟,4,13530,璟
1863,5,臩,5,臩,w342b0902,臩,5,13531,臩
1863,6,暻,6,暻,w342b0903,暻,6,13532,暻
1864,1,杏,1,杏,w342b0904,杏,1,13533,杏
1864,2,莕,2,莕,w342b0905,莕,2,13534,莕
1864,3,荇,3,荇,w342b1001,荇,3,13535,荇
1865,1,猛,1,猛,w342b1002,猛,1,13536,猛
1865,2,𥋝,2,𥋝,w342b1003,𥋝,2,13537,𥋝
1865,3,蜢,3,蜢,w342b1004,蜢,3,13538,蜢
1865,4,艋,4,艋,w342b1005,艋,4,13539,艋
1865,5,鱦,5,鱦,w343a0101,鱦,5,13540,鱦
1865,6,鄳,6,鄳,w343a0102,鄳,6,13541,鄳
1866,1,礦,1,礦,w343a0103,礦,1,13542,礦
1866,2,鑛,2,鑛,w343a0104,鑛,2,13543,鑛
1866,3,𨥥,3,𨥥,w343a0105,𨥥,3,13544,𨥥
1866,4,𪍿,4,𪍿,w343a0106,𪍿,4,13545,𪍿
1866,5,䵃,5,䵃,w343a0107,䵃,5,13546,䵃
1866,6,獷,6,獷,w343a0201,獷,6,13547,獷
1866,7,穬,7,穬,w343a0202,穬,7,13548,穬
1867,1,浜,1,浜,w343a0203,浜,1,13549,浜
1867,2,㑟,2,㑟,w343a0204,㑟,2,13550,㑟
1867,3,𧚭,3,𧚭,w343a0205,𧚭,3,13551,𧚭
1868,1,盯,1,盯,w343a0301,盯,1,13552,盯
1869,1,瑒,1,瑒,w343a0302,瑒,1,13553,瑒
1870,1,䁝,1,䁝,w343a0303,䁝,1,13554,䁝
1870,2,㴄,2,㴄,w343a0304,㴄,2,13555,浻
1870,3,奣,3,奣,w343a0401,奣,3,13556,奣
1871,1,打,1,打,w343a0402,打,1,13557,打
1872,1,冷,1,冷,w343a0403,冷,1,13558,冷
1873,1,卝,1,卝,w343a0404,卝,1,13559,卝
1873,2,澋,2,澋,w343a0405,澋,2,13560,澋
1874,1,鮩,1,鮩,w343a0501,鮩,1,13561,鮩
1875,1,𥉁,1,𥉁,w343a0502,𥉁,1,13562,𥉁
1876,1,檸,1,檸,w343a0503,檸,1,13563,檸
1877,1,耿,1,耿,w343a0601,耿,1,13564,耿
1877,2,𦵸,2,𦵸,w343a0602,𦵸,2,13565,𦵸
1877,3,𥉔,3,𥉔,w343a0603,𥉔,3,13566,𥉔
1878,1,䁅,1,䁅,w343a0701,䁅,1,13567,䁅
1878,2,鼆,2,鼆,w343a0702,鼆,2,13568,鼆
1878,3,黽,3,黽,w343a0703,黽,3,13569,黽
1879,1,幸,1,幸,w343a0704,幸,1,13570,幸
1879,2,𡴘,2,𡴘,w343a0801,𡴘,2,13571,𠂷
1879,3,倖,3,倖,w343a0802,倖,3,13572,倖
1879,4,㼬,4,㼬,w343a0803,㼬,4,13573,㼬
1880,1,𠊧,1,𠊧,w343a0804,𠊧,1,13574,𠊧
1880,2,𩶁,2,𩶁,w343a0805,𩶁,2,13575,𩶁
1880,3,蠯,3,蠯,w343a0806,蠯,3,13576,蠯
1880,4,螷,4,螷,w343a0807,螷,4,13577,螷
1881,1,皏,1,皏,w343a0901,皏,1,13578,皏
1882,1,靜,1,靜,w343a1001,靜,1,13579,靜
1882,2,睜,2,睜,w343a1002,睜,2,13580,睜
1882,3,𩇕,3,𩇕,w343a1003,𩇕,3,13581,𩇕
1882,4,靖,4,靖,w343a1004,靖,4,13582,靖
1882,5,妌,5,妌,w343b0101,妌,5,13583,妌
1882,6,婧,6,婧,w343b0102,婧,6,13584,婧
1882,7,穽,7,穽,w343b0103,穽,7,13585,穽
1882,8,阱,8,阱,w343b0104,阱,8,13586,阱
1882,9,猙,9,猙,w343b0105,猙,9,13587,猙
1882,10,竫,10,竫,w343b0106,竫,10,13588,竫
1883,1,整,1,整,w343b0201,整,1,13589,整
1883,2,⿱𱡘正,,,w343b0202,⿱⿰来攵正,2,13590,⿱⿰来攵正
1884,1,逞,1,逞,w343b0203,逞,1,13591,逞
1884,2,騁,2,騁,w343b0204,騁,2,13592,騁
1884,3,裎,3,裎,w343b0205,裎,3,13593,裎
1884,4,悜,4,悜,w343b0206,悜,4,13594,悜
1884,5,䩶,5,䩶,w343b0301,䩶,5,13595,䩶
1884,6,睈,6,睈,w343b0302,睈,6,13596,睈
1885,1,郢,1,郢,w343b0303,郢,1,13597,郢
1885,2,浧,2,浧,w343b0304,浧,2,13598,浧
1885,3,梬,3,梬,w343b0305,梬,3,13599,梬
1886,1,痙,1,痙,w343b0306,痙,1,13600,痙
1886,2,涇〈𠗊〉,2,涇〈𠗊〉,w343b0401,涇〈⿰氵⿱一㜽〉,2,13601,涇
1887,1,潁,1,潁,w343b0402,潁,1,13602,潁
1887,2,穎,2,穎,w343b0501,穎,2,13603,穎
1888,1,領,1,領,w343b0502,領,1,13604,領
1888,2,嶺,2,嶺,w343b0503,嶺,2,13605,嶺
1888,3,阾,3,阾,w343b0601,阾,3,13606,阾
1888,4,柃,4,柃,w343b0602,柃,4,13607,柃
1888,5,袊,5,袊,w343b0603,袊,5,13608,袊
1888,6,䕘,6,䕘,w343b0604,䕘,6,13609,䕘
1889,1,頸,1,頸,w343b0605,頸,1,13610,頸
1890,1,餅,1,餅,w343b0701,餅,1,13611,餅
1890,2,屏,2,屏,w343b0702,屏,2,13612,屏
1890,3,鉼,3,鉼,w343b0703,鉼,3,13613,鉼
1890,4,併,4,併,w343b0801,併,4,13614,併
1890,5,䴵,5,䴵,w343b0802,䴵,5,13615,䴵
1891,1,頃,1,頃,w343b0803,頃,1,13616,頃
1891,2,𩓏〈𩒵〉,2,𩓏〈𩒵〉,w343b0804,𩓏,2,13617,頔
1891,3,㩩,3,㩩,w343b0805,㩩,3,13618,㩩
1891,4,檾,4,檾,w343b0901,檾,4,13619,檾
1891,5,苘,5,苘,w343b0902,苘,5,13620,苘
1891,6,䔛,6,䔛,w343b0903,䔛,6,13621,䔛
1892,1,井,1,井,w343b0904,丼,1,13622,井
1892,2,𨙷,2,𨙷,w343b1001,𨙷,2,13623,𨙷
1893,1,廮,1,廮,w343b1002,廮,1,13624,廮
1893,2,𨟙,2,𨟙,w343b1003,𨟙,2,13625,𨟙
1893,3,癭,3,癭,w343b1004,癭,3,13626,癭
1893,4,𣤵,4,𣤵,w344a0101,𣤵,4,13627,𣤵
1893,5,𦡺,5,𦡺,w344a0102,𦡺,5,13628,𦡺
1894,1,請,1,請,w344a0103,請,1,13629,請
1894,2,睛,2,睛,w344a0104,睛,2,13630,睛
1895,1,省,1,省,w344a0201,省,1,13631,省
1895,2,渻,2,渻,w344a0202,渻,2,13632,渻
1895,3,睲,3,睲,w344a0203,睲,3,13633,睲
1895,4,惺,4,惺,w344a0204,惺,4,13634,惺
1895,5,㮐,5,㮐,w344a0301,㮐,5,13635,㮐
1895,6,𢜫,6,𢜫,w344a0302,𢜫,6,13636,𢜫
1896,1,眳,1,眳,w344a0303,眳,1,13637,眳
1896,2,慏,2,慏,w344a0304,慏,2,13638,慏
1897,1,徎,1,徎,w344a0305,徎,1,13639,徎
1897,2,𣵹〈塣〉,2,𣵹〈塣〉,w344a0306,𣵹〈塣〉,2,13640,𣵹
1898,1,迥,1,迥,w344a0401,迥,1,13641,迥
1898,2,冋,2,冋,w344a0402,冋,2,13642,冋
1898,3,炯,3,炯,w344a0403,炯,3,13643,炯
1898,4,泂,4,泂,w344a0404,泂,4,13644,泂
1898,5,𦳖,5,𦳖,w344a0405,𦳖,5,13645,𦳖
1899,1,熲,1,熲,w344a0406,熲,1,13646,熲
1899,2,炅,2,炅,w344a0501,炅,2,13647,炅
1899,3,炯,3,炯,w344a0502,炯,3,13648,炯
1899,4,𠖷,4,𠖷,w344a0503,𠖷,4,13649,𠖷
1899,5,㯋,5,㯋,w344a0504,㯋,5,13650,㯋
1899,6,𩚱,6,𩚱,w344a0505,𩚱,6,13651,𩚱
1899,7,煛〈𥉁〉,7,煛〈𥉁〉,w344a0506,煛〈𥉁〉,7,13652,煛
1899,8,𧍮,8,𧍮,w344a0507,𧍮,8,13653,𧍮
1900,1,茗,1,茗,w344a0508,茗,1,13654,茗
1900,2,嫇,2,嫇,w344a0601,嫇,2,13655,嫇
1900,3,酩,3,酩,w344a0602,酩,3,13656,酩
1900,4,瀴,4,瀴,w344a0603,瀴,4,13657,瀴
1900,5,溟,5,溟,w344a0604,溟,5,13658,溟
1900,6,眳,6,眳,w344a0605,眳,6,13659,眳
1900,7,姳,7,姳,w344a0606,姳,7,13660,姳
1901,1,頂,1,頂,w344a0607,頂,1,13661,頂
1901,2,𩠑,2,𩠑,w344a0701,𩠑,2,13662,𩠑
1901,3,𩕢,3,𩕢,w344a0702,𩕢,3,13663,𩕢
1901,4,奵,4,奵,w344a0703,奵,4,13664,奵
1901,5,耵,5,耵,w344a0704,耵,5,13665,耵
1901,6,鼎,6,鼎,w344a0705,鼎,6,13666,鼎
1901,7,薡,7,薡,w344a0801,薡,7,13667,薡
1901,8,酊,8,酊,w344a0802,酊,8,13668,酊
1901,9,濎,9,濎,w344a0803,濎,9,13669,濎
1901,10,葶,10,葶,w344a0804,葶,10,13670,葶
1901,11,靪,11,靪,w344a0805,靪,11,13671,靪
1901,12,打,12,打,w344a0806,打,12,13672,打
1901,13,㞟,13,㞟,w344a0807,㞟,13,13673,㞟
1902,1,挺,1,挺,w344a0901,挺,1,13674,挺
1902,2,艇,2,艇,w344a0902,艇,2,13675,艇
1902,3,鋌,3,鋌,w344a0903,鋌,3,13676,鋌
1902,4,梃,4,梃,w344a0904,梃,4,13677,梃
1902,5,娗,5,娗,w344a0905,娗,5,13678,娗
1902,6,町,6,町,w344a0906,町,6,13679,町
1902,7,霆,7,霆,w344a0907,霆,7,13680,霆
1902,8,莛,8,莛,w344a1001,莛,8,13681,莛
1902,9,涏,9,涏,w344a1002,涏,9,13682,涏
1902,10,蜓,10,蜓,w344a1003,蜓,10,13683,蜓
1902,11,訂,11,訂,w344a1004,訂,11,13684,訂
1902,12,誔,12,誔,w344a1005,誔,12,13685,誔
1903,1,珽,1,珽,w344a1006,珽,1,13686,珽
1903,2,圢,2,圢,w344b0101,圢,2,13687,圢
1903,3,脡,3,脡,w344b0102,脡,3,13688,脡
1903,4,侹,4,侹,w344b0103,侹,4,13689,侹
1903,5,頲,5,頲,w344b0104,頲,5,13690,頲
1903,6,徎,6,徎,w344b0105,徎,6,13691,徎
1903,7,𡈼,7,𡈼,w344b0106,𡈼,7,13692,𡈼
1903,8,町,8,町,w344b0107,町,8,13693,町
1903,9,艼,9,艼,w344b0108,艼,9,13694,艼
1903,10,𤱹,10,𤱹,w344b0201,𤱹,10,13695,𤱹
1903,11,𦉬,11,𦉬,w344b0202,𦉬,11,13696,𦉬
1903,12,䦐〈𨳝〉,12,䦐〈𨳝〉,w344b0203,䦐〈閏〉,12,13697,䦐
1904,1,汫,1,汫,w344b0204,汫,1,13698,汫
1905,1,濙,1,濙,w344b0205,濙,1,13699,濙
1906,1,謦,1,謦,w344b0206,謦,1,13700,謦
1907,1,𩕳,1,𩕳,w344b0301,𩕳,1,13701,𩕳
1907,2,聹,2,聹,w344b0302,聹,2,13702,聹
1907,3,䗿,3,䗿,w344b0303,䗿,3,13703,䗿
1907,4,濘,4,濘,w344b0304,濘,4,13704,濘
1907,5,䔭,5,䔭,w344b0305,䔭,5,13705,䔭
1908,1,婞,1,婞,w344b0306,婞,1,13706,婞
1908,2,涬,2,涬,w344b0307,涬,2,13707,涬
1908,3,𩷏,3,𩷏,w344b0401,𩷏,3,13708,𩷏
1908,4,鋞,4,鋞,w344b0402,鋞,4,13709,鋞
1908,5,脛,5,脛,w344b0403,脛,5,13710,脛
1908,6,𢙼,6,𢙼,w344b0404,𢙼,6,13711,𢙼
1908,7,緈,7,緈,w344b0405,緈,7,13712,緈
1909,1,醒,1,醒,w344b0406,醒,1,13713,醒
1909,2,箵,2,箵,w344b0407,箵,2,13714,箵
1910,1,鞞,1,鞞,w344b0501,鞞,1,13715,鞞
1911,1,褧,1,褧,w344b0502,褧,1,13716,褧
1911,2,檾,2,檾,w344b0503,檾,2,13717,檾
1911,3,苘,3,苘,w344b0504,苘,3,13718,苘
1911,4,烓,4,烓,w344b0505,烓,4,13719,烓
1911,5,顈,5,顈,w344b0506,顈,5,13720,顈
1911,6,絅,6,絅,w344b0601,絅,6,13721,絅
1912,1,剄,1,剄,w344b0602,剄,1,13722,剄
1912,2,烴,2,烴,w344b0603,烴,2,13723,烴
1913,1,頩,1,頩,w344b0604,頩,1,13724,頩
1914,1,巊,1,巊,w344b0605,巊,1,13725,巊
1914,2,𩳍,2,𩳍,w344b0606,𩳍,2,13726,𩳍
1914,3,瀴,3,瀴,w344b0607,瀴,3,13727,瀴
1915,1,笭,1,笭,w344b0701,笭,1,13728,笭
1915,2,𦊓,2,𦊓,w344b0702,𦊓,2,13729,𦊓
1915,3,冷,3,冷,w344b0703,冷,3,13730,冷
1916,1,竝,1,竝,w344b0704,竝,1,13731,竝
1916,2,並,2,並,w344b0801,並,2,13732,並
1916,3,鮩,3,鮩,w344b0802,鮩,3,13733,鮩
1916,4,併,4,併,w344b0803,併,4,13734,併
1917,1,詗,1,詗,w344b0804,詗,1,13735,詗
1918,1,䀴,1,䀴,w344b0805,䀴,1,13736,䀴
1918,2,矨,2,矨,w344b0806,矨,2,13737,矨
1919,1,拯,1,拯,w344b0901,拯,1,13738,拯
1919,2,抍,2,抍,w344b0902,抍,2,13739,抍
1919,3,撜,3,撜,w344b0903,撜,3,13740,撜
1919,4,𨋬,4,𨋬,w344b0904,⿱氶車〈𨋬〉,4,13741,𨋬
1919,5,氶,5,氶,w344b0905,氶,5,13742,氶
1920,1,庱,1,庱,w344b0906,庱,1,13743,庱
1921,1,殑,1,殑,w344b1001,殑,1,13744,殑
1922,1,㱡,1,㱡,w344b1002,㱡,1,13745,㱡
1923,1,等,1,等,w345a0101,等,1,13746,等
1924,1,倗,1,倗,w345a0102,倗,1,13747,倗
1924,2,䣙,2,䣙,w345a0103,䣙,2,13748,剻
1925,1,肯,1,肯,w345a0201,肯,1,13749,肯
1925,2,肎,2,肎,w345a0202,肎,2,13750,肎
1926,1,能,1,能,w345a0203,能,1,13751,能
1927,1,有,1,有,w345a0301,有,1,13752,有
1927,2,右,2,右,w345a0302,右,2,13753,右
1927,3,䳑,3,䳑,w345a0501,䳑,3,13754,䳑
1927,4,友,4,友,w345a0502,友,4,13755,友
1927,5,㕛,5,㕛,w345a0503,㕛,5,13756,㕛
1927,6,䀁,6,䀁,w345a0504,䀁,6,13757,䀁
1927,7,𥁓,7,𥁓,w345a0505,𥁓,7,13758,𥁓
1927,8,栯,8,栯,w345a0506,栯,8,13759,栯
1927,9,䒴,9,䒴,w345a0601,䒴,9,13760,䒴
1928,1,柳,1,柳,w345a0602,柳,1,13761,柳
1928,2,罶,2,罶,w345a0701,罶,2,13762,罶
1928,3,𦊑,3,𦊑,w345a0801,𦊑,3,13763,𦊑
1928,4,懰,4,懰,w345a0802,懰,4,13764,懰
1928,5,珋,5,珋,w345a0803,珋,5,13765,珋
1928,6,𩖴,6,𩖴,w345a0804,𩖴,6,13766,𩖴
1928,7,嬼,7,嬼,w345a0805,嬼,7,13767,嬼
1928,8,䉧,8,䉧,w345a0806,䉧,8,13768,䉧
1928,9,𪕋,9,𪕋,w345a0807,𪕋,9,13769,𪕋
1928,10,熮,10,熮,w345a0901,熮,10,13770,熮
1928,11,瀏,11,瀏,w345a0902,瀏,11,13771,瀏
1928,12,綹,12,綹,w345a0903,綹,12,13772,綹
1928,13,𨋖,13,𨋖,w345a0904,𨋖,13,13773,𨋖
1928,14,茆,14,茆,w345a0905,茆,14,13774,茆
1929,1,狃,1,狃,w345a0906,狃,1,13775,狃
1929,2,紐,2,紐,w345a1001,紐,2,13776,紐
1929,3,鈕,3,鈕,w345a1002,鈕,3,13777,鈕
1929,4,杻,4,杻,w345a1003,杻,4,13778,杻
1929,5,莥,5,莥,w345a1004,｛莥｝,5,13779,莥
1929,6,禸,6,禸,w345a1005,𠘯,6,13780,𠘯
1929,7,扭,7,扭,w345b0101,扭,7,13781,扭
1929,8,𢔟,8,𢔟,w345b0102,𢔟,8,13782,𢔟
1929,9,䏔,9,䏔,w345b0103,䏔,9,13783,䏔
1929,10,𨙺,10,𨙺,w345b0104,𨙺,10,13784,𨙺
1929,11,𦱙〈莥〉,11,𦱙,w345b0105,𦱙〈莥〉,11,13785,𦱙
1930,1,丑,1,丑,w345b0106,丑,1,13786,丑
1930,2,杻,2,杻,w345b0201,杻,2,13787,杻
1930,3,杽,3,杽,w345b0202,杽,3,13788,杽
1931,1,肘,1,肘,w345b0203,肘,1,13789,肘
1931,2,疛,2,疛,w345b0204,疛,2,13790,疛
1931,3,𤶡,3,𤶡,w345b0205,𤶡,3,13791,𤶡
1931,4,扭,4,扭,w345b0206,扭,4,13792,扭
1932,1,朽,1,朽,w345b0207,朽,1,13793,朽
1932,2,㱙,2,㱙,w345b0301,㱙,2,13794,㱙
1932,3,㽲,3,㽲,w345b0302,㽲,3,13795,㽲
1932,4,殠,4,殠,w345b0303,殠,4,13796,殠
1933,1,久,1,久,w345b0304,久,1,13797,久
1933,2,九,2,九,w345b0305,九,2,13798,九
1933,3,玖,3,玖,w345b0401,玖,3,13799,玖
1933,4,灸,4,灸,w345b0402,灸,4,13800,灸
1933,5,韭,5,韭,w345b0501,韭,5,13801,韭
1933,6,𡚮,6,𡚮,w345b0502,𡚮,6,13802,𡚰
1933,7,𨾉,7,𨾉,w345b0503,𨾉,7,13803,𨾉
1934,1,首,1,首,w345b0504,首,1,13804,首
1934,2,𩠐,2,𩠐,w345b0601,𩠐,2,13805,𩠐
1934,3,𦣻,3,𦣻,w345b0602,𦣻,3,13806,𦣻
1934,4,手,4,手,w345b0603,手,4,13807,手
1934,5,守,6,守,w345b0604,守,6,13809,守
1934,6,䭭,5,䭭,w345b0605,䭭,5,13808,䭭
1935,1,醜,1,醜,w345b0606,醜,1,13810,醜
1935,2,𧃝,2,𧃝,w345b0701,𧃝,2,13811,𧃝
1935,3,魗,3,魗,w345b0702,魗,3,13812,魗
1936,1,湫,1,湫,w345b0703,湫,1,13813,湫
1936,2,愀,2,愀,w345b0801,愀,2,13814,愀
1937,1,婦,1,婦,w345b0802,婦,1,13815,婦
1937,2,䘀,2,䘀,w345b0803,䘀,2,13816,䘀
1937,3,負,3,負,w345b0901,負,3,13817,負
1937,4,萯,4,萯,w345b0902,萯,4,13818,萯
1937,5,蝜,5,蝜,w345b0903,蝜,5,13819,蝜
1937,6,阜,6,阜,w345b0904,阜,6,13820,阜
1937,7,𨸏,7,𨸏,w345b1001,𨸏,7,13821,𨸏
1937,8,𪃓,8,𪃓,w345b1002,𪃓,8,13822,𪃓
1937,9,偩,9,偩,w345b1003,偩,9,13823,偩
1937,10,𦰺,10,𦰺,w345b1004,𦰺,10,13824,𦰺
1937,11,𨹺〈𩣸〉,11,𨹺〈𩣸〉,w345b1005,𨹺〈𩣸〉,11,13825,𨹺
1937,12,䧞,12,䧞,w346a0101,䧞,12,13826,䧞
1937,13,㷆,13,㷆,w346a0102,㷆,13,13827,㷆
1937,14,菩,14,菩,w346a0103,菩,14,13828,菩
1937,15,𧌈,15,𧌈,w346a0104,𧌈,15,13829,𧌈
1938,1,缶,1,缶,w346a0105,缶,1,13830,缶
1938,2,缹,2,缹,w346a0201,缹,2,13831,缹
1938,3,否,3,否,w346a0202,否,3,13832,否
1938,4,不,4,不,w346a0203,不,4,13833,不
1938,5,鴀,5,鴀,w346a0301,鴀,5,13834,鴀
1938,6,痞,6,痞,w346a0302,痞,6,13835,痞
1938,7,殕,7,殕,w346a0303,殕,7,13836,殕
1938,8,𡜊,8,𡜊,w346a0304,𡜊,8,13837,𡜊
1939,1,糗,1,糗,w346a0305,糗,1,13838,糗
1940,1,蹂,1,蹂,w346a0401,蹂,1,13839,蹂
1940,2,楺,2,楺,w346a0402,楺,2,13840,楺
1940,3,煣,3,煣,w346a0403,煣,3,13841,煣
1940,4,輮,4,輮,w346a0404,輮,4,13842,輮
1940,5,沑,5,沑,w346a0405,沑,5,13843,沑
1940,6,禸,6,禸,w346a0501,𠘯,6,13844,𠘯
1940,7,葇,7,葇,w346a0502,葇,7,13845,葇
1940,8,𥠊,8,𥠊,w346a0503,𥠊,8,13846,𥠊
1940,9,韖,9,韖,w346a0504,韖,9,13847,韖
1940,10,粈,10,粈,w346a0505,粈,10,13848,粈
1941,1,舅,1,舅,w346a0506,舅,1,13849,舅
1941,2,倃,2,倃,w346a0601,倃,2,13850,倃
1941,3,臼,3,臼,w346a0602,臼,3,13851,臼
1941,4,齨,4,齨,w346a0603,齨,4,13852,齨
1941,5,麔,5,麔,w346a0701,麔,5,13853,麔
1941,6,䳎,6,䳎,w346a0702,䳎,6,13854,䳎
1941,7,咎,7,咎,w346a0703,咎,7,13855,咎
1941,8,䊆,8,䊆,w346a0704,䊆,8,13856,䊆
1941,9,𤷑,9,𤷑,w346a0705,𤷑,9,13857,𤷑
1941,10,𢛃,10,𢛃,w346a0801,𢛃,10,13858,𢛃
1941,11,䛮,11,䛮,w346a0802,䛮,11,13859,䛮
1942,1,紂,1,紂,w346a0803,紂,1,13860,紂
1942,2,䈙,2,䈙,w346a0804,䈙,2,13861,䈙
1942,3,鮦,3,鮦,w346a0805,鮦,3,13862,鮦
1942,4,葤,4,葤,w346a0901,葤,4,13863,葤
1942,5,棸,5,棸,w346a0902,棸,5,13864,棸
1942,6,𦡴,6,𦡴,w346a0903,𦡴,6,13865,𦡴
1943,1,酉,1,酉,w346a0904,酉,1,13866,酉
1943,2,丣,2,丣,w346a1001,丣,2,13867,丣
1943,3,誘,3,誘,w346a1002,誘,3,13868,誘
1943,4,㕗,4,㕗,w346a1003,㕗,4,13869,𦍶
1943,5,䛻,5,䛻,w346b0101,䛻,5,13870,䛻
1943,6,牖,6,牖,w346b0102,牖,6,13871,牖
1943,7,卣,7,卣,w346b0103,卣,7,13872,卣
1943,8,槱,8,槱,w346b0104,槱,8,13873,槱
1943,9,𥟁〈𥙫〉,9,𥟁〈𥙫〉,w346b0201,𥟁〈𥙫〉,9,13874,𥟁
1943,10,莠,10,莠,w346b0202,莠,10,13875,莠
1943,11,羑,11,羑,w346b0203,羑,11,13876,羑
1943,12,庮,12,庮,w346b0204,庮,12,13877,庮
1943,13,蜏,13,蜏,w346b0301,蜏,13,13878,蜏
1943,14,㝌,14,㝌,w346b0302,㝌,14,13879,㝌
1943,15,𣣸,15,𣣸,w346b0303,𣣸,15,13880,𣣸
1943,16,琇,16,琇,w346b0304,琇,16,13881,琇
1943,17,梄,17,梄,w346b0401,梄,17,13882,梄
1943,18,𤪎,18,𤪎,w346b0402,𤪎,18,13883,𤪎
1943,19,輶,19,輶,w346b0403,輶,19,13884,輶
1943,20,𨣆,20,𨣆,w346b0404,𨣆〈𨡴〉,20,13885,𨣆
1943,21,𦏇,21,𦏇,w346b0405,𦏇〈湵〉,21,13886,𦏇
1944,1,受,1,受,w346b0406,受,1,13887,受
1944,2,壽,2,壽,w346b0501,壽,2,13888,壽
1944,3,𨞪,3,𨞪,w346b0601,𨞪,3,13889,𨞪
1944,4,璹,4,璹,w346b0602,璹,4,13890,璹
1944,5,綬,5,綬,w346b0701,綬,5,13891,綬
1945,1,滫,1,滫,w346b0702,滫,1,13892,滫
1945,2,糔,2,糔,w346b0801,糔,2,13893,糔
1945,3,醙,3,醙,w346b0802,醙,3,13894,醙
1945,4,𦄼,4,𦄼,w346b0803,𦄼,4,13895,𦄼
1946,1,䬀,1,䬀,w346b0804,䬀,1,13896,䬀
1946,2,䱂,2,䱂,w346b0805,䱂,2,13897,䱂
1946,3,懮,3,懮,w346b0806,懮,3,13898,懮
1947,1,酒,1,酒,w346b0901,酒,1,13899,酒
1948,1,溲,1,溲,w346b1001,𣸈,1,13900,𣸈
1949,1,帚,1,帚,w346b1002,帚,1,13901,帚
1949,2,箒,2,箒,w346b1003,箒,2,13902,箒
1949,3,鯞,3,鯞,w346b1004,鯞,3,13903,鯞
1949,4,晭,4,晭,w346b1005,晭,4,13904,晭
1949,5,𧳜,5,𧳜,w346b1006,𧳜,5,13905,𧳜
1950,1,㤱,1,㤱,w347a0101,㤱,1,13906,㤱
1950,2,紑,2,紑,w347a0102,紑,2,13907,紑
1950,3,𩂆,3,𩂆,w347a0103,𩂆,3,13908,𩂆
1951,1,掫,1,掫,w347a0104,掫,1,13909,掫
1951,2,搊,2,搊,w347a0105,搊,2,13910,搊
1951,3,𧌗,3,𧌗,w347a0106,𧌗,3,13911,𧌗
1952,1,𥣙,1,𥣙,w347a0107,𥣙,1,13912,𥣙
1953,1,𩋄,1,𩋄,w347a0201,𩋄,1,13913,𩋄
1953,2,𩌄,2,𩌄,w347a0202,𩌄,2,13914,𩌄
1954,1,秠,1,秠,w347a0203,秠,1,13915,秠
1955,1,厚,1,厚,w347a0401,厚,1,13916,厚
1955,2,垕,2,垕,w347a0402,垕,2,13917,垕
1955,3,後,3,後,w347a0403,後,3,13918,後
1955,4,𨒥,4,𨒥,w347a0501,𨒥,4,13919,𨒥
1955,5,后,5,后,w347a0502,后,5,13920,后
1955,6,郈,6,郈,w347a0503,郈,6,13921,郈
1955,7,㖃,7,㖃,w347a0504,㖃,7,13922,㖃
1956,1,母,1,母,w347a0505,母,1,13923,母
1956,2,牡,2,牡,w347a0601,牡,2,13924,牡
1956,3,某,3,某,w347a0602,某,3,13925,某
1956,4,拇,4,拇,w347a0603,拇,4,13926,拇
1956,5,胟,5,胟,w347a0701,胟,5,13927,胟
1956,6,畝,6,畝,w347a0702,𠭇,6,13928,𠭇
1956,7,畮,7,畮,w347a0703,畮,7,13929,畮
1956,8,畞,8,畞,w347a0704,畞,8,13930,畞
1956,9,莽,9,莽,w347a0705,莽,9,13931,莽
1956,10,𤝕,10,𤝕,w347a0706,𤝕,10,13932,𤝕
1956,11,𤵝,11,𤵝,w347a0801,𤵝,11,13933,𤵝
1956,12,踇,12,踇,w347a0802,踇,12,13934,踇
1956,13,𧿹,13,𧿹,w347a0803,𧿹,13,13935,𧿹
1956,14,䳇,14,䳇,w347a0804,䳇,14,13936,䳇
1957,1,部,1,部,w347a0805,部,1,13937,部
1957,2,培,2,培,w347a0806,培,2,13938,培
1957,3,犃,3,犃,w347a0901,犃,3,13939,犃
1957,4,䏽,4,䏽,w347a0902,䏽,4,13940,䏽
1957,5,瓿,5,瓿,w347a0903,瓿,5,13941,瓿
1957,6,䍌,6,䍌,w347a0904,䍌,6,13942,䍌
1957,7,䴺,7,䴺,w347a0905,䴺,7,13943,䴺
1957,8,篰,8,篰,w347a0906,篰,8,13944,篰
1957,9,蔀,9,蔀,w347a0907,蔀,9,13945,蔀
1957,10,婄,10,婄,w347a1001,婄,10,13946,婄
1958,1,斗,1,斗,w347a1002,斗,1,13947,斗
1958,2,㪷,2,㪷,w347a1003,㪷,2,13948,㪷
1958,3,枓,3,枓,w347b0101,枓,3,13949,枓
1958,4,蚪,4,蚪,w347b0102,蚪,4,13950,蚪
1958,5,阧,5,阧,w347b0103,阧,5,13951,阧
1958,6,陡,6,陡,w347b0104,陡,6,13952,陡
1958,7,抖,7,抖,w347b0105,抖,7,13953,抖
1958,8,襡,8,襡,w347b0106,襡,8,13954,襡
1959,1,𪌘,1,𪌘,w347b0107,𪌘,1,13955,𪌘
1959,2,飳,2,飳,w347b0108,飳,2,13956,飳
1959,3,妵,3,妵,w347b0201,妵,3,13957,妵
1959,4,黈,4,黈,w347b0202,黈,4,13958,黈
1959,5,𩿢,5,𩿢,w347b0203,𩿢,5,13959,𩿢
1959,6,蘣,6,蘣,w347b0204,蘣,6,13960,蘣
1959,7,斢,7,斢,w347b0205,斢,7,13961,斢
1959,8,鈄,8,鈄,w347b0301,鈄,8,13962,鈄
1959,9,䱏,9,䱏,w347b0302,䱏,9,13963,䱏
1960,1,苟,1,苟,w347b0303,苟,1,13964,苟
1960,2,玽,2,玽,w347b0304,玽,2,13965,玽
1960,3,狗,3,狗,w347b0401,狗,3,13966,狗
1960,4,垢,4,垢,w347b0402,垢,4,13967,垢
1960,5,笱,5,笱,w347b0403,笱,5,13968,笱
1960,6,𦊒,6,𦊒,w347b0404,𦊒,6,13969,𦊒
1960,7,耇,7,耇,w347b0405,耇,7,13970,耇
1960,8,詬,8,詬,w347b0406,詬,8,13971,詬
1960,9,枸,9,枸,w347b0501,枸,9,13972,枸
1960,10,茩,10,茩,w347b0502,茩,10,13973,茩
1960,11,岣,11,岣,w347b0503,岣,11,13974,岣
1960,12,敂,12,敂,w347b0504,敂,12,13975,敂
1960,13,豿,13,豿,w347b0505,豿,13,13976,豿
1961,1,藕,1,藕,w347b0506,藕,1,13977,藕
1961,2,蕅,2,蕅,w347b0507,蕅,2,13978,蕅
1961,3,偶,3,偶,w347b0601,偶,3,13979,偶
1961,4,耦,4,耦,w347b0602,耦,4,13980,耦
1961,5,髃,5,髃,w347b0603,髃,5,13981,髃
1961,6,㼴,6,㼴,w347b0604,㼴,6,13982,㼴
1962,1,㨐,1,㨐,w347b0605,㨐,1,13983,㨐
1962,2,掊,2,掊,w347b0701,掊,2,13984,掊
1963,1,㝅,1,㝅,w347b0702,㝅,1,13985,㝅
1963,2,㳶,2,㳶,w347b0703,㳶,2,13986,㳶
1963,3,陾,3,陾,w347b0704,陾,3,13987,陾
1963,4,𡝦,4,𡝦,w347b0705,𡝦,4,13988,𡝦
1963,5,啂,5,啂,w347b0706,啂,5,13989,啂
1963,6,𡭾,6,𡭾,w347b0707,𡭾,6,13990,𡭾
1964,1,叜,1,叜,w347b0801,叜,1,13991,叜
1964,2,叟,2,叟,w347b0802,叟,2,13992,叟
1964,3,傁,3,傁,w347b0803,𠋢,3,13993,𠊯
1964,4,嗾,4,嗾,w347b0804,嗾,4,13994,嗾
1964,5,𠻛,5,𠻛,w347b0805,𠻛,5,13995,𠻛
1964,6,瞍,6,瞍,w347b0806,𥈃,6,13996,𥈃
1964,7,謏,7,謏,w347b0807,𧩮,7,13997,𧩮
1964,8,擻,8,擻,w347b0901,擻,8,13998,擻
1964,9,藪,9,藪,w347b0902,藪,9,13999,藪
1964,10,籔,10,籔,w347b1001,籔,10,14000,籔
1964,11,䏂,11,䏂,w347b1002,𦖪,11,14001,𦖪
1964,12,廋,12,廋,w347b1003,廀,12,14002,廀
1964,13,棷,13,棷,w347b1004,棷,13,14003,棷
1964,14,駷,14,駷,w347b1005,駷,14,14004,駷
1964,15,操〈橾〉,15,操〈橾〉,w347b1006,操,15,14005,操
1965,1,吼,1,吼,w348a0101,吼,1,14006,吼
1965,2,吽,2,吽,w348a0102,吽,2,14007,吽
1965,3,呴,3,呴,w348a0103,呴,3,14008,呴
1965,4,㸸,4,㸸,w348a0104,㸸,4,14009,㸸
1965,5,𤘽,5,𤘽,w348a0105,𤘽,5,14010,𤘽
1965,6,蚼,6,蚼,w348a0106,蚼,6,14011,蚼
1965,7,㖃,7,㖃,w348a0107,㖃,7,14012,㖃
1966,1,剖,1,剖,w348a0108,剖,1,14013,剖
1966,2,婄,2,婄,w348a0201,婄,2,14014,婄
1966,3,蔀,3,蔀,w348a0202,蔀,3,14015,蔀
1966,4,䳝,4,䳝,w348a0203,䳝,4,14016,䳝
1966,5,䯽,5,䯽,w348a0204,䯽,5,14017,䯽
1967,1,歐,1,歐,w348a0205,歐,1,14018,歐
1967,2,嘔,2,嘔,w348a0301,嘔,2,14019,嘔
1967,3,毆,3,毆,w348a0302,毆,3,14020,毆
1967,4,㸸,4,㸸,w348a0303,㸸,4,14021,㸸
1967,5,𠙶,5,𠙶,w348a0304,𠙶,5,14022,𠙶
1967,6,塸,6,塸,w348a0305,塸,6,14023,塸
1967,7,䙔,7,䙔,w348a0306,䙔,7,14024,䙔
1968,1,塿,1,塿,w348a0307,塿,1,14025,塿
1968,2,嘍,2,嘍,w348a0401,嘍,2,14026,嘍
1968,3,簍,3,簍,w348a0402,簍,3,14027,簍
1968,4,甊,4,甊,w348a0403,甊,4,14028,甊
1968,5,𪍣,5,𪍣,w348a0404,𪍣,5,14029,𪍣
1968,6,嶁,6,嶁,w348a0405,嶁,6,14030,嶁
1968,7,㪹,7,㪹,w348a0501,㪹,7,14031,㪹
1968,8,謱,8,謱,w348a0502,謱,8,14032,謱
1968,9,漊,9,漊,w348a0503,漊,9,14033,漊
1968,10,䅹,10,䅹,w348a0504,䅹,10,14034,䅹
1969,1,走,1,走,w348a0505,走,1,14035,走
1970,1,口,1,口,w348a0601,口,1,14036,口
1970,2,扣,2,扣,w348a0602,扣,2,14037,扣
1970,3,㸸,3,㸸,w348a0603,㸸,3,14038,㸸
1970,4,𤘘,4,𤘘,w348a0604,𤘘,4,14039,𤘘
1970,5,釦,5,釦,w348a0605,釦,5,14040,釦
1970,6,叩,6,叩,w348a0606,叩,6,14041,叩
1970,7,𧥣,7,𧥣,w348a0607,𧥣,7,14042,𧥣
1970,8,𨙫,8,𨙫,w348a0701,𨙫,8,14043,𨙫
1970,9,竘,9,竘,w348a0702,竘,9,14044,竘
1971,1,䕆,1,䕆,w348a0703,䕆,1,14045,䕆
1971,2,𨪐,2,𨪐,w348a0704,𨪐,2,14046,𨪐
1971,3,𠁁,3,𠁁,w348a0705,𠁁,3,14047,𠁁
1971,4,揄,4,揄,w348a0706,揄,4,14048,揄
1971,5,𩿢,5,𩿢,w348a0801,𩿢,5,14049,𩿢
1971,6,襡,6,襡,w348a0802,襡,6,14050,襡
1972,1,鯫,1,鯫,w348a0803,鯫,1,14051,鯫
1973,1,趣,1,趣,w348a0804,趣,1,14052,趣
1973,2,取,2,取,w348a0901,取,2,14053,取
1973,3,棷,3,棷,w348a0902,棷,3,14054,棷
1974,1,黝,1,黝,w348a1001,黝,1,14055,黝
1974,2,怮,2,怮,w348a1002,怮,2,14056,怮
1974,3,䬀,3,䬀,w348a1003,䬀,3,14057,䬀
1974,4,蚴,4,蚴,w348a1004,蚴,4,14058,蚴
1974,5,泑,5,泑,w348a1005,泑,5,14059,泑
1974,6,眑,6,眑,w348b0101,眑,6,14060,眑
1974,7,𣢜,7,𣢜,w348b0102,𣢜,7,14061,𣢜
1975,1,糾,1,糾,w348b0103,糾,1,14062,糾
1975,2,赳,2,赳,w348b0104,赳,2,14063,赳
1975,3,朻,3,朻,w348b0105,朻,3,14064,朻
1975,4,𨷺〈鬮〉,4,𨷺〈鬮〉,w348b0201,𨷺〈鬮〉,4,14065,𨷺
1976,1,蟉,1,蟉,w348b0202,蟉,1,14066,蟉
1977,1,寑,1,寑,w348b0301,寑,1,14067,寑
1977,2,𡪢,2,𡪢,w348b0302,𡪢,2,14068,𡪢
1977,3,寢,3,寢,w348b0303,寢,3,14069,寢
1977,4,梫,4,梫,w348b0304,梫,4,14070,梫
1977,5,㾛,5,㾛,w348b0305,㾛,5,14071,㾛
1977,6,𡬓,6,𡬓,w348b0401,𡬓,6,14072,𡬓
1977,7,𦯈,7,𦯈,w348b0402,𦯈,7,14073,𦯈
1977,8,鋟,8,鋟,w348b0403,鋟,8,14074,鋟
1977,9,䤐,9,䤐,w348b0404,䤐,9,14075,䤐
1978,1,朕,1,朕,w348b0405,朕,1,14076,朕
1978,2,𦩗〈𦩎〉,2,𦩗〈𦩎〉,w348b0501,𦩗〈⿰舟灷〉,2,14077,𦩗
1978,3,鰧,3,鰧,w348b0502,鰧,3,14078,鰧
1978,4,螣,4,螣,w348b0503,螣,4,14079,螣
1978,5,栚,5,栚,w348b0504,栚,5,14080,栚
1978,6,顩,6,顩,w348b0505,顩,6,14081,顩
1979,1,坅,1,坅,w348b0506,坅,1,14082,坅
1980,1,廩,1,廩,w348b0601,廩,1,14083,廩
1980,2,㐭,2,㐭,w348b0602,㐭,2,14084,㐭
1980,3,懍,3,懍,w348b0603,懍,3,14085,懍
1980,4,菻,4,菻,w348b0604,菻,4,14086,菻
1980,5,凜,5,凜,w348b0605,凜,5,14087,凜
1980,6,顲,6,顲,w348b0606,顲,6,14088,顲
1980,7,𤎭,7,𤎭,w348b0607,𤎭,7,14089,𤎭
1980,8,癛,8,癛,w348b0701,癛,8,14090,癛
1981,1,罧,1,罧,w348b0702,罧,1,14091,罧
1981,2,伈,2,伈,w348b0703,伈,2,14092,伈
1982,1,踸,1,踸,w348b0704,踸,1,14093,踸
1982,2,鍖,2,鍖,w348b0705,鍖,2,14094,鍖
1982,3,䫖,3,䫖,w348b0706,䫖,3,14095,䫖
1983,1,䤐,1,䤐,w348b0801,䤐,1,14096,䤐
1983,2,𡩻〈寖〉,2,𡩻〈寖〉,w348b0802,𡩻,2,14097,𡩻
1983,3,䭙,3,䭙,w348b0803,䭙,3,14098,䭙
1983,4,䐶,4,䐶,w348b0804,䐶,4,14099,䐶
1984,1,荏,1,荏,w348b0805,荏,1,14100,荏
1984,2,飪,2,飪,w348b0806,飪,2,14101,飪
1984,3,餁,3,餁,w348b0901,餁,3,14102,餁
1984,4,䭃,4,䭃,w348b0902,䭃,4,14103,䭃
1984,5,稔,5,稔,w348b0903,稔,5,14104,稔
1984,6,栠,6,栠,w348b0904,栠,6,14105,栠
1984,7,恁,7,恁,w348b0905,恁,7,14106,恁
1984,8,袵,8,袵,w348b0906,袵,8,14107,袵
1984,9,䏕,9,䏕,w348b1001,䏕,9,14108,䏕
1984,10,䇮,10,䇮,w348b1002,䇮,10,14109,䇮
1984,11,棯,11,棯,w348b1003,棯,11,14110,棯
1984,12,𢆉,12,𢆉,w348b1004,𢆉,12,14111,𢆉
1984,13,銋,13,銋,w348b1005,銋,13,14112,銋
1984,14,腍,14,腍,w348b1006,腍,14,14113,腍
1985,1,枕,1,枕,w348b1007,枕,1,14114,枕
1985,2,䪴,2,䪴,w349a0101,䪴,2,14115,䪴
1985,3,䫬,3,䫬,w349a0102,䫬,3,14116,䫬
1986,1,沈,1,沈,w349a0103,沈,1,14117,沈
1986,2,邥,2,邥,w349a0201,邥,2,14118,邥
1986,3,宷,3,宷,w349a0202,宷,3,14119,宷
1986,4,審,4,審,w349a0203,審,4,14120,審
1986,5,㰂,5,㰂,w349a0301,㰂,5,14121,㰂
1986,6,瞫,6,瞫,w349a0302,瞫,6,14122,瞫
1986,7,諗,7,諗,w349a0401,諗,7,14123,諗
1986,8,䰼,8,䰼,w349a0402,䰼,8,14124,䰼
1986,9,魫,9,魫,w349a0403,魫,9,14125,魫
1986,10,淰,10,淰,w349a0404,淰,10,14126,淰
1986,11,㜤,11,㜤,w349a0501,㜤,11,14127,㜤
1986,12,䀢,12,䀢,w349a0502,䀢,12,14128,䀢
1986,13,𩶇,13,𩶇,w349a0503,𩶇,13,14129,𩶇
1986,14,𧀯,14,𧀯,w349a0504,𧀯,14,14130,𧀯
1987,1,葚,1,葚,w349a0505,葚,1,14131,葚
1987,2,𣞵,2,𣞵,w349a0506,𣞵,2,14132,𣞵
1988,1,甚,1,甚,w349a0601,甚,1,14133,甚
1988,2,訦,2,訦,w349a0602,訦,2,14134,訦
1989,1,瀋,1,瀋,w349a0603,瀋,1,14135,瀋
1990,1,墋,1,墋,w349a0604,墋,1,14136,墋
1990,2,醦,2,醦,w349a0701,醦,2,14137,醦
1990,3,磣,3,磣,w349a0702,磣,3,14138,磣
1991,1,拰,1,拰,w349a0703,拰,1,14139,拰
1992,1,噤,1,噤,w349a0704,噤,1,14140,噤
1992,2,䫴,2,䫴,w349a0705,䫴,2,14141,䫴
1992,3,凚,3,凚,w349a0706,凚,3,14142,凚
1992,4,唫,4,唫,w349a0801,唫,4,14143,唫
1993,1,錦,1,錦,w349a0802,錦,1,14144,錦
1994,1,蕈,1,蕈,w349a0803,蕈,1,14145,蕈
1995,1,僸,1,僸,w349a0901,僸,1,14146,僸
1995,2,趛,2,趛,w349a0902,趛,2,14147,趛
1996,1,㾕,1,㾕,w349a0903,㾕,1,14148,㾕
1996,2,瘮,2,瘮,w349a0904,瘮,2,14149,瘮
1996,3,槮,3,槮,w349a0905,槮,3,14150,槮
1997,1,稟,1,稟,w349a0906,稟,1,14151,稟
1998,1,㱃,1,㱃,w349a1001,㱃,1,14152,㱃
1998,2,飲,2,飲,w349a1002,飲,2,14153,飲
1998,3,𤃷,3,𤃷,w349a1003,𤃷,3,14154,𤃷
1999,1,品,1,品,w349a1004,品,1,14155,品
2000,1,𩖄,1,𩖄,w349b0101,𩖄,1,14156,𩖄
2000,2,顉,2,顉,w349b0102,顉,2,14157,顉
2001,1,廞,1,廞,w349b0103,廞,1,14158,廞
2002,1,戡,1,戡,w349b0201,戡,1,14159,戡
2002,2,㱽,2,㱽,w349b0202,㱽,2,14160,㱽
2003,1,潭,1,潭,w349b0203,潭,1,14161,潭
2004,1,𩒣,1,𩒣,w349b0204,𩒣,1,14162,𩒣
2005,1,感,1,感,w349b0401,感,1,14163,感
2005,2,𥸡,2,𥸡,w349b0402,𥸡,2,14164,𥸡
2005,3,鱤,3,鱤,w349b0403,鱤,3,14165,鱤
2005,4,灝,4,灝,w349b0404,灝,4,14166,灝
2005,5,贑,5,贑,w349b0405,贑,5,14167,贑
2005,6,䤗,6,䤗,w349b0406,䤗,6,14168,䤗
2005,7,贛,7,贛,w349b0501,贛,7,14169,贛
2005,8,㔶,8,㔶,w349b0502,㔶,8,14170,㔶
2005,9,𧆐,9,𧆐,w349b0503,𧆐,9,14171,𧆐
2005,10,䃭,10,䃭,w349b0504,䃭,10,14172,䃭
2005,11,灨,11,灨,w349b0505,灨,11,14173,灨
2006,1,禫,1,禫,w349b0601,禫,1,14174,禫
2006,2,䊤,2,䊤,w349b0602,䊤,2,14175,䊤
2006,3,䨢,3,䨢,w349b0603,䨢,3,14176,䨢
2006,4,黮,4,黮,w349b0604,黮,4,14177,黮
2006,5,窞,5,窞,w349b0605,窞,5,14178,窞
2006,6,髧,6,髧,w349b0701,髧,6,14179,髧
2006,7,萏,7,萏,w349b0702,萏,7,14180,萏
2006,8,𧂄,8,𧂄,w349b0703,𧂄,8,14181,𧂄
2006,9,倓,9,倓,w349b0704,倓,9,14182,倓
2006,10,𥥦〈𥥍〉,10,𥥦〈𥥍〉,w349b0705,𥥦,10,14183,𥥦
2006,11,𧡪,11,𧡪,w349b0706,𧡪,11,14184,𧡪
2006,12,醰,12,醰,w349b0707,醰,12,14185,醰
2006,13,嘾,13,嘾,w349b0708,嘾,13,14186,嘾
2006,14,贉,14,贉,w349b0801,贉,14,14187,贉
2006,15,譚,15,譚,w349b0802,譚,15,14188,譚
2006,16,𣛱,16,𣛱,w349b0803,𣛱,16,14189,𣛱
2007,1,晻,1,晻,w349b0804,晻,1,14190,晻
2007,2,黭,2,黭,w349b0805,黭,2,14191,黭
2007,3,揞,3,揞,w349b0901,揞,3,14192,揞
2007,4,唵,4,唵,w349b0902,唵,4,14193,唵
2007,5,隌,5,隌,w349b0903,隌,5,14194,隌
2007,6,罯,6,罯,w349b0904,罯,6,14195,罯
2007,7,黤,7,黤,w349b0905,黤,7,14196,黤
2007,8,㞄,8,㞄,w349b0906,㞄,8,14197,㞄
2007,9,𤃷,9,𤃷,w349b0907,𤃷,9,14198,𤃷
2008,1,腩,1,腩,w349b0908,腩,1,14199,腩
2008,2,湳,2,湳,w349b1001,湳,2,14200,湳
2008,3,䈒,3,䈒,w349b1002,䈒,3,14201,䈒
2008,4,䎃,4,䎃,w349b1003,𦐃,4,14202,𦐃
2008,5,揇,5,揇,w349b1004,揇,5,14203,揇
2008,6,萳,6,萳,w349b1005,萳,6,14204,萳
2009,1,襑,1,襑,w349b1006,襑,1,14205,襑
2009,2,𥁺〈𧖺〉,2,𥁺〈𧖺〉,w349b1007,𥁺〈𧖺〉,2,14206,𥁺
2009,3,䏙,3,䏙,w350a0101,䏙,3,14207,䏙
2009,4,嗿,4,嗿,w350a0102,嗿,4,14208,嗿
2009,5,黮,5,黮,w350a0103,黮,5,14209,黮
2010,1,歜,1,歜,w350a0104,歜,1,14210,歜
2010,2,㣅,2,㣅,w350a0105,㣅,2,14211,㣅
2010,3,䰼,3,䰼,w350a0106,䰼,3,14212,䰼
2010,4,㔆,4,㔆,w350a0201,㔆,4,14213,㔆
2011,1,慘,1,慘,w350a0202,慘,1,14214,慘
2011,2,憯,2,憯,w350a0203,憯,2,14215,憯
2011,3,朁,3,朁,w350a0204,朁,3,14216,朁
2011,4,黲,4,黲,w350a0205,黲,4,14217,黲
2011,5,㜗,5,㜗,w350a0301,㜗,5,14218,㜗
2011,6,傪,6,傪,w350a0302,傪,6,14219,傪
2011,7,噆,7,噆,w350a0303,噆,7,14220,噆
2011,8,䫩,8,䫩,w350a0304,䫩,8,14221,䫩
2012,1,顉,1,顉,w350a0305,顉,1,14222,顉
2012,2,㜝,2,㜝,w350a0401,㜝,2,14223,㜝
2012,3,嵁,3,嵁,w350a0402,嵁,3,14224,嵁
2013,1,昝,1,昝,w350a0403,昝,1,14225,昝
2013,2,寁,2,寁,w350a0404,寁,2,14226,寁
2013,3,撍,3,撍,w350a0405,撍,3,14227,撍
2014,1,糂,1,糂,w350a0406,糂,1,14228,糂
2014,2,糝,2,糝,w350a0501,糝,2,14229,糝
2014,3,糣,3,糣,w350a0502,糣,3,14230,糣
2014,4,𢕕,4,𢕕,w350a0503,𢕕,4,14231,𢕕
2014,5,㧲,5,㧲,w350a0504,㧲,5,14232,㧲
2014,6,槮,6,槮,w350a0505,槮,6,14233,槮
2014,7,䫩,7,䫩,w350a0601,䫩,7,14234,䫩
2014,8,䊉,8,䊉,w350a0602,䊉,8,14235,䊉
2015,1,坎,1,坎,w350a0603,坎,1,14236,坎
2015,2,歁,2,歁,w350a0604,歁,2,14237,歁
2015,3,惂,3,惂,w350a0701,惂,3,14238,惂
2015,4,輡,4,輡,w350a0702,輡,4,14239,輡
2015,5,錎,5,錎,w350a0703,錎,5,14240,錎
2015,6,轗,6,轗,w350a0704,轗,6,14241,轗
2015,7,埳,7,埳,w350a0705,埳,7,14242,埳
2015,8,顑,8,顑,w350a0706,顑,8,14243,顑
2015,9,竷,9,竷,w350a0801,竷,9,14244,竷
2015,10,臽,10,臽,w350a0802,臽,10,14245,臽
2016,1,頷,1,頷,w350a0803,頷,1,14246,頷
2016,2,頜,2,頜,w350a0804,頜,2,14247,頜
2016,3,𡣔〈㜝〉,3,𡣔〈㜝〉,w350a0805,𡣔〈㜝〉,3,14248,𡣊
2016,4,撼,4,撼,w350a0901,撼,4,14249,撼
2016,5,淊,5,淊,w350a0902,淊,5,14250,淊
2016,6,菡,6,菡,w350a0903,菡,6,14251,菡
2016,7,欿,7,欿,w350a0904,欿,7,14252,欿
2016,8,蜭,8,蜭,w350a0905,蜭,8,14253,蜭
2016,9,涵,9,涵,w350a0906,涵,9,14254,涵
2016,10,肣,10,肣,w350a0907,肣,10,14255,肣
2016,11,𢎘,11,𢎘,w350a1001,𢎘,11,14256,𢎘
2016,12,𢇞,12,𢇞,w350a1002,𢇞,12,14257,𢇞
2016,13,𢃗,13,𢃗,w350a1003,𢃗,13,14258,𢃗
2016,14,莟,14,莟,w350a1004,莟,14,14259,莟
2016,15,顄,15,顄,w350a1005,顄,15,14260,顄
2016,16,𡻡,16,𡻡,w350b0101,𡻡,16,14261,𡻡
2017,1,壈,1,壈,w350b0102,壈,1,14262,壈
2017,2,燣,2,燣,w350b0103,燣,2,14263,燣
2017,3,𨎹,3,𨎹,w350b0104,𨎹,3,14264,𨎹
2017,4,浨,4,浨,w350b0105,浨,4,14265,浨
2017,5,醂,5,醂,w350b0106,醂,5,14266,醂
2017,6,顲,6,顲,w350b0107,顲,6,14267,顲
2017,7,𠓭,7,𠓭,w350b0201,𠓭,7,14268,𠓭
2017,8,漤,9,漤,w350b0202,漤,8,14269,漤
2018,1,黕,1,黕,w350b0203,黕,1,14270,黕
2018,2,耽,2,耽,w350b0204,耽〈眈〉,2,14271,耽
2018,3,𡖓,3,𡖓,w350b0205,𡖓,3,14272,𡖓
2018,4,衴,4,衴,w350b0301,衴,4,14273,衴
2018,5,䪴,5,䪴,w350b0302,䪴,5,14274,䪴
2018,6,丼,6,丼,w350b0303,丼,6,14275,丼
2018,7,瓭,7,瓭,w350b0304,瓭,7,14276,瓭
2018,8,抌,8,抌,w350b0305,抌,8,14277,抌
2018,9,䉞,9,䉞,w350b0306,䉞,9,14278,䉞
2018,10,𥴶,10,𥴶,w350b0401,𥴶,10,14279,𥴶
2019,1,䫲,1,䫲,w350b0402,䫲,1,14280,䫲
2020,1,敢,1,敢,w350b0501,敢,1,14281,敢
2020,2,𠭖,2,𠭖,w350b0502,𠭖,2,14282,𠭖
2020,3,𣪏,3,𣪏,w350b0503,𣪏,3,14283,𣪏
2020,4,𢽤,4,𢽤,w350b0504,𢽤,4,14284,𢽤
2020,5,橄,5,橄,w350b0505,橄,5,14285,橄
2020,6,澉,6,澉,w350b0601,澉,6,14286,澉
2020,7,䇞,7,䇞,w350b0602,䇞,7,14287,䇞
2021,1,｛㶒｝,1,㶒,w350b0603,㶒,1,14288,㶒
2022,1,覽,1,覽,w350b0604,覽,1,14289,覽
2022,2,爁,2,爁,w350b0605,爁,2,14290,爁
2022,3,擥,3,擥,w350b0606,擥,3,14291,擥
2022,4,攬,4,攬,w350b0701,攬,4,14292,攬
2022,5,欖,5,欖,w350b0702,欖,5,14293,欖
2022,6,罱,6,罱,w350b0703,罱,6,14294,罱
2023,1,𦵹,1,𦵹,w350b0704,𦵹,1,14295,𦵹
2023,2,菼,2,菼,w350b0705,菼,2,14296,菼
2023,3,緂,3,緂,w350b0706,緂,3,14297,緂
2023,4,𤎥,4,𤎥,w350b0801,𤎥,4,14298,𤎥
2023,5,毯,5,毯,w350b0802,毯,5,14299,毯
2023,6,𦃖,6,𦃖,w350b0803,𦃖,6,14300,𦃖
2023,7,裧,7,裧,w350b0804,裧,7,14301,裧
2023,8,𠪚,8,𠪚,w350b0805,𠪚,8,14302,𠪚
2024,1,膽,1,膽,w350b0901,膽,1,14303,膽
2024,2,紞,2,紞,w350b0902,紞,2,14304,紞
2024,3,䃫,3,䃫,w350b0903,䃫,3,14305,䃫
2024,4,黵,4,黵,w350b0904,黵,4,14306,黵
2024,5,䒞,5,䒞,w350b0905,䒞,5,14307,䒞
2024,6,𪆻,6,𪆻,w350b1001,𪆻,6,14308,𪆻
2025,1,噉,1,噉,w350b1002,噉,1,14309,噉
2025,2,啖,2,啖,w350b1003,啖,2,14310,啖
2025,3,啗,3,啗,w350b1004,啗,3,14311,啗
2025,4,澹,4,澹,w350b1005,澹,4,14312,澹
2025,5,𥲄,5,𥲄,w351a0101,𥲄,5,14313,𥲄
2025,6,淡,6,淡,w351a0102,淡,6,14314,淡
2025,7,憺,7,憺,w351a0103,憺,7,14315,憺
2025,8,惔,8,惔,w351a0104,惔,8,14316,惔
2026,1,黲,1,黲,w351a0105,黲,1,14317,黲
2027,1,㛧,1,㛧,w351a0201,㛧,1,14318,㛧
2027,2,𩛎,2,𩛎,w351a0202,𩛎,2,14319,𩛎
2028,1,䭕,1,䭕,w351a0203,䭕,1,14320,䭕
2029,1,槧,1,槧,w351a0204,槧,1,14321,槧
2029,2,鏨,2,鏨,w351a0301,鏨,2,14322,鏨
2029,3,嵌,3,嵌,w351a0302,嵌,3,14323,嵌
2029,4,㟛,4,㟛,w351a0303,㟛,4,14324,㟛
2030,1,喊,1,喊,w351a0304,喊,1,14325,喊
2030,2,嚂,2,嚂,w351a0305,嚂,2,14326,嚂
2030,3,壏,3,壏,w351a0401,𡒓,3,14327,𡒓
2030,4,㯺,4,㯺,w351a0402,㯺,4,14328,㯺
2031,1,埯,1,埯,w351a0403,埯,1,14329,埯
2031,2,揜,2,揜,w351a0404,揜,2,14330,揜
2032,1,𠪚,1,𠪚,w351a0405,𠪚,1,14331,𠪚
2032,2,䖔,2,䖔,w351a0501,䖔,2,14332,䖔
2033,1,琰,1,琰,w351a0601,琰,1,14333,琰
2033,2,剡,2,剡,w351a0602,剡,2,14334,剡
2033,3,𨁹,3,𨁹,w351a0603,𨁹,3,14335,𨁹
2033,4,棪,4,棪,w351a0604,棪,4,14336,棪
2033,5,燄,5,燄,w351a0701,燄,5,14337,燄
2033,6,淡,6,淡,w351a0702,淡,6,14338,淡
2033,7,扊,7,扊,w351a0703,扊,7,14339,扊
2033,8,淊,8,淊,w351a0704,淊,8,14340,淊
2033,9,夵,9,夵,w351a0705,夵,9,14341,夵
2033,10,䎦,10,䎦,w351a0706,䎦,10,14342,䎦
2033,11,䌪,11,䌪,w351a0801,䌪,11,14343,䌪
2034,1,斂,1,斂,w351a0802,斂,1,14344,斂
2034,2,撿,2,撿,w351a0803,撿,2,14345,撿
2034,3,薟,3,薟,w351a0804,薟,3,14346,薟
2034,4,蘞,4,蘞,w351a0901,蘞,4,14347,蘞
2034,5,瀲,5,瀲,w351a0902,瀲,5,14348,瀲
2034,6,獫,6,獫,w351a0903,獫,6,14349,獫
2034,7,溓,7,溓,w351a0904,溓,7,14350,溓
2034,8,嬚,8,嬚,w351a0905,嬚,8,14351,嬚
2034,9,䭑,9,䭑,w351a0906,䭑,9,14352,䭑
2034,10,羷,10,羷,w351a0907,羷,10,14353,羷
2034,11,䌞,11,䌞,w351a1001,䌞,11,14354,䌞
2034,12,㰈,12,㰈,w351a1002,㰈,12,14355,㰈
2034,13,㯬,13,㯬,w351a1003,㯬,13,14356,㯬
2035,1,險,1,險,w351a1004,險,1,14357,險
2035,2,獫,2,獫,w351a1005,獫,2,14358,獫
2035,3,玁,3,玁,w351a1006,玁,3,14359,玁
2035,4,㛍,4,㛍,w351b0101,㛍,4,14360,㛍
2035,5,譣,5,譣,w351b0102,譣,5,14361,譣
2035,6,憸,6,憸,w351b0103,憸,6,14362,憸
2035,7,𩏩,7,𩏩,w351b0104,𩏩,7,14363,𩏩
2035,8,嶮,8,嶮,w351b0105,嶮,8,14364,嶮
2036,1,貶,1,貶,w351b0201,貶,1,14365,貶
2036,2,𦥘,2,𦥘,w351b0202,𦥘,2,14366,𦥘
2037,1,颭,1,颭,w351b0203,颭,1,14367,颭
2038,1,𩑳,1,𩑳,w351b0204,𩑳,1,14368,𩑳
2038,2,嵰,2,嵰,w351b0205,嵰,2,14369,嵰
2039,1,顩,1,顩,w351b0301,顩,1,14370,顩
2039,2,广,2,广,w351b0302,广,2,14371,广
2039,3,隒,3,隒,w351b0303,隒,3,14372,隒
2039,4,嬐,4,嬐,w351b0304,嬐,4,14373,嬐
2039,5,䲓,5,䲓,w351b0305,䲓,5,14374,䲓
2039,6,嶮,6,嶮,w351b0306,嶮,6,14375,嶮
2039,7,噞,7,噞,w351b0401,噞,7,14376,噞
2040,1,儉,1,儉,w351b0402,儉,1,14377,儉
2040,2,芡,2,芡,w351b0403,芡,2,14378,芡
2041,1,檢,1,檢,w351b0501,檢,1,14379,檢
2041,2,瞼,2,瞼,w351b0502,瞼,2,14380,瞼
2042,1,黶,1,黶,w351b0503,黶,1,14381,黶
2042,2,𥜒,2,𥜒,w351b0601,𥜒,2,14382,𥜒
2042,3,檿,3,檿,w351b0602,檿,3,14383,檿
2042,4,厭,4,厭,w351b0603,厭,4,14384,厭
2042,5,魘,5,魘,w351b0604,魘,5,14385,魘
2042,6,厴,6,厴,w351b0605,厴,6,14386,厴
2042,7,擪,7,擪,w351b0606,擪,7,14387,擪
2042,8,酓,8,酓,w351b0607,酓,8,14388,酓
2043,1,冉,1,冉,w351b0701,冉,1,14389,冉
2043,2,姌,2,姌,w351b0702,姌,2,14390,姌
2043,3,苒,3,苒,w351b0703,苒,3,14391,苒
2043,4,染,4,染,w351b0704,染,4,14392,染
2043,5,𩃵,5,𩃵,w351b0801,𩃵,5,14393,𩃵
2043,6,䎃,6,䎃,w351b0802,䎃,6,14394,䎃
2043,7,柟,7,柟,w351b0803,柟,7,14395,柟
2043,8,䣸,8,䣸,w351b0804,䣸,8,14396,䣸
2043,9,𥬕,9,𥬕,w351b0805,𥬕,9,14397,𥬕
2043,10,𡜉〈媣〉,10,𡜉〈媣〉,w351b0806,𡜉,10,14398,𡜉
2044,1,陝,1,陝,w351b0901,陝,1,14399,陝
2044,2,睒,2,睒,w351b0902,睒,2,14400,睒
2044,3,閃,3,閃,w351b1001,閃,3,14401,閃
2044,4,𧴭,4,𧴭,w351b1002,𧴭,4,14402,𧴭
2044,5,覢,5,覢,w351b1003,覢,5,14403,覢
2044,6,㴸,6,㴸,w351b1004,㴸,6,14404,㴸
2044,7,㚒,7,㚒,w351b1005,㚒,7,14405,㚒
2044,8,𡟨,8,𡟨,w351b1006,𡟨,8,14406,𡟨
2045,1,諂,1,諂,w351b1007,諂,1,14407,諂
2045,2,讇,2,讇,w352a0101,讇,2,14408,讇
2046,1,奄,1,奄,w352a0102,奄,1,14409,奄
2046,2,𩃗,2,𩃗,w352a0103,𩃗,2,14410,𩃗
2046,3,䣍,3,䣍,w352a0201,䣍,3,14411,䣍
2046,4,㭺,4,㭺,w352a0202,㭺,4,14412,㭺
2046,5,閹,5,閹,w352a0203,閹,5,14413,閹
2046,6,掩,6,掩,w352a0204,掩,6,14414,掩
2046,7,揜,7,揜,w352a0205,揜,7,14415,揜
2046,8,裺,8,裺,w352a0206,裺,8,14416,裺
2046,9,晻,9,晻,w352a0301,晻,9,14417,晻
2046,10,渰,10,渰,w352a0302,渰,10,14418,渰
2046,11,罨,11,罨,w352a0303,罨,11,14419,罨
2046,12,弇,12,弇,w352a0304,弇,12,14420,弇
2046,13,𣃰,13,𣃰,w352a0305,｛𣃰｝,13,14421,𣃰
2046,14,媕,14,媕,w352a0306,媕,14,14422,媕
2046,15,𤗎,15,𤗎,w352a0401,𤗎,15,14423,𤗎
2046,16,𡹮,16,𡹮,w352a0402,𡹮,16,14424,𡹮
2046,17,𣄉〈𣃳〉,17,𣄉,w352a0403,𣄉〈𣃳〉,17,14425,𣄉
2047,1,漸,1,漸,w352a0404,漸,1,14426,漸
2047,2,𥕌,2,𥕌,w352a0501,𥕌,2,14427,𥕌
2047,3,蔪,3,蔪,w352a0502,蔪,3,14428,蔪
2047,4,𦾶,4,𦾶,w352a0503,𦾶,4,14429,𦾶
2047,5,䟅,5,䟅,w352a0504,䟅,5,14430,䟅
2047,6,嚵,6,嚵,w352a0505,嚵,6,14431,嚵
2047,7,䤔,7,䤔,w352a0601,䤔,7,14432,䤔
2047,8,鏨,8,鏨,w352a0602,鏨,8,14433,鏨
2047,9,螹,9,螹,w352a0603,螹,9,14434,螹
2047,10,槧,10,槧,w352a0604,槧,10,14435,槧
2048,1,憸,1,憸,w352a0605,憸,1,14436,憸
2048,2,䤘,2,䤘,w352a0606,䤘,2,14437,䤘
2049,1,𩟗,1,𩟗,w352a0607,𩟗,1,14438,𩟗
2050,1,脥,1,脥,w352a0701,脥,1,14439,脥
2051,1,剡,1,剡,w352a0702,剡,1,14440,剡
2052,1,忝,1,忝,w352a0801,忝,1,14441,忝
2052,2,䄼,2,䄼,w352a0802,䄼,2,14442,䄼
2052,3,栝,3,栝,w352a0803,栝,3,14443,栝
2052,4,銛,4,銛,w352a0804,銛,4,14444,銛
2052,5,悿,5,悿,w352a0805,悿,5,14445,悿
2053,1,淰,1,淰,w352a0901,淰,1,14446,淰
2053,2,㜤,2,㜤,w352a0902,㜤,2,14447,㜤
2053,3,𨸱,3,𨸱,w352a0903,𨸱,3,14448,𨸱
2053,4,姌,4,姌,w352a0904,姌,4,14449,姌
2054,1,點,1,點,w352a0905,㸃,1,14450,點
2054,2,玷,2,玷,w352a0906,玷,2,14451,玷
2054,3,𦒻,3,𦒻,w352a0907,𦒻,3,14452,𦒻
2054,4,㓠,4,㓠,w352a1001,㓠,4,14453,㓠
2054,5,䍄,5,䍄,w352a1002,䍄,5,14454,䍄
2055,1,簟,1,簟,w352a1003,簟,1,14455,簟
2055,2,扂,2,扂,w352a1004,扂,2,14456,扂
2055,3,𠂼,3,𠂼,w352a1005,𠂼,3,14457,𠂼
2055,4,驔,4,驔,w352a1006,驔,4,14458,驔
2055,5,㶘,5,㶘,w352a1007,㶘,5,14459,㶘
2055,6,橝,6,橝,w352b0101,橝,6,14460,橝
2056,1,嗛,1,嗛,w352b0102,嗛,1,14461,嗛
2056,2,歉,2,歉,w352b0103,歉,2,14462,歉
2056,3,慊,3,慊,w352b0104,慊,3,14463,慊
2056,4,膁,4,膁,w352b0105,膁,4,14464,膁
2057,1,稴,1,稴,w352b0106,稴,1,14465,稴
2057,2,溓,2,溓,w352b0201,溓,2,14466,溓
2057,3,𤬓,3,𤬓,w352b0202,𤬓,3,14467,𤬓
2058,1,鼸,1,鼸,w352b0203,鼸,1,14468,鼸
2058,2,㺌,2,㺌,w352b0204,㺌,2,14469,㺌
2059,1,憯,1,憯,w352b0205,憯,1,14470,憯
2060,1,孂,1,孂,w352b0206,孂,1,14471,孂
2061,1,𡕢,1,𡕢,w352b0301,𡕢,1,14472,𡕢
2061,2,厸,2,厸,w352b0302,厸,2,14473,厸
2062,1,儼,1,儼,w352b0401,儼,1,14474,儼
2062,2,广,2,广,w352b0402,广,2,14475,广
2062,3,𠆲,3,𠆲,w352b0403,𠆲,3,14476,𠆲
2062,4,㢂,4,㢂,w352b0404,㢂,4,14477,㢂
2062,5,礹,5,礹,w352b0405,礹,5,14478,礹
2062,6,𢇘,6,𢇘,w352b0501,𢇘,6,14479,𢇘
2062,7,曮,7,曮,w352b0502,曮,7,14480,曮
2063,1,欦,1,欦,w352b0503,欦,1,14481,欦
2063,2,𩒥〈𩒣〉,2,𩒥〈𩒣〉,w352b0504,𩒥〈𩒣〉,2,14482,𩒥
2063,3,䇜,3,䇜,w352b0505,䇜,3,14483,䇜
2064,1,埯,1,埯,w352b0506,埯,1,14484,埯
2064,2,𣃧〈𣃳〉,2,𣃧〈𣃳〉,w352b0507,𣃧〈𣃴〉,2,14485,𣃧
2065,1,豏,1,豏,w352b0601,豏,1,14486,豏
2065,2,減,2,減,w352b0602,減,2,14487,減
2065,3,㺝,3,㺝,w352b0603,㺝,3,14488,㺝
2065,4,喊,4,喊,w352b0604,喊,4,14489,喊
2065,5,㺌,5,㺌,w352b0605,㺌,5,14490,㺌
2065,6,𡞣,6,𡞣,w352b0606,𡞣,6,14491,𡞣
2065,7,𥻇,7,𥻇,w352b0607,𥻇,7,14492,𥻇
2065,8,甉,8,甉,w352b0701,甉,8,14493,甉
2066,1,湛,1,湛,w352b0702,湛,1,14494,湛
2066,2,㴴,2,㴴,w352b0703,㴴,2,14495,㴴
2066,3,偡,3,偡,w352b0704,偡,3,14496,偡
2067,1,㦿,1,㦿,w352b0801,㦿,1,14497,㦿
2067,2,𢜩,2,𢜩,w352b0802,𢜩,2,14498,𢜩
2067,3,歉,3,歉,w352b0803,歉,3,14499,歉
2067,4,撖,4,撖,w352b0804,撖,4,14500,撖
2067,5,䫡,5,䫡,w352b0805,䫡,5,14501,䫡
2067,6,𣓅,6,𣓅,w352b0806,𣓅,6,14502,𣓅
2067,7,槏,7,槏,w352b0807,槏,7,14503,槏
2068,1,鹼,1,鹼,w352b0901,鹼,1,14504,鹼
2068,2,鹻,2,鹻,w352b0902,鹻,2,14505,鹻
2068,3,減,3,減,w352b0903,減,3,14506,減
2068,4,𥳒,4,𥳒,w352b0904,𥳒,4,14507,𥳒
2069,1,瀺,1,瀺,w352b0905,瀺,1,14508,瀺
2069,2,嶃,2,嶃,w352b0906,嶃,2,14509,嶃
2069,3,嵁,3,嵁,w352b1001,嵁,3,14510,嵁
2070,1,臉,1,臉,w352b1002,臉,1,14511,臉
2070,2,醶,2,醶,w352b1003,醶,2,14512,醶
2071,1,斬,1,斬,w352b1004,斬,1,14513,斬
2072,1,䑎,1,䑎,w353a0101,䑎,1,14514,䑎
2072,2,䤘,2,䤘,w353a0102,䤘,2,14515,䤘
2073,1,闞〈鬫〉,1,闞〈鬫〉,w353a0103,闞,1,14516,闞
2073,2,欦,2,欦,w353a0104,欦,2,14517,欦
2074,1,摻,1,摻,w353a0105,摻,1,14518,摻
2074,2,㺑,2,㺑,w353a0106,㺑,2,14519,㺑
2074,3,醦,3,醦,w353a0201,醦,3,14520,醦
2074,4,𧀵,4,𧀵,w353a0202,𧀵,4,14521,𧀵
2075,1,黯,1,黯,w353a0203,黯,1,14522,黯
2076,1,喊,1,喊,w353a0204,喊,1,14523,喊
2077,1,𦊔,1,𦊔,w353a0205,𦊔,1,14524,𦊔
2077,2,𦌫,2,𦌫,w353a0301,𦌫,2,14525,𦌫
2077,3,淰,3,淰,w353a0302,淰,3,14526,淰
2078,1,𠐩,1,𠐩,w353a0303,𠐩,1,14527,𠐩
2078,2,旵,2,旵,w353a0304,旵,2,14528,旵
2079,1,檻,1,檻,w353a0401,檻,1,14529,檻
2079,2,艦,2,艦,w353a0402,艦,2,14530,艦
2079,3,壏,3,壏,w353a0403,壏,3,14531,壏
2079,4,𥽏,4,𥽏,w353a0404,𥽏,4,14532,𥽏
2079,5,㔋,5,㔋,w353a0405,㔋,5,14533,㔋
2079,6,濫,6,濫,w353a0501,濫,6,14534,濫
2079,7,𨏊,7,𨏊,w353a0502,𨏊,7,14535,𨏊
2079,8,轞,8,轞,w353a0503,轞,8,14536,轞
2079,9,㺝,9,㺝,w353a0504,㺝,9,14537,㺝
2079,10,撖,10,撖,w353a0505,撖,10,14538,撖
2080,1,䫡,1,䫡,w353a0506,䫡,1,14539,䫡
2081,1,㨻,1,㨻,w353a0601,㨻,1,14540,㨻
2081,2,㺑,2,㺑,w353a0602,㺑,2,14541,㺑
2082,1,黤,1,黤,w353a0603,黤,1,14542,黤
2082,2,𪒠,2,𪒠,w353a0604,𪒠,2,14543,𪒠
2083,1,醶,1,醶,w353a0605,醶,1,14544,醶
2084,1,㺖,1,㺖,w353a0701,㺖,1,14545,㺖
2084,2,豃,2,豃,w353a0702,豃,2,14546,豃
2085,1,巉,1,巉,w353a0703,巉,1,14547,巉
2086,1,范,1,范,w353a0801,范,1,14548,范
2086,2,範,2,範,w353a0802,範,2,14549,範
2086,3,軓,3,軓,w353a0901,軓,3,14550,軓
2086,4,笵,4,笵,w353a0902,笵,4,14551,笵
2086,5,犯,5,犯,w353a0903,犯,5,14552,犯
2086,6,𧍙,6,𧍙,w353a0904,𧍙,6,14553,𧍙
2087,1,錽,1,錽,w353a1001,錽,1,14554,錽
2087,2,𡕢,2,𡕢,w353a1002,𡕢,2,14555,𡕢
2087,3,𢨔,3,𢨔,w353a1003,𢨔,3,14556,𢨔
2088,1,𦜒,1,𦜒,w353b0101,𦜒,1,14557,𦜒
2089,1,凵,1,凵,w353b0102,凵,1,14558,凵
2089,2,㧄,2,㧄,w353b0103,㧄,2,14559,㧄
2090,1,釩,1,釩,w353b0104,釩,1,14560,釩
2091,1,𠑆,1,𠑆,w353b0105,𠑆,1,14561,𠑆
2091,2,𨇧,2,𨇧,w353b0201,𨇧,2,14562,𨇧
2092,1,送,1,送,w402b0201,送,1,14563,送
2092,2,鬆,2,鬆,w402b0202,鬆,2,14564,鬆
2092,3,凇,3,凇,w402b0203,凇,3,14565,凇
2093,1,鳳,1,鳳,w402b0204,鳳,1,14566,鳳
2093,2,𠤈,2,𠤈,w402b0401,贛,2,14567,𠤈
2094,1,貢,1,貢,w402b0402,貢,1,14568,貢
2094,2,贛,2,贛,w402b0403,贛,2,14569,贛
2094,3,𣹟,3,𣹟,w402b0501,𣹟,3,14570,𣹟
2094,4,虹,4,虹,w402b0502,虹,4,14571,虹
2094,5,羾,5,羾,w402b0503,羾,5,14572,羾
2094,6,𨹁,6,𨹁,w402b0504,𨹁,6,14573,𨹁
2094,7,䇨,7,䇨,w402b0505,䇨,7,14574,䇨
2094,8,㔶,8,㔶,w402b0601,㔶,8,14575,㔶
2094,9,㯯,9,㯯,w402b0602,㯯,9,14576,㯯
2094,10,𧆐,10,𧆐,w402b0603,𧆐,10,14577,𧆐
2095,1,弄,1,弄,w402b0604,弄,1,14578,弄
2095,2,𢙱,2,𢙱,w402b0605,𢙱,2,14579,𢙱
2095,3,梇,3,梇,w402b0606,梇,3,14580,梇
2095,4,礱,4,礱,w402b0701,礱,4,14581,礱
2095,5,哢,5,哢,w402b0702,哢,5,14582,哢
2095,6,㢅,6,㢅,w402b0703,㢅,6,14583,㢅
2095,7,㳥,7,㳥,w402b0704,㳥,7,14584,㳥
2096,1,涷,1,涷,w402b0705,涷,1,14585,涷
2096,2,凍,2,凍,w402b0706,凍,2,14586,凍
2096,3,棟,3,棟,w402b0801,棟,3,14587,棟
2096,4,湩,4,湩,w402b0802,湩,4,14588,湩
2096,5,㼯,5,㼯,w402b0803,㼯,5,14589,㼯
2096,6,𩭩,6,𩭩,w402b0804,𩭩,6,14590,𩭩
2096,7,䍶,7,䍶,w402b0805,䍶,7,14591,䍶
2097,1,控,1,控,w402b0901,控,1,14592,控
2097,2,倥,2,倥,w402b0902,倥,2,14593,倥
2097,3,悾,3,悾,w402b0903,悾,3,14594,悾
2097,4,鞚,4,鞚,w402b0904,鞚,4,14595,鞚
2097,5,空,5,空,w402b0905,空,5,14596,空
2097,6,𤗇,6,𤗇,w402b0906,𤗇,6,14597,𤗇
2098,1,糉,1,糉,w402b1001,糉,1,14598,糉
2098,2,粽,2,粽,w402b1002,粽,2,14599,粽
2098,3,䁓,3,䁓,w402b1003,䁓,3,14600,䁓
2098,4,傯,4,傯,w402b1004,偬,4,14601,偬
2098,5,㚇,5,㚇,w402b1005,㚇,5,14602,㚇
2098,6,鯼,6,鯼,w402b1006,鯼,6,14603,鯼
2098,7,緵,7,緵,w403a0101,緵,7,14604,緵
2099,1,瓮,1,瓮,w403a0102,瓮,1,14605,瓮
2099,2,甕,2,甕,w403a0103,甕,2,14606,甕
2099,3,𦉥,3,𦉥,w403a0104,𦉥,3,14607,𦉥
2099,4,罋,4,罋,w403a0105,罋,4,14608,罋
2099,5,𪖵,5,𪖵,w403a0106,𪖵,5,14609,𪖵
2100,1,謥,1,謥,w403a0107,𧩪,1,14610,𧩪
2100,2,憁,2,憁,w403a0201,愡,2,14611,愡
2101,1,洞,1,洞,w403a0202,洞,1,14612,洞
2101,2,恫,2,恫,w403a0203,恫,2,14613,恫
2101,3,眮,3,眮,w403a0204,眮,3,14614,眮
2101,4,絧,4,絧,w403a0205,絧,4,14615,絧
2101,5,㓊,5,㓊,w403a0206,㓊,5,14616,㓊
2101,6,峒,6,峒,w403a0301,峒,6,14617,峒
2101,7,詷,7,詷,w403a0302,詷,7,14618,詷
2101,8,胴,8,胴,w403a0303,胴,8,14619,胴
2101,9,慟,9,慟,w403a0304,慟,9,14620,慟
2101,10,筒,10,筒,w403a0305,筒,10,14621,筒
2101,11,駧,11,駧,w403a0306,駧,11,14622,駧
2101,12,衕,12,衕,w403a0307,衕,12,14623,衕
2101,13,迵,13,迵,w403a0308,迵,13,14624,迵
2101,14,戙〈㢥〉,14,戙〈㢥〉,w403a0309,戙〈㢥〉,14,14625,戙
2101,15,㗢,15,㗢,w403a0401,㗢,15,14626,㗢
2101,16,𩐵,16,𩐵,w403a0402,𩐵,16,14627,𩐵
2102,1,痛,1,痛,w403a0403,痛,1,14628,痛
2103,1,仲,1,仲,w403a0404,仲,1,14629,仲
2103,2,蟲,2,蟲,w403a0601,蟲,2,14630,蟲
2103,3,𩿀,3,𩿀,w403a0602,𩿀,3,14631,𩿀
2104,1,諷,1,諷,w403a0603,諷,1,14632,諷
2104,2,風,2,風,w403a0604,風,2,14633,風
2105,1,焪,1,焪,w403a0605,焪,1,14634,焪
2105,2,䛪,2,䛪,w403a0606,䛪,2,14635,䛪
2105,3,䠻,3,䠻,w403a0701,䠻,3,14636,䠻
2106,1,㝱,1,㝱,w403a0702,㝱,1,14637,㝱
2106,2,夢,2,夢,w403a0901,夢,2,14638,夢
2106,3,瞢,3,瞢,w403a0902,瞢,3,14639,瞢
2106,4,鄸,4,鄸,w403a0903,鄸,4,14640,鄸
2106,5,䠢,5,䠢,w403a0904,䠢,5,14641,䠢
2107,1,𧽒,1,𧽒,w403a0905,𧽒,1,14642,𧽒
2107,2,䠗,2,䠗,w403a1001,䠗,2,14643,䠗
2108,1,𢄐,1,𢄐,w403a1002,𢄐,1,14644,𢄐
2108,2,霿,2,霿,w403a1003,霿,2,14645,霿
2108,3,艨,3,艨,w403a1004,艨,3,14646,艨
2109,1,趥,1,趥,w403a1005,趥,1,14647,趥
2110,1,賵,1,賵,w403a1006,⿰貝冐〈賵〉,1,14648,賵
2110,2,麷,2,麷,w403b0101,麷,2,14649,麷
2111,1,𣀒,1,𣀒,w403b0102,𣀒,1,14650,𣀒
2111,2,𠏭,2,𠏭,w403b0103,𠏭,2,14651,𠏭
2112,1,中,1,中,w403b0104,中,1,14652,中
2112,2,衷,2,衷,w403b0105,衷,2,14653,衷
2113,1,哄,1,哄,w403b0106,哄,1,14654,哄
2113,2,烘,2,烘,w403b0201,烘,2,14655,烘
2113,3,港,3,港,w403b0202,港,3,14656,港
2113,4,閧〈鬨〉,4,閧〈鬨〉,w403b0203,閧〈鬨〉,4,14657,閧
2113,5,蕻,5,蕻,w403b0204,蕻,5,14658,蕻
2114,1,齈,1,齈,w403b0205,齈,1,14659,齈
2114,2,癑,2,癑,w403b0206,癑,2,14660,癑
2115,1,眾,1,眾,w403b0301,衆,1,14661,衆
2116,1,銃,1,銃,w403b0302,銃,1,14662,銃
2117,1,㓽,1,㓽,w403b0303,㓽,1,14663,㓽
2118,1,烘,1,烘,w403b0304,烘,1,14664,烘
2118,2,戇,2,戇,w403b0401,戇,2,14665,戇
2119,1,宋,1,宋,w403b0501,宋,1,14666,宋
2120,1,綜,1,綜,w403b0601,綜,1,14667,綜
2120,2,䝋,2,䝋,w403b0701,䝋,2,14668,䝋
2120,3,錝,3,錝,w403b0702,錝,3,14669,錝
2121,1,統,1,統,w403b0703,統,1,14670,統
2121,2,𪎽,2,𪎽,w403b0704,𪎽,2,14671,𪎽
2122,1,雺,1,雺,w403b0705,雺,1,14672,雺
2123,1,䃔,1,䃔,w403b0706,䃔,1,14673,䃔
2123,2,㗢,2,㗢,w403b0707,㗢,2,14674,㗢
2124,1,用,1,用,w403b0801,用,1,14675,用
2125,1,頌,1,頌,w403b0802,頌,1,14676,頌
2125,2,誦,2,誦,w403b0901,誦,2,14677,誦
2125,3,訟,3,訟,w403b0902,訟,3,14678,訟
2125,4,吅,4,吅,w403b0903,吅,4,14679,吅
2126,1,俸,1,俸,w403b0904,俸,1,14680,俸
2126,2,㡝,2,㡝,w403b0905,㡝,2,14681,㡝
2126,3,縫,3,縫,w403b0906,縫,3,14682,縫
2126,4,捀,4,捀,w403b1001,捀,4,14683,捀
2127,1,共,1,共,w403b1002,共,1,14684,共
2128,1,葑,1,葑,w403b1003,葑,1,14685,葑
2128,2,封,2,封,w403b1004,封,2,14686,封
2129,1,供,1,供,w404a0101,供,1,14687,供
2129,2,龏,2,龏,w404a0102,龏,2,14688,龏
2130,1,雍,1,雍,w404a0103,雍,1,14689,雍
2130,2,灉,2,灉,w404a0201,灉,2,14690,灉
2130,3,壅,3,壅,w404a0202,㙲,3,14691,㙲
2131,1,湩,1,湩,w404a0203,湩,1,14692,湩
2131,2,堹,2,堹,w404a0204,堹,2,14693,堹
2131,3,諥,3,諥,w404a0301,諥,3,14694,諥
2132,1,縱,1,縱,w404a0302,縱,1,14695,縱
2132,2,瘲,2,瘲,w404a0303,瘲,2,14696,瘲
2133,1,蹱,1,蹱,w404a0304,蹱,1,14697,蹱
2133,2,憃,2,憃,w404a0305,憃,2,14698,憃
2134,1,䩸,1,䩸,w404a0401,䩸,1,14699,䩸
2134,2,𩉪,2,𩉪,w404a0402,𩉪,2,14700,𩉪
2134,3,𩼅,3,𩼅,w404a0403,𩼅,3,14701,𩼅
2135,1,種,1,種,w404a0404,種,1,14702,種
2135,2,偅,2,偅,w404a0405,偅,2,14703,偅
2135,3,㼿,3,㼿,w404a0406,㼿,3,14704,㼿
2136,1,重,1,重,w404a0501,重,1,14705,重
2136,2,緟,2,緟,w404a0502,緟,2,14706,緟
2136,3,𨉢,3,𨉢,w404a0503,𨉢,3,14707,𨉢
2137,1,贚,1,贚,w404a0504,贚,1,14708,贚
2137,2,躘,2,躘,w404a0505,躘,2,14709,躘
2137,3,儱,3,儱,w404a0506,儱,3,14710,儱
2138,1,恐,1,恐,w404a0507,恐,1,14711,恐
2138,2,𢖶,2,𢖶,w404a0601,𢖶,2,14712,𢖶
2138,3,𦶐,3,𦶐,w404a0602,𦶐,3,14713,𦶐
2139,1,從,1,從,w404a0603,從,1,14714,從
2140,1,𢫨,1,𢫨,w404a0604,𢫨,1,14715,𢫨
2141,1,絳,1,絳,w404a0701,絳,1,14716,絳
2141,2,虹,2,虹,w404a0801,虹,2,14717,虹
2141,3,降,3,降,w404a0802,降,3,14718,降
2141,4,𡲣,4,𡲣,w404a0803,𡲣,4,14719,𡲣
2141,5,洚,5,洚,w404a0804,洚,5,14720,洚
2142,1,巷,1,巷,w404a0805,巷,1,14721,巷
2142,2,衖,2,衖,w404a0901,衖,2,14722,衖
2142,3,閧〈鬨〉,3,閧〈鬨〉,w404a0902,閧〈鬨〉,3,14723,閧
2143,1,戇,1,戇,w404a0903,戇,1,14724,戇
2144,1,䡴,1,䡴,w404a0904,䡴,1,14725,䡴
2144,2,憧,2,憧,w404a1001,憧,2,14726,憧
2144,3,𢤤,3,𢤤,w404a1002,𢤤,3,14727,𢤤
2144,4,幢,4,幢,w404a1003,幢,4,14728,幢
2144,5,撞,5,撞,w404a1004,撞,5,14729,撞
2144,6,艟,6,艟,w404a1005,艟,6,14730,艟
2145,1,𥈄,1,𥈄,w404a1006,𥈄,1,14731,𥈄
2145,2,䚎,2,䚎,w404b0101,䚎,2,14732,䚎
2146,1,漴,1,漴,w404b0102,漴,1,14733,漴
2147,1,肨,1,肨,w404b0103,肨,1,14734,肨
2148,1,䎫,1,䎫,w404b0104,䎫,1,14735,䎫
2149,1,淙,1,淙,w404b0105,淙,1,14736,淙
2149,2,㦼,2,㦼,w404b0201,㦼〈⿰舂弋〉,2,14737,㦼
2150,1,寘,1,寘,w404b0301,寘,1,14738,寘
2150,2,忮,2,忮,w404b0302,忮,2,14739,忮
2150,3,伎,3,伎,w404b0303,伎,3,14740,伎
2150,4,觶,4,觶,w404b0304,觶,4,14741,觶
2150,5,伿,5,伿,w404b0401,伿,5,14742,伿
2150,6,䚳,6,䚳,w404b0402,䚳,6,14743,䚳
2150,7,㩼,7,㩼,w404b0403,㩼,7,14744,𢻈
2150,8,𡽆,8,𡽆,w404b0404,𡽆,8,14745,𡽆
2151,1,避,1,避,w404b0405,避,1,14746,避
2152,1,惴,1,惴,w404b0406,惴,1,14747,惴
2152,2,𦥻,2,𦥻,w404b0407,𦥻,2,14748,𦥻
2152,3,𦦇,3,𦦇,w404b0408,𦦇,3,14749,𦦇
2153,1,詈,1,詈,w404b0501,詈,1,14750,詈
2153,2,荔,2,荔,w404b0502,荔,2,14751,荔
2153,3,離,3,離,w404b0503,離,3,14752,離
2153,4,㿛,4,㿛,w404b0504,㿛,4,14753,㿛
2153,5,珕,5,珕,w404b0601,珕,5,14754,珕
2153,6,𥶾,6,𥶾,w404b0602,𥶾,6,14755,𥶾
2154,1,豉,1,豉,w404b0603,豉,1,14756,豉
2154,2,𢻃,2,𢻃,w404b0604,𢻃,2,14757,𢻃
2154,3,𢐂,3,𢐂,w404b0605,𢐂,3,14758,𢐂
2154,4,鯷,4,鯷,w404b0606,鯷,4,14759,鯷
2154,5,䩃,5,䩃,w404b0701,䩃,5,14760,䩃
2154,6,䊓,6,䊓,w404b0702,䊓,6,14761,䊓
2155,1,積,1,積,w404b0703,積,1,14762,積
2155,2,㰣,2,㰣,w404b0704,㰣,2,14763,㰣
2155,3,𧂐,3,𧂐,w404b0705,𧂐,3,14764,𧂐
2155,4,𦎸,4,𦎸,w404b0801,𦎸,4,14765,𦎸
2156,1,賜,1,賜,w404b0802,賜,1,14766,賜
2156,2,𧀩,2,𧀩,w404b0803,𧀩,2,14767,𧀩
2156,3,澌,3,澌,w404b0804,澌,3,14768,澌
2156,4,𣩠,4,𣩠,w404b0805,𣩠,4,14769,𣩠
2156,5,儩,5,儩,w404b0901,儩,5,14770,儩
2156,6,杫,6,杫,w404b0902,杫,6,14771,杫
2157,1,爲,1,爲,w404b0903,爲,1,14772,爲
2158,1,䞈,1,䞈,w404b0904,䞈,1,14773,䞈
2158,2,垝,2,垝,w404b0905,垝,2,14774,垝
2158,3,㩻,3,㩻,w404b1001,㩻,3,14775,㩻
2158,4,攱,4,攱,w404b1002,攱,4,14776,攱
2158,5,𢈌,5,𢈌,w404b1003,𢈌,5,14777,𢈌
2159,1,帔,1,帔,w404b1004,帔,1,14778,帔
2159,2,秛,2,秛,w404b1005,秛,2,14779,秛
2159,3,襬,3,襬,w404b1006,襬,3,14780,襬
2160,1,賁,1,賁,w404b1007,賁,1,14781,賁
2160,2,佊,2,佊,w405a0101,佊,2,14782,佊
2160,3,詖,3,詖,w405a0102,詖,3,14783,詖
2160,4,貱,4,貱,w405a0103,貱,4,14784,貱
2160,5,陂,5,陂,w405a0104,陂,5,14785,陂
2160,6,跛,6,跛,w405a0201,跛,6,14786,跛
2160,7,藣,7,藣,w405a0202,藣,7,14787,藣
2161,1,髲,1,髲,w405a0203,髲,1,14788,髲
2161,2,被,2,被,w405a0301,被,2,14789,被
2161,3,鞁,3,鞁,w405a0302,鞁,3,14790,鞁
2161,4,㢰,4,㢰,w405a0303,㢰,4,14791,㢰
2161,5,旇,5,旇,w405a0304,旇,5,14792,旇
2161,6,𤿙,6,𤿙,w405a0305,𤿙,6,14793,𤿙
2162,1,累,1,累,w405a0401,累,1,14794,累
2163,1,寄,1,寄,w405a0402,寄,1,14795,寄
2163,2,䐀,2,䐀,w405a0403,䐀,2,14796,䐀
2163,3,徛,3,徛,w405a0404,徛,3,14797,徛
2164,1,臂,1,臂,w405a0405,臂,1,14798,臂
2165,1,芰,1,芰,w405a0501,芰,1,14799,芰
2165,2,騎,2,騎,w405a0502,騎,2,14800,騎
2165,3,鬾,3,鬾,w405a0503,鬾,3,14801,鬾
2165,4,輢,4,輢,w405a0504,輢,4,14802,輢
2165,5,䝸,5,䝸,w405a0505,䝸,5,14803,䝸
2165,6,㧘,6,㧘,w405a0506,㧘,6,14804,㧘
2165,7,汥,7,汥,w405a0601,汥,7,14805,汥
2165,8,䛋,8,䛋,w405a0602,䛋,8,14806,䛋
2166,1,刺,1,刺,w405a0603,刺,1,14807,刺
2166,2,刾,2,刾,w405a0701,刾,2,14808,刾
2166,3,㢀,3,㢀,w405a0702,㢀,3,14809,㢀
2166,4,朿,4,朿,w405a0703,朿,4,14810,朿
2166,5,㡹,5,㡹,w405a0704,㡹,5,14811,㡹
2166,6,𧧒,6,𧧒,w405a0705,𧧒,6,14812,𧧒
2166,7,莿,7,莿,w405a0801,莿,7,14813,莿
2166,8,庛,8,庛,w405a0802,庛,8,14814,庛
2166,9,蛓,9,蛓,w405a0803,蛓,9,14815,蛓
2166,10,䛋,10,䛋,w405a0804,䛋,10,14816,䛋
2167,1,易,1,易,w405a0805,易,1,14817,易
2167,2,㑥,2,㑥,w405a0901,㑥,2,14818,㑥
2167,3,貤,3,貤,w405a0902,貤,3,14819,貤
2167,4,伿,4,伿,w405a0903,伿,4,14820,伿
2167,5,㒾,5,㒾,w405a0904,㒾,5,14821,㒾
2167,6,敡,6,敡,w405a1001,敡,6,14822,敡
2168,1,議,1,議,w405a1002,議,1,14823,議
2168,2,誼,2,誼,w405a1003,誼,2,14824,誼
2168,3,竩,3,竩,w405a1004,竩,3,14825,竩
2168,4,𥫃,4,𥫃,w405a1005,𥫃,4,14826,𥫃
2168,5,𩈭,5,𩈭,w405a1006,𩈭,5,14827,𩈭
2168,6,義,6,義,w405b0101,義,6,14828,義
2169,1,譬,1,譬,w405b0102,譬,1,14829,譬
2169,2,㵨,2,㵨,w405b0201,㵨,2,14830,㵨
2170,1,漬,1,漬,w405b0202,漬,1,14831,漬
2170,2,眥,2,眥,w405b0203,眥,2,14832,眥
2170,3,𦎸,3,𦎸,w405b0204,𦎸,3,14833,𦎸
2170,4,㧘,4,㧘,w405b0205,㧘,4,14834,㧘
2170,5,㱴,5,㱴,w405b0301,㱴,5,14835,㱴
2170,6,髊,6,髊,w405b0302,髊,6,14836,髊
2170,7,𩨨〈骴〉,7,𩨨〈骴〉,w405b0303,𩨨〈骴〉,7,14837,骴
2170,8,胔,8,胔,w405b0304,胔,8,14838,胔
2171,1,智,1,智,w405b0305,智,1,14839,智
2171,2,𣉻,2,𣉻,w405b0401,𣉻〈⿱⿰知于日〉,2,14840,𣉻
2171,3,潪,3,潪,w405b0402,潪,3,14841,潪
2172,1,倚,1,倚,w405b0403,倚,1,14842,倚
2172,2,輢,2,輢,w405b0404,輢,2,14843,輢
2172,3,陭,3,陭,w405b0405,陭,3,14844,陭
2173,1,縋,1,縋,w405b0406,縋,1,14845,縋
2173,2,膇,2,膇,w405b0501,膇,2,14846,膇
2173,3,槌,3,槌,w405b0502,槌,3,14847,槌
2173,4,錘,4,錘,w405b0503,錘,4,14848,錘
2173,5,腄,5,腄,w405b0504,腄,5,14849,腄
2173,6,甀,6,甀,w405b0505,甀,6,14850,甀
2173,7,硾,7,硾,w405b0506,硾,7,14851,硾
2174,1,吹,1,吹,w405b0601,吹,1,14852,吹
2174,2,䶴,2,䶴,w405b0602,䶴,2,14853,䶴
2174,3,𥞃,3,𥞃,w405b0603,𥞃,3,14854,𥞃
2175,1,戲,1,戲,w405b0604,戲,1,14855,戲
2175,2,嚱,2,嚱,w405b0701,嚱,2,14856,嚱
2176,1,企,1,企,w405b0702,企,1,14857,企
2176,2,𢺵,2,𢺵,w405b0703,⿰上支〈𢺵〉,2,14858,𢺵
2176,3,跂,3,跂,w405b0704,跂,3,14859,跂
2176,4,𨑤,4,𨑤,w405b0705,𨑤,4,14860,𨑤
2176,5,蚑,5,蚑,w405b0801,蚑,5,14861,蚑
2176,6,吱,6,吱,w405b0802,吱,6,14862,吱
2177,1,縊,1,縊,w405b0803,縊,1,14863,縊
2177,2,㱲,2,㱲,w405b0804,㱲,2,14864,㱲
2177,3,螠,3,螠,w405b0805,螠,3,14865,螠
2178,1,翅,1,翅,w405b0901,翅,1,14866,翅
2178,2,翄,2,翄,w405b0902,翄,2,14867,翄
2178,3,𦐊,3,𦐊,w405b0903,𦐊,3,14868,𦐊
2178,4,施,4,施,w405b0904,施,4,14869,施
2178,5,馶,5,馶,w405b0905,馶,5,14870,馶
2178,6,啻,6,啻,w405b1001,啻,6,14871,啻
2178,7,鍦,7,鍦,w405b1002,鍦,7,14872,鍦
2178,8,䗐,8,䗐,w405b1003,䗐,8,14873,䗐
2178,9,䧴,9,䧴,w405b1004,䧴,9,14874,䧴
2178,10,卶,10,卶,w405b1005,卶,10,14875,卶
2178,11,𤖻,11,𤖻,w406a0101,𤖻,11,14876,𤖻
2178,12,㒾,12,㒾,w406a0102,㒾,12,14877,㒾
2178,13,翨,13,翨,w406a0103,翨,13,14878,翨
2179,1,屣,1,屣,w406a0104,屣,1,14879,屣
2179,2,灑,2,灑,w406a0201,灑,2,14880,灑
2179,3,𩌦,3,𩌦,w406a0202,𩌦,3,14881,𩌦
2179,4,襹,4,襹,w406a0203,襹,4,14882,襹
2179,5,曬,5,曬,w406a0204,曬,5,14883,曬
2180,1,觖,1,觖,w406a0205,觖,1,14884,觖
2181,1,餧,1,餧,w406a0206,餧,1,14885,餧
2181,2,萎,2,萎,w406a0301,萎,2,14886,萎
2181,3,䍴,3,䍴,w406a0302,䍴,3,14887,䍴
2181,4,𣨙,4,𣨙,w406a0303,𣨙,4,14888,𣨙
2182,1,僞,1,僞,w406a0304,僞,1,14889,僞
2183,1,毀,1,毀,w406a0305,毀,1,14890,毀
2184,1,恚,1,恚,w406a0401,恚,1,14891,恚
2184,2,㜇,2,㜇,w406a0402,㜇,2,14892,㜇
2185,1,睡,1,睡,w406a0403,睡,1,14893,睡
2185,2,瑞,2,瑞,w406a0404,瑞,2,14894,瑞
2185,3,𨿠,3,𨿠,w406a0501,𨿠,3,14895,𨿠
2185,4,䅜,4,䅜,w406a0502,䅜,4,14896,䅜
2186,1,馶,1,馶,w406a0503,馶,1,14897,馶
2186,2,翨,2,翨,w406a0504,翨,2,14898,翨
2187,1,䄲,1,䄲,w406a0601,䄲,1,14899,䄲
2188,1,卶,1,卶,w406a0602,卶,1,14900,卶
2189,1,䅗,1,䅗,w406a0603,䅗,1,14901,䅗
2189,2,瀡,2,瀡,w406a0604,瀡,2,14902,瀡
2190,1,娷,1,娷,w406a0605,娷,1,14903,娷
2190,2,諈,2,諈,w406a0701,諈,2,14904,諈
2191,1,瓗,1,瓗,w406a0702,瓗,1,14905,瓗
2191,2,纗,2,纗,w406a0703,纗,2,14906,纗
2191,3,䜜,3,䜜,w406a0704,䜜,3,14907,䜜
2191,4,贀,4,贀,w406a0705,贀,4,14908,贀
2192,1,諉,1,諉,w406a0706,諉,1,14909,諉
2192,2,㨅,2,㨅,w406a0801,㨅,2,14910,㨅
2192,3,㢻,3,㢻,w406a0802,㢻,3,14911,㢻
2193,1,瞡,1,瞡,w406a0803,瞡,1,14912,瞡
2194,1,𧙁,1,𧙁,w406a0804,𧙁,1,14913,𧙁
2194,2,𤿙,2,𤿙,w406a0805,𤿙,2,14914,𤿙
2195,1,孈,1,孈,w406a0806,孈,1,14915,孈
2196,1,㞆,1,㞆,w406a0901,㞆,1,14916,㞆
2196,2,掎,2,掎,w406a0902,掎,2,14917,掎
2197,1,至,1,至,w406a1001,至,1,14918,至
2197,2,摯,2,摯,w406a1002,摯,2,14919,摯
2197,3,贄,3,贄,w406a1003,贄,3,14920,贄
2197,4,鷙,4,鷙,w406b0101,鷙,4,14921,鷙
2197,5,礩,5,礩,w406b0102,礩,5,14922,礩
2197,6,䥍,6,䥍,w406b0201,䥍,6,14923,䥍
2197,7,鴲,7,鴲,w406b0202,鴲,7,14924,鴲
2197,8,懥,8,懥,w406b0203,〾懥〈懥〉,8,14925,懥
2197,9,䲀,9,䲀,w406b0204,䲀,9,14926,䲀
2197,10,𩊝,10,𩊝,w406b0205,𩊝,10,14927,𩊝
2197,11,𩊞,11,𩊞,w406b0206,𩊞,11,14928,𩊞
2197,12,𢄢,12,𢄢,w406b0207,𢄢,12,14929,𢄢
2197,13,𡠗,13,𡠗,w406b0301,𡠗,13,14930,𡠗
2198,1,位,1,位,w406b0302,位,1,14931,位
2199,1,郿,1,郿,w406b0303,郿,1,14932,郿
2199,2,媚,2,媚,w406b0304,媚,2,14933,媚
2199,3,魅,3,魅,w406b0305,魅,3,14934,魅
2199,4,鬽,4,鬽,w406b0401,鬽,4,14935,鬽
2199,5,篃,5,篃,w406b0402,篃,5,14936,篃
2199,6,蝞,6,蝞,w406b0403,蝞,6,14937,蝞
2199,7,嚜,7,嚜,w406b0404,嚜,7,14938,嚜
2199,8,䉋,8,䉋,w406b0405,䉋,8,14939,䉋
2199,9,煝,9,煝,w406b0406,煝,9,14940,煝
2199,10,娓,10,娓,w406b0407,娓,10,14941,娓
2200,1,遂,1,遂,w406b0501,遂,1,14942,遂
2200,2,彗,2,彗,w406b0502,彗,2,14943,彗
2200,3,隧,3,隧,w406b0601,隧,3,14944,隧
2200,4,襚,4,襚,w406b0602,襚,4,14945,襚
2200,5,旞,5,旞,w406b0603,旞,5,14946,旞
2200,6,璲,6,璲,w406b0604,璲,6,14947,璲
2200,7,檖,7,檖,w406b0605,檖,7,14948,檖
2200,8,𣔾,8,𣔾,w406b0701,𣔾,8,14949,𣔾
2200,9,𤓫,9,𤓫,w406b0702,𤓫,9,14950,𤓫
2200,10,𤎩,10,𤎩,w406b0703,𤎩,10,14951,𤎩
2200,11,燧,11,燧,w406b0704,燧,11,14952,燧
2200,12,澻,12,澻,w406b0801,澻,12,14953,澻
2200,13,䡵,13,䡵,w406b0802,䡵,13,14954,䡵
2200,14,鐆,14,鐆,w406b0803,鐆,14,14955,鐆
2200,15,鐩,15,鐩,w406b0804,鐩,15,14956,鐩
2200,16,穟,16,穟,w406b0805,穟,16,14957,穟
2200,17,𦼯,17,𦼯,w406b0806,𦼯,17,14958,𦼯
2200,18,蔧,18,蔧,w406b0901,蔧,18,14959,蔧
2200,19,𦂁,19,𦂁,w406b0902,𦂁,19,14960,𦂁
2200,20,㒸,20,㒸,w406b0903,㒸,20,14961,㒸
2200,21,𥝩,21,𥝩,w406b0904,𥝩,21,14962,𥝩
2200,22,穗,22,穗,w406b0905,穗,22,14963,穗
2200,23,䉌,23,䉌,w406b0906,䉌,23,14964,䉌
2200,24,𩏚,24,𩏚,w406b0907,𩏚,24,14965,𩏚
2201,1,醉,1,醉,w406b1001,醉,1,14966,醉
2201,2,檇,2,檇,w406b1002,檇,2,14967,檇
2202,1,邃,1,邃,w406b1003,邃,1,14968,邃
2202,2,祟,2,祟,w407a0101,祟,2,14969,祟
2202,3,誶,3,誶,w407a0102,誶,3,14970,誶
2202,4,粹,4,粹,w407a0103,粹,4,14971,粹
2202,5,睟,5,睟,w407a0104,睟,5,14972,睟
2202,6,𠭥,6,𠭥,w407a0105,𠭥,6,14973,𠭥
2202,7,賥,7,賥,w407a0201,賥,7,14974,賥
2202,8,譢,8,譢,w407a0202,譢,8,14975,譢
2202,9,𢢝,9,𢢝,w407a0203,𢢝,9,14976,𢢝
2203,1,類,1,類,w407a0204,類,1,14977,類
2203,2,淚,2,淚,w407a0301,淚,2,14978,淚
2203,3,瓃,3,瓃,w407a0302,瓃,3,14979,瓃
2203,4,𦝭,4,𦝭,w407a0303,𦝭,4,14980,𦝭
2203,5,垒,5,垒,w407a0304,垒,5,14981,垒
2203,6,蘱,6,蘱,w407a0305,蘱,6,14982,蘱
2203,7,纍,7,纍,w407a0401,纍,7,14983,纍
2203,8,䇐,8,䇐,w407a0402,䇐,8,14984,䇐
2203,9,禷,9,禷,w407a0403,禷,9,14985,禷
2204,1,祕,1,祕,w407a0404,祕,1,14986,祕
2204,2,毖,2,毖,w407a0501,毖,2,14987,毖
2204,3,閟,3,閟,w407a0502,閟,3,14988,閟
2204,4,轡,4,轡,w407a0503,轡,4,14989,轡
2204,5,柲,5,柲,w407a0504,柲,5,14990,柲
2204,6,鉍,6,鉍,w407a0505,鉍,6,14991,鉍
2204,7,泌,7,泌,w407a0506,泌,7,14992,泌
2204,8,鄪,8,鄪,w407a0507,鄪,8,14993,鄪
2204,9,費,9,費,w407a0601,費,9,14994,費
2204,10,䀣,10,䀣,w407a0602,䀣,10,14995,䀣
2204,11,䪐,11,䪐,w407a0603,䪐,11,14996,䪐
2204,12,邲〈𠨘〉,12,邲〈𠨘〉,w407a0604,邲〈𠨘〉,12,14997,邲
2204,13,粊,13,粊,w407a0605,粊,13,14998,粊
2204,14,䉾,14,䉾,w407a0606,⿱圵米〈䉾〉,14,14999,䉾
2204,15,𡛗,15,𡛗,w407a0607,𡛗,15,15000,𡛗
2205,1,匱,1,匱,w407a0608,匱,1,15001,匱
2205,2,蕢,2,蕢,w407a0701,蕢,2,15002,蕢
2205,3,臾,3,臾,w407a0702,臾,3,15003,臾
2205,4,饋,4,饋,w407a0703,饋,4,15004,饋
2205,5,餽,5,餽,w407a0704,餽,5,15005,餽
2205,6,𦆠,6,𦆠,w407a0801,𦆠,6,15006,𦆠
2205,7,櫃,7,櫃,w407a0802,櫃,7,15007,櫃
2205,8,樻,8,樻,w407a0803,樻,8,15008,樻
2205,9,鞼,9,鞼,w407a0804,鞼,9,15009,鞼
2205,10,簣,10,簣,w407a0805,簣,10,15010,簣
2205,11,𩌃,11,𩌃,w407a0806,𩌃,11,15011,𩌃
2206,1,濞,1,濞,w407a0807,濞,1,15012,濞
2206,2,嚊,2,嚊,w407a0901,嚊,2,15013,嚊
2206,3,䑄,3,䑄,w407a0902,䑄,3,15014,䑄
2206,4,㿙,4,㿙,w407a0903,⿸疒⿱𦋹犬〈㿙〉,4,15015,㿙
2206,5,𦤢,5,𦤢,w407a0904,⿱泊侖〈𦤢〉,5,15016,𦤢
2206,6,淠,6,淠,w407a0905,淠,6,15017,淠
2207,1,備,1,備,w407a0906,備,1,15018,備
2207,2,俻,2,俻,w407a1001,俻,2,15019,俻
2207,3,𤰇,3,𤰇,w407a1002,𤰇,3,15020,𤰇
2207,4,𤰈,4,𤰈,w407a1003,𤰈,4,15021,𤰈
2207,5,𡚤,5,𡚤,w407a1004,⿷𡚤丶〈𡚤〉,5,15022,𡚤
2207,6,奰,6,奰,w407a1005,⿱𦋹犬〈奰〉,6,15023,奰
2207,7,䑄,7,䑄,w407b0101,䑄,7,15024,䑄
2207,8,糒,8,糒,w407b0102,糒,8,15025,糒
2207,9,犕,9,犕,w407b0103,犕,9,15026,犕
2207,10,絥,10,絥,w407b0104,絥,10,15027,絥
2207,11,鞴,11,鞴,w407b0105,鞴,11,15028,鞴
2207,12,韍〈𩎓〉,12,韍〈𩎓〉,w407b0106,韍〈𩎓〉,12,15029,韍
2207,13,贔,13,贔,w407b0107,贔,13,15030,贔
2207,14,𣖾,14,𣖾,w407b0108,𣖾,14,15031,𣖾
2207,15,㣁,15,㣁,w407b0201,㣁,15,15032,㣁
2207,16,䨽,16,䨽,w407b0202,䨽,16,15033,𩇯
2207,17,㸢,17,㸢,w407b0203,㸢,17,15034,㸢
2208,1,媿,1,媿,w407b0204,媿,1,15035,媿
2208,2,愧,2,愧,w407b0205,愧,2,15036,愧
2208,3,聭,3,聭,w407b0206,聭,3,15037,聭
2208,4,謉,4,謉,w407b0207,謉,4,15038,謉
2208,5,騩,5,騩,w407b0208,騩,5,15039,騩
2208,6,䁛,6,䁛,w407b0301,䁛,6,15040,䁛
2209,1,帥,1,帥,w407b0302,帥,1,15041,帥
2209,2,率,2,率,w407b0303,率,2,15042,率
2210,1,喟,1,喟,w407b0304,喟,1,15043,喟
2210,2,嘳,2,嘳,w407b0401,嘳,2,15044,嘳
2210,3,樻,3,樻,w407b0402,樻,3,15045,樻
2210,4,䯣,4,䯣,w407b0403,䯣,4,15046,䯣
2210,5,䰎,5,䰎,w407b0404,䰎,5,15047,䰎
2210,6,腃,6,腃,w407b0405,腃,6,15048,腃
2210,7,䙡,7,䙡,w407b0406,䙡,7,15049,䙡
2210,8,尯,8,尯,w407b0407,尯,8,15050,尯
2210,9,𨌗,9,𨌗,w407b0408,𨌗〈⿱士軍〉,9,15051,𨌗
2211,1,豷,1,豷,w407b0501,豷,1,15052,豷
2211,2,燹,2,燹,w407b0502,燹,2,15053,燹
2212,1,嗜,1,嗜,w407b0503,嗜,1,15054,嗜
2212,2,𩝙,2,𩝙,w407b0504,𩝙,2,15055,𩝙
2212,3,𨢍,3,𨢍,w407b0505,𨢍,3,15056,𨢍
2212,4,視,4,視,w407b0506,視,4,15057,視
2212,5,眎,5,眎,w407b0601,眎,5,15058,眎
2212,6,眂〈眡〉,6,眂〈眡〉,w407b0602,眂〈眡〉,6,15059,眂
2213,1,利,1,利,w407b0603,利,1,15060,利
2213,2,𥝤〈𥝢〉,2,𥝤〈𥝢〉,w407b0801,𥝤〈𥝢〉,2,15061,𥝤
2213,3,䬆,3,䬆,w407b0802,䬆,3,15062,䬆
2213,4,莅,4,莅,w407b0803,莅,4,15063,莅
2213,5,涖,5,涖,w407b0804,涖,5,15064,涖
2213,6,痢,6,痢,w407b0901,痢,6,15065,痢
2213,7,䚕,7,䚕,w407b0902,䚕,7,15066,䚕
2213,8,䇐,8,䇐,w407b0903,䇐,8,15067,䇐
2214,1,膩,1,膩,w407b0904,膩,1,15068,膩
2214,2,𦡸,2,𦡸,w407b0905,𦡸,2,15069,𦡸
2214,3,䁊,3,䁊,w407b0906,䁊,3,15070,䁊
2214,4,䣵,4,䣵,w407b0907,䣵,4,15071,䣵
2215,1,屁,1,屁,w407b0908,屁,1,15072,屁
2215,2,䊧,2,䊧,w407b1001,䊧,2,15073,䊧
2216,1,劓,1,劓,w407b1002,劓,1,15074,劓
2217,1,致,1,致,w407b1003,𦤶,1,15075,致
2217,2,懫,2,懫,w407b1004,懫,2,15076,懫
2217,3,疐,3,疐,w408a0101,疐,3,15077,疐
2217,4,𢷟,4,𢷟,w408a0102,𢷐,4,15078,𢷐
2217,5,𨆫,5,𨆫,w408a0103,𨇈,5,15079,𨆫
2217,6,躓,6,躓,w408a0104,躓,6,15080,躓
2217,7,𨎌,7,𨎌,w408a0105,𨎌,7,15081,𨎌
2217,8,輊,8,輊,w408a0106,輊,8,15082,輊
2217,9,騺,9,騺,w408a0107,騺,9,15083,騺
2217,10,䞃,10,䞃,w408a0201,䞃,10,15084,䞃
2217,11,𣱐,11,𣱐,w408a0202,𣱐,11,15085,𣱐
2217,12,懥,12,懥,w408a0203,懥,12,15086,懥
2217,13,㨖,13,㨖,w408a0204,㨖,13,15087,㨖
2217,14,質,14,質,w408a0205,質,14,15088,質
2217,15,駤,15,駤,w408a0206,駤,15,15089,駤
2218,1,棄,1,棄,w408a0301,棄,1,15090,棄
2218,2,弃,2,弃,w408a0302,弃,2,15091,弃
2218,3,夡,3,夡,w408a0303,夡,3,15092,夡
2218,4,㞓,4,㞓,w408a0304,㞓,4,15093,㞓
2218,5,蟿,5,蟿,w408a0305,蟿,5,15094,蟿
2219,1,緻,1,緻,w408a0306,緻,1,15095,緻
2219,2,稚,2,稚,w408a0307,稚,2,15096,稚
2219,3,遟,3,遟,w408a0401,遟,3,15097,遟
2219,4,稺,4,稺,w408a0402,稺,4,15098,稺
2219,5,𦃘,5,𦃘,w408a0403,𦃘,5,15099,𦃘
2219,6,𩹈,6,𩹈,w408a0404,𩹈,6,15100,𩹈
2219,7,治,7,治,w408a0405,治,7,15101,治
2219,8,𠊷,8,𠊷,w408a0501,𠊷,8,15102,𠊷
2219,9,𢴧,9,𢴧,w408a0502,𢴧,9,15103,𢴧
2219,10,謘,10,謘,w408a0503,謘,10,15104,謘
2219,11,𩋩,11,𩋩,w408a0504,𩋩,11,15105,𩋩
2219,12,𦥐,12,𦥐,w408a0505,𦥐,12,15106,𦥐
2220,1,寐,1,寐,w408a0506,寐,1,15107,寐
2220,2,媢,2,媢,w408a0507,媢,2,15108,媢
2221,1,杘,1,杘,w408a0508,杘,1,15109,杘
2221,2,𣐉,2,𣐉,w408a0601,𣐉,2,15110,𣐉
2221,3,誺,3,誺,w408a0602,誺,3,15111,誺
2221,4,𦥊,4,𦥊,w408a0603,𦥊,4,15112,𦥊
2221,5,訵,5,訵,w408a0604,訵,5,15113,訵
2221,6,𡳭,6,𡳭,w408a0605,⿰⿱𡰪木桑〈𡳭〉,6,15114,𡳭
2221,7,跮,7,跮,w408a0606,跮,7,15115,跮
2221,8,𧩼,8,𧩼,w408a0607,𧩼,8,15116,𧩼
2222,1,冀,1,冀,w408a0701,冀,1,15117,冀
2222,2,兾,2,兾,w408a0801,兾,2,15118,兾
2222,3,覬,3,覬,w408a0802,覬,3,15119,覬
2222,4,穊,4,穊,w408a0803,穊,4,15120,穊
2222,5,驥,5,驥,w408a0804,驥,5,15121,驥
2222,6,𩥉,6,𩥉,w408a0805,𩥉,6,15122,𩥉
2222,7,洎,7,洎,w408a0806,洎,7,15123,洎
2222,8,懻,8,懻,w408a0807,懻,8,15124,懻
2223,1,臮,1,臮,w408a0808,臮,1,15125,臮
2223,2,暨,2,暨,w408a0901,曁,2,15126,暨
2223,3,鱀,3,鱀,w408a0902,鱀,3,15127,鱀
2223,4,洎,4,洎,w408a0903,洎,4,15128,洎
2223,5,垍,5,垍,w408a0904,垍,5,15129,垍
2223,6,塈,6,塈,w408a0905,墍,6,15130,塈
2223,7,𣽍,7,𣽍,w408a0906,𣽍,7,15131,𣽍
2224,1,悸,1,悸,w408a1001,悸,1,15132,悸
2224,2,𠊾,2,𠊾,w408a1002,𠊾,2,15133,𠊾
2224,3,猤,3,猤,w408a1003,猤,3,15134,猤
2224,4,痵,4,痵,w408a1004,痵,4,15135,痵
2224,5,𡬄,5,𡬄,w408a1005,𡬄,5,15136,𡬄
2225,1,翠,1,翠,w408a1006,翠,1,15137,翠
2225,2,濢,2,濢,w408b0101,濢,2,15138,濢
2225,3,臎,3,臎,w408b0102,臎,3,15139,臎
2226,1,二,1,二,w408b0103,二,1,15140,二
2226,2,弍,2,弍,w408b0104,弍,2,15141,弍
2226,3,貳,3,貳,w408b0105,貳,3,15142,貳
2226,4,樲,4,樲,w408b0201,樲,4,15143,樲
2226,5,髶,5,髶,w408b0202,髶,5,15144,髶
2227,1,恣,1,恣,w408b0203,恣,1,15145,恣
2227,2,𣣌,2,𣣌,w408b0204,𣣌,2,15146,𣣌
2228,1,次,1,次,w408b0301,次,1,15147,次
2228,2,䳐,2,䳐,w408b0302,䳐,2,15148,䳐
2228,3,佽,3,佽,w408b0401,佽,3,15149,佽
2228,4,䰍,4,䰍,w408b0402,⿳髟禾氽〈䰍〉,4,15150,䰍
2228,5,絘,5,絘,w408b0403,絘,5,15151,絘
2228,6,𩾔,6,𩾔,w408b0404,𩾔,6,15152,𩾔
2228,7,𧊒,7,𧊒,w408b0405,𧊒,7,15153,𧊒
2228,8,𣣌,8,𣣌,w408b0406,𣣌,8,15154,𣣌
2228,9,䯸,9,䯸,w408b0501,䯸,9,15155,䯸
2229,1,懿,1,懿,w408b0502,懿,1,15156,懿
2229,2,饐,2,饐,w408b0503,饐,2,15157,饐
2229,3,㙪,3,㙪,w408b0504,㙪,3,15158,㙪
2229,4,欭,4,欭,w408b0505,欭,4,15159,欭
2229,5,鷧,5,鷧,w408b0601,鷧,5,15160,鷧
2229,6,撎,6,撎,w408b0602,撎,6,15161,撎
2229,7,亄,7,亄,w408b0603,亄,7,15162,亄
2230,1,四,1,四,w408b0604,四,1,15163,四
2230,2,亖,2,亖,w408b0605,亖,2,15164,亖
2230,3,𦉭,2.5,𦉭,w408b0701,𦉭,3,15176,𦉭
2230,4,肆,3,肆,w408b0702,肆,4,15165,肆
2230,5,𩬶,4,𩬶,w408b0703,𩬶,5,15166,𩬶
2230,6,柶,5,柶,w408b0704,柶,6,15167,柶
2230,7,泗,6,泗,w408b0705,泗,7,15168,泗
2230,8,牭,7,牭,w408b0801,牭,8,15169,牭
2230,9,𧳙,8,𧳙,w408b0802,𧳙,9,15170,𧳙
2230,10,㣈,9,㣈,w408b0803,㣈,10,15171,㣈
2230,11,駟,10,駟,w408b0804,駟,11,15172,駟
2230,12,𦞤,11,𦞤,w408b0901,𦞤,12,15173,𦞤
2230,13,蕼,12,蕼,w408b0902,蕼,13,15174,蕼
2230,14,肂,13,肂,w408b0903,肂,14,15175,肂
2231,1,器,1,器,w408b0904,器,1,15177,器
2232,1,季,1,季,w408b0905,季,1,15178,季
2232,2,瞡,2,瞡,w409a0101,瞡,2,15179,瞡
2233,1,鼻,1,鼻,w409a0201,鼻,1,15180,鼻
2233,2,比,2,比,w409a0202,比,2,15181,比
2233,3,枇,3,枇,w409a0203,枇,3,15182,枇
2233,4,𤹝,4,𤹝,w409a0204,𤹝,4,15183,𤹝
2233,5,坒,5,坒,w409a0205,坒,5,15184,坒
2233,6,襣,6,襣,w409a0301,襣,6,15185,襣
2233,7,䃾,7,䃾,w409a0302,䃾,7,15186,䃾
2233,8,䫁,8,䫁,w409a0303,䫁,8,15187,䫁
2233,9,䑄,9,䑄,w409a0304,䑄,9,15188,䑄
2233,10,芘,10,芘,w409a0305,芘,10,15189,芘
2234,1,䁤,1,䁤,w409a0306,䁤,1,15190,䁤
2234,2,婎,2,婎,w409a0307,婎,2,15191,婎
2234,3,睢,3,睢,w409a0401,睢,3,15192,睢
2235,1,痹,1,痹,w409a0402,痹,1,15193,痹
2235,2,𢌿〈畀〉,2,𢌿〈畀〉,w409a0403,𢌿,2,15194,畀
2235,3,庇,3,庇,w409a0404,庇,3,15195,庇
2235,4,𦸣,4,𦸣,w409a0405,⿱艹𢈷〈𦸣〉,4,15196,𦸣
2235,5,䃾,5,䃾,w409a0406,䃾,5,15197,䃾
2235,6,比,6,比,w409a0501,比,6,15198,比
2236,1,萃,1,萃,w409a0502,萃,1,15199,萃
2236,2,顇,2,顇,w409a0503,顇,2,15200,顇
2236,3,悴,3,悴,w409a0504,悴,3,15201,悴
2236,4,㱖,4,㱖,w409a0505,㱖,4,15202,㱖
2236,5,䆊,5,䆊,w409a0506,䆊〈䆏〉,5,15203,䆊
2236,6,瘁,6,瘁,w409a0507,瘁,6,15204,瘁
2237,1,地,1,地,w409a0508,地,1,15205,地
2237,2,墬,2,墬,w409a0701,墬,2,15206,墬
2238,1,齂,1,齂,w409a0702,齂,1,15207,齂
2238,2,㕧,2,㕧,w409a0703,㕧,2,15208,㕧
2238,3,屓,3,屓,w409a0704,屓,3,15209,屓
2238,4,呬,4,呬,w409a0705,呬,4,15210,呬
2238,5,𤡬,5,𤡬,w409a0801,𤡬,5,15211,𤡬
2238,6,䨳,6,䨳,w409a0802,䨳,6,15212,䨳
2239,1,肄,1,肄,w409a0803,肄,1,15213,肄
2239,2,殔,2,殔,w409a0804,殔,2,15214,殔
2239,3,㡼,3,㡼,w409a0901,㡼,3,15215,㡼
2239,4,貤,4,貤,w409a0902,貤,4,15216,貤
2239,5,勩,5,勩,w409a0903,勩,5,15217,勩
2239,6,隶,6,隶,w409a0904,隶,6,15218,隶
2239,7,㣇,7,㣇,w409a0905,㣇,7,15219,㣇
2239,8,𥿫,8,𥿫,w409a1001,𥿫,8,15220,𥿫
2240,1,示,1,示,w409a1002,示,1,15221,示
2240,2,諡,2,諡,w409a1003,諡,2,15222,諡
2240,3,謚,3,謚,w409a1004,謚,3,15223,謚
2240,4,眎,4,眎,w409a1005,眎,4,15224,眎
2240,5,貤,5,貤,w409a1006,貤,5,15225,貤
2241,1,自,1,自,w409a1007,自,1,15226,自
2241,2,嫉,2,嫉,w409b0101,嫉,2,15227,嫉
2242,1,墜,1,墜,w409b0102,墜,1,15228,墜
2242,2,懟,2,懟,w409b0103,懟,2,15229,懟
2242,3,鎚,3,鎚,w409b0104,鎚,3,15230,鎚
2243,1,出,1,出,w409b0105,出,1,15231,出
2244,1,遺,1,遺,w409b0106,遺,1,15232,遺
2244,2,𤀷,2,𤀷,w409b0201,𤀷,2,15233,𤀷
2244,3,𢣘,3,𢣘,w409b0202,𢣘,3,15234,𢣘
2244,4,蜼,4,蜼,w409b0203,蜼,4,15235,蜼
2244,5,瞶,5,瞶,w409b0301,瞶,5,15236,瞶
2244,6,𧔥,6,𧔥,w409b0302,𧔥,6,15237,𧔥
2244,7,䗽,7,䗽,w409b0303,䗽,7,15238,䗽
2245,1,侐,1,侐,w409b0304,侐,1,15239,侐
2246,1,轛,1,轛,w409b0401,轛,1,15240,轛
2247,1,痓,1,痓,w409b0402,痓,1,15241,痓
2248,1,屍,1,屍,w409b0403,屍,1,15242,屍
2248,2,䛈〈詄〉,2,䛈〈詄〉,w409b0404,䛈〈詄〉,2,15243,䛈
2249,1,㿷,1,㿷,w409b0405,㿷,1,15244,㿷
2250,1,㽷,1,㽷,w409b0406,㽷,1,15245,㽷
2250,2,𥤼,2,𥤼,w409b0501,𥤼,2,15246,𥤼
2251,1,志,1,志,w409b0601,志,1,15247,志
2251,2,娡,2,娡,w409b0602,娡,2,15248,娡
2251,3,䓌,3,䓌,w409b0603,䓌,3,15249,䓌
2251,4,誌,4,誌,w409b0604,誌,4,15250,誌
2251,5,痣,5,痣,w409b0701,痣,5,15251,痣
2251,6,織,6,織,w409b0702,織,6,15252,織
2251,7,識,7,識,w409b0703,識,7,15253,識
2252,1,值,1,值,w409b0704,值,1,15254,值
2252,2,植,2,植,w409b0705,植,2,15255,植
2252,3,治,3,治,w409b0706,治,3,15256,治
2252,4,㨁,4,㨁,w409b0801,㨁,4,15257,㨁
2252,5,𠍜,5,𠍜,w409b0802,𠍜,5,15258,𠍜
2253,1,寺,1,寺,w409b0803,寺,1,15259,寺
2253,2,嗣,2,嗣,w409b0901,嗣,2,15260,嗣
2253,3,孠,3,孠,w409b0902,孠,3,15261,孠
2253,4,飤,4,飤,w409b0903,飤,4,15262,飤
2253,5,飼,5,飼,w409b0904,飼,5,15263,飼
2254,1,蛓,1,蛓,w409b0905,蛓,1,15264,蛓
2254,2,蚝,2,蚝,w409b1001,蚝,2,15265,蚝
2254,3,螆,3,螆,w409b1002,螆,3,15266,螆
2254,4,𧉠,4,𧉠,w409b1003,𧉠,4,15267,𧉠
2255,1,笥,1,笥,w409b1004,笥,1,15268,笥
2255,2,伺,2,伺,w409b1005,伺,2,15269,伺
2255,3,思,3,思,w409b1006,思,3,15270,思
2255,4,覗,4,覗,w409b1007,覗,4,15271,覗
2256,1,試,1,試,w410a0101,試,1,15272,試
2256,2,弑,2,弑,w410a0102,弑,2,15273,弑
2256,3,幟,3,幟,w410a0103,幟,3,15274,幟
2256,4,僿,4,僿,w410a0104,僿,4,15275,僿
2257,1,胾,1,胾,w410a0105,胾,1,15276,胾
2257,2,椔,2,椔,w410a0106,椔,2,15277,椔
2257,3,事,3,事,w410a0201,事,3,15278,事
2257,4,剚,4,剚,w410a0202,剚,4,15279,剚
2257,5,倳,5,倳,w410a0203,倳,5,15280,倳
2257,6,鶅,6,鶅,w410a0204,鶅,6,15281,鶅
2258,1,吏,1,吏,w410a0205,吏,1,15282,吏
2258,2,𢟤,2,𢟤,w410a0301,𢟤,2,15283,𢟤
2259,1,字,1,字,w410a0302,字,1,15284,字
2259,2,牸,2,牸,w410a0303,牸,2,15285,牸
2259,3,孳,3,孳,w410a0304,孳,3,15286,孳
2259,4,茡,4,茡,w410a0305,茡,4,15287,茡
2259,5,芓,5,芓,w410a0401,芓,5,15288,芓
2259,6,孖,6,孖,w410a0402,孖,6,15289,孖
2260,1,眙,1,眙,w410a0403,眙,1,15290,眙
2260,2,佁,2,佁,w410a0404,佁,2,15291,佁
2260,3,䰡,3,䰡,w410a0405,䰡,3,15292,䰡
2260,4,𦥊,4,𦥊,w410a0406,𦥊,4,15293,𦥊
2260,5,誺,5,誺,w410a0501,誺,5,15294,誺
2261,1,餌,1,餌,w410a0502,餌,1,15295,餌
2261,2,𩱓,2,𩱓,w410a0503,𩱓,2,15296,𩱓
2261,3,珥,3,珥,w410a0504,珥,3,15297,珥
2261,4,衈,4,衈,w410a0505,衈,4,15298,衈
2261,5,毦,5,毦,w410a0601,毦,5,15299,毦
2261,6,咡,6,咡,w410a0602,咡,6,15300,咡
2261,7,刵,7,刵,w410a0603,刵,7,15301,刵
2261,8,佴,8,佴,w410a0604,佴,8,15302,佴
2261,9,誀,9,誀,w410a0605,誀,9,15303,誀
2261,10,洱,10,洱,w410a0606,洱,10,15304,洱
2261,11,䎶,11,䎶,w410a0607,䎶,11,15305,䎶
2261,12,㛅,12,㛅,w410a0608,㛅,12,15306,㛅
2261,13,䏪,13,䏪,w410a0701,䏪,13,15307,䏪
2261,14,䣵,14,䣵,w410a0702,䣵,14,15308,䣵
2261,15,眲,15,眲,w410a0703,眲,15,15309,眲
2261,16,𦖢,16,𦖢,w410a0704,𦖢,16,15310,𦖢
2262,1,駛,1,駛,w410a0705,駛,1,15311,駛
2262,2,使,2,使,w410a0706,使,2,15312,使
2262,3,𣳪,3,𣳪,w410a0707,𣳪,3,15313,𣳪
2262,4,𧳅,4,𧳅,w410a0708,𧳅,4,15314,𧳅
2262,5,𩰢,5,𩰢,w410a0801,𩰢,5,15315,𩰢
2262,6,𨽄,6,𨽄,w410a0802,𨽄,6,15316,𨽄
2262,7,𥥥,7,𥥥,w410a0803,𥥥,7,15317,𥥥
2263,1,廁,1,廁,w410a0804,廁,1,15318,廁
2264,1,異,1,異,w410a0901,異,1,15319,異
2264,2,异,2,异,w410a0902,异,2,15320,异
2264,3,潩,3,潩,w410a0903,潩,3,15321,潩
2264,4,食,4,食,w410a0904,食,4,15322,食
2264,5,已,5,已,w410a1001,已,5,15323,巳
2264,6,䔬,6,䔬,w410a1002,䔬,6,15324,䔬
2264,7,廙,7,廙,w410a1003,廙,7,15325,廙
2265,1,置,1,置,w410a1004,置,1,15326,置
2265,2,𢐂,2,𢐂,w410a1005,𢐂,2,15327,𢐂
2266,1,侍,1,侍,w410b0101,侍,1,15328,侍
2266,2,蒔,2,蒔,w410b0102,蒔,2,15329,蒔
2266,3,秲,3,秲,w410b0103,秲,3,15330,秲
2267,1,事,1,事,w410b0104,事,1,15331,事
2267,2,𩛌,2,𩛌,w410b0105,𩛌,2,15332,𩛌
2268,1,忌,1,忌,w410b0201,忌,1,15333,忌
2268,2,邔,2,邔,w410b0202,𨙬,2,15334,𨙬
2268,3,惎,3,惎,w410b0203,惎,3,15335,惎
2268,4,䋟,4,䋟,w410b0301,⿱紀心〈䋟〉,4,15336,䋟
2268,5,鱀,5,鱀,w410b0302,鱀,5,15337,鱀
2268,6,鵋,6,鵋,w410b0303,鵋,6,15338,鵋
2268,7,𧳙,7,𧳙,w410b0304,𧳙,7,15339,𧳙
2268,8,誋,8,誋,w410b0305,誋,8,15340,誋
2268,9,諅,9,諅,w410b0306,諅,9,15341,諅
2268,10,梞,10,梞,w410b0401,梞,10,15342,梞
2268,11,𢍁,11,𢍁,w410b0402,𢍁,11,15343,畁
2268,12,帺,12,帺,w410b0403,帺,12,15344,帺
2268,13,𥭜,13,𥭜,w410b0404,𥭜,13,15345,𥭜
2269,1,熾,1,熾,w410b0405,熾,1,15346,熾
2269,2,饎,2,饎,w410b0501,饎,2,15347,饎
2269,3,𩜮,3,𩜮,w410b0502,𩜮,3,15348,𩜮
2269,4,糦,4,糦,w410b0503,糦,4,15349,糦
2269,5,幟,5,幟,w410b0504,幟,5,15350,幟
2269,6,𡑠,6,𡑠,w410b0505,𢨒,6,15351,𢨒
2269,7,哆,7,哆,w410b0506,哆,7,15352,哆
2269,8,埴,8,埴,w410b0507,埴,8,15353,埴
2270,1,意,1,意,w410b0601,意,1,15354,意
2270,2,鷾,2,鷾,w410b0602,鷾,2,15355,鷾
2270,3,𠃸〈亄〉,3,𠃸〈亄〉,w410b0603,𠃸〈亄〉,3,15356,𠃸
2270,4,䵝,4,䵝,w410b0604,䵝,4,15357,䵝
2271,1,記,1,記,w410b0605,記,1,15358,記
2272,1,憙,1,憙,w410b0606,憙,1,15359,憙
2272,2,嬉,2,嬉,w410b0701,嬉,2,15360,嬉
2273,1,䰯,1,䰯,w410b0702,䰯,1,15361,䰯
2273,2,豙,2,豙,w410b0703,豙,2,15362,豙
2273,3,㘈,3,㘈,w410b0704,㘈,3,15363,㘈
2273,4,譺,4,譺,w410b0705,譺,4,15364,譺
2273,5,㽈,5,㽈,w410b0801,㽈,5,15365,㽈
2273,6,儗,6,儗,w410b0802,儗,6,15366,儗
2274,1,亟,1,亟,w410b0803,亟,1,15367,亟
2274,2,唭,2,唭,w410b0804,唭,2,15368,唭
2274,3,䀈,3,䀈,w410b0805,䀈,3,15369,䀈
2275,1,未,1,未,w410b0901,未,1,15370,未
2275,2,味,2,味,w410b0902,味,2,15371,味
2275,3,菋,3,菋,w410b1001,菋,3,15372,菋
2275,4,𩑵,4,𩑵,w410b1002,𩑵,4,15373,𩑵
2275,5,䊊,5,䊊,w410b1003,䊊,5,15374,䊊
2275,6,沬,6,沬,w410b1004,沬,6,15375,沬
2275,7,鮇,7,鮇,w410b1005,鮇,7,15376,鮇
2275,8,𡶎,8,𡶎,w410b1006,𡶎,8,15377,𡶎
2276,1,貴,1,貴,w410b1007,貴,1,15378,貴
2276,2,瞶,2,瞶,w411a0101,瞶,2,15379,瞶
2276,3,𠐽,3,𠐽,w411a0102,𠐽,3,15380,𠐽
2277,1,胃,1,胃,w411a0103,胃,1,15381,胃
2277,2,謂,2,謂,w411a0201,謂,2,15382,謂
2277,3,㥜,3,㥜,w411a0202,㥜,3,15383,㥜
2277,4,媦,4,媦,w411a0203,媦,4,15384,媦
2277,5,𦩝,5,𦩝,w411a0204,𦩝,5,15385,𦩝
2277,6,緯,6,緯,w411a0301,緯,6,15386,緯
2277,7,彙,7,彙,w411a0302,彚,7,15387,彚
2277,8,蝟,8,蝟,w411a0303,蝟,8,15388,蝟
2277,9,渭,9,渭,w411a0304,渭,9,15389,渭
2277,10,煟,10,煟,w411a0401,煟,10,15390,煟
2277,11,𩹂,11,𩹂,w411a0402,𩹂,11,15391,𩹂
2277,12,𨾂,12,𨾂,w411a0501,𨾂,12,15392,𨾂
2277,13,緭,13,緭,w411a0502,緭,13,15393,緭
2277,14,𢍚,14,𢍚,w411a0503,𢍚,14,15394,𢍚
2277,15,𦳢,15,𦳢,w411a0504,𦳢,15,15395,𦳢
2277,16,䬑,16,䬑,w411a0505,䬑,16,15396,䬑
2277,17,圍,17,圍,w411a0506,圍,17,15397,圍
2278,1,魏,1,魏,w411a0601,魏,1,15398,魏
2278,2,犩,2,犩,w411a0701,犩,2,15399,犩
2279,1,沸,1,沸,w411a0702,沸,1,15400,沸
2279,2,疿,2,疿,w411a0801,疿,2,15401,疿
2279,3,芾,3,芾,w411a0802,芾,3,15402,芾
2279,4,茀,4,茀,w411a0803,茀,4,15403,茀
2279,5,誹,5,誹,w411a0804,誹,5,15404,誹
2279,6,鯡,6,鯡,w411a0805,鯡,6,15405,鯡
2279,7,㹃,7,㹃,w411a0806,㹃,7,15406,㹃
2279,8,𩰾,8,𩰾,w411a0901,𩰾,8,15407,𩰾
2279,9,𧙂,9,𧙂,w411a0902,𧙂,9,15408,𧙂
2279,10,䛍,10,䛍,w411a0903,䛍,10,15409,䛍
2279,11,䟛,11,䟛,w411a0904,䟛,11,15410,䟛
2280,1,費,1,費,w411a0905,費,1,15411,費
2280,2,髴,2,髴,w411a0906,髴,2,15412,髴
2280,3,靅,3,靅,w411a0907,靅,3,15413,靅
2280,4,𣙿,4,𣙿,w411a1001,𣙿,4,15414,𣙿
2280,5,昲,5,昲,w411a1002,昲,5,15415,昲
2280,6,䊧,6,䊧,w411a1003,䊧,6,15416,䊧
2281,1,𥽂,1,𥽂,w411a1004,𥽂,1,15417,𥽂
2281,2,䙡,2,䙡,w411a1005,䙡,2,15418,䙡
2281,3,𧝷,3,𧝷,w411a1006,𧝷,3,15419,𧝷
2282,1,尉,1,尉,w411a1007,尉,1,15420,尉
2282,2,㷉,2,㷉,w411b0201,㷉,2,15421,㷉
2282,3,熨,3,熨,w411b0202,熨,3,15422,熨
2282,4,慰,4,慰,w411b0203,慰,4,15423,慰
2282,5,畏,5,畏,w411b0204,畏,5,15424,畏
2282,6,罻,6,罻,w411b0205,罻,6,15425,罻
2282,7,犚,7,犚,w411b0206,犚,7,15426,犚
2282,8,蔚,8,蔚,w411b0207,蔚,8,15427,蔚
2282,9,螱,9,螱,w411b0208,螱,9,15428,螱
2282,10,𧕈,10,𧕈,w411b0209,𧕈,10,15429,𧕈
2282,11,褽,11,褽,w411b0210,褽,11,15430,褽
2282,12,䲁,12,䲁,w411b0301,䲁,12,15431,䲁
2283,1,諱,1,諱,w411b0302,諱,1,15432,諱
2283,2,卉,2,卉,w411b0303,卉,2,15433,卉
2283,3,芔,3,芔,w411b0304,芔,3,15434,芔
2283,4,泋,4,泋,w411b0305,泋,4,15435,泋
2284,1,𥝋,1,𥝋,w411b0306,𥝋,1,15436,𥝋
2284,2,𦦔,2,𦦔,w411b0501,𦦔,2,15437,𤲳
2284,3,狒,3,狒,w411b0502,狒,3,15438,狒
2284,4,㵒,4,㵒,w411b0503,㵒,4,15439,㵒
2284,5,腓,5,腓,w411b0601,腓,5,15440,腓
2284,6,怫,6,怫,w411b0602,怫,6,15441,怫
2284,7,菲,7,菲,w411b0603,菲,7,15442,菲
2284,8,屝,8,屝,w411b0604,屝,8,15443,屝
2284,9,蜚,9,蜚,w411b0605,蜚,9,15444,蜚
2284,10,𧕿,10,𧕿,w411b0801,𧕿,10,15445,𧕿
2284,11,䨾,11,䨾,w411b0802,䨾,11,15446,䨾
2284,12,翡,12,翡,w411b0803,翡,12,15447,翡
2284,13,𡌦,13,𡌦,w411b0804,𡌦,13,15448,𡌦
2284,14,萉,14,萉,w411b0805,萉,14,15449,萉
2284,15,𩇪,15,𩇪,w411b0806,𩇪,15,15450,𩇪
2284,16,痱,16,痱,w411b0807,痱,16,15451,痱
2284,17,䠊,17,䠊,w411b0808,䠊,17,15452,䠊
2284,18,㔗,18,㔗,w411b0901,㔗,18,15453,㔗
2284,19,䆏,19,䆏,w411b0902,䆏,19,15454,䆏
2284,20,費,20,費,w411b0903,費,20,15455,費
2284,21,𧌘〈蜰〉,21,𧌘〈蜰〉,w411b1001,𧌘〈蜰〉,21,15456,𧌘
2284,22,𥄱,22,𥄱,w411b1002,𥄱,22,15457,𥄱
2284,23,黂,23,黂,w411b1003,黂,23,15458,黂
2284,24,蟦,24,蟦,w411b1004,蟦,24,15459,蟦
2285,1,既,1,既,w412a0101,旣,1,15460,旣
2285,2,暨,2,暨,w412a0102,曁,2,15461,曁
2285,3,禨,3,禨,w412a0103,禨,3,15462,禨
2285,4,溉,4,溉,w412a0104,漑,4,15463,漑
2285,5,𣢆,5,𣢆,w412a0105,𣢆,5,15464,𣢆
2285,6,旡,6,旡,w412a0201,旡,6,15465,旡
2285,7,蔇,7,蔇,w412a0202,蔇,7,15466,蔇
2286,1,毅,1,毅,w412a0203,毅,1,15467,毅
2286,2,𢖫,2,𢖫,w412a0204,𢖫,2,15468,𢖫
2286,3,豙,3,豙,w412a0205,豙,3,15469,豙
2286,4,𧅙,4,𧅙,w412a0206,𧅙,4,15470,𧅙
2286,5,藙,5,藙,w412a0301,藙,5,15471,藙
2286,6,顡,6,顡,w412a0302,顡,6,15472,顡
2286,7,䉨,7,䉨,w412a0303,䉨,7,15473,䉨
2287,1,氣,1,氣,w412a0304,氣,1,15474,氣
2287,2,炁,2,炁,w412a0305,炁,2,15475,炁
2287,3,气,3,气,w412a0306,气,3,15476,气
2287,4,盵,4,盵,w412a0401,盵〈㫓〉,4,15477,盵
2287,5,䀈,5,䀈,w412a0402,䀈,5,15478,䀈
2288,1,欷,1,欷,w412a0403,欷,1,15479,欷
2288,2,唏,2,唏,w412a0404,唏,2,15480,唏
2288,3,塈,3,塈,w412a0405,墍,3,15481,塈
2288,4,愾,4,愾,w412a0501,愾,4,15482,愾
2288,5,氣,5,氣,w412a0502,氣,5,15483,氣
2288,6,餼,6,餼,w412a0503,餼,6,15484,餼
2288,7,䊠,7,䊠,w412a0504,䊠,7,15485,䊠
2288,8,鎎,8,鎎,w412a0505,鎎,8,15486,鎎
2288,9,𢟪,9,𢟪,w412a0506,𢟪,9,15487,𢟪
2288,10,熂,10,熂,w412a0507,熂,10,15488,熂
2288,11,黖,11,黖,w412a0601,黖,11,15489,黖
2288,12,霼,12,霼,w412a0602,霼,12,15490,霼
2288,13,摡,13,摡,w412a0603,摡,13,15491,摡
2288,14,䀈,14,䀈,w412a0604,䀈,14,15492,䀈
2288,15,𧱲,15,𧱲,w412a0605,𧱲,15,15493,𧱲
2288,16,䮎,16,䮎,w412a0606,䮎,16,15494,䮎
2288,17,犔,17,犔,w412a0607,犔,17,15495,犔
2288,18,忥,18,忥,w412a0608,忥,18,15496,忥
2289,1,䤒,1,䤒,w412a0701,䤒,1,15497,䤒
2289,2,幾,2,幾,w412a0702,幾,2,15498,幾
2290,1,衣,1,衣,w412a0703,衣,1,15499,衣
2291,1,御,1,御,w412a0801,御,1,15500,御
2291,2,馭,2,馭,w412a0802,馭,2,15501,馭
2291,3,語,3,語,w412a0803,語,3,15502,語
2292,1,慮,1,慮,w412a0804,慮,1,15503,慮
2292,2,勴,2,勴,w412a0901,勴,2,15504,勴
2292,3,𥶌,3,𥶌,w412a0902,𥶌,3,15505,𥶌
2292,4,𠣊,4,𠣊,w412a0903,𠣊,4,15506,𠣊
2292,5,鑢,5,鑢,w412a0904,鑢,5,15507,鑢
2292,6,櫖,6,櫖,w412a0905,櫖,6,15508,櫖
2292,7,𩥆,7,𩥆,w412a0906,𩥆,7,15509,𩥆
2292,8,𡾅,8,𡾅,w412a0907,𡾅,8,15510,𡾅
2292,9,𦊼,9,𦊼,w412a0908,𦊼,9,15511,𦊼
2293,1,據,1,據,w412a1001,據,1,15512,據
2293,2,鋸,2,鋸,w412a1002,鋸,2,15513,鋸
2293,3,倨,3,倨,w412a1003,倨,3,15514,倨
2293,4,踞,4,踞,w412a1004,踞,4,15515,踞
2293,5,椐,5,椐,w412a1005,椐,5,15516,椐
2293,6,鐻,6,鐻,w412b0101,鐻,6,15517,鐻
2293,7,澽,7,澽,w412b0102,澽,7,15518,澽
2293,8,𧣻,8,𧣻,w412b0103,𧣻,8,15519,𧣻
2293,9,䱟,9,䱟,w412b0104,䱟,9,15520,䱟
2293,10,豦,10,豦,w412b0105,豦,10,15521,豦
2294,1,覰,1,覰,w412b0201,覰,1,15522,覰
2294,2,䁦,2,䁦,w412b0202,䁦,2,15523,䁦
2294,3,刞,3,刞,w412b0203,刞,3,15524,刞
2294,4,坥,4,坥,w412b0204,坥,4,15525,坥
2294,5,䏣,5,䏣,w412b0205,䏣,5,15526,䏣
2294,6,蜡,6,蜡,w412b0301,蜡,6,15527,蜡
2295,1,㰦,1,㰦,w412b0302,㰦,1,15528,㰦
2295,2,去,2,去,w412b0303,去,2,15529,去
2295,3,麮,3,麮,w412b0304,麮,3,15530,麮
2295,4,呿,4,呿,w412b0305,呿,4,15531,呿
2295,5,鼁,5,鼁,w412b0306,鼁,5,15532,鼁
2295,6,胠,6,胠,w412b0307,胠,6,15533,胠
2295,7,㧁,7,㧁,w412b0401,㧁,7,15534,㧁
2295,8,䒧,8,䒧,w412b0402,䒧,8,15535,䒧
2295,9,𩿟,9,𩿟,w412b0403,𩿟,9,15536,𩿟
2296,1,署,1,署,w412b0404,署,1,15537,署
2296,2,藷,2,藷,w412b0405,藷,2,15538,藷
2296,3,薯,3,薯,w412b0406,薯,3,15539,薯
2296,4,曙,4,曙,w412b0501,曙,4,15540,曙
2297,1,恕,1,恕,w412b0502,恕,1,15541,恕
2297,2,庶,2,庶,w412b0503,庶,2,15542,庶
2297,3,樜,3,樜,w412b0504,樜,3,15543,樜
2297,4,㵂,4,㵂,w412b0505,㵂,4,15544,㵂
2298,1,著,1,著,w412b0506,著,1,15545,著
2298,2,箸,2,箸,w412b0601,箸,2,15546,箸
2299,1,䬡,1,䬡,w412b0602,䬡,1,15547,䬡
2299,2,翥,2,翥,w412b0603,翥,2,15548,翥
2299,3,𤳯,3,𤳯,w412b0604,𤳯,3,15549,𤳯
2299,4,䭖,4,䭖,w412b0605,䭖,4,15550,䭖
2299,5,䘄,5,䘄,w412b0606,䘄,5,15551,䘄
2299,6,庶,6,庶,w412b0701,𢉙,6,15552,𢉙
2299,7,𤳐,7,𤳐,w412b0702,𤳌,7,15553,𤳐
2299,8,𡻠,8,𡻠,w412b0703,𡻠,8,15554,𡻠
2299,9,㫂,9,㫂,w412b0704,㫂,9,15555,㫂
2300,1,疏,1,疏,w412b0705,䟽,1,15556,䟽
2300,2,捒,2,捒,w412b0801,捒,2,15557,捒
2300,3,㫹,3,㫹,w412b0802,㫹,3,15558,㫹
2301,1,飫,1,飫,w412b0803,飫,1,15559,飫
2301,2,𩜏,2,𩜏,w412b0804,𩜏,2,15560,𩜏
2301,3,瘀,3,瘀,w412b0805,瘀,3,15561,瘀
2301,4,鄔,4,鄔,w412b0806,鄔,4,15562,鄔
2301,5,醧,5,醧,w412b0901,醧,5,15563,醧
2301,6,𢮁,6,𢮁,w412b0902,𢮁,6,15564,𢮁
2301,7,淤,7,淤,w412b0903,淤,7,15565,淤
2301,8,菸,8,菸,w412b0904,菸,8,15566,菸
2301,9,棜,9,棜,w412b0905,棜,9,15567,棜
2301,10,𡫽,10,𡫽,w412b0906,𡫽,10,15568,𡫽
2302,1,箸,1,箸,w412b0907,箸,1,15569,箸
2302,2,筯,2,筯,w412b0908,筯,2,15570,筯
2302,3,㾻,3,㾻,w412b1001,㾻,3,15571,㾻
2302,4,除,4,除,w412b1002,除,4,15572,除
2303,1,遽,1,遽,w412b1003,遽,1,15573,遽
2303,2,勮,2,勮,w412b1004,勮,2,15574,勮
2303,3,詎,3,詎,w412b1005,詎,3,15575,詎
2303,4,醵,4,醵,w413a0101,醵,4,15576,醵
2303,5,澽,5,澽,w413a0102,澽,5,15577,澽
2304,1,絮,1,絮,w413a0103,絮,1,15578,絮
2305,1,助,1,助,w413a0104,助,1,15579,助
2305,2,耡,2,耡,w413a0201,耡,2,15580,耡
2305,3,麆,3,麆,w413a0202,麆,3,15581,麆
2306,1,怚,1,怚,w413a0203,怚,1,15582,怚
2306,2,沮,2,沮,w413a0204,沮,2,15583,沮
2307,1,詛,1,詛,w413a0205,詛,1,15584,詛
2307,2,阻,2,阻,w413a0301,阻,2,15585,阻
2308,1,洳,1,洳,w413a0302,洳,1,15586,洳
2308,2,茹,2,茹,w413a0303,茹,2,15587,茹
2308,3,如,3,如,w413a0304,如,3,15588,如
2309,1,豫,1,豫,w413a0305,豫,1,15589,豫
2309,2,預,2,預,w413a0501,預,2,15590,預
2309,3,譽,3,譽,w413a0502,譽,3,15591,譽
2309,4,礜,4,礜,w413a0601,礜,4,15592,礜
2309,5,𩦡,5,𩦡,w413a0602,𩦡,5,15593,𩦡
2309,6,輿,6,輿,w413a0603,輿,6,15594,輿
2309,7,鸒,7,鸒,w413a0604,鸒,7,15595,鸒
2309,8,悆,8,悆,w413a0701,悆,8,15596,悆
2309,9,𪋮,9,𪋮,w413a0702,𪋮,9,15597,𪋮
2309,10,𣝑,10,𣝑,w413a0703,𣝑,10,15598,𣝑
2309,11,藇,11,藇,w413a0704,藇,11,15599,藇
2309,12,蕷,12,蕷,w413a0705,蕷,12,15600,蕷
2309,13,穥,13,穥,w413a0706,穥,13,15601,穥
2309,14,𡱣,14,𡱣,w413a0801,𡱣,14,15602,𡱣
2309,15,忬,15,忬,w413a0802,忬,15,15603,忬
2309,16,歟,16,歟,w413a0803,歟,16,15604,歟
2309,17,悇,17,悇,w413a0804,悇,17,15605,悇
2309,18,與,18,與,w413a0805,與,18,15606,與
2309,19,澦,19,澦,w413a0806,澦,19,15607,澦
2309,20,𡒊,20,𡒊,w413a0807,𡒊,20,15608,𡒊
2310,1,噓,1,噓,w413a0808,嘘,1,15609,噓
2311,1,女,1,女,w413a0901,女,1,15610,女
2311,2,絮,2,絮,w413a0902,絮,2,15611,絮
2312,1,楚,1,楚,w413a0903,楚,1,15612,楚
2312,2,儊,2,儊,w413a0904,儊,2,15613,儊
2313,1,處,1,處,w413a1001,處,1,15614,處
2313,2,䖏,2,䖏,w413a1002,䖏,2,15615,䖏
2314,1,絮,1,絮,w413a1003,絮,1,15616,絮
2314,2,悇,2,悇,w413a1004,悇,2,15617,悇
2314,3,㾻,3,㾻,w413a1005,㾻,3,15618,㾻
2315,1,𡲁〈𡱣〉,1,𡲁〈𡱣〉,w413a1006,𡲁〈𡱣〉,1,15619,𡲁
2316,1,遇,1,遇,w413b0101,遇,1,15620,遇
2316,2,寓,2,寓,w413b0102,寓,2,15621,寓
2316,3,庽,3,庽,w413b0103,庽,3,15622,庽
2316,4,媀,4,媀,w413b0104,媀,4,15623,媀
2316,5,𤸒,5,𤸒,w413b0201,𤸒,5,15624,𤸒
2316,6,禺,6,禺,w413b0202,禺,6,15625,禺
2316,7,䴁,7,䴁,w413b0203,䴁,7,15626,䴁
2317,1,嫗,1,嫗,w413b0204,嫗,1,15627,嫗
2317,2,蓲,2,蓲,w413b0205,蓲,2,15628,蓲
2317,3,饇,3,饇,w413b0206,饇,3,15629,饇
2318,1,樹,1,樹,w413b0207,樹,1,15630,樹
2318,2,𦒸,2,𦒸,w413b0301,𦒸,2,15631,𦒸
2318,3,澍,3,澍,w413b0302,澍,3,15632,澍
2318,4,尌,4,尌,w413b0303,尌,4,15633,尌
2318,5,𠊪,5,𠊪,w413b0401,𠊪,5,15634,𠊪
2319,1,住,1,住,w413b0402,住,1,15635,住
2319,2,牏,2,牏,w413b0403,牏,2,15636,牏
2319,3,逗,3,逗,w413b0404,逗,3,15637,逗
2320,1,附,1,附,w413b0405,附,1,15638,附
2320,2,坿,2,坿,w413b0501,坿,2,15639,坿
2320,3,祔,3,祔,w413b0502,祔,3,15640,袝
2320,4,賻,4,賻,w413b0503,賻,4,15641,賻
2320,5,駙,5,駙,w413b0504,駙,5,15642,駙
2320,6,鮒,6,鮒,w413b0601,鮒,6,15643,鮒
2320,7,䠵,7,䠵,w413b0602,䠵,7,15644,䠵
2320,8,蚹,8,蚹,w413b0603,蚹,8,15645,蚹
2320,9,跗,9,跗,w413b0701,跗,9,15646,跗
2320,10,𠪻,10,𠪻,w413b0702,｛𠪻｝,10,15647,𠪻
2320,11,胕,11,胕,w413b0703,胕,11,15648,胕
2321,1,注,1,注,w413b0704,注,1,15649,注
2321,2,疰,2,疰,w413b0705,疰,2,15650,疰
2321,3,罜,3,罜,w413b0706,罜,3,15651,罜
2321,4,㹥,4,㹥,w413b0707,㹥,4,15652,㹥
2321,5,鑄,5,鑄,w413b0801,鑄,5,15653,鑄
2321,6,馵,6,馵,w413b0802,馵,6,15654,馵
2321,7,註,7,註,w413b0803,註,7,15655,註
2321,8,炷,8,炷,w413b0804,炷,8,15656,炷
2321,9,澍,9,澍,w413b0805,澍,9,15657,澍
2321,10,霔,10,霔,w413b0806,霔,10,15658,霔
2321,11,㺛,11,㺛,w413b0901,㺛,11,15659,㺛
2321,12,䎷,12,䎷,w413b0902,䎷,12,15660,䎷
2321,13,祩,13,祩,w413b0903,祩,13,15661,祩
2321,14,𠴦,14,𠴦,w413b0904,𠴦,14,15662,𠴦
2321,15,䪒,15,䪒,w413b0905,䪒,15,15663,䪒
2321,16,蛀,16,蛀,w413b0906,蛀,16,15664,蛀
2322,1,屨,1,屨,w413b0907,屨,1,15665,屨
2322,2,句,2,句,w413b1001,句,2,15666,句
2322,3,蒟,3,蒟,w413b1002,蒟,3,15667,蒟
2322,4,絇,4,絇,w413b1003,絇,4,15668,絇
2322,5,瞿,5,瞿,w413b1004,瞿,5,15669,瞿
2322,6,𥉁,6,𥉁,w413b1005,𥉁,6,15670,𥉁
2322,7,怐,7,怐,w413b1006,怐,7,15671,怐
2322,8,䈮,8,䈮,w414a0101,䈮,8,15672,䈮
2322,9,邭,9,邭,w414a0102,邭,9,15673,邭
2322,10,䀠,10,䀠,w414a0103,䀠,10,15674,䀠
2323,1,昫,1,昫,w414a0104,昫,1,15675,昫
2323,2,煦,2,煦,w414a0105,煦,2,15676,煦
2323,3,酗,3,酗,w414a0106,酗,3,15677,酗
2323,4,呴,4,呴,w414a0201,呴,4,15678,呴
2323,5,姁,5,姁,w414a0202,姁,5,15679,姁
2323,6,𧏺,6,𧏺,w414a0203,𧏺,6,15680,𧏺
2324,1,戍,1,戍,w414a0204,戍,1,15681,戍
2324,2,腧,2,腧,w414a0205,腧,2,15682,腧
2324,3,輸,3,輸,w414a0206,輸,3,15683,輸
2324,4,𧼯,4,𧼯,w414a0207,𧼯,4,15684,𧼯
2324,5,䩱,5,䩱,w414a0301,䩱,5,15685,䩱
2324,6,隃,6,隃,w414a0302,隃,6,15686,隃
2324,7,䠼,7,䠼,w414a0303,䠼,7,15687,䠼
2324,8,㲓,8,㲓,w414a0304,㲓,8,15688,㲓
2325,1,裕,1,裕,w414a0305,裕,1,15689,裕
2325,2,䘱,2,䘱,w414a0306,䘱,2,15690,䘱
2325,3,覦,3,覦,w414a0307,覦,3,15691,覦
2325,4,諭,4,諭,w414a0308,諭,4,15692,諭
2325,5,喻,5,喻,w414a0401,喻,5,15693,喻
2325,6,籲,6,籲,w414a0402,籲,6,15694,籲
2325,7,𠕦,7,𠕦,w414a0403,𠕦,7,15695,𣈯
2326,1,孺,1,孺,w414a0404,孺,1,15696,孺
2326,2,𡦗,2,𡦗,w414a0501,𡦗,2,15697,𡦗
2326,3,擩,3,擩,w414a0502,擩,3,15698,擩
2326,4,㹘,4,㹘,w414a0503,㹘,4,15699,㹘
2327,1,赴,1,赴,w414a0504,赴,1,15700,赴
2327,2,𠓗,2,𠓗,w414a0601,𠓗,2,15701,𠓗
2327,3,䞯,3,䞯,w414a0602,䞯,3,15702,䞯
2327,4,䎷,4,䎷,w414a0603,䎷,4,15703,䎷
2327,5,豧,5,豧,w414a0604,豧,5,15704,豧
2327,6,簠,6,簠,w414a0605,簠,6,15705,簠
2327,7,訃,7,訃,w414a0606,訃,7,15706,訃
2327,8,䞳,8,䞳,w414a0701,䞳,8,15707,䞳
2327,9,仆,9,仆,w414a0702,仆,9,15708,仆
2327,10,䟔,10,䟔,w414a0703,䟔,10,15709,䟔
2327,11,婏,11,婏,w414a0704,婏,11,15710,婏
2328,1,務,1,務,w414a0705,務,1,15711,務
2328,2,婺,2,婺,w414a0801,婺,2,15712,婺
2328,3,霧,3,霧,w414a0802,霧,3,15713,霧
2328,4,霚,4,霚,w414a0901,霚,4,15714,霚
2328,5,騖,5,騖,w414a0902,騖,5,15715,騖
2328,6,𦎦,6,𦎦,w414a0903,𦎦,6,15716,𦎦
2328,7,䨁,7,䨁,w414a0904,䨁,7,15717,䨁
2328,8,蝥,8,蝥,w414a0905,蝥,8,15718,蝥
2328,9,𨂣,9,𨂣,w414a0906,𨂣,9,15719,𨂣
2328,10,𦆞,10,𦆞,w414a1001,𦆞,10,15720,𦆞
2328,11,㡔,11,㡔,w414a1002,㡔,11,15721,㡔
2328,12,嵍,12,嵍,w414a1003,嵍,12,15722,嵍
2328,13,敄,13,敄,w414a1004,敄,13,15723,敄
2328,14,鶩,14,鶩,w414a1005,鶩,14,15724,鶩
2329,1,緅,1,緅,w414a1006,緅,1,15725,緅
2329,2,足,2,足,w414a1007,足,2,15726,足
2330,1,懼,1,懼,w414b0101,懼,1,15727,懼
2330,2,具,2,具,w414b0102,具,2,15728,具
2330,3,埧,3,埧,w414b0103,埧,3,15729,埧
2330,4,臞,4,臞,w414b0104,臞,4,15730,臞
2331,1,芋,1,芋,w414b0105,芋,1,15731,芋
2331,2,雨,2,雨,w414b0201,雨,2,15732,雨
2331,3,羽,3,羽,w414b0202,羽,3,15733,羽
2331,4,䨒,4,䨒,w414b0401,䨒,4,15734,䨒
2331,5,吁,5,吁,w414b0402,吁,5,15735,吁
2332,1,埾,1,埾,w414b0403,埾,1,15736,埾
2332,2,聚,2,聚,w414b0404,聚,2,15737,聚
2333,1,捒,1,捒,w414b0405,捒,1,15738,捒
2333,2,數,2,數,w414b0501,數,2,15739,數
2333,3,㡏,3,㡏,w414b0601,㡏,3,15740,㡏
2334,1,付,1,付,w414b0602,付,1,15741,付
2334,2,賦,2,賦,w414b0603,賦,2,15742,賦
2334,3,傅,3,傅,w414b0701,傅,3,15743,傅
2334,4,𩬙,4,𩬙,w414b0702,𩬙,4,15744,𩬙
2334,5,陚,5,陚,w414b0703,陚,5,15745,陚
2334,6,搏,6,搏,w414b0704,搏,6,15746,搏
2335,1,娶,1,娶,w414b0705,娶,1,15747,娶
2335,2,趣,2,趣,w414b0801,趣,2,15748,趣
2336,1,註,1,註,w414b0802,註,1,15749,註
2336,2,鉒,2,鉒,w414b0803,鉒,2,15750,鉒
2336,3,駐,3,駐,w414b0804,駐,3,15751,駐
2336,4,軴,4,軴,w414b0805,軴,4,15752,軴
2336,5,住,5,住,w414b0901,住,5,15753,住
2336,6,𨙔,6,𨙔,w414b0902,𨙔,6,15754,𨙔
2336,7,壴,7,壴,w414b0903,壴,7,15755,壴
2336,8,咮,8,咮,w414b0904,咮,8,15756,咮
2336,9,亍,9,亍,w414b0905,亍,9,15757,亍
2337,1,驅,1,驅,w414b0906,驅,1,15758,驅
2337,2,𤛐,2,𤛐,w414b0907,𤛐,2,15759,𤛐
2338,1,菆,1,菆,w414b0908,菆,1,15760,菆
2338,2,䜴,2,䜴,w414b1001,䜴,2,15761,䜴
2338,3,䐢,3,䐢,w414b1002,䐢,3,15762,䐢
2339,1,𨳳,1,𨳳,w414b1003,𨳳,1,15763,𨳳
2339,2,𢨸,2,𢨸,w414b1004,𢨸,2,15764,𢨸
2340,1,尠,1,尠,w414b1005,尠,1,15765,尠
2341,1,屢,1,屢,w414b1006,屢,1,15766,屢
2341,2,𡀿,2,𡀿,w415a0101,𡀿,2,15767,𡀿
2342,1,暮,1,暮,w415a0201,暮,1,15768,暮
2342,2,慕,2,慕,w415a0202,慕,2,15769,慕
2342,3,募,3,募,w415a0501,募,3,15770,募
2342,4,墓,4,墓,w415a0502,墓,4,15771,墓
2342,5,慔,5,慔,w415a0503,慔,5,15772,慔
2342,6,𥰻,6,𥰻,w415a0504,𥰻,6,15773,𥰻
2343,1,渡,1,渡,w415a0505,渡,1,15774,渡
2343,2,斁,2,斁,w415a0506,斁,2,15775,斁
2343,3,鍍,3,鍍,w415a0601,鍍,3,15776,鍍
2343,4,度,4,度,w415a0602,度,4,15777,度
2343,5,𥯖,5,𥯖,w415a0603,𥯖,5,15778,𥯖
2344,1,路,1,路,w415a0604,路,1,15779,路
2344,2,露,2,露,w415a0701,露,2,15780,露
2344,3,潞,3,潞,w415a0801,潞,3,15781,潞
2344,4,輅,4,輅,w415a0901,輅,4,15782,輅
2344,5,鷺,5,鷺,w415a1001,鷺,5,15783,鷺
2344,6,璐,6,璐,w415b0101,璐,6,15784,璐
2344,7,賂,7,賂,w415b0102,賂,7,15785,賂
2344,8,簬,8,簬,w415b0103,簬,8,15786,簬
2344,9,簵,9,簵,w415b0104,簵,9,15787,簵
2344,10,虂,10,虂,w415b0105,虂,10,15788,虂
2344,11,𤻱,11,𤻱,w415b0106,𤻱,11,15789,𤻱
2344,12,㿖,12,㿖,w415b0107,㿖,12,15790,㿖
2344,13,𦌕,13,𦌕,w415b0108,𦌕,13,15791,𦌕
2345,1,妒,1,妒,w415b0201,妒,1,15792,妒
2345,2,妬,2,妬,w415b0202,妬,2,15793,妬
2345,3,秅,3,秅,w415b0203,秅,3,15794,秅
2345,4,秺,4,秺,w415b0204,秺,4,15795,秺
2345,5,奼,5,奼,w415b0205,奼,5,15796,奼
2345,6,𦘴,7,𦘴,w415b0206,𦘴,7,15798,𦘴
2345,7,𤴱,8,𤴱,w415b0207,𤴱,6,15797,𤴱
2345,8,㓃,9,㓃,w415b0301,㓃,8,15799,㓃
2345,9,蠹,10,蠹,w415b0302,蠹,9,15800,蠹
2345,10,螙,11,螙,w415b0303,螙,10,15801,螙
2345,11,殬,12,殬,w415b0304,殬,11,15802,殬
2345,12,斁,13,斁,w415b0305,斁,12,15803,斁
2346,1,菟,1,菟,w415b0306,菟,1,15804,菟
2346,2,兔,2,兔,w415b0401,兔,2,15805,兔
2346,3,吐,3,吐,w415b0402,吐,3,15806,吐
2346,4,鵵,4,鵵,w415b0501,鵵,4,15807,鵵
2347,1,顧,1,顧,w415b0502,顧,1,15808,顧
2347,2,頋,2,頋,w415b0503,頋〈⿰⿸厂己頁〉,2,15809,頋
2347,3,雇,3,雇,w415b0504,雇,3,15810,雇
2347,4,稒,4,稒,w415b0601,稒,4,15811,稒
2347,5,故,5,故,w415b0602,故,5,15812,故
2347,6,酤,6,酤,w415b0603,酤,6,15813,酤
2347,7,沽,7,沽,w415b0604,沽,7,15814,沽
2347,8,痼,8,痼,w415b0605,痼,8,15815,痼
2347,9,固,9,固,w415b0606,固,9,15816,固
2347,10,錮,10,錮,w415b0701,錮,10,15817,錮
2347,11,㽽,11,㽽,w415b0702,㽽,11,15818,㽽
2347,12,鯝,12,鯝,w415b0703,鯝,12,15819,鯝
2347,13,䍛,13,䍛,w415b0704,䍛,13,15820,䍛
2347,14,棝,14,棝,w415b0705,棝,14,15821,棝
2347,15,凅,15,凅,w415b0706,凅,15,15822,凅
2348,1,誤,1,誤,w415b0801,誤,1,15823,誤
2348,2,悞,2,悞,w415b0802,悞,2,15824,悮
2348,3,寤,3,寤,w415b0803,寤,3,15825,寤
2348,4,忤,4,忤,w415b0804,忤,4,15826,忤
2348,5,啎,5,啎,w415b0805,啎,5,15827,啎
2348,6,迕,6,迕,w415b0806,迕,6,15828,迕
2348,7,遻,7,遻,w415b0807,遻,7,15829,遻
2348,8,晤,8,晤,w415b0808,晤,8,15830,晤
2348,9,悟,9,悟,w415b0809,悟,9,15831,悟
2348,10,逜,10,逜,w415b0901,逜,10,15832,逜
2348,11,窹,11,窹,w415b0902,窹,11,15833,窹
2348,12,捂,12,捂,w415b0903,捂,12,15834,捂
2348,13,娛,13,娛,w415b0904,娛,13,15835,娛
2348,14,䎸,14,䎸,w415b0905,䎸,14,15836,䎸
2349,1,護,1,護,w415b0906,護,1,15837,護
2349,2,瓠,2,瓠,w415b1001,瓠,2,15838,瓠
2349,3,嫭,3,嫭,w415b1002,嫭,3,15839,嫭
2349,4,婟,4,婟,w415b1003,婟,4,15840,婟
2349,5,頀,5,頀,w415b1004,頀,5,15841,頀
2349,6,互,6,互,w415b1005,互,6,15842,互
2349,7,濩,7,濩,w416a0101,濩,7,15843,濩
2349,8,䇘,8,䇘,w416a0102,䇘,8,15844,䇘
2349,9,冱,9,冱,w416a0103,冱,9,15845,冱
2349,10,枑,10,枑,w416a0104,枑,10,15846,枑
2349,11,䨼,11,䨼,w416a0105,䨼,11,15847,䨼
2349,12,韄,12,韄,w416a0106,韄,12,15848,韄
2349,13,𧥮,13,𧥮,w416a0107,𧥮,13,15849,𧥮
2349,14,鱯,14,鱯,w416a0108,鱯,14,15850,鱯
2349,15,擭,15,擭,w416a0201,擭,15,15851,擭
2349,16,𦊂,16,𦊂,w416a0202,𦊂,16,15852,𦊂
2349,17,𦬚,17,𦬚,w416a0203,𦬚,17,15853,𦬚
2350,1,訴,1,訴,w416a0204,訴,1,15854,訴
2350,2,愬,2,愬,w416a0205,愬,2,15855,愬
2350,3,𧪜,3,𧪜,w416a0206,𧪜,3,15856,𧪜
2350,4,泝,4,泝,w416a0301,泝,4,15857,泝
2350,5,遡,5,遡,w416a0302,遡,5,15858,遡
2350,6,素,6,素,w416a0303,素,6,15859,素
2350,7,傃,7,傃,w416a0401,傃,7,15860,傃
2350,8,嗉,8,嗉,w416a0402,嗉,8,15861,嗉
2350,9,膆,9,膆,w416a0403,膆,9,15862,膆
2350,10,𤤐,10,𤤐,w416a0404,𤤐,10,15863,𤤐
2350,11,塑,11,塑,w416a0405,塑,11,15864,塑
2350,12,塐,12,塐,w416a0501,塐,12,15865,塐
2350,13,䛾,13,䛾,w416a0502,䛾,13,15866,䛾
2350,14,𤢘,14,𤢘,w416a0503,𤢘,14,15867,𤢘
2350,15,㨞,15,㨞,w416a0504,㨞,15,15868,㨞
2351,1,祚,1,祚,w416a0505,祚,1,15869,祚
2351,2,胙,2,胙,w416a0506,胙,2,15870,胙
2351,3,阼,3,阼,w416a0507,阼,3,15871,阼
2351,4,𧃘,4,𧃘,w416a0601,𧃘,4,15872,𧃘
2351,5,飵,5,飵,w416a0602,飵,5,15873,飵
2351,6,𧇣〈𧇿〉,6,𧇣〈𧇿〉,w416a0603,𧇣〈𧇿〉,6,15874,𧇣
2351,7,秨,7,秨,w416a0604,秨,7,15875,秨
2352,1,笯,1,笯,w416a0605,笯,1,15876,笯
2352,2,怒,2,怒,w416a0606,怒,2,15877,怒
2353,1,布,1,布,w416a0701,布,1,15878,布
2353,2,圃,2,圃,w416a0702,圃,2,15879,圃
2353,3,佈,3,佈,w416a0703,佈,3,15880,佈
2353,4,抪,4,抪,w416a0801,抪,4,15881,抪
2353,5,𠜙,5,𠜙,w416a0802,𠜙,5,15882,𠜙
2353,6,𧉩,6,𧉩,w416a0803,𧉩,6,15883,𧉩
2354,1,汙,1,汙,w416a0804,汙,1,15884,汙
2354,2,惡,2,惡,w416a0805,惡,2,15885,惡
2354,3,噁,3,噁,w416a0806,噁,3,15886,噁
2354,4,䜑,4,䜑,w416a0807,䜑,4,15887,䜑
2355,1,怖,1,怖,w416a0901,怖,1,15888,怖
2355,2,悑,2,悑,w416a0902,悑,2,15889,悑
2355,3,鋪,3,鋪,w416a0903,鋪,3,15890,鋪
2355,4,誧,4,誧,w416a0904,誧,4,15891,誧
2355,5,𤸵,5,𤸵,w416a0905,𤸵,5,15892,𤸵
2356,1,厝,1,厝,w416a0906,厝,1,15893,厝
2356,2,措,2,措,w416a1001,措,2,15894,措
2356,3,醋,3,醋,w416a1002,醋,3,15895,醋
2356,4,錯,4,錯,w416a1003,錯,4,15896,錯
2356,5,㳻,5,㳻,w416a1004,㳻,5,15897,㳻
2357,1,絝,1,絝,w416a1005,絝,1,15898,絝
2357,2,袴,2,袴,w416b0101,袴,2,15899,袴
2357,3,庫,3,庫,w416b0102,庫,3,15900,庫
2357,4,胯,4,胯,w416b0201,胯,4,15901,胯
2357,5,䔯,5,䔯,w416b0202,䔯,5,15902,䔯
2357,6,苦,6,苦,w416b0203,苦,6,15903,苦
2357,7,跨,7,跨,w416b0301,跨,7,15904,跨
2358,1,捕,1,捕,w416b0302,捕,1,15905,捕
2358,2,哺,2,哺,w416b0303,哺,2,15906,哺
2358,3,步,3,步,w416b0304,步,3,15907,步
2358,4,鞴,4,鞴,w416b0501,鞴,4,15908,鞴
2358,5,餔,5,餔,w416b0502,餔,5,15909,餔
2358,6,鮬,6,鮬,w416b0503,鮬,6,15910,鮬
2358,7,𩣝,7,𩣝,w416b0504,𩣝,7,15911,𩣝
2358,8,䒀,8,䒀,w416b0505,䒀,8,15912,䒀
2358,9,𨛒,9,𨛒,w416b0601,𨛒,9,15913,𨛒
2358,10,鵏,10,鵏,w416b0602,鵏,10,15914,鵏
2358,11,𤸵,11,𤸵,w416b0603,𤸵,11,15915,𤸵
2358,12,荹,12,荹,w416b0604,荹,12,15916,荹
2358,13,𩢕,13,𩢕,w416b0605,𩢕,13,15917,𩢕
2359,1,謼,1,謼,w416b0606,謼,1,15918,謼
2359,2,戽,2,戽,w416b0701,戽,2,15919,戽
2360,1,作,1,作,w416b0702,作,1,15920,作
2361,1,霽,1,霽,w416b0801,霽,1,15921,霽
2361,2,隮,2,隮,w416b0802,隮,2,15922,隮
2361,3,躋,3,躋,w416b0803,躋,3,15923,躋
2361,4,濟,4,濟,w416b0804,濟,4,15924,濟
2361,5,擠,5,擠,w416b0805,擠,5,15925,擠
2361,6,䰏,6,䰏,w416b0901,䰏,6,15926,䰏
2361,7,䶓,7,䶓,w416b0902,䶓,7,15927,䶓
2361,8,穧,8,穧,w416b0903,穧,8,15928,穧
2362,1,帝,1,帝,w416b0904,帝,1,15929,帝
2362,2,諦,2,諦,w416b1001,諦,2,15930,諦
2362,3,嚏,3,嚏,w416b1002,嚔,3,15931,嚏
2362,4,啑,4,啑,w416b1003,啑,4,15932,啑
2362,5,柢,5,柢,w416b1004,柢,5,15933,柢
2362,6,蔕,6,蔕,w416b1005,蔕,6,15934,蔕
2362,7,螮,7,螮,w416b1006,螮,7,15935,螮
2362,8,蝃,8,蝃,w416b1007,蝃,8,15936,蝃
2362,9,摕,9,摕,w417a0101,摕,9,15937,摕
2362,10,𦨢,10,𦨢,w417a0102,𦨢,10,15938,𦨢
2362,11,䠠,11,䠠,w417a0103,䠠,11,15939,䠠
2362,12,疐,12,疐,w417a0104,疐,12,15940,疐
2362,13,骶,13,骶,w417a0201,骶,13,15941,骶
2362,14,僀,14,僀,w417a0202,僀,14,15942,僀
2362,15,𢰂,15,𢰂,w417a0203,𢰂,15,15943,𢰂
2362,16,䟡,16,䟡,w417a0204,䟡,16,15944,䟡
2362,17,𤬵,17,𤬵,w417a0205,𤬵,17,15945,𤬵
2362,18,偙,18,偙,w417a0206,偙,18,15946,偙
2362,19,腣,19,腣,w417a0207,腣,19,15947,腣
2362,20,趆,20,趆,w417a0208,趆,20,15948,趆
2362,21,蝭,21,蝭,w417a0301,蝭,21,15949,蝭
2362,22,䩚,22,䩚,w417a0302,䩚,22,15950,䩚
2362,23,渧,23,渧,w417a0303,渧,23,15951,渧
2363,1,嚌,1,嚌,w417a0304,嚌,1,15952,嚌
2363,2,劑,2,劑,w417a0305,劑,2,15953,劑
2363,3,穧,3,穧,w417a0306,穧,3,15954,穧
2363,4,𨣧,4,𨣧,w417a0401,𨣧,4,15955,𨣧
2363,5,眥,5,眥,w417a0402,眥,5,15956,眥
2363,6,齊,6,齊,w417a0403,齊,6,15957,齊
2363,7,齌,7,齌,w417a0404,齌,7,15958,齌
2363,8,癠,8,癠,w417a0405,癠,8,15959,癠
2363,9,懠,9,懠,w417a0501,懠,9,15960,懠
2363,10,䶩,10,䶩,w417a0502,䶩,10,15961,𪊆
2364,1,替,1,替,w417a0503,替,1,15962,替
2364,2,𤾕,2,𤾕,w417a0504,𤾕,2,15963,𤾕
2364,3,暜,3,暜,w417a0505,暜,3,15964,暜
2364,4,㬱,4,㬱,w417a0506,㬱,4,15965,㬱
2364,5,鬀,5,鬀,w417a0507,鬀,5,15966,鬀
2364,6,剃,6,剃,w417a0601,剃,6,15967,剃
2364,7,戻,7,戻,w417a0602,戻,7,15968,戻
2364,8,𣧂,8,𣧂,w417a0603,𣧂,8,15969,𣧂
2364,9,楴〈揥〉,9,楴〈揥〉,w417a0604,楴〈揥〉,9,15970,楴
2364,10,涕,10,涕,w417a0605,涕,10,15971,涕
2364,11,洟,11,洟,w417a0606,洟,11,15972,洟
2364,12,䎮,12,䎮,w417a0607,䎮,12,15973,䎮
2364,13,𡲕,13,𡲕,w417a0701,𡲕,13,15974,𡲕
2364,14,达,14,达,w417a0702,达,14,15975,达
2364,15,薙,15,薙,w417a0703,薙,15,15976,薙
2364,16,𢝹,16,𢝹,w417a0704,𢝹,16,15977,𢝹
2364,17,𧛒,17,𧛒,w417a0705,𧛒,17,15978,𧛒
2364,18,殢,18,殢,w417a0706,殢,18,15979,殢
2364,19,𣤖〈𣤢〉,19,𣤖〈𣤢〉,w417a0707,𣤖〈𣤢〉,19,15980,𣤖
2364,20,𥫵,20,𥫵,w417a0708,𥫵,20,15981,𥫵
2365,1,第,1,第,w417a0801,第,1,15982,第
2365,2,弟,2,弟,w417a0901,弟,2,15983,弟
2365,3,遰,3,遰,w417a0902,遰,3,15984,遰
2365,4,髢,4,髢,w417a0903,髢,4,15985,髢
2365,5,鬀,5,鬀,w417a0904,鬀,5,15986,鬀
2365,6,締,6,締,w417a0905,締,6,15987,締
2365,7,睇,7,睇,w417a0906,睇,7,15988,睇
2365,8,悌,8,悌,w417a1001,悌,8,15989,悌
2365,9,娣,9,娣,w417a1002,娣,9,15990,娣
2365,10,禘,10,禘,w417a1003,禘,10,15991,禘
2365,11,軑,11,軑,w417a1004,軑,11,15992,軑
2365,12,釱,12,釱,w417a1005,釱,12,15993,釱
2365,13,鷤,13,鷤,w417a1006,鷤,13,15994,鷤
2365,14,棣,14,棣,w417b0101,棣,14,15995,棣
2365,15,杕,15,杕,w417b0102,杕,15,15996,杕
2365,16,踶,16,踶,w417b0103,踶,16,15997,踶
2365,17,題,17,題,w417b0104,題,17,15998,題
2365,18,遞,18,遞,w417b0105,遞,18,15999,遞
2365,19,𧡨,19,𧡨,w417b0106,𧡨,19,16000,𧡨
2365,20,㣇,20,㣇,w417b0107,㣇,20,16001,㣇
2365,21,𢰂,21,𢰂,w417b0201,𢰂,21,16002,𢰂
2365,22,摕,22,摕,w417b0202,摕,22,16003,摕
2365,23,𧫚,23,𧫚,w417b0203,𧫚,23,16004,𧫚
2365,24,慸,24,慸,w417b0204,慸,24,16005,慸
2365,25,鯷,25,鯷,w417b0205,鯷,25,16006,鯷
2365,26,𪂿,26,𪂿,w417b0206,𪂿,26,16007,𪂿
2365,27,墆,27,墆,w417b0301,墆,27,16008,墆
2365,28,𥶛,28,𥶛,w417b0302,𥶛,28,16009,𥶛
2365,29,逮,29,逮,w417b0303,逮,29,16010,逮
2366,1,砌,1,砌,w417b0304,砌,1,16011,砌
2366,2,切,2,切,w417b0305,切,2,16012,切
2366,3,𥉻,3,𥉻,w417b0401,𥉻,3,16013,𥉻
2366,4,妻,4,妻,w417b0402,妻,4,16014,妻
2366,5,摖,5,摖,w417b0403,摖,5,16015,摖
2366,6,䏅,6,䏅,w417b0404,䏅,6,16016,䏅
2366,7,䀙,7,䀙,w417b0405,䀙,7,16017,䀙
2366,8,𦕀,8,𦕀,w417b0406,𦕀,8,16018,𦕀
2367,1,細,1,細,w417b0407,細,1,16019,細
2367,2,𥿳,2,𥿳,w417b0408,𥿳,2,16020,𥿳
2367,3,些,3,些,w417b0409,些,3,16021,些
2367,4,栖,4,栖,w417b0501,栖,4,16022,栖
2367,5,壻,5,壻,w417b0502,壻,5,16023,壻
2367,6,𣳦,6,𣳦,w417b0503,𣳦,6,16024,𣳦
2368,1,詣,1,詣,w417b0504,詣,1,16025,詣
2368,2,𢏗,2,𢏗,w417b0505,𢏗,2,16026,𢏗
2368,3,羿,3,羿,w417b0601,羿,3,16027,羿
2368,4,𦐧,4,𦐧,w417b0602,𦐧,4,16028,𦐧
2368,5,睨,5,睨,w417b0603,睨,5,16029,睨
2368,6,栺,6,栺,w417b0604,栺,6,16030,栺
2368,7,盻,7,盻,w417b0605,盻,7,16031,盻
2368,8,𧡎,8,𧡎,w417b0701,𧡎,8,16032,𧡎
2368,9,甈,9,甈,w417b0702,甈,9,16033,甈
2368,10,堄,10,堄,w417b0703,堄,10,16034,堄
2368,11,霓,11,霓,w417b0704,霓,11,16035,霓
2369,1,計,1,計,w417b0705,計,1,16036,計
2369,2,係,2,係,w417b0801,係,2,16037,係
2369,3,繼,3,繼,w417b0802,繼,3,16038,繼
2369,4,繫,4,繫,w417b0803,繫,4,16039,繫
2369,5,薊,5,薊,w417b0804,薊,5,16040,薊
2369,6,髻,6,髻,w417b0901,髻,6,16041,髻
2369,7,𨜒,7,𨜒,w417b0902,𨜒,7,16042,𨜒
2369,8,檕,8,檕,w417b0903,檕,8,16043,檕
2369,9,檵,9,檵,w417b0904,檵,9,16044,檵
2369,10,蘻,10,蘻,w417b1001,蘻,10,16045,蘻
2369,11,轚,11,轚,w417b1002,轚,11,16046,轚
2369,12,㲅,12,㲅,w417b1003,㲅,12,16047,㲅
2370,1,蒵,1,蒵,w417b1004,蒵,1,16048,蒵
2370,2,䐼,2,䐼,w417b1005,䐼,2,16049,䐼
2370,3,𦝜,3,𦝜,w417b1006,𦝜,3,16050,𦝜
2370,4,系,4,系,w417b1007,系,4,16051,系
2370,5,𦃟,5,𦃟,w418a0101,𦃟,5,16052,𦃟
2370,6,妎,6,妎,w418a0102,妎,6,16053,妎
2370,7,禊,7,禊,w418a0103,禊,7,16054,禊
2370,8,繫,8,繫,w418a0104,繫,8,16055,繫
2370,9,瘛,9,瘛,w418a0105,瘛,9,16056,瘛
2370,10,慀,10,慀,w418a0201,慀,10,16057,慀
2370,11,㨙,11,㨙,w418a0202,㨙,11,16058,㨙
2370,12,盻,12,盻,w418a0203,盻,12,16059,盻
2370,13,䦏,13,䦏,w418a0204,䦏,13,16060,䦏
2370,14,稧,14,稧,w418a0205,稧,14,16061,稧
2371,1,契,1,契,w418a0206,契,1,16062,契
2371,2,栔,2,栔,w418a0207,栔,2,16063,栔
2371,3,罊,3,罊,w418a0301,罊,3,16064,罊
2371,4,䏿,4,䏿,w418a0302,䏿,4,16065,䏿
2371,5,蟿,5,蟿,w418a0303,蟿,5,16066,蟿
2371,6,𦩣,6,𦩣,w418a0304,𦩣,6,16067,𦩣
2371,7,𢢞,7,𢢞,w418a0305,𢢞,7,16068,𢢞
2371,8,𡢖,8,𡢖,w418a0306,𡢖,8,16069,𡢖
2371,9,䫔,9,䫔,w418a0307,䫔,9,16070,䫔
2371,10,䁈,10,䁈,w418a0308,䁈,10,16071,䁈
2372,1,翳,1,翳,w418a0401,翳,1,16072,翳
2372,2,曀,2,曀,w418a0402,曀,2,16073,曀
2372,3,枍,3,枍,w418a0403,枍,3,16074,枍
2372,4,㥷〈瘱〉,4,㥷〈瘱〉,w418a0404,㥷〈瘱〉,4,16075,㥷
2372,5,㝣,5,㝣,w418a0405,㝣,5,16076,㝣
2372,6,㙠,6,㙠,w418a0501,㙠,6,16077,㙠
2372,7,殪,7,殪,w418a0502,殪,7,16078,殪
2372,8,瞖,8,瞖,w418a0503,瞖,8,16079,瞖
2372,9,医,9,医,w418a0504,医,9,16080,医
2372,10,嫕,10,嫕,w418a0505,嫕,10,16081,𢟇
2372,11,蘙,11,蘙,w418a0506,蘙,11,16082,蘙
2372,12,縊,12,縊,w418a0507,縊,12,16083,縊
2372,13,豷,13,豷,w418a0508,豷,13,16084,豷
2372,14,繄,14,繄,w418a0509,繄,14,16085,繄
2372,15,㙪,15,㙪,w418a0601,㙪,15,16086,㙪
2372,16,𧬇,16,𧬇,w418a0602,𧬇,16,16087,𧬇
2372,17,殹,17,殹,w418a0603,殹,17,16088,殹
2373,1,謎,1,謎,w418a0604,謎,1,16089,謎
2373,2,㩢,2,㩢,w418a0605,㩢,2,16090,㩢
2374,1,閉,1,閉,w418a0606,閉,1,16091,閉
2374,2,閇,2,閇,w418a0701,閇,2,16092,閇
2374,3,嬖,3,嬖,w418a0702,嬖,3,16093,嬖
2374,4,箅,4,箅,w418a0703,箅,4,16094,箅
2374,5,㪏,5,㪏,w418a0704,㪏,5,16095,㪏
2375,1,慧,1,慧,w418a0705,慧,1,16096,慧
2375,2,憓,2,憓,w418a0801,憓,2,16097,憓
2375,3,潓,3,潓,w418a0802,潓,3,16098,潓
2375,4,惠,4,惠,w418a0803,惠,4,16099,惠
2375,5,蟪,5,蟪,w418a0804,蟪,5,16100,蟪
2375,6,蕙,6,蕙,w418a0805,蕙,6,16101,蕙
2375,7,橞,7,橞,w418a0806,橞,7,16102,橞
2375,8,繐,8,繐,w418a0901,繐,8,16103,繐
2375,9,㩨,9,㩨,w418a0902,㩨,9,16104,㩨
2375,10,儶,10,儶,w418a0903,儶,10,16105,儶
2375,11,譓,11,譓,w418a0904,譓,11,16106,譓
2375,12,鏸,12,鏸,w418a0905,鏸,12,16107,鏸
2375,13,𦒎,13,𦒎,w418a0906,𦒎,13,16108,𦒎
2376,1,桂,1,桂,w418a0907,桂,1,16109,桂
2376,2,昋,2,昋,w418b0101,昋,2,16110,昋
2376,3,炅,3,炅,w418b0102,炅,3,16111,炅
2376,4,炔,4,炔,w418b0103,炔,4,16112,炔
2376,5,筀,5,筀,w418b0104,筀,5,16113,筀
2376,6,罣,6,罣,w418b0105,罣,6,16114,罣
2376,7,𤰮〈𤱾〉,7,𤰮〈𤱾〉,w418b0106,𤰮〈𤱾〉,7,16115,𤰮
2376,8,𣧎,8,𣧎,w418b0201,𣧎,8,16116,𣧎
2376,9,䳏,9,䳏,w418b0202,䳏,9,16117,䳏
2377,1,嘒,1,嘒,w418b0203,嘒,1,16118,嘒
2377,2,嚖,2,嚖,w418b0204,嚖,2,16119,嚖
2377,3,暳,3,暳,w418b0205,暳,3,16120,暳
2378,1,媲,1,媲,w418b0206,媲,1,16121,媲
2378,2,䠘,2,䠘,w418b0301,䠘,2,16122,䠘
2378,3,睥,3,睥,w418b0302,睥,3,16123,睥
2378,4,渒〈淠〉,4,渒〈淠〉,w418b0303,渒〈淠〉,4,16124,渒
2378,5,濞,5,濞,w418b0304,濞,5,16125,濞
2378,6,𣹮,6,𣹮,w418b0305,𣹮,6,16126,𣹮
2378,7,𠞇,7,𠞇,w418b0306,𠞇,7,16127,𠞇
2379,1,薜,1,薜,w418b0307,薜,1,16128,薜
2379,2,𨫔,2,𨫔,w418b0401,𨫔,2,16129,䥍
2379,3,𥴬,3,𥴬,w418b0402,𥴬,3,16130,𥴬
2379,4,𨢡,4,𨢡,w418b0403,𨢡,4,16131,𨢡
2379,5,𣘥,5,𣘥,w418b0404,𣘥,5,16132,𣘥
2380,1,麗,1,麗,w418b0405,麗,1,16133,麗
2380,2,戾,2,戾,w418b0406,戾,2,16134,戾
2380,3,㑦,3,㑦,w418b0501,㑦,3,16135,㑦
2380,4,隸,4,隸,w418b0502,隸,4,16136,隸
2380,5,隷,5,隷,w418b0503,隷,5,16137,隷
2380,6,儷,6,儷,w418b0504,儷,6,16138,儷
2380,7,𥃏〈盭〉,7,𥃏〈盭〉,w418b0505,𥃏〈盭〉,7,16139,𥃏
2380,8,綟,8,綟,w418b0601,綟,8,16140,綟
2380,9,劙,9,劙,w418b0602,劙,9,16141,劙
2380,10,𠠫,10,𠠫,w418b0603,𠠫,10,16142,𠠫
2380,11,唳,11,唳,w418b0604,唳,11,16143,唳
2380,12,蜧,12,蜧,w418b0605,蜧,12,16144,蜧
2380,13,䓞,13,䓞,w418b0606,䓞,13,16145,䓞
2380,14,沴,14,沴,w418b0607,沴,14,16146,沴
2380,15,荔,15,荔,w418b0701,荔,15,16147,荔
2380,16,捩,16,捩,w418b0702,捩,16,16148,捩
2380,17,欐,17,欐,w418b0703,欐,17,16149,欐
2380,18,𤃀,18,𤃀,w418b0704,𤃀,18,16150,𤃀
2380,19,𥶾,19,𥶾,w418b0705,𥶾,19,16151,𥶾
2380,20,涖,20,涖,w418b0801,涖,20,16152,涖
2380,21,悷,21,悷,w418b0802,悷,21,16153,悷
2380,22,栛,22,栛,w418b0803,栛,22,16154,栛
2380,23,丽,23,丽,w418b0804,丽,23,16155,丽
2380,24,蜦,24,蜦,w418b0805,蜦,24,16156,蜦
2380,25,㸚,25,㸚,w418b0806,㸚,25,16157,㸚
2380,26,珕,26,珕,w418b0807,珕,26,16158,珕
2380,27,𣛒,27,𣛒,w418b0901,𣛒,27,16159,𣛒
2380,28,㿛,28,㿛,w418b0902,㿛,28,16160,㿛
2380,29,䚕,29,䚕,w418b0903,䚕,29,16161,𧢮
2380,30,䕻,30,䕻,w418b0904,䕻,30,16162,䕻
2380,31,𩘡,31,𩘡,w418b0905,𩘡,31,16163,𩘡
2380,32,離,32,離,w418b0906,離,32,16164,離
2380,33,𣟌,33,𣟌,w418b1001,𣟌,33,16165,𣟌
2381,1,𥱻,1,𥱻,w418b1002,𥱻,1,16166,𥱻
2382,1,泥,1,泥,w418b1003,泥,1,16167,泥
2382,2,埿,2,埿,w418b1004,埿,2,16168,埿
2382,3,𢤇,3,𢤇,w418b1005,𢤇〈㦒〉,3,16169,𢤇
2382,4,迡,4,迡,w419a0101,迡,4,16170,迡
2382,5,濘,5,濘,w419a0102,濘,5,16171,濘
2383,1,㰥,1,㰥,w419a0103,㰥,1,16172,㰥
2383,2,㚛,2,㚛,w419a0104,𡘐,2,16173,㚛
2383,3,殢,3,殢,w419a0105,殢,3,16174,殢
2384,1,祭,1,祭,w419a0201,祭,1,16175,祭
2384,2,際,2,際,w419a0202,際,2,16176,際
2384,3,穄,3,穄,w419a0203,穄,3,16177,穄
2384,4,鰶,4,鰶,w419a0301,鰶,4,16178,鰶
2384,5,䰏,5,䰏,w419a0302,𩯰〈⿱髟⿹戈隹〉,5,16179,𩯷
2384,6,㦣,6,㦣,w419a0303,㦣,6,16180,㦣
2384,7,穧,7,穧,w419a0304,穧,7,16181,穧
2385,1,歲,1,歲,w419a0305,歳,1,16182,歲
2385,2,櫘,2,櫘,w419a0306,櫘,2,16183,櫘
2385,3,𦄑,3,𦄑,w419a0401,𦄑,3,16184,𦄑
2385,4,繐,4,繐,w419a0402,繐,4,16185,繐
2386,1,衛,1,衛,w419a0403,衞,1,16186,衞
2386,2,軎,2,軎,w419a0601,軎,2,16187,軎
2386,3,轊,3,轊,w419a0701,轊,3,16188,轊
2386,4,璏,4,璏,w419a0702,璏,4,16189,璏
2386,5,𥶽,5,𥶽,w419a0703,𥶽,5,16190,𥶽
2386,6,𧲝,6,𧲝,w419a0704,𧲝,6,16191,𧲝
2386,7,𧲔,7,𧲔,w419a0705,𧲔,7,16192,𧲔
2386,8,槥,8,槥,w419a0706,槥,8,16193,槥
2386,9,彗,9,彗,w419a0707,彗,9,16194,彗
2386,10,㦣,10,㦣,w419a0708,㦣,10,16195,㦣
2386,11,讆,11,讆,w419a0709,讏,11,16196,讏
2386,12,𤜂,12,𤜂,w419a0710,𤜂,12,16197,𤜂
2386,13,熭,13,熭,w419a0801,熭,13,16198,熭
2387,1,芮,1,芮,w419a0802,芮,1,16199,芮
2387,2,汭,2,汭,w419a0803,汭,2,16200,汭
2387,3,枘,3,枘,w419a0804,枘,3,16201,枘
2387,4,蜹,4,蜹,w419a0805,蜹,4,16202,蜹
2387,5,笍,5,笍,w419a0806,笍,5,16203,笍
2387,6,鈉,6,鈉,w419a0901,鈉,6,16204,鈉
2388,1,贅,1,贅,w419a0902,贅,1,16205,贅
2388,2,𠭥,2,𠭥,w419a0903,𠭥,2,16206,𠭥
2389,1,𠻜,1,𠻜,w419a0904,𠻜,1,16207,𠻜
2390,1,毳,1,毳,w419a0905,毳,1,16208,毳
2390,2,韢,2,韢,w419a1001,韢,2,16209,韢
2390,3,脃,3,脃,w419a1002,脃,3,16210,脃
2390,4,膬,4,膬,w419a1003,膬,4,16211,膬
2390,5,脆,5,脆,w419a1004,脆,5,16212,脆
2390,6,帨,6,帨,w419a1005,帨,6,16213,帨
2390,7,竁,7,竁,w419b0101,竁,7,16214,竁
2390,8,𣃍,8,𣃍,w419b0102,𣃍,8,16215,𣃍
2390,9,𧑎,9,𧑎,w419b0103,𧑎,9,16216,𧑎
2390,10,㓹,10,㓹,w419b0104,㓹,10,16217,㓹
2390,11,㯔,11,㯔,w419b0105,㯔,11,16218,㯔
2390,12,𤂳,12,𤂳,w419b0106,𤂳,12,16219,𤂳
2391,1,銳,1,銳,w419b0107,銳,1,16220,銳
2391,2,銴,2,銴,w419b0201,銴,2,16221,銴
2391,3,叡,3,叡,w419b0202,叡,3,16222,叡
2391,4,睿,4,睿,w419b0203,睿,4,16223,睿
2391,5,䓲,5,䓲,w419b0204,䓲,5,16224,䓲
2391,6,蜹,6,蜹,w419b0205,蜹,6,16225,蜹
2392,1,綴,1,綴,w419b0206,綴,1,16226,綴
2392,2,醊,2,醊,w419b0301,醊,2,16227,醊
2392,3,畷,3,畷,w419b0302,畷,3,16228,畷
2392,4,笍,4,笍,w419b0303,笍,4,16229,笍
2392,5,䄌,5,䄌,w419b0304,䄌,5,16230,䄌
2392,6,啜,6,啜,w419b0305,啜,6,16231,啜
2392,7,餟,7,餟,w419b0401,餟,7,16232,餟
2392,8,腏,8,腏,w419b0402,腏,8,16233,腏
2392,9,錣,9,錣,w419b0403,錣,9,16234,錣
2392,10,卂,10,卂,w419b0404,卂,10,16235,卂
2392,11,輟,11,輟,w419b0405,輟,11,16236,輟
2393,1,稅,1,稅,w419b0406,稅,1,16237,稅
2393,2,說,2,說,w419b0501,說,2,16238,說
2393,3,裞,3,裞,w419b0502,裞,3,16239,裞
2393,4,蛻,4,蛻,w419b0601,蛻,4,16240,蛻
2393,5,帨,5,帨,w419b0602,帨,5,16241,帨
2393,6,𢄢,6,𢄢,w419b0603,𢄢,6,16242,𢄢
2393,7,涗,7,涗,w419b0604,涗,7,16243,涗
2393,8,䬽,8,䬽,w419b0605,䬽,8,16244,䬽
2393,9,䭨,9,䭨,w419b0606,䭨,9,16245,䭨
2394,1,𡚁〈弊〉,1,𡚁〈弊〉,w419b0701,𡚁,1,16246,𡚁
2394,2,斃,2,斃,w419b0702,斃,2,16247,斃
2394,3,幣,3,幣,w419b0703,幣,3,16248,幣
2394,4,㡀,4,㡀,w419b0704,㡀,4,16249,㡀
2394,5,敝,5,敝,w419b0801,敝,5,16250,敝
2395,1,㯔,1,㯔,w419b0802,㯔,1,16251,㯔
2395,2,𣃍,2,𣃍,w419b0803,𣃍,2,16252,𣃍
2395,3,竁,3,竁,w419b0804,竁,3,16253,竁
2395,4,毳,4,毳,w419b0805,毳,4,16254,毳
2396,1,篲,1,篲,w419b0806,篲,1,16255,篲
2396,2,𥱵,2,𥱵,w419b0901,𥱵,2,16256,𥱵
2396,3,鏏,3,鏏,w419b0902,鏏,3,16257,鏏
2396,4,彗,4,彗,w419b0903,彗,4,16258,彗
2396,5,䵻,5,䵻,w419b0904,䵻,5,16259,𪔊
2396,6,槥,6,槥,w419b0905,槥,6,16260,槥
2396,7,軎,7,軎,w419b0906,軎,7,16261,軎
2396,8,轊,8,轊,w419b1001,轊,8,16262,轊
2396,9,𢅫,9,𢅫,w419b1002,𢅫,9,16263,𢅫
2397,1,蔽,1,蔽,w419b1003,蔽,1,16264,蔽
2397,2,鄨,2,鄨,w419b1004,鄨,2,16265,鄨
2397,3,鷩,3,鷩,w419b1005,鷩,3,16266,鷩
2397,4,彆,4,彆,w420a0101,彆,4,16267,彆
2398,1,劌,1,劌,w420a0102,劌,1,16268,劌
2398,2,鱖,2,鱖,w420a0103,鱖,2,16269,鱖
2398,3,𠜾,3,𠜾,w420a0104,𠜾,3,16270,𠜾
2398,4,𨇙,4,𨇙,w420a0201,𨇙,4,16271,𨇙
2398,5,蹶,5,蹶,w420a0202,蹶,5,16272,蹶
2398,6,𤜂,6,𤜂,w420a0203,𤜂,6,16273,𤜂
2399,1,袂,1,袂,w420a0204,袂,1,16274,袂
2400,1,㡜,1,㡜,w420a0205,㡜,1,16275,㡜
2400,2,鎩,2,鎩,w420a0301,鎩,2,16276,鎩
2400,3,蔱,3,蔱,w420a0302,蔱,3,16277,蔱
2401,1,掣,1,掣,w420a0303,掣,1,16278,掣
2401,2,瘛,2,瘛,w420a0304,瘛,2,16279,瘛
2401,3,懘,3,懘,w420a0305,懘,3,16280,懘
2401,4,痸,4,痸,w420a0401,痸,4,16281,痸
2401,5,𤸪,5,𤸪,w420a0402,𤸪,5,16282,𤸪
2401,6,𢜳,6,𢜳,w420a0403,𢜳,6,16283,𢜳
2401,7,銐,7,銐,w420a0404,銐,7,16284,銐
2401,8,𤢻,8,𤢻,w420a0405,𤢻,8,16285,𤢻
2402,1,制,1,制,w420a0406,制,1,16286,制
2402,2,𠛐,2,𠛐,w420a0501,𠛐,2,16287,𠛐
2402,3,𦜗,3,𦜗,w420a0502,𦜗,3,16288,𦜗
2402,4,淛,4,淛,w420a0503,淛,4,16289,淛
2402,5,製,5,製,w420a0504,製,5,16290,製
2402,6,䎺,6,䎺,w420a0601,䎺,6,16291,䎺
2402,7,晢,7,晢,w420a0602,晢,7,16292,晢
2402,8,䇽,8,䇽,w420a0603,䇽,8,16293,䇽
2402,9,𢝃〈㛳〉,9,𢝃〈㛳〉,w420a0604,𢝃〈㛳〉,9,16294,𢝃
2402,10,㝂,10,㝂,w420a0605,㝂,10,16295,㝂
2402,11,䱥,11,䱥,w420a0701,䱥,11,16296,䱥
2402,12,䀸,12,䀸,w420a0702,䀸,12,16297,䀸
2402,13,狾,13,狾,w420a0703,狾,13,16298,狾
2402,14,𥍭,14,𥍭,w420a0704,𥍭,14,16299,𥍭
2402,15,䩢,15,䩢,w420a0705,䩢,15,16300,䩢
2402,16,䭁,16,䭁,w420a0706,䭁,16,16301,䭁
2402,17,𤴟〈䠠〉,17,𤴟〈䠠〉,w420a0707,𤴟〈䠠〉,17,16302,𤴟
2402,18,迣,18,迣,w420a0708,迣,18,16303,迣
2403,1,逝,1,逝,w420a0801,逝,1,16304,逝
2403,2,忕,2,忕,w420a0802,忕,2,16305,忕
2403,3,觢,3,觢,w420a0803,觢,3,16306,觢
2403,4,噬,4,噬,w420a0804,噬,4,16307,噬
2403,5,誓,5,誓,w420a0805,誓,5,16308,誓
2403,6,𣂯,6,𣂯,w420a0806,𣂯,6,16309,𣂯
2403,7,筮,7,筮,w420a0807,筮,7,16310,筮
2403,8,簭,8,簭,w420a0901,簭〈𥷣〉,8,16311,簭
2403,9,澨,9,澨,w420a0902,澨,9,16312,澨
2403,10,銴,10,銴,w420a0903,銴,10,16313,銴
2403,11,遾,11,遾,w420a0904,遾,11,16314,遾
2403,12,𧻸,12,𧻸,w420a0905,𧻸,12,16315,𧻸
2403,13,𦚨,13,𦚨,w420a0906,𦚨,13,16316,𦚨
2404,1,曳,1,曳,w420a0907,曳,1,16317,曵
2404,2,裔,2,裔,w420a1001,裔,2,16318,裔
2404,3,𤤺,3,𤤺,w420a1002,𤤺,3,16319,𤤺
2404,4,勩,4,勩,w420a1003,勩,4,16320,勩
2404,5,泄,5,泄,w420a1004,泄,5,16321,泄
2404,6,洩,6,洩,w420b0101,洩,6,16322,洩
2404,7,𤵺,7,𤵺,w420b0102,𤵺,7,16323,𤵺
2404,8,䎈,8,䎈,w420b0103,䎈,8,16324,䎈
2404,9,枻,9,枻,w420b0104,枻,9,16325,枻
2404,10,詍,10,詍,w420b0105,詍,10,16326,詍
2404,11,𢘽,11,𢘽,w420b0106,𢘽,11,16327,𢘽
2404,12,𦒎,12,𦒎,w420b0107,𦒎,12,16328,𦒎
2404,13,靾,13,靾,w420b0108,靾,13,16329,靾
2404,14,跇,14,跇,w420b0109,跇,14,16330,跇
2404,15,𠂆,15,𠂆,w420b0201,𠂆,15,16331,𠂆
2404,16,袣,16,袣,w420b0202,袣,16,16332,袣
2404,17,䄿,17,䄿,w420b0203,䄿,17,16333,䄿
2404,18,𪀕,18,𪀕,w420b0204,𪀕,18,16334,𪀕
2404,19,㵝,19,㵝,w420b0205,㵝,19,16335,㵝
2404,20,㑜,20,㑜,w420b0206,㑜,20,16336,㑜
2404,21,抴,21,抴,w420b0207,抴,21,16337,抴
2404,22,㛳,22,㛳,w420b0208,㛳,22,16338,㛳
2404,23,䇩,23,䇩,w420b0301,䇩,23,16339,䇩
2404,24,㹭,24,㹭,w420b0302,㹭,24,16340,㹭
2404,25,丿,25,丿,w420b0303,丿,25,16341,丿
2404,26,㵩,26,㵩,w420b0304,㵩,26,16342,㵩
2404,27,𢂼,27,𢂼,w420b0305,𢂼,27,16343,𢂼
2404,28,呭,28,呭,w420b0306,呭,28,16344,呭
2404,29,䕍,29,䕍,w420b0307,䕍,29,16345,䕍
2405,1,䋵,1,䋵,w420b0401,䋵,1,16346,䋵
2405,2,瘞,2,瘞,w420b0402,瘞,2,16347,瘞
2405,3,餲,3,餲,w420b0403,餲,3,16348,餲
2405,4,𦝲,4,𦝲,w420b0404,𦝲,4,16349,𦝲
2405,5,䔽,5,䔽,w420b0405,䔽,5,16350,䔽
2406,1,藝,1,藝,w420b0406,藝,1,16351,藝
2406,2,埶,2,埶,w420b0501,埶,2,16352,埶
2406,3,蓺,3,蓺,w420b0502,蓺,3,16353,蓺
2406,4,䆿〈寱〉,4,䆿〈寱〉,w420b0503,䆿,4,16354,䆿
2406,5,㦣,5,㦣,w420b0504,㦣,5,16355,㦣
2406,6,囈,6,囈,w420b0505,囈,6,16356,囈
2406,7,槸,7,槸,w420b0506,槸,7,16357,槸
2406,8,褹,8,褹,w420b0507,褹,8,16358,褹
2407,1,滯,1,滯,w420b0601,滯,1,16359,滯
2407,2,彘,2,彘,w420b0602,彘,2,16360,彘
2407,3,蹛,3,蹛,w420b0603,蹛,3,16361,蹛
2407,4,銐,4,銐,w420b0604,銐,4,16362,銐
2407,5,璏,5,璏,w420b0605,璏,5,16363,璏
2407,6,𦭮,6,𦭮,w420b0701,𦭮,6,16364,𦭮
2407,7,𩻼,7,𩻼,w420b0702,𩻼,7,16365,𩻼
2408,1,例,1,例,w420b0703,例,1,16366,例
2408,2,厲,2,厲,w420b0704,厲,2,16367,厲
2408,3,礪,3,礪,w420b0705,礪,3,16368,礪
2408,4,勵,4,勵,w420b0801,勵,4,16369,勵
2408,5,禲,5,禲,w420b0802,禲,5,16370,禲
2408,6,癘,6,癘,w420b0803,癘,6,16371,癘
2408,7,㾐,7,㾐,w420b0804,㾐,7,16372,㾐
2408,8,鮤,8,鮤,w420b0805,鮤,8,16373,鮤
2408,9,濿,9,濿,w420b0806,濿,9,16374,濿
2408,10,砅,10,砅,w420b0901,砅,10,16375,砅
2408,11,蠣,11,蠣,w420b0902,蠣,11,16376,蠣
2408,12,蠇,12,蠇,w420b0903,蠇,12,16377,蠇
2408,13,櫔,13,櫔,w420b0904,櫔,13,16378,櫔
2408,14,𩧃,14,𩧃,w420b0905,𩧃,14,16379,𩧃
2408,15,𩢾,15,𩢾,w420b0906,䮋,15,16380,䮋
2408,16,䅀,16,䅀,w420b0907,䅀,16,16381,䅀
2408,17,𥣭,17,𥣭,w420b0908,𥣭,17,16382,𥣭
2408,18,𧸱,18,𧸱,w420b0909,𧸱,18,16383,𧸱
2408,19,糲,19,糲,w420b1001,糲,19,16384,糲
2408,20,巁,20,巁,w420b1002,巁,20,16385,巁
2408,21,犡,21,犡,w420b1003,犡,21,16386,犡
2408,22,栵,22,栵,w420b1004,栵,22,16387,栵
2408,23,𢂥,23,𢂥,w420b1005,𢂥,23,16388,𢂥
2408,24,𢤆,24,𢤆,w420b1006,𢤆,24,16389,𢤆
2408,25,洌,25,洌,w420b1007,洌,25,16390,洌
2409,1,憩,1,憩,w420b1008,憩,1,16391,憩
2409,2,𡳅,2,𡳅,w421a0101,𡳅,2,16392,𡳅
2409,3,䔾,3,䔾,w421a0102,䔾,3,16393,䔾
2409,4,愒,4,愒,w421a0103,愒,4,16394,愒
2409,5,揭,5,揭,w421a0104,揭,5,16395,揭
2409,6,甈,6,甈,w421a0105,甈,6,16396,甈
2410,1,世,1,世,w421a0201,丗,1,16397,丗
2410,2,勢,2,勢,w421a0202,勢,2,16398,勢
2410,3,貰,3,貰,w421a0203,貰,3,16399,貰
2411,1,猘,1,猘,w421a0204,猘,1,16400,猘
2411,2,𦇧,2,𦇧,w421a0301,𦇧,2,16401,𦇧
2411,3,罽,3,罽,w421a0302,罽,3,16402,罽
2411,4,𣯅,4,𣯅,w421a0303,𣯅,4,16403,𣯅
2411,5,瀱,5,瀱,w421a0304,瀱,5,16404,瀱
2411,6,訐,6,訐,w421a0401,訐,6,16405,訐
2411,7,彐,7,彐,w421a0402,彐,7,16406,彐
2411,8,蘮,8,蘮,w421a0403,蘮,8,16407,蘮
2412,1,㿃,1,㿃,w421a0404,㿃,1,16408,㿃
2413,1,偈,1,偈,w421a0501,偈,1,16409,偈
2414,1,啜,1,啜,w421a0502,啜,1,16410,啜
2415,1,跇,1,跇,w421a0503,跇,1,16411,跇
2415,2,𧼪,2,𧼪,w421a0504,𧼪,2,16412,𧼪
2415,3,傺,3,傺,w421a0505,傺,3,16413,傺
2415,4,𢘽,4,𢘽,w421a0506,𢘽,4,16414,𢘽
2415,5,慸,5,慸,w421a0601,慸,5,16415,慸
2415,6,㑜,6,㑜,w421a0602,㑜,6,16416,㑜
2415,7,䀸,7,䀸,w421a0603,䀸,7,16417,䀸
2415,8,䚢,8,䚢,w421a0604,䚢,8,16418,䚢
2415,9,揥,9,揥,w421a0605,揥,9,16419,揥
2415,10,䟷,10,䟷,w421a0606,䟷,10,16420,䟷
2415,11,𨂰,11,𨂰,w421a0607,𨂰,11,16421,𨂰
2415,12,𥉻,12,𥉻,w421a0608,𥉻,12,16422,𥉻
2416,1,𨮱〈𨧨〉,1,𨮱〈𨧨〉,w421a0609,𨮱〈𨪗〉,1,16423,𨮱
2417,1,㓷,1,㓷,w421a0701,㓷,1,16424,㓷
2418,1,蕝,1,蕝,w421a0702,蕝,1,16425,蕝
2418,2,𧎹〈𧑎〉,2,𧎹〈𧑎〉,w421a0703,𧎹〈𧑎〉,2,16426,𧑎
2418,3,㨹,3,㨹,w421a0704,㨹,3,16427,㨹
2419,1,潎,1,潎,w421a0705,潎,1,16428,潎
2420,1,𥏙,1,𥏙,w421a0801,𥏙,1,16429,𥏙
2421,1,䂕,1,䂕,w421a0802,䂕,1,16430,䂕
2422,1,泰,1,泰,w421a0901,泰,1,16431,泰
2422,2,忕,2,忕,w421a0902,忕,2,16432,忕
2422,3,太,3,太,w421a0903,太,3,16433,太
2422,4,汰,4,汰,w421b0101,汰,4,16434,汰
2423,1,蓋,1,蓋,w421b0102,蓋,1,16435,蓋
2423,2,匃,2,匃,w421b0201,匃,2,16436,匃
2423,3,丏〈丐〉,3,丏〈丐〉,w421b0202,丏〈丐〉,3,16437,丐
2424,1,艾,1,艾,w421b0203,艾,1,16438,艾
2424,2,𧰿,2,𧰿,w421b0301,𧰿,2,16439,𧰿
2424,3,鴱,3,鴱,w421b0302,鴱,3,16440,鴱
2425,1,藹,1,藹,w421b0303,藹,1,16441,藹
2425,2,壒,2,壒,w421b0304,壒,2,16442,壒
2425,3,馤,3,馤,w421b0305,馤,3,16443,馤
2425,4,靄,4,靄,w421b0306,靄,4,16444,靄
2425,5,𣋞,5,𣋞,w421b0401,𣋞,5,16445,𣋞
2425,6,䔽,6,䔽,w421b0402,䔽,6,16446,䔽
2425,7,𣩱,7,𣩱,w421b0403,𣩱,7,16447,𣩱
2425,8,𢣏,8,𢣏,w421b0404,𢣏,8,16448,𢣏
2425,9,𪕭,9,𪕭,w421b0405,𪕭,9,16449,𪕭
2425,10,瞹〈曖〉,10,瞹〈曖〉,w421b0406,瞹〈曖〉,10,16450,曖
2426,1,柰,1,柰,w421b0407,柰,1,16451,柰
2426,2,奈,2,奈,w421b0501,奈,2,16452,奈
2426,3,㲡,3,㲡,w421b0502,㲡,3,16453,㲡
2426,4,𩹟,4,𩹟,w421b0503,𩹟,4,16454,𩹟
2426,5,渿,5,渿,w421b0504,渿,5,16455,渿
2427,1,大,1,大,w421b0601,大,1,16456,大
2427,2,汏,2,汏,w421b0801,汏,2,16457,汏
2427,3,軑,3,軑,w421b0901,軑,3,16458,軑
2427,4,釱,4,釱,w421b0902,釱,4,16459,釱
2427,5,䲦,5,䲦,w421b0903,䲦,5,16460,䲦
2427,6,𪐝,6,𪐝,w421b0904,𪐝,6,16461,𪐝
2427,7,忕,7,忕,w421b0905,忕,7,16462,忕
2427,8,㐲,8,㐲,w421b0906,㐲,8,16463,㐲
2428,1,害,1,害,w421b0907,害,1,16464,害
2428,2,夆〈𡕗〉,2,夆〈𡕗〉,w421b0908,夆,2,16465,夆
2428,3,妎,3,妎,w421b0909,妎,3,16466,妎
2428,4,𢞐,4,𢞐,w421b1001,𢞐,4,16467,𢞐
2429,1,帶,1,帶,w421b1002,帶,1,16468,帶
2429,2,跢,2,跢,w422a0101,跢,2,16469,跢
2429,3,㿃,3,㿃,w422a0102,㿃,3,16470,㿃
2429,4,蹛,4,蹛,w422a0103,蹛,4,16471,蹛
2429,5,𢄔,5,𢄔,w422a0104,𢄔,5,16472,𢄔
2429,6,艜,6,艜,w422a0105,艜,6,16473,艜
2429,7,㯂,7,㯂,w422a0106,㯂,7,16474,摕
2430,1,貝,1,貝,w422a0201,貝,1,16475,貝
2430,2,沛,2,沛,w422a0301,沛,2,16476,沛
2430,3,𨙶,3,𨙶,w422a0302,𨙶,3,16477,𨙶
2430,4,鋇,4,鋇,w422a0303,鋇,4,16478,鋇
2430,5,芾,5,芾,w422a0304,芾,5,16479,芾
2430,6,䟺,6,䟺,w422a0305,䟺,6,16480,䟺
2430,7,狽,7,狽,w422a0401,狽,7,16481,狽
2430,8,㸬,8,㸬,w422a0402,㸬,8,16482,㸬
2430,9,伂,9,伂,w422a0403,伂,9,16483,伂
2430,10,䰽,10,䰽,w422a0404,䰽,10,16484,䰽
2430,11,茷,11,茷,w422a0405,茷,11,16485,茷
2430,12,𣬪,12,𣬪,w422a0406,𣬪,12,16486,𣬪
2430,13,𥄔,13,𥄔,w422a0407,𥄔,13,16487,𥄔
2430,14,𢂏,14,𢂏,w422a0501,㤄,14,16488,𢂏
2431,1,霈,1,霈,w422a0502,霈,1,16489,霈
2431,2,浿,2,浿,w422a0503,浿,2,16490,浿
2431,3,沛,3,沛,w422a0504,沛,3,16491,沛
2431,4,𥄔,4,𥄔,w422a0505,𥄔,4,16492,𥄔
2431,5,㤄,5,㤄,w422a0601,㤄,5,16493,㤄
2432,1,會,1,會,w422a0602,會,1,16494,會
2432,2,䢈,2,䢈,w422a0701,䢈,2,16495,䢈
2432,3,𨘇,3,𨘇,w422a0702,𨘇,3,16496,𨘇
2432,4,襘〈禬〉,4,襘〈禬〉,w422a0703,襘〈禬〉,4,16497,禬
2432,5,繪,5,繪,w422a0704,繪,5,16498,繪
2433,1,兌,1,兌,w422a0705,兊,1,16499,兊
2433,2,𩊭,2,𩊭,w422a0801,𩊭,2,16500,𩊭
2433,3,綐,3,綐,w422a0802,綐,3,16501,綐
2433,4,銳,4,銳,w422a0803,銳,4,16502,銳
2433,5,㟋,5,㟋,w422a0804,㟋,5,16503,㟋
2434,1,儈,1,儈,w422a0805,儈,1,16504,儈
2434,2,膾,2,膾,w422a0901,膾,2,16505,膾
2434,3,鱠,3,鱠,w422a0902,鱠,3,16506,鱠
2434,4,襘,4,襘,w422a0903,襘,4,16507,襘
2434,5,禬,5,禬,w422a0904,禬,5,16508,禬
2434,6,檜,6,檜,w422a0905,檜,6,16509,檜
2434,7,旝,7,旝,w422a1001,旝,7,16510,旝
2434,8,巜,8,巜,w422a1002,巜,8,16511,巜
2434,9,澮,9,澮,w422a1003,澮,9,16512,澮
2434,10,鄶,10,鄶,w422b0101,鄶,10,16513,鄶
2434,11,廥,11,廥,w422b0102,廥,11,16514,廥
2434,12,䯤,12,䯤,w422b0103,䯤,12,16515,䯤
2434,13,鬠,13,鬠,w422b0104,鬠,13,16516,鬠
2434,14,劊,14,劊,w422b0105,劊,14,16517,劊
2434,15,會,15,會,w422b0201,會,15,16518,會
2434,16,䐴,16,䐴,w422b0202,䐴,16,16519,䐴
2434,17,𢶒,17,𢶒,w422b0203,𢶒,17,16520,𢶒
2434,18,獪,18,獪,w422b0204,獪,18,16521,獪
2435,1,最,1,最,w422b0205,最,1,16522,最
2435,2,𢃒,2,𢃒,w422b0206,𢃒,2,16523,𢃒
2435,3,𧎹〈𧑎〉,3,𧎹〈𧑎〉,w422b0207,𧎹〈⿰祟蚤〉,3,16524,𧎹
2436,1,𧬨,1,𧬨,w422b0301,𧬨,1,16525,𧬨
2436,2,噦,2,噦,w422b0302,噦,2,16526,噦
2436,3,翽,3,翽,w422b0303,翽,3,16527,翽
2436,4,鐬,4,鐬,w422b0304,鐬,4,16528,鐬
2436,5,渙,5,渙,w422b0305,渙,5,16529,渙
2436,6,濊,6,濊,w422b0306,濊,6,16530,濊
2437,1,𥢶,1,𥢶,w422b0401,𥢶,1,16531,𥢶
2438,1,酹,1,酹,w422b0402,酹,1,16532,酹
2438,2,頪,2,頪,w422b0403,頪,2,16533,頪
2438,3,㲕,3,㲕,w422b0404,㲕,3,16534,㲕
2438,4,䬽,4,䬽,w422b0405,䬽,4,16535,䬽
2438,5,㱻,5,㱻,w422b0406,㱻,5,16536,㱻
2439,1,外,1,外,w422b0501,外,1,16537,外
2440,1,祋,1,祋,w422b0502,祋,1,16538,祋
2441,1,懀,1,懀,w422b0503,懀,1,16539,懀
2441,2,濊,2,濊,w422b0504,濊,2,16540,濊
2441,3,薈,3,薈,w422b0505,薈,3,16541,薈
2441,4,嬒,4,嬒,w422b0601,嬒,4,16542,嬒
2441,5,䶐,5,䶐,w422b0602,䶐,5,16543,䶐
2441,6,瞺,6,瞺,w422b0603,瞺,6,16544,瞺
2441,7,䵳,7,䵳,w422b0604,䵳,7,16545,䵳
2442,1,蕞,1,蕞,w422b0605,蕞,1,16546,蕞
2442,2,𥳣,2,𥳣,w422b0606,𥳣,2,16547,𥳣
2443,1,𥕸,1,𥕸,w422b0607,𥕸,1,16548,𥕸
2443,2,𣩡,2,𣩡,w422b0608,𣩡,2,16549,𣩡
2443,3,𥊴,3,𥊴,w422b0701,𥊴,3,16550,𥊴
2444,1,襊,1,襊,w422b0702,襊,1,16551,襊
2444,2,𨅎,2,𨅎,w422b0703,𨅎,2,16552,𨅎
2444,3,𥨒,3,𥨒,w422b0704,𥨒,3,16553,𥨒
2445,1,旆,1,旆,w422b0705,旆,1,16554,旆
2445,2,䟺,2,䟺,w422b0706,䟺,2,16555,䟺
2445,3,軷,3,軷,w422b0707,軷,3,16556,軷
2446,1,磕,1,磕,w422b0801,磕,1,16557,磕
2446,2,䳚,2,䳚,w422b0802,䳚,2,16558,䳚
2446,3,轄,3,轄,w422b0803,轄,3,16559,轄
2446,4,愒,4,愒,w422b0804,愒,4,16560,愒
2446,5,溘,5,溘,w422b0805,溘,5,16561,溘
2446,6,𥎆,6,𥎆,w422b0901,𥎆,6,16562,𥎆
2446,7,𩫀,7,𩫀,w422b0902,𩫀,7,16563,𩫀
2446,8,㪡,8,㪡,w422b0903,㪡,8,16564,㪡
2446,9,𨜴,9,𨜴,w422b0904,𨜴,9,16565,𨜴
2447,1,蔡,1,蔡,w422b0905,蔡,1,16566,蔡
2447,2,𣞖,2,𣞖,w422b1001,𣞖,2,16567,𣞖
2447,3,𪇭,3,𪇭,w422b1002,𪇭,3,16568,𪇭
2448,1,賴,1,賴,w422b1003,賴,1,16569,賴
2448,2,籟,2,籟,w422b1004,籟,2,16570,籟
2448,3,癩,3,癩,w422b1005,癩,3,16571,癩
2448,4,瀨,4,瀨,w423a0101,瀨,4,16572,瀨
2448,5,糲,5,糲,w423a0102,糲,5,16573,糲
2448,6,䄤,6,䄤,w423a0103,䄤,6,16574,䄤
2448,7,藾,7,藾,w423a0104,藾,7,16575,藾
2448,8,䓶,8,䓶,w423a0105,䓶,8,16576,䓶
2448,9,犡,9,犡,w423a0106,犡,9,16577,犡
2448,10,䲚,10,䲚,w423a0201,䲚,10,16578,䲚
2448,11,𨇆,11,𨇆,w423a0202,𨇆,11,16579,𨇆
2448,12,㸊,12,㸊,w423a0203,㸊,12,16580,㸊
2448,13,鵣,13,鵣,w423a0204,鵣,13,16581,鵣
2448,14,𡂖,14,𡂖,w423a0205,𡂖,14,16582,𡂖
2449,1,餀,1,餀,w423a0206,餀,1,16583,餀
2449,2,𦤦,2,𦤦,w423a0207,𦤦,2,16584,𦤦
2449,3,㺔,3,㺔,w423a0208,㺔,3,16585,㺔
2449,4,𤵽,4,𤵽,w423a0209,𤵽,4,16586,𤵽
2449,5,𩹄,5,𩹄,w423a0301,𩹄,5,16587,𩹄
2450,1,娧,1,娧,w423a0302,娧,1,16588,娧
2450,2,蛻,2,蛻,w423a0303,蛻,2,16589,蛻
2450,3,駾,3,駾,w423a0304,駾,3,16590,駾
2450,4,毻,4,毻,w423a0305,毻,4,16591,毻
2450,5,裞,5,裞,w423a0306,裞,5,16592,裞
2451,1,眛〈眜〉,1,眛〈眜〉,w423a0401,眛〈眜〉,1,16593,眛
2451,2,沬〈沫〉,2,沬〈沫〉,w423a0402,沬〈沫〉,2,16594,沬
2451,3,㭑〈枺〉,3,㭑〈枺〉,w423a0403,㭑,3,16595,枺
2452,1,𦦣,1,𦦣,w423a0404,𦦣,1,16596,𦦣
2453,1,卦,1,卦,w423a0501,卦,1,16597,卦
2453,2,挂,2,挂,w423a0502,挂,2,16598,挂
2453,3,掛,3,掛,w423a0601,掛,3,16599,掛
2453,4,詿,4,詿,w423a0602,詿,4,16600,詿
2453,5,𡐠,5,𡐠,w423a0603,𡐠,5,16601,𡐠
2453,6,罣,6,罣,w423a0604,罣,6,16602,罣
2454,1,懈,1,懈,w423a0605,懈,1,16603,懈
2454,2,解,2,解,w423a0701,解,2,16604,解
2454,3,繲,3,繲,w423a0702,繲,3,16605,繲
2454,4,廨,4,廨,w423a0703,廨,4,16606,廨
2454,5,薢,5,薢,w423a0704,薢,5,16607,薢
2454,6,㾏,6,㾏,w423a0705,㾏,6,16608,㾏
2455,1,隘,1,隘,w423a0706,隘,1,16609,隘
2455,2,𨽴,2,𨽴,w423a0707,𨽴,2,16610,𨽴
2455,3,阸,3,阸,w423a0708,阸,3,16611,阸
2455,4,㿄,4,㿄,w423a0801,㿄,4,16612,㿄
2455,5,䅬,5,䅬,w423a0802,䅬,5,16613,䅬
2455,6,賹,6,賹,w423a0803,賹,6,16614,賹
2456,1,邂,1,邂,w423a0804,邂,1,16615,邂
2456,2,解,2,解,w423a0805,解,2,16616,解
2457,1,賣,1,賣,w423a0901,賣,1,16617,賣
2458,1,畫,1,畫,w423a0902,畫,1,16618,畫
2458,2,詿,2,詿,w423a0903,詿,2,16619,詿
2458,3,罣,3,罣,w423a0904,罣,3,16620,罣
2458,4,絓,4,絓,w423a0905,絓,4,16621,絓
2458,5,澅,5,澅,w423a1001,澅,5,16622,澅
2458,6,黊,6,黊,w423a1002,黊,6,16623,黊
2458,7,繣,7,繣,w423a1003,繣,7,16624,繣
2458,8,纗,8,纗,w423a1004,纗,8,16625,纗
2458,9,孈,9,孈,w423a1005,孈,9,16626,孈
2459,1,差,1,差,w423a1006,差,1,16627,差
2459,2,瘥,2,瘥,w423b0101,瘥,2,16628,瘥
2459,3,衩,3,衩,w423b0102,衩,3,16629,衩
2459,4,杈,4,杈,w423b0103,杈,4,16630,杈
2459,5,㳗,5,㳗,w423b0104,㳗,5,16631,㳗
2459,6,訍,6,訍,w423b0105,訍,6,16632,訍
2459,7,𧪘,7,𧪘,w423b0106,𧪘,7,16633,𧪘
2460,1,睚,1,睚,w423b0107,睚,1,16634,睚
2461,1,謑,1,謑,w423b0201,謑,1,16635,謑
2462,1,庍〈𢈕〉,1,庍〈𢈕〉,w423b0202,庍〈𢈕〉,1,16636,庍
2463,1,粺,1,粺,w423b0203,粺,1,16637,粺
2463,2,稗,2,稗,w423b0204,稗,2,16638,稗
2463,3,𪐄,3,𪐄,w423b0205,𪐄,3,16639,𪐄
2463,4,杷,4,杷,w423b0301,杷,4,16640,杷
2464,1,㾹,1,㾹,w423b0302,㾹,1,16641,㾹
2464,2,眦,2,眦,w423b0303,眦,2,16642,眦
2465,1,派,1,派,w423b0304,派,1,16643,派
2465,2,𠂢,2,𠂢,w423b0305,𠂢,2,16644,𠂢
2465,3,𥿯,3,𥿯,w423b0306,𥿯,3,16645,𥿯
2465,4,𣏟,4,𣏟,w423b0401,𣏟,4,16646,𣏕
2465,5,㵺,5,㵺,w423b0402,㵺,5,16647,㵺
2465,6,㭛,6,㭛,w423b0403,㭛,6,16648,㭛
2465,7,𣎳,7,𣎳,w423b0404,𣎳,7,16649,𣎵
2466,1,債,1,債,w423b0405,債,1,16650,債
2467,1,𡢖,1,𡢖,w423b0501,𡢖,1,16651,𡢖
2467,2,𨛖,2,𨛖,w423b0502,𨛖,2,16652,𨛖
2468,1,曬,1,曬,w423b0503,曬,1,16653,曬
2468,2,䵘,2,䵘,w423b0504,䵘〈⿰黍易〉,2,16654,䵘
2468,3,𨢦,3,𨢦,w423b0505,𨢦,3,16655,𨢦
2468,4,汛,4,汛,w423b0601,汛,4,16656,汛
2468,5,洒,5,洒,w423b0602,洒,5,16657,洒
2469,1,諣,1,諣,w423b0603,諣,1,16658,諣
2470,1,㠔,1,㠔,w423b0604,㠔,1,16659,㠔
2471,1,膪,1,膪,w423b0605,膪,1,16660,膪
2471,2,𢕮,2,𢕮,w423b0701,𢕮,2,16661,𢕮
2472,1,怪,1,怪,w423b0801,怪,1,16662,怪
2472,2,恠,2,恠,w423b0802,恠,2,16663,恠
2472,3,𥑋,3,𥑋,w423b0803,𥑋,3,16664,𥑋
2472,4,𦳋,4,𦳋,w423b0804,𦳋,4,16665,𦳋
2472,5,𣀤,5,𣀤,w423b0805,𣀩,5,16666,𣀤
2472,6,壞,6,壞,w423b0806,壞,6,16667,壞
2472,7,𡌪,7,𡌪,w423b0807,𡌪,7,16668,𡌪
2472,8,㧔,8,㧔,w423b0808,㧔,8,16669,㧔
2473,1,噫,1,噫,w423b0901,噫,1,16670,噫
2473,2,呝,2,呝,w423b0902,呃,2,16671,呃
2474,1,瘵,1,瘵,w423b0903,瘵,1,16672,瘵
2474,2,祭,2,祭,w423b0904,祭,2,16673,祭
2474,3,𨝋,3,𨝋,w423b0905,𨝋,3,16674,𨝋
2475,1,誡,1,誡,w423b1001,誡,1,16675,誡
2475,2,戒,2,戒,w423b1002,戒,2,16676,戒
2475,3,界,3,界,w423b1003,界,3,16677,界
2475,4,介,4,介,w423b1004,介,4,16678,介
2475,5,屆,5,屆,w424a0101,届,5,16679,届
2475,6,疥,6,疥,w424a0102,疥,6,16680,疥
2475,7,玠,7,玠,w424a0103,玠,7,16681,玠
2475,8,㝏,8,㝏,w424a0201,㝏,8,16682,㝏
2475,9,㠹,9,㠹,w424a0202,㠹,9,16683,㠹
2475,10,砎,10,砎,w424a0203,砎,10,16684,砎
2475,11,魪,11,魪,w424a0204,魪,11,16685,魪
2475,12,尬,12,尬,w424a0205,尬,12,16686,尬
2475,13,价,13,价,w424a0206,价,13,16687,价
2475,14,䯰,14,䯰,w424a0207,䯰,14,16688,䯰
2475,15,悈,15,悈,w424a0208,悈,15,16689,悈
2475,16,䲸,16,䲸,w424a0301,䲸,16,16690,䲸
2475,17,艐,17,艐,w424a0302,艐,17,16691,艐
2475,18,䁓,18,䁓,w424a0303,䁓,18,16692,䁓
2475,19,芥,19,芥,w424a0304,芥,19,16693,芥
2475,20,衸,20,衸,w424a0305,衸,20,16694,衸
2475,21,丰〈丯〉,21,丰〈丯〉,w424a0401,丯〈丰〉,21,16695,丯
2475,22,𠨴,22,𠨴,w424a0402,𠨴,22,16696,𠨴
2475,23,𩡺,23,𩡺,w424a0403,𩡺,23,16697,𩡺
2476,1,褹,1,褹,w424a0404,褹,1,16698,褹
2477,1,譮,1,譮,w424a0405,譮,1,16699,譮
2477,2,欸,2,欸,w424a0406,欸,2,16700,欸
2477,3,㖑,3,㖑,w424a0407,㖑,3,16701,㖑
2477,4,齂,4,齂,w424a0501,齂,4,16702,齂
2477,5,噧,5,噧,w424a0502,噧,5,16703,噧
2477,6,䜕,6,䜕,w424a0503,䜕,6,16704,䜕
2477,7,㞒,7,㞒,w424a0504,㞒,7,16705,㞒
2477,8,𡘌,9,𡘌,w424a0505,𡘌,9,16707,𡘌
2477,9,𢗊,8,𢗊,w424a0506,𢗊,8,16706,𢗊
2478,1,械,1,械,w424a0507,械,1,16708,械
2478,2,䪥,2,䪥,w424a0601,䪥,2,16709,䪥
2478,3,薤,3,薤,w424a0602,薤,3,16710,薤
2478,4,齘,4,齘,w424a0603,齘,4,16711,齘
2478,5,䦏,5,䦏,w424a0604,䦏,5,16712,䦏
2478,6,瀣,6,瀣,w424a0605,瀣,6,16713,瀣
2478,7,㒠,7,㒠,w424a0701,㒠,7,16714,㒠
2478,8,韰,8,韰,w424a0702,韰,8,16715,韰
2478,9,𤡧,9,𤡧,w424a0703,𤡧,9,16716,𤡧
2478,10,衸,10,衸,w424a0704,衸,10,16717,衸
2478,11,㳦,11,㳦,w424a0705,㳦,11,16718,㳦
2479,1,𦗐,1,𦗐,w424a0706,𦗐,1,16719,𦗐
2479,2,譺,2,譺,w424a0707,譺,2,16720,譺
2479,3,𢟰,3,𢟰,w424a0708,𢟰,3,16721,𢟰
2479,4,𧏹,4,𧏹,w424a0801,𧏹,4,16722,𧏹
2480,1,蒯,1,蒯,w424a0802,蒯,1,16723,蒯
2480,2,喟,2,喟,w424a0803,喟,2,16724,喟
2480,3,嬇,3,嬇,w424a0804,嬇,3,16725,嬇
2480,4,㕟,4,㕟,w424a0805,㕟,4,16726,㕟
2480,5,䈛,5,䈛,w424a0806,䈛,5,16727,䈛
2480,6,簣,6,簣,w424a0901,簣,6,16728,簣
2480,7,嘳,7,嘳,w424a0902,嘳,7,16729,嘳
2480,8,蕢,8,蕢,w424a0903,蕢,8,16730,蕢
2480,9,墤,9,墤,w424a0904,墤,9,16731,墤
2481,1,𢷎,1,𢷎,w424a0905,𢷎,1,16732,𢷎
2481,2,拜,2,拜,w424a1001,拜,2,16733,拜
2481,3,扒,3,扒,w424a1002,扒,3,16734,扒
2482,1,湃,1,湃,w424a1003,湃,1,16735,湃
2482,2,浿,2,浿,w424b0101,浿,2,16736,浿
2483,1,壞,1,壞,w424b0102,壞,1,16737,壞
2483,2,𡎯,2,𡎯,w424b0103,𡎯,2,16738,𡎯
2483,3,蘾,3,蘾,w424b0104,蘾,3,16739,蘾
2484,1,聵,1,聵,w424b0105,聵,1,16740,聵
2484,2,𦖥,2,𦖥,w424b0106,𦖥,2,16741,𦖥
2484,3,𩔀,3,𩔀,w424b0201,𩔀,3,16742,𩔀
2485,1,𢞎,1,𢞎,w424b0202,𢞎,1,16743,𢟡
2485,2,憊,2,憊,w424b0203,憊,2,16744,憊
2485,3,𤸶,3,𤸶,w424b0204,𤸶,3,16745,𤸶
2485,4,韛,4,韛,w424b0205,韛,4,16746,韝
2485,5,𣡖,5,𣡖,w424b0206,𣡖,5,16747,𣡖
2485,6,𦩋,6,𦩋,w424b0207,𦩋,6,16748,𦩋
2485,7,棑,7,棑,w424b0301,棑,7,16749,棑
2485,8,㶔,8,㶔,w424b0302,㶔,8,16750,㶔
2486,1,䀛,1,䀛,w424b0303,䀛,1,16751,䀛
2486,2,𧱘,2,𧱘,w424b0304,𧱘,2,16752,𧱘
2486,3,𩎟〈韎〉,3,𩎟〈韎〉,w424b0305,𩎟〈韎〉,3,16753,韎
2487,1,𧱳,1,𧱳,w424b0306,𧱳,1,16754,𧱳
2487,2,躗,2,躗,w424b0307,躛,2,16755,躛
2487,3,𣟉,3,𣟉,w424b0308,𣟉,3,16756,𣟉
2487,4,𣸎,4,𣸎,w424b0401,𣸎,4,16757,𣸎
2487,5,咶,5,咶,w424b0402,咶,5,16758,咶
2488,1,鎩,1,鎩,w424b0403,鎩,1,16759,鎩
2488,2,𧜁,2,𧜁,w424b0404,𧜁,2,16760,𧜁
2488,3,殺,3,殺,w424b0405,殺,3,16761,殺
2488,4,閷,4,閷,w424b0501,閷,4,16762,閷
2489,1,烗,1,烗,w424b0502,烗,1,16763,烗
2489,2,𤈪,2,𤈪,w424b0503,𤈪,2,16764,𤈪
2489,3,劾,3,劾,w424b0504,劾,3,16765,劾
2489,4,揩,4,揩,w424b0505,⿰十皆〈揩〉,4,16766,揩
2490,1,顡,1,顡,w424b0601,顡,1,16767,顡
2491,1,夬,1,夬,w424b0701,夬,1,16768,夬
2491,2,獪,2,獪,w424b0702,獪,2,16769,獪
2491,3,䈛,3,䈛,w424b0703,䈛,3,16770,䈛
2492,1,快,1,快,w424b0704,快,1,16771,快
2492,2,噲,2,噲,w424b0801,噲,2,16772,噲
2492,3,𥢶,3,𥢶,w424b0802,𥢶,3,16773,𥢶
2492,4,駃,4,駃,w424b0803,駃,4,16774,駃
2492,5,璯,5,璯,w424b0804,璯,5,16775,璯
2493,1,邁,1,邁,w424b0805,邁,1,16776,邁
2493,2,勱,2,勱,w424b0901,勱,2,16777,勱
2493,3,䜕,3,䜕,w424b0902,䜕,3,16778,䜕
2493,4,佅,4,佅,w424b0903,佅,4,16779,佅
2494,1,話,1,話,w424b0904,話,1,16780,話
2495,1,敗,1,敗,w424b0905,敗,1,16781,敗
2495,2,贁,2,贁,w424b1001,贁,2,16782,贁
2495,3,䢙,3,䢙,w424b1002,䢙,3,16783,䢙
2495,4,唄,4,唄,w424b1003,唄,4,16784,唄
2496,1,䵳,1,䵳,w424b1004,䵳,1,16785,䵳
2496,2,䶐,2,䶐,w424b1005,䶐,2,16786,䶐
2496,3,懀,3,懀,w424b1006,懀,3,16787,懀
2497,1,嘬,1,嘬,w425a0101,嘬,1,16788,嘬
2497,2,䴝,2,䴝,w425a0102,䴝,2,16789,䴝
2497,3,𣤌,3,𣤌,w425a0103,𣤌,3,16790,𣤌
2497,4,𠽶,4,𠽶,w425a0104,𠽶,4,16791,𠽶
2498,1,犗,1,犗,w425a0105,犗,1,16792,犗
2498,2,𧜅,2,𧜅,w425a0106,𧜅,2,16793,𧜅
2499,1,蠆,1,蠆,w425a0201,蠆,1,16794,蠆
2499,2,慸,2,慸,w425a0202,慸,2,16795,慸
2500,1,喝,1,喝,w425a0203,喝,1,16796,喝
2500,2,餲,2,餲,w425a0204,餲,2,16797,餲
2500,3,嗄,3,嗄,w425a0205,嗄,3,16798,嗄
2500,4,䬵,4,䬵,w425a0206,䬵,4,16799,䬵
2500,5,欬,5,欬,w425a0301,欬,5,16800,欬
2501,1,𠱡,1,𠱡,w425a0302,𠱡,1,16801,𠱡
2502,1,𦤧,1,𦤧,w425a0303,𦤧,1,16802,𦤧
2503,1,䜕,1,䜕,w425a0304,䜕,1,16803,䜕
2503,2,𦤬,2,𦤬,w425a0305,𦤬,2,16804,𦤬
2504,1,咶,1,咶,w425a0306,咶,1,16805,咶
2505,1,敗,1,敗,w425a0401,敗,1,16806,敗
2506,1,啐,1,啐,w425a0402,啐,1,16807,啐
2507,1,寨,1,寨,w425a0403,寨,1,16808,寨
2507,2,砦,2,砦,w425a0404,砦,2,16809,砦
2508,1,㕢,1,㕢,w425a0405,㕢,1,16810,㕢
2509,1,隊,1,隊,w425a0501,隊,1,16811,隊
2509,2,䨴,2,䨴,w425a0502,䨴,2,16812,䨴
2509,3,薱,3,薱,w425a0503,薱,3,16813,薱
2509,4,憝,4,憝,w425a0504,憝,4,16814,憝
2509,5,憞,5,憞,w425a0505,憞,5,16815,憞
2509,6,譈,6,譈,w425a0506,譈,6,16816,譈
2509,7,鐓,7,鐓,w425a0507,鐓,7,16817,鐓
2509,8,錞,8,錞,w425a0601,錞,8,16818,錞
2509,9,䃍,9,䃍,w425a0602,䃍,9,16819,䃍
2509,10,䯟,10,䯟,w425a0603,䯟,10,16820,䯟
2509,11,𩐌,11,𩐌,w425a0604,𩐌,11,16821,𩐌
2509,12,濧,12,濧,w425a0605,濧,12,16822,濧
2510,1,佩,1,佩,w425a0606,佩,1,16823,佩
2510,2,珮,2,珮,w425a0701,珮,2,16824,珮
2510,3,孛,3,孛,w425a0702,孛,3,16825,孛
2510,4,鄁,4,鄁,w425a0703,鄁,4,16826,鄁
2510,5,邶,5,邶,w425a0801,邶,5,16827,邶
2510,6,偝,6,偝,w425a0802,偝,6,16828,偝
2510,7,誖,7,誖,w425a0803,誖,7,16829,誖
2510,8,悖,8,悖,w425a0804,悖,8,16830,悖
2510,9,背,9,背,w425a0805,背,9,16831,背
2510,10,琲,10,琲,w425a0806,㻗,10,16832,㻗
2510,11,𢂤,11,𢂤,w425a0901,𢂤〈⿰市犬〉,11,16833,𢂤
2510,12,苝,12,苝,w425a0902,苝,12,16834,苝
2511,1,妹,1,妹,w425a0903,妹,1,16835,妹
2511,2,昧,2,昧,w425a1001,昧,2,16836,昧
2511,3,眛,3,眛,w425a1002,眛,3,16837,眛
2511,4,每,4,每,w425a1003,每,4,16838,每
2511,5,痗,5,痗,w425a1004,痗,5,16839,痗
2511,6,瑁,6,瑁,w425a1005,瑁,6,16840,瑁
2511,7,黴,7,黴,w425a1006,黴,7,16841,黴
2511,8,莓,8,莓,w425a1007,莓,8,16842,莓
2511,9,䍙,9,䍙,w425b0101,䍙,9,16843,䍙
2511,10,脢,10,脢,w425b0102,脢,10,16844,脢
2511,11,䆀,11,䆀,w425b0103,䆀,11,16845,䆀
2512,1,配,1,配,w425b0104,配,1,16846,配
2512,2,朏〈昢〉,2,朏〈昢〉,w425b0105,朏〈昢〉,2,16847,朏
2512,3,妃,3,妃,w425b0106,妃,3,16848,妃
2512,4,嶏,4,嶏,w425b0201,嶏,4,16849,嶏
2513,1,誨,1,誨,w425b0202,誨,1,16850,誨
2513,2,悔,2,悔,w425b0203,悔,2,16851,悔
2513,3,晦,3,晦,w425b0204,晦,3,16852,晦
2513,4,𠧩,4,𠧩,w425b0205,𠧩,4,16853,𠧩
2513,5,靧,5,靧,w425b0206,靧,5,16854,靧
2513,6,頮,6,頮,w425b0207,頮,6,16855,頮
2513,7,秏,7,秏,w425b0208,秏,7,16856,秏
2513,8,痗,8,痗,w425b0301,痗,8,16857,痗
2513,9,𩔁,9,𩔁,w425b0302,𩔁,9,16858,𩔁
2513,10,詯,10,詯,w425b0303,詯,10,16859,詯
2513,11,𣴵,11,𣴵,w425b0304,𣴵,11,16860,𣴵
2514,1,對,1,對,w425b0305,對,1,16861,對
2514,2,𡭊,2,𡭊,w425b0401,𡭊,2,16862,𡭊
2514,3,碓,3,碓,w425b0402,碓,3,16863,碓
2514,4,𣝉,4,𣝉,w425b0501,𣝉,4,16864,𣝉
2514,5,轛,5,轛,w425b0502,轛,5,16865,轛
2514,6,𠏮,6,𠏮,w425b0503,𠏮,6,16866,𠏮
2515,1,倅,1,倅,w425b0504,倅,1,16867,倅
2515,2,淬,2,淬,w425b0505,淬,2,16868,淬
2515,3,焠,3,焠,w425b0506,焠,3,16869,焠
2515,4,䃀,4,䃀,w425b0601,䃀,4,16870,䃀
2515,5,啐,5,啐,w425b0602,啐,5,16871,啐
2516,1,晬,1,晬,w425b0603,晬,1,16872,晬
2516,2,祽,2,祽,w425b0604,祽,2,16873,祽
2516,3,𪓌,3,𪓌,w425b0605,𪓌,3,16874,𪓌
2516,4,綷,4,綷,w425b0701,綷,4,16875,綷
2516,5,𢃒,5,𢃒,w425b0702,𢃒,5,16876,𢃒
2516,6,捘,6,捘,w425b0703,捘,6,16877,捘
2516,7,夎,7,夎,w425b0704,夎,7,16878,夎
2517,1,𩲄,1,𩲄,w425b0705,𩲄,1,16879,𩲄
2517,2,㕈,2,㕈,w425b0706,㕈,2,16880,㕈
2517,3,隈,3,隈,w425b0707,隈,3,16881,隈
2518,1,退,1,退,w425b0801,退,1,16882,退
2518,2,𢓴,2,𢓴,w425b0802,𢓴,2,16883,𢓴
2518,3,𨓤,3,𨓤,w425b0803,𨓤,3,16884,𨓤
2518,4,㥆,4,㥆,w425b0804,㥆,4,16885,㥆
2518,5,𡯵,5,𡯵,w425b0805,𡯵,5,16886,𡯵
2519,1,憒,1,憒,w425b0806,憒,1,16887,憒
2519,2,幗,2,幗,w425b0807,幗,2,16888,幗
2519,3,刏,3,刏,w425b0901,刏,3,16889,刏
2519,4,慖,4,慖,w425b0902,慖,4,16890,慖
2519,5,䵋,5,䵋,w425b0903,䵋,5,16891,䵋
2519,6,䐴,6,䐴,w425b0904,䐴,6,16892,䐴
2519,7,簂,7,簂,w425b0905,簂,7,16893,簂
2519,8,䈐,8,䈐,w425b0906,䈐,8,16894,䈐
2519,9,𪏤,9,𪏤,w425b0907,𪏤,9,16895,𪏤
2519,10,蔮,10,蔮,w425b0908,蔮,10,16896,蔮
2520,1,潰,1,潰,w425b1001,潰,1,16897,潰
2520,2,迴,2,迴,w425b1002,迴,2,16898,迴
2520,3,繢,3,繢,w425b1003,繢,3,16899,繢
2520,4,嬇,4,嬇,w425b1004,嬇,4,16900,嬇
2520,5,殨,5,殨,w425b1005,殨,5,16901,殨
2520,6,闠,6,闠,w425b1006,闠,6,16902,闠
2520,7,䔇,7,䔇,w425b1007,䔇,7,16903,䔇
2520,8,螝,8,螝,w426a0101,螝,8,16904,螝
2520,9,詯,9,詯,w426a0102,詯,9,16905,詯
2520,10,膭,10,膭,w426a0103,膭,10,16906,膭
2520,11,僓,11,僓,w426a0104,僓,11,16907,僓
2520,12,䜋,12,䜋,w426a0105,䜋,12,16908,䜋
2520,13,䛛,13,䛛,w426a0201,䛛,13,16909,䛛
2521,1,塊,1,塊,w426a0202,塊,1,16910,塊
2521,2,凷,2,凷,w426a0203,凷,2,16911,凷
2521,3,堁,3,堁,w426a0204,堁,3,16912,堁
2522,1,碎,1,碎,w426a0205,碎,1,16913,碎
2522,2,𤭢,2,𤭢,w426a0301,𤭢,2,16914,𤭢
2522,3,誶,3,誶,w426a0302,誶,3,16915,誶
2522,4,啐,4,啐,w426a0303,啐,4,16916,啐
2522,5,繀,5,繀,w426a0304,繀,5,16917,繀
2523,1,內,1,內,w426a0305,内,1,16918,内
2524,1,纇,1,纇,w426a0306,纇,1,16919,纇
2524,2,耒,2,耒,w426a0401,耒,2,16920,耒
2524,3,儽,3,儽,w426a0402,儽,3,16921,儽
2524,4,攂,4,攂,w426a0403,攂,4,16922,攂
2524,5,酹,5,酹,w426a0404,酹,5,16923,酹
2524,6,蘱,6,蘱,w426a0405,蘱,6,16924,蘱
2524,7,㔣,7,㔣,w426a0501,㔣,7,16925,㔣
2524,8,䒹,8,䒹,w426a0502,䒹,8,16926,䒹
2524,9,𥣬,9,𥣬,w426a0503,𥣬,9,16927,𥣬
2524,10,𡔇,10,𡔇,w426a0504,𡔇,10,16928,𡔇
2524,11,礧,11,礧,w426a0505,礧,11,16929,礧
2524,12,䣂,12,䣂,w426a0506,䣂,12,16930,䣂
2524,13,銇,13,銇,w426a0507,銇,13,16931,銇
2524,14,錑,14,錑,w426a0508,錑,14,16932,錑
2525,1,背,1,背,w426a0509,背,1,16933,背
2525,2,輩,2,輩,w426a0601,輩,2,16934,輩
2525,3,誖,3,誖,w426a0602,誖,3,16935,誖
2526,1,磑,1,磑,w426a0603,磑,1,16936,磑
2527,1,蚚,1,蚚,w426a0604,蚚,1,16937,蚚
2528,1,代,1,代,w426a0701,代,1,16938,代
2528,2,岱,2,岱,w426a0801,岱,2,16939,岱
2528,3,黛,3,黛,w426a0802,黛,3,16940,黛
2528,4,黱,4,黱,w426a0803,黱,4,16941,黱
2528,5,逮,5,逮,w426a0804,逮,5,16942,逮
2528,6,埭,6,埭,w426a0805,埭,6,16943,埭
2528,7,𡍖,7,𡍖,w426a0806,𡍖,7,16944,𡍖
2528,8,帒,8,帒,w426a0807,帒,8,16945,帒
2528,9,袋,9,袋,w426a0901,袋,9,16946,袋
2528,10,𤮼,10,𤮼,w426a0902,𤮼,10,16947,甙
2528,11,酨,11,酨,w426a0903,酨,11,16948,𨠾
2528,12,瑇,12,瑇,w426a0904,瑇,12,16949,瑇
2528,13,靆,13,靆,w426a1001,靆,13,16950,靆
2529,1,載,1,載,w426a1002,載,1,16951,載
2529,2,再,2,再,w426b0101,再,2,16952,再
2529,3,縡,3,縡,w426b0102,縡,3,16953,縡
2529,4,𨚵,4,𨚵,w426b0103,𨚵,4,16954,𨚵
2529,5,𩛥,5,𩛥,w426b0104,⿰⿱土飠丮〈𩛥〉,5,16955,𩛥
2529,6,䵧,6,䵧,w426b0105,䵧,6,16956,䵧
2530,1,䆀,1,䆀,w426b0106,䆀,1,16957,䆀
2530,2,脄,2,脄,w426b0107,脄,2,16958,脄
2531,1,賽,1,賽,w426b0201,賽,1,16959,賽
2531,2,簺,2,簺,w426b0202,簺,2,16960,簺
2531,3,塞,3,塞,w426b0203,塞,3,16961,塞
2531,4,𢞝,4,𢞝,w426b0204,𢞝,4,16962,𢞝
2532,1,貸,1,貸,w426b0205,貸,1,16963,貸
2532,2,儓,2,儓,w426b0301,儓,2,16964,儓
2532,3,態,3,態,w426b0302,態,3,16965,態
2532,4,曃,4,曃,w426b0303,曃,4,16966,曃
2533,1,溉,1,溉,w426b0304,漑,1,16967,漑
2533,2,槩,2,概,w426b0305,槩,2,16968,槩
2533,3,摡,3,摡,w426b0401,摡,3,16969,摡
2533,4,㕢,4,㕢,w426b0402,㕢,4,16970,㕢
2533,5,𠌰,5,𠌰,w426b0403,𠌰,5,16971,𠌰
2533,6,㧉,6,㧉,w426b0404,㧉,6,16972,㧉
2534,1,慨,1,慨,w426b0405,慨,1,16973,慨
2534,2,愾,2,愾,w426b0406,愾,2,16974,愾
2534,3,欬,3,欬,w426b0407,欬,3,16975,欬
2534,4,鎧,4,鎧,w426b0408,鎧,4,16976,鎧
2534,5,闓,5,闓,w426b0501,闓,5,16977,闓
2534,6,嘅,6,嘅,w426b0502,嘅,6,16978,嘅
2535,1,礙,1,礙,w426b0503,礙,1,16979,礙
2535,2,硋,2,硋,w426b0504,硋,2,16980,硋
2535,3,䙷,3,䙷,w426b0505,⿳日八寸,3,16981,䙷
2535,4,閡,4,閡,w426b0601,閡,4,16982,閡
2535,5,儗,5,儗,w426b0602,儗,5,16983,儗
2535,6,懝,6,懝,w426b0603,懝,6,16984,懝
2535,7,𥝌,7,𥝌,w426b0604,𥝌,7,16985,𥝌
2536,1,愛,1,愛,w426b0605,愛,1,16986,愛
2536,2,㤅,2,㤅,w426b0606,㤅,2,16987,㤅
2536,3,𢟪,3,𢟪,w426b0607,𢟪,3,16988,𢟪
2536,4,曖,4,曖,w426b0608,曖,4,16989,曖
2536,5,僾,5,僾,w426b0701,僾,5,16990,僾
2536,6,𥴨,6,𥴨,w426b0702,𥴨,6,16991,𥴨
2536,7,靉,7,靉,w426b0703,靉,7,16992,靉
2536,8,薆,8,薆,w426b0704,薆,8,16993,薆
2536,9,璦,9,璦,w426b0705,璦,9,16994,璦
2537,1,瀣,1,瀣,w426b0706,瀣,1,16995,瀣
2537,2,㤥,2,㤥,w426b0801,㤥,2,16996,㤥
2537,3,劾,3,劾,w426b0802,劾,3,16997,劾
2538,1,耐,1,耐,w426b0803,耐,1,16998,耐
2538,2,螚,2,螚,w426b0804,螚,2,16999,螚
2538,3,鼐,3,鼐,w426b0805,鼐,3,17000,鼐
2538,4,能,4,能,w426b0806,能,4,17001,能
2538,5,佴,5,佴,w426b0807,佴,5,17002,佴
2538,6,𣉘,6,𣉘,w426b0901,𣉘,6,17003,𣉘
2538,7,耏,7,耏,w426b0902,耏,7,17004,耏
2539,1,戴,1,戴,w426b0903,戴,1,17005,戴
2540,1,賚,1,賚,w426b0904,賚,1,17006,賚
2540,2,萊,2,萊,w426b1001,萊,2,17007,萊
2540,3,睞,3,睞,w426b1002,睞,3,17008,睞
2540,4,徠,4,徠,w426b1003,徠,4,17009,徠
2540,5,勑,5,勑,w426b1004,勑,5,17010,勑
2540,6,㾢,6,㾢,w426b1005,㾢,6,17011,㾢
2540,7,誺,7,誺,w426b1006,誺,7,17012,誺
2540,8,䚅,8,䚅,w426b1007,䚅,8,17013,䚅
2540,9,逨,9,逨,w426b1008,逨,9,17014,逨
2541,1,菜,1,菜,w427a0101,菜,1,17015,菜
2541,2,埰,2,埰,w427a0102,埰,2,17016,埰
2541,3,棌,3,棌,w427a0103,棌,3,17017,棌
2541,4,䰂,4,䰂,w427a0104,䰂,4,17018,䰂
2541,5,䐆,5,䐆,w427a0105,䐆,5,17019,䐆
2542,1,載,1,載,w427a0106,載,1,17020,載
2542,2,裁,2,裁,w427a0201,裁,2,17021,裁
2542,3,纔,3,纔,w427a0202,纔,3,17022,纔
2542,4,在,4,在,w427a0203,在,4,17023,在
2542,5,酨,5,酨,w427a0204,酨,5,17024,酨
2542,6,栽,6,栽,w427a0205,栽,6,17025,栽
2542,7,𣿐,7,𣿐,w427a0206,𣿐,7,17026,𣿐
2543,1,儗,1,儗,w427a0207,儗,1,17027,儗
2544,1,廢,1,廢,w427a0301,廢,1,17028,廢
2544,2,癈,2,癈,w427a0302,癈,2,17029,癈
2544,3,𤼺,3,𤼺,w427a0303,𤼺,3,17030,𤼺
2544,4,橃,4,橃,w427a0304,橃,4,17031,橃
2544,5,祓,5,祓,w427a0305,祓,5,17032,袚
2544,6,𥳊,6,𥳊,w427a0306,𥳊,6,17033,𥳊
2544,7,䉬,7,䉬,w427a0307,䉬,7,17034,䉬
2544,8,䚨,8,䚨,w427a0401,䚨,8,17035,䚨
2544,9,砩,9,砩,w427a0402,砩,9,17036,砩
2545,1,肺,1,肺,w427a0403,肺,1,17037,肺
2545,2,杮,2,杮,w427a0404,杮,2,17038,杮
2545,3,㤄,3,㤄,w427a0405,㤄,3,17039,㤄
2545,4,䑔,4,䑔,w427a0406,䑔,4,17040,䑔
2546,1,穢,1,穢,w427a0407,穢,1,17041,穢
2546,2,薉,2,薉,w427a0501,薉,2,17042,薉
2546,3,濊,3,濊,w427a0502,濊,3,17043,濊
2546,4,獩,4,獩,w427a0503,獩,4,17044,獩
2546,5,饖,5,饖,w427a0504,饖,5,17045,饖
2546,6,䮹,6,䮹,w427a0505,䮹,6,17046,䮹
2547,1,吠,1,吠,w427a0506,吠,1,17047,吠
2547,2,茷,2,茷,w427a0601,茷,2,17048,茷
2547,3,𩵥,3,𩵥,w427a0602,𩵥,3,17049,𩵥
2547,4,鼣,4,鼣,w427a0603,鼣,4,17050,鼣
2548,1,喙,1,喙,w427a0604,喙,1,17051,喙
2548,2,𤸁,2,𤸁,w427a0605,𤸁,2,17052,𤸁
2548,3,𣨶,3,𣨶,w427a0701,𣨶,3,17053,𣨶
2548,4,𧾣,4,𧾣,w427a0702,𧾣,4,17054,𧾣
2548,5,餯,5,餯,w427a0703,餯,5,17055,餯
2548,6,顪,6,顪,w427a0704,顪,6,17056,顪
2549,1,𤜂,1,𤜂,w427a0705,𤜂,1,17057,𤜂
2550,1,刈,1,刈,w427a0706,刈,1,17058,刈
2550,2,乂,2,乂,w427a0707,乂,2,17059,乂
2550,3,㲼,3,㲼,w427a0801,㲼,3,17060,㲼
2550,4,㣻,4,㣻,w427a0802,㣻,4,17061,㣻
2550,5,𩾘,5,𩾘,w427a0803,𩾘,5,17062,𩾘
2550,6,艾,6,艾,w427a0804,艾,6,17063,艾
2550,7,䖊,7,䖊,w427a0805,䖊,7,17064,䖊
2550,8,䢃,8,䢃,w427a0806,䢃,8,17065,䢃
2551,1,震,1,震,w427a0901,震,1,17066,震
2551,2,振,2,振,w427a0902,振,2,17067,振
2551,3,賑,3,賑,w427a0903,賑,3,17068,賑
2551,4,娠,4,娠,w427a0904,娠,4,17069,娠
2551,5,侲,5,侲,w427a1001,侲,5,17070,侲
2551,6,挋,6,挋,w427a1002,挋,6,17071,挋
2551,7,袗,7,袗,w427a1003,袗,7,17072,袗
2551,8,䪾,8,䪾,w427a1004,𩒉,8,17073,𩒉
2551,9,䟴,9,䟴,w427b0101,䟴,9,17074,䟴
2551,10,䢻,10,䢻,w427b0102,䢻,10,17075,䢻
2551,11,䳲,11,䳲,w427b0103,䳲,11,17076,䳲
2552,1,信,1,信,w427b0104,信,1,17077,信
2552,2,訊,2,訊,w427b0201,訊,2,17078,訊
2552,3,訙,3,訙,w427b0202,訙,3,17079,訙
2552,4,迅,4,迅,w427b0203,迅,4,17080,迅
2552,5,囟,5,囟,w427b0204,囟,5,17081,囟
2552,6,顖,6,顖,w427b0205,顖,6,17082,顖
2552,7,卂,7,卂,w427b0206,卂,7,17083,卂
2552,8,汛,8,汛,w427b0301,汛,8,17084,汛
2552,9,𤜢,9,𤜢,w427b0302,𤜢,9,17085,𤜢
2552,10,奞,10,奞,w427b0303,奞,10,17086,奞
2552,11,阠,11,阠,w427b0304,阠,11,17087,阠
2553,1,刃,1,刃,w427b0305,刃,1,17088,刃
2553,2,認,2,認,w427b0306,認,2,17089,認
2553,3,肕,3,肕,w427b0401,肕,3,17090,肕
2553,4,韌,4,韌,w427b0402,韌,4,17091,韌
2553,5,仞,5,仞,w427b0403,仞,5,17092,仞
2553,6,軔,6,軔,w427b0404,軔,6,17093,軔
2553,7,牣,7,牣,w427b0405,牣,7,17094,牣
2553,8,杒,8,杒,w427b0406,杒,8,17095,杒
2553,9,訒,9,訒,w427b0407,訒,9,17096,訒
2553,10,𢂻,10,𢂻,w427b0408,𢂻,10,17097,𢂻
2553,11,䀼,11,䀼,w427b0409,䀼,11,17098,䀼
2554,1,胤,1,胤,w427b0501,𦙍,1,17099,𦙍
2554,2,酳,2,酳,w427b0502,酳,2,17100,酳
2554,3,靷,3,靷,w427b0503,靷,3,17101,靷
2554,4,引,4,引,w427b0504,引,4,17102,引
2554,5,𣌾〈朄〉,5,𣌾〈朄〉,w427b0505,𣌾〈朄〉,5,17103,𣌾
2554,6,濥,6,濥,w427b0506,濥,6,17104,濥
2554,7,䏖,7,䏖,w427b0601,䏖,7,17105,䏖
2554,8,𢯼,8,𢯼,w427b0602,𢯼,8,17106,𢯼
2554,9,洕,9,洕,w427b0603,洕,9,17107,洕
2554,10,鈏,10,鈏,w427b0604,鈏,10,17108,鈏
2554,11,𨋙,11,𨋙,w427b0605,𨋙,11,17109,𨋙
2555,1,遴,1,遴,w427b0606,遴,1,17110,遴
2555,2,吝,2,吝,w427b0607,吝,2,17111,吝
2555,3,悋,3,悋,w427b0701,悋,3,17112,悋
2555,4,磷,4,磷,w427b0702,磷,4,17113,磷
2555,5,閵,5,閵,w427b0703,閵,5,17114,閵
2555,6,𥳞,6,𥳞,w427b0704,𥳞,6,17115,𥳞
2555,7,粦,7,粦,w427b0705,粦,7,17116,粦
2555,8,燐,8,燐,w427b0801,燐,8,17117,燐
2555,9,藺,9,藺,w427b0802,藺,9,17118,藺
2555,10,轥,10,轥,w427b0901,轥,10,17119,轥
2555,11,轔,11,轔,w427b0902,轔,11,17120,轔
2555,12,䗲,12,䗲,w427b0903,䗲,12,17121,䗲
2555,13,𩕔,13,𩕔,w427b0904,𩕔,13,17122,𩕔
2555,14,𠄈,14,𠄈,w427b0905,𠄈,14,17123,𠄈
2555,15,麐,15,麐,w427b0906,麐,15,17124,麐
2555,16,䉮,16,䉮,w427b0907,䉮,16,17125,䉮
2555,17,𦺸,17,𦺸,w427b1001,𦺸,17,17126,𦺸
2555,18,瞵,18,瞵,w427b1002,瞵,18,17127,瞵
2555,19,橉,19,橉,w427b1003,橉,19,17128,橉
2555,20,鏻,20,鏻,w427b1004,鏻,20,17129,鏻
2555,21,甐,21,甐,w427b1005,甐,21,17130,甐
2555,22,𧶆,22,𧶆,w427b1006,𧶆,22,17131,𧶆
2555,23,𧖔,23,𧖔,w427b1007,𧖔,23,17132,𧖔
2555,24,𤌎,24,𤌎,w427b1008,𨴙,24,17133,𤌎
2555,25,疄,25,疄,w427b1009,疄,25,17134,疄
2555,26,撛,26,撛,w427b1010,撛,26,17135,撛
2555,27,㔂〈粼〉,27,㔂〈粼〉,w428a0101,㔂〈粼〉,27,17136,㔂
2555,28,躙,28,躙,w428a0102,躙,28,17137,躙
2556,1,儐,1,儐,w428a0103,儐,1,17138,儐
2556,2,擯,2,擯,w428a0104,𢷤,2,17139,擯
2556,3,殯,3,殯,w428a0105,𣩵,3,17140,殯
2556,4,鬢,4,鬢,w428a0106,𩯭,4,17141,鬢
2556,5,覕,5,覕,w428a0107,覕,5,17142,覕
2556,6,𧸈,6,𧸈,w428a0108,𧸈,6,17143,𧸈
2556,7,䚔,7,䚔,w428a0201,䚔,7,17144,䚔
2557,1,敶,1,敶,w428a0202,敶,1,17145,敶
2557,2,陳,2,陳,w428a0203,陳,2,17146,陳
2557,3,陣,3,陣,w428a0204,陣,3,17147,陣
2557,4,診,4,診,w428a0205,診,4,17148,診
2557,5,𨳌,5,𨳌,w428a0206,𨳌,5,17149,𨳌
2558,1,慎,1,慎,w428a0207,愼,1,17150,愼
2558,2,昚,2,昚,w428a0301,昚,2,17151,昚
2558,3,蜃,3,蜃,w428a0302,蜃,3,17152,蜃
2559,1,眒,1,眒,w428a0303,眒,1,17153,眒
2559,2,阠,2,阠,w428a0304,阠,2,17154,阠
2559,3,抻,3,抻,w428a0401,抻,3,17155,抻
2560,1,菣,1,菣,w428a0402,菣,1,17156,菣
2560,2,𧼒,2,𧼒,w428a0403,𧼒,2,17157,𧼒
2560,3,臤,3,臤,w428a0404,臤,3,17158,臤
2561,1,賮,1,賮,w428a0405,賮,1,17159,賮
2561,2,燼,2,燼,w428a0501,燼,2,17160,燼
2561,3,㶳,3,㶳,w428a0502,㶳,3,17161,㶳
2561,4,藎,4,藎,w428a0503,藎,4,17162,藎
2561,5,濜,5,濜,w428a0504,濜,5,17163,濜
2561,6,壗〈璶〉,6,壗〈璶〉,w428a0505,壗〈璶〉,6,17164,壗
2562,1,憖,1,憖,w428a0506,憖,1,17165,憗
2562,2,猌,2,猌,w428a0507,猌,2,17166,猌
2562,3,垽,3,垽,w428a0601,垽,3,17167,垽
2563,1,晉,1,晉,w428a0602,晉,1,17168,晉
2563,2,㬜,2,㬜,w428a0701,㬜,2,17169,㬜
2563,3,搢,3,搢,w428a0702,搢,3,17170,搢
2563,4,縉,4,縉,w428a0703,縉,4,17171,縉
2563,5,䗯,5,䗯,w428a0801,䗯,5,17172,䗯
2563,6,進,6,進,w428a0802,進,6,17173,進
2563,7,枃,7,枃,w428a0803,枃,7,17174,枃
2563,8,瑨,8,瑨,w428a0804,瑨,8,17175,瑨
2563,9,璡,9,璡,w428a0805,璡,9,17176,璡
2563,10,𦎷,10,𦎷,w428a0901,𦎷,10,17177,𦎷
2564,1,衅,1,衅,w428a0902,衅,1,17178,衅
2564,2,釁,2,釁,w428a0903,釁,2,17179,釁
2564,3,舋,3,舋,w428a0904,舋,3,17180,舋
2565,1,鎮,1,鎮,w428a0905,鎭,1,17181,鎭
2565,2,瑱,2,瑱,w428a1001,瑱,2,17182,瑱
2565,3,填,3,填,w428a1002,塡,3,17183,塡
2566,1,僅,1,僅,w428a1003,僅,1,17184,僅
2566,2,覲,2,覲,w428b0101,覲,2,17185,覲
2566,3,殣,3,殣,w428b0102,殣,3,17186,殣
2566,4,瑾,4,瑾,w428b0103,瑾,4,17187,瑾
2566,5,饉,5,饉,w428b0104,饉,5,17188,饉
2566,6,㝻,6,㝻,w428b0105,㝻,6,17189,㝻
2566,7,廑,7,廑,w428b0106,廑,7,17190,廑
2566,8,瘽,8,瘽,w428b0107,瘽,8,17191,瘽
2566,9,墐,9,墐,w428b0108,墐,9,17192,墐
2566,10,𠞱,10,𠞱,w428b0201,𠞱,10,17193,𠞱
2566,11,歏,11,歏,w428b0202,歏,11,17194,歏
2567,1,櫬,1,櫬,w428b0203,櫬,1,17195,櫬
2567,2,瀙,2,瀙,w428b0204,瀙,2,17196,瀙
2567,3,嚫,3,嚫,w428b0205,嚫,3,17197,嚫
2567,4,䞋,4,䞋,w428b0206,䞋,4,17198,䞋
2567,5,襯,5,襯,w428b0207,襯,5,17199,襯
2567,6,儭,6,儭,w428b0208,儭,6,17200,儭
2567,7,齔,7,齔,w428b0301,齔,7,17201,齔
2568,1,印,1,印,w428b0302,印,1,17202,印
2568,2,鮣,2,鮣,w428b0501,鮣,2,17203,鮣
2568,3,𣱐,3,𣱐,w428b0502,𣱐,3,17204,𣱐
2568,4,𩂥,4,𩂥,w428b0503,𩂥,4,17205,𩂥
2569,1,疢,1,疢,w428b0504,疢,1,17206,疢
2569,2,趁,2,趁,w428b0601,趁,2,17207,趁
2570,1,𣎳,1,𣎳,w428b0602,𣎵,1,17208,𣎵
2570,2,𨷚〈𩰗〉,2,𨷚〈𩰗〉,w428b0603,𨷚〈𩰝〉,2,17209,𨷚
2570,3,䚔,3,䚔,w428b0604,𧢘,3,17210,䚔
2571,1,親,1,親,w428b0605,親,1,17211,親
2571,2,寴,2,寴,w428b0606,寴,2,17212,寴
2571,3,儭,3,儭,w428b0701,儭,3,17213,儭
2571,4,瀙,4,瀙,w428b0702,瀙,4,17214,瀙
2572,1,螼,1,螼,w428b0703,螼,1,17215,螼
2573,1,呁,1,呁,w428b0704,呁,1,17216,呁
2573,2,𧥺,2,𧥺,w428b0705,𧥺,2,17217,𧥺
2574,1,稕,1,稕,w428b0801,稕,1,17218,稕
2574,2,𦽑,2,𦽑,w428b0802,𦽑,2,17219,𦽑
2574,3,諄,3,諄,w428b0803,諄,3,17220,諄
2574,4,𥇜,4,𥇜,w428b0804,𥇜,4,17221,𥇜
2574,5,盹,5,盹,w428b0805,盹,5,17222,盹
2574,6,訰,6,訰,w428b0806,訰,6,17223,訰
2575,1,𡺲,1,𡺲,w428b0807,𡺲,1,17224,𡺲
2575,2,峻,2,峻,w428b0901,峻,2,17225,峻
2575,3,濬,3,濬,w428b0902,濬,3,17226,濬
2575,4,浚,4,浚,w428b0903,浚,4,17227,浚
2575,5,陖,5,陖,w428b0904,陖,5,17228,陖
2575,6,埈,6,埈,w428b0905,埈,6,17229,埈
2575,7,迅,7,迅,w428b0906,迅,7,17230,迅
2575,8,鵕,8,鵕,w428b1001,鵕,8,17231,鵕
2575,9,𢏤,9,𢏤,w428b1002,𢏤,9,17232,𢏤
2575,10,奞,10,奞,w428b1003,奞,10,17233,奞
2575,11,𧸩,11,𧸩,w428b1004,𧸩,11,17234,𧸩
2575,12,晙,12,晙,w428b1005,晙,12,17235,晙
2575,13,迿,13,迿,w429a0101,迿,13,17236,迿
2576,1,殉,1,殉,w429a0102,殉,1,17237,殉
2576,2,徇,2,徇,w429a0103,徇,2,17238,徇
2576,3,侚,3,侚,w429a0104,侚,3,17239,侚
2576,4,𢓈,4,𢓈,w429a0105,𢓈,4,17240,𢓈
2577,1,儁,1,儁,w429a0106,儁,1,17241,儁
2577,2,俊,2,俊,w429a0201,俊,2,17242,俊
2577,3,晙,3,晙,w429a0202,晙,3,17243,晙
2577,4,餕,4,餕,w429a0203,餕,4,17244,餕
2577,5,畯,5,畯,w429a0204,畯,5,17245,畯
2577,6,駿,6,駿,w429a0205,駿,6,17246,駿
2577,7,㕙,7,㕙,w429a0301,㕙,7,17247,㕙
2577,8,𪕞,8,𪕞,w429a0302,𪕞,8,17248,𪕞
2577,9,寯,9,寯,w429a0303,寯,9,17249,寯
2577,10,焌,10,焌,w429a0304,焌,10,17250,焌
2577,11,㼱,11,㼱,w429a0305,㼱,11,17251,㼱
2577,12,𤮪,12,𤮪,w429a0401,𤮪,12,17252,𤮪
2578,1,舜,1,舜,w429a0402,舜,1,17253,舜
2578,2,䑞,2,䑞,w429a0403,䑞,2,17254,䑞
2578,3,蕣,3,蕣,w429a0501,蕣,3,17255,蕣
2578,4,瞬,4,瞬,w429a0502,瞬,4,17256,瞬
2578,5,瞚,5,瞚,w429a0503,瞚,5,17257,瞚
2578,6,眴,6,眴,w429a0504,眴,6,17258,眴
2578,7,䀢,7,䀢,w429a0505,䀢,7,17259,䀢
2578,8,鬊,8,鬊,w429a0506,鬊,8,17260,鬊
2579,1,閠〈閏〉,1,閠〈閏〉,w429a0507,閠,1,17261,閠
2579,2,潤,2,潤,w429a0601,潤,2,17262,潤
2579,3,䏰,3,䏰,w429a0602,䏰,3,17263,䏰
2580,1,順,1,順,w429a0701,順,1,17264,順
2580,2,揗,2,揗,w429a0702,揗,2,17265,揗
2581,1,問,1,問,w429a0801,問,1,17266,問
2581,2,璺,2,璺,w429a0802,璺,2,17267,璺
2581,3,絻,3,絻,w429a0803,絻,3,17268,絻
2581,4,汶,4,汶,w429a0804,汶,4,17269,汶
2581,5,紊,5,紊,w429a0901,紊,5,17270,紊
2581,6,聞,6,聞,w429a0902,聞,6,17271,聞
2581,7,莬,7,莬,w429a0903,莬,7,17272,莬
2581,8,脕,8,脕,w429a0904,脕,8,17273,脕
2581,9,抆,9,抆,w429a0905,抆,9,17274,抆
2581,10,鼤,10,鼤,w429a0906,鼤,10,17275,鼤
2581,11,娩,11,娩,w429a0907,娩,11,17276,娩
2582,1,運,1,運,w429a1001,運,1,17277,運
2582,2,暈,2,暈,w429b0101,暈,2,17278,暈
2582,3,餫,3,餫,w429b0102,餫,3,17279,餫
2582,4,䩵,4,䩵,w429b0103,䩵,4,17280,䩵
2582,5,韗,5,韗,w429b0104,韗,5,17281,韗
2582,6,鄆,6,鄆,w429b0105,鄆,6,17282,鄆
2582,7,員,7,員,w429b0301,貟,7,17283,貟
2582,8,䲰,8,䲰,w429b0302,䲰,8,17284,䲰
2582,9,忶,9,忶,w429b0303,忶,9,17285,忶
2582,10,鶤,10,鶤,w429b0304,鶤,10,17286,鶤
2582,11,𧶊,11,𧶊,w429b0305,𧶊,11,17287,𧶊
2582,12,韻,12,韻,w429b0401,韻,12,17288,韻
2582,13,䚋,13,䚋,w429b0402,䚋,13,17289,䚋
2582,14,𧡡,14,𧡡,w429b0403,𧡡,14,17290,𧡡
2582,15,𤸫,15,𤸫,w429b0404,𤸫,15,17291,𤸫
2582,16,緷,16,緷,w429b0405,緷,16,17292,緷
2583,1,訓,1,訓,w429b0406,訓,1,17293,訓
2583,2,爋,2,爋,w429b0407,𤑕,2,17294,爋
2583,3,臐,3,臐,w429b0501,臐,3,17295,臐
2583,4,薰,4,薰,w429b0502,薫,4,17296,薰
2583,5,鐼,5,鐼,w429b0503,鐼,5,17297,鐼
2584,1,湓,1,湓,w429b0504,湓,1,17298,湓
2584,2,忿,2,忿,w429b0505,忿,2,17299,忿
2584,3,魵,3,魵,w429b0506,魵,3,17300,魵
2584,4,瀵,4,瀵,w429b0507,瀵,4,17301,瀵
2585,1,糞,1,糞,w429b0508,糞,1,17302,糞
2585,2,𥻔,2,𥻔,w429b0601,𥻔,2,17303,𥽒
2585,3,𡊅,3,𡊅,w429b0602,𡊅,3,17304,𡊅
2585,4,拚,4,拚,w429b0603,拚,4,17305,拚
2585,5,僨,5,僨,w429b0604,僨,5,17306,僨
2585,6,奮,6,奮,w429b0605,奮,6,17307,奮
2585,7,瀵,7,瀵,w429b0606,瀵,7,17308,瀵
2585,8,㱵,8,㱵,w429b0701,㱵,8,17309,㱵
2586,1,醞,1,醞,w429b0702,醖,1,17310,醖
2586,2,慍,2,慍,w429b0801,愠,2,17311,愠
2586,3,縕,3,縕,w429b0802,緼,3,17312,緼
2586,4,薀,4,薀,w429b0803,蕰,4,17313,蕰
2587,1,攈,1,攈,w429b0804,攈,1,17314,攈
2587,2,捃,2,捃,w429b0805,捃,2,17315,捃
2587,3,皸,3,皸,w429b0806,皸,3,17316,皸
2587,4,𧱝,4,𧱝,w429b0807,𧱝,4,17317,𧱝
2587,5,䝍,5,䝍,w429b0901,䝍,5,17318,䝍
2588,1,郡,1,郡,w429b0902,郡,1,17319,郡
2589,1,分,1,分,w429b1001,分,1,17320,分
2589,2,㿎,2,㿎,w429b1002,㿎,2,17321,㿎
2589,3,𢅯,3,𢅯,w429b1003,𢅯,3,17322,𢅯
2589,4,秎,4,秎,w429b1004,秎,4,17323,秎
2589,5,坌,5,坌,w429b1005,坋,5,17324,坋
2590,1,焮,1,焮,w430a0201,焮,1,17325,焮
2590,2,炘,2,炘,w430a0202,炘,2,17326,炘
2590,3,㾙,3,㾙,w430a0203,㾙,3,17327,㾙
2590,4,庍〈𤴾〉,4,庍〈𤴾〉,w430a0204,庍,4,17328,庍
2590,5,𦜓,5,𦜓,w430a0205,𦜓,5,17329,𦜓
2590,6,脪,6,脪,w430a0206,脪,6,17330,脪
2591,1,靳,1,靳,w430a0207,靳,1,17331,靳
2591,2,斤,2,斤,w430a0301,斤,2,17332,斤
2591,3,㧆,3,㧆,w430a0302,㧆,3,17333,㧆
2591,4,㨷,4,㨷,w430a0303,㨷,4,17334,㨷
2591,5,劤,5,劤,w430a0304,劤,5,17335,劤
2592,1,近,1,近,w430a0305,近,1,17336,近
2593,1,㒚,1,㒚,w430a0401,㒚,1,17337,㒚
2593,2,懚,2,懚,w430a0402,懚,2,17338,懚
2593,3,隱,3,隱,w430a0403,隱,3,17339,隱
2593,4,檼,4,檼,w430a0404,檼,4,17340,檼
2593,5,𤔌,5,𤔌,w430a0405,𤔌,5,17341,𤔌
2593,6,㥯,6,㥯,w430a0406,㥯,6,17342,㥯
2593,7,㶏,7,㶏,w430a0501,㶏,7,17343,㶏
2593,8,㡥,8,㡥,w430a0502,㡥,8,17344,㡥
2594,1,垽,1,垽,w430a0503,垽,1,17345,垽
2595,1,願,1,願,w430a0601,願,1,17346,願
2595,2,𩕾,2,𩕾,w430a0602,𩕾〈⿰⿱罒⿸厂畏頁〉,2,17347,𩕾
2595,3,傆,3,傆,w430a0603,傆,3,17348,傆
2595,4,愿,4,愿,w430a0604,愿,4,17349,愿
2596,1,怨,1,怨,w430a0701,怨,1,17350,怨
2596,2,䛄,2,䛄,w430a0702,䛄,2,17351,䛄
2597,1,販,1,販,w430a0703,販,1,17352,販
2597,2,畈,2,畈,w430a0704,畈,2,17353,畈
2598,1,券,1,券,w430a0705,券,1,17354,劵
2598,2,絭,2,絭,w430a0801,絭,2,17355,絭
2598,3,勸,3,勸,w430a0802,勸,3,17356,勸
2598,4,虇,4,虇,w430a0803,虇,4,17357,虇
2598,5,綣,5,綣,w430a0804,綣,5,17358,綣
2598,6,韏,6,韏,w430a0901,韏,6,17359,韏
2599,1,万,1,万,w430a0902,万,1,17360,万
2599,2,萬,2,萬,w430a1001,萬,2,17361,萬
2599,3,輓,3,輓,w430b0101,輓,3,17362,輓
2599,4,蔓,4,蔓,w430b0102,蔓,4,17363,蔓
2599,5,曼,5,曼,w430b0103,曼,5,17364,曼
2599,6,蟃,6,蟃,w430b0104,蟃,6,17365,蟃
2599,7,鰻,7,鰻,w430b0105,鰻,7,17366,鰻
2599,8,𨞼,8,𨞼,w430b0106,𨞼,8,17367,𨞼
2599,9,娩,9,娩,w430b0201,娩,9,17368,娩
2599,10,獌,10,獌,w430b0202,獌,10,17369,獌
2599,11,䝡,11,䝡,w430b0203,䝡,11,17370,䝡
2599,12,𩆊,12,𩆊,w430b0204,䨲,12,17371,䨲
2599,13,𦂔,13,𦂔,w430b0301,𦂔,13,17372,𦂔
2599,14,贎,14,贎,w430b0302,贎,14,17373,贎
2599,15,䡬,15,䡬,w430b0303,䡬,15,17374,䡬
2599,16,㿸,16,㿸,w430b0304,㿸,16,17375,㿸
2599,17,脕,17,脕,w430b0305,脕,17,17376,脕
2599,18,鬗,18,鬗,w430b0306,鬗,18,17377,鬗
2600,1,飯,1,飯,w430b0307,飯,1,17378,飯
2600,2,𩚳,2,𩚳,w430b0401,𩚳,2,17379,𩚳
2600,3,閞,3,閞,w430b0402,閞,3,17380,閞
2600,4,𥹇,4,𥹇,w430b0403,𥹇,4,17381,𥹇
2600,5,㶗,5,㶗,w430b0404,㶗,5,17382,㶗
2600,6,𧉤,6,𧉤,w430b0405,𧉤,6,17383,𧉤
2601,1,嬎,1,嬎,w430b0406,嬎,1,17384,嬔
2601,2,㽹,2,㽹,w430b0501,㽹,2,17385,㽹
2601,3,𨠒,3,𨠒,w430b0502,𨠒,3,17386,𨠒
2601,4,𡗹,4,𡗹,w430b0503,𡗹,4,17387,𡗹
2601,5,𣀔,5,𣀔,w430b0504,𣀔,5,17388,𣀔
2601,6,㤆,6,㤆,w430b0505,㤆,6,17389,㤆
2601,7,娩〈婏〉,7,娩〈婏〉,w430b0506,娩〈婏〉,7,17390,婏
2601,8,𡚪〈奿〉,8,𡚪〈奿〉,w430b0507,𡚪〈奿〉,8,17391,𡚪
2601,9,㪻,9,㪻,w430b0508,卛〈㪻〉,9,17392,㪻
2601,10,汳,10,汳,w430b0601,汳,10,17393,汳
2602,1,建,1,建,w430b0602,建,1,17394,建
2602,2,旔,2,旔,w430b0603,旔,2,17395,旔
2603,1,堰,1,堰,w430b0701,堰,1,17396,堰
2603,2,鄢,2,鄢,w430b0702,鄢,2,17397,鄢
2603,3,郾,3,郾,w430b0703,郾,3,17398,郾
2603,4,䞁,4,䞁,w430b0704,䞁,4,17399,䞁
2603,5,傿,5,傿,w430b0705,傿,5,17400,傿
2603,6,褗,6,褗,w430b0706,褗,6,17401,褗
2603,7,㰽,7,㰽,w430b0707,㰽,7,17402,㰽
2603,8,漹,8,漹,w430b0801,漹,8,17403,漹
2603,9,嫣,9,嫣,w430b0802,嫣,9,17404,嫣
2603,10,𡙷,10,𡙷,w430b0803,𡙷,10,17405,𡙷
2604,1,獻,1,獻,w430b0804,獻,1,17406,獻
2604,2,憲,2,憲,w430b0901,憲,2,17407,憲
2604,3,𧾨,3,𧾨,w430b0902,𧾨,3,17408,𧾨
2604,4,瀗,4,瀗,w430b0903,瀗,4,17409,瀗
2605,1,楥,1,楥,w430b0904,楥,1,17410,楥
2605,2,楦,2,楦,w430b0905,楦,2,17411,楦
2605,3,韗,3,韗,w430b0906,韗,3,17412,韗
2605,4,𩋢,4,𩋢,w430b0907,𩋢,4,17413,𩋢
2606,1,健,1,健,w430b1001,健,1,17414,健
2606,2,腱,2,腱,w430b1002,腱,2,17415,腱
2607,1,𣀔,1,𣀔,w430b1003,𣀔,1,17416,𣀔
2608,1,遠,1,遠,w430b1004,逺,1,17417,遠
2609,1,𤬝,1,𤬝,w430b1005,𤬝,1,17418,𤬝
2609,2,鬳,2,鬳,w431a0101,鬳,2,17419,鬳
2610,1,圈,1,圈,w431a0102,圈,1,17420,圈
2611,1,卛,1,卛,w431a0103,卛〈㪻〉,1,17421,㪻
2611,2,絭,2,絭,w431a0104,絭,2,17422,絭
2612,1,慁,1,慁,w431a0201,慁,1,17423,慁
2612,2,溷,2,溷,w431a0202,溷,2,17424,溷
2612,3,俒,3,俒,w431a0203,俒,3,17425,俒
2612,4,圂,4,圂,w431a0204,圂,4,17426,圂
2613,1,頓,1,頓,w431a0301,頓,1,17427,頓
2613,2,扽,2,扽,w431a0302,扽,2,17428,扽
2613,3,敦,3,敦,w431a0303,敦,3,17429,敦
2614,1,巽,1,巽,w431a0304,巽,1,17430,巽
2614,2,𩕧〈顨〉,2,𩕧〈顨〉,w431a0401,𩕧〈顨〉,2,17431,𩕧
2614,3,潠,3,潠,w431a0402,潠,3,17432,潠
2614,4,𠹀,4,𠹀,w431a0403,𠹀,4,17433,𠹀
2614,5,遜,5,遜,w431a0404,遜,5,17434,遜
2614,6,愻,6,愻,w431a0405,愻,6,17435,愻
2615,1,困,1,困,w431a0406,困,1,17436,困
2615,2,𣏔,2,𣏔,w431a0501,𣏔,2,17437,𣏔
2615,3,涃,3,涃,w431a0502,涃,3,17438,涃
2615,4,𩒱,4,𩒱,w431a0503,𩒱,4,17439,𩒱
2616,1,嫩,1,嫩,w431a0504,嫩,1,17440,嫩
2616,2,媆,2,媆,w431a0505,媆,2,17441,媆
2616,3,腝,3,腝,w431a0506,腝,3,17442,腝
2616,4,抐,4,抐,w431a0507,抐,4,17443,抐
2617,1,搵,1,搵,w431a0601,揾,1,17444,揾
2617,2,䭡,2,䭡,w431a0602,䭡,2,17445,䭡
2618,1,悶,1,悶,w431a0603,悶,1,17446,悶
2618,2,懣,2,懣,w431a0604,懣,2,17447,懣
2619,1,鐏,1,鐏,w431a0701,鐏,1,17448,鐏
2619,2,臶,2,臶,w431a0702,臶,2,17449,臶
2619,3,栫,3,栫,w431a0703,栫,3,17450,栫
2619,4,𦪚,4,𦪚,w431a0704,𦪚,4,17451,𦪚
2619,5,鱒,5,鱒,w431a0705,鱒,5,17452,鱒
2620,1,睔,1,睔,w431a0801,睔,1,17453,睔
2620,2,睴,2,睴,w431a0802,睴,2,17454,睴
2620,3,琯,3,琯,w431a0803,琯,3,17455,琯
2620,4,璭,4,璭,w431a0804,璭,4,17456,璭
2620,5,㴫,5,㴫,w431a0805,㴫,5,17457,㴫
2620,6,𧬪,6,𧬪,w431a0806,𧬪,6,17458,𧬪
2620,7,謴,7,謴,w431a0807,謴,7,17459,謴
2621,1,噴,1,噴,w431a0901,噴,1,17460,噴
2621,2,歕,2,歕,w431a0902,歕,2,17461,歕
2621,3,湓,3,湓,w431a0903,湓,3,17462,湓
2622,1,鈍,1,鈍,w431a0904,鈍,1,17463,鈍
2622,2,遁,2,遁,w431a0905,遁,2,17464,遁
2622,3,遯,3,遯,w431a0906,遯,3,17465,遯
2622,4,鶨,4,鶨,w431a0907,鶨,4,17466,鶨
2622,5,𩔂,5,𩔂,w431a0908,𩔂,5,17467,𩔂
2623,1,寸,1,寸,w431a1001,寸,1,17468,寸
2623,2,䍎,2,䍎,w431a1002,䍎,2,17469,䍎
2624,1,坌,1,坌,w431a1003,坌,1,17470,坌
2624,2,𣴞,2,𣴞,w431b0101,𣴞,2,17471,𣴞
2625,1,顐,1,顐,w431b0102,顐,1,17472,顐
2625,2,諢,2,諢,w431b0103,諢,2,17473,諢
2626,1,論,1,論,w431b0104,論,1,17474,論
2626,2,溣,2,溣,w431b0105,溣,2,17475,溣
2626,3,碖,3,碖,w431b0201,碖,3,17476,碖
2627,1,奔,1,奔,w431b0202,奔,1,17477,奔
2628,1,惛,1,惛,w431b0203,惛,1,17478,惛
2629,1,焌,1,焌,w431b0204,焌,1,17479,焌
2629,2,𩯄,2,𩯄,w431b0301,𩯄,2,17480,𩯄
2629,3,捘,3,捘,w431b0302,捘,3,17481,捘
2630,1,恨,1,恨,w431b0401,恨,1,17482,恨
2631,1,艮,1,艮,w431b0402,艮,1,17483,艮
2631,2,茛,2,茛,w431b0403,茛,2,17484,茛
2631,3,珢,3,珢,w431b0404,珢,3,17485,珢
2631,4,詪,4,詪,w431b0405,詪,4,17486,詪
2632,1,䭓,1,䭓,w431b0406,䭓,1,17487,䭓
2633,1,䭡,1,䭡,w431b0501,䭡,1,17488,䭡
2634,1,翰,1,翰,w431b0601,翰,1,17489,翰
2634,2,捍,2,捍,w431b0602,捍,2,17490,捍
2634,3,扞,3,扞,w431b0603,扞,3,17491,扞
2634,4,鼾,4,鼾,w431b0701,鼾,4,17492,鼾
2634,5,螒,5,螒,w431b0702,螒,5,17493,螒
2634,6,垾,6,垾,w431b0703,垾,6,17494,垾
2634,7,豻,7,豻,w431b0704,豻,7,17495,豻
2634,8,釬,8,釬,w431b0705,釬,8,17496,釬
2634,9,汗,9,汗,w431b0706,汗,9,17497,汗
2634,10,悍,10,悍,w431b0801,悍,10,17498,悍
2634,11,瀚,11,瀚,w431b0802,瀚,11,17499,瀚
2634,12,閈,12,閈,w431b0803,閈,12,17500,閈
2634,13,𤿧,13,𤿧,w431b0804,𤿧,13,17501,𤿧
2634,14,駻,14,駻,w431b0805,駻,14,17502,駻
2634,15,雗,15,雗,w431b0901,雗,15,17503,雗
2634,16,䮧,16,䮧,w431b0902,䮧,16,17504,䮧
2634,17,馯,17,馯,w431b0903,馯,17,17505,馯
2634,18,𧃙,18,𧃙,w431b0904,𧃙,18,17506,𧃙
2634,19,䏷,19,䏷,w431b0905,䏷,19,17507,䏷
2634,20,忓,20,忓,w431b0906,忓,20,17508,忓
2634,21,㢨,21,㢨,w431b0907,㢨,21,17509,㢨
2634,22,矸,22,矸,w431b1001,矸,22,17510,矸
2634,23,㲦,23,㲦,w431b1002,㲦,23,17511,㲦
2634,24,㪋,24,㪋,w431b1003,㪋,24,17512,㪋
2634,25,𩹼,25,𩹼,w431b1004,𩹼,25,17513,𩹼
2635,1,炭,1,炭,w431b1005,炭,1,17514,炭
2635,2,歎,2,歎,w431b1006,歎,2,17515,歎
2635,3,嘆,3,嘆,w431b1007,嘆,3,17516,嘆
2635,4,湠,4,湠,w431b1008,湠,4,17517,湠
2635,5,𣁗,5,𣁗,w432a0101,𣁗,5,17518,𣁗
2635,6,㛶,6,㛶,w432a0102,㛶,6,17519,㛶
2636,1,按,1,按,w432a0103,按,1,17520,按
2636,2,案,2,案,w432a0104,案,2,17521,案
2636,3,洝,3,洝,w432a0201,洝,3,17522,洝
2636,4,晏,4,晏,w432a0202,晏,4,17523,晏
2636,5,荌,5,荌,w432a0203,荌,5,17524,荌
2636,6,䢿,6,䢿,w432a0204,䢿,6,17525,䢿
2636,7,䅁,7,䅁,w432a0205,䅁,7,17526,䅁
2637,1,旦,1,旦,w432a0206,旦,1,17527,旦
2637,2,疸,2,疸,w432a0301,疸,2,17528,疸
2637,3,鴠,3,鴠,w432a0302,鴠,3,17529,鴠
2637,4,觛,4,觛,w432a0303,觛,4,17530,觛
2637,5,狚,5,狚,w432a0304,狚,5,17531,狚
2637,6,怛,6,怛,w432a0305,𢘇,6,17532,𢘇
2637,7,笪,7,笪,w432a0306,笪,7,17533,笪
2637,8,㡺,8,㡺,w432a0307,㡺,8,17534,㡺
2638,1,憚,1,憚,w432a0308,憚,1,17535,憚
2638,2,彈,2,彈,w432a0401,彈,2,17536,彈
2638,3,澶,3,澶,w432a0402,澶,3,17537,澶
2638,4,僤,4,僤,w432a0403,僤,4,17538,僤
2638,5,但,5,但,w432a0404,但,5,17539,但
2638,6,撣,6,撣,w432a0405,撣,6,17540,撣
2639,1,旰,1,旰,w432a0406,旰,1,17541,旰
2639,2,榦,2,榦,w432a0501,榦,2,17542,榦
2639,3,倝,3,倝,w432a0502,倝,3,17543,倝
2639,4,幹,4,幹,w432a0503,幹,4,17544,幹
2639,5,杆,5,杆,w432a0504,杆,5,17545,杆
2639,6,𧹳,6,𧹳,w432a0505,𧹳,6,17546,𧹳
2639,7,盰,7,盰,w432a0506,盰,7,17547,盰
2639,8,骭,8,骭,w432a0601,骭,8,17548,骭
2639,9,𣵼〈涆〉,9,𣵼〈涆〉,w432a0602,𣵼,9,17549,𣵼
2639,10,𢁗,10,𢁗,w432a0603,𢁗,10,17550,𢁗
2639,11,矸,11,矸,w432a0604,矸,11,17551,矸
2640,1,岸,1,岸,w432a0605,岸,1,17552,岸
2640,2,犴,2,犴,w432a0606,犴,2,17553,犴
2640,3,豻,3,豻,w432a0607,豻,3,17554,豻
2640,4,頇,4,頇,w432a0608,頇,4,17555,頇
2640,5,䮗,5,䮗,w432a0609,䮗,5,17556,䮗
2640,6,㷳,6,㷳,w432a0701,㷳,6,17557,㷳
2640,7,𡹼,7,𡹼,w432a0702,𡹼,7,17558,𡹼
2640,8,喭,8,喭,w432a0703,喭,8,17559,喭
2640,9,𨲊,9,𨲊,w432a0704,𨲊,9,17560,𨲊
2641,1,侃,1,侃,w432a0705,侃,1,17561,侃
2641,2,偘,2,偘,w432a0706,偘,2,17562,偘
2641,3,靬,3,靬,w432a0801,靬,3,17563,靬
2641,4,看,4,看,w432a0802,看,4,17564,看
2641,5,衎,5,衎,w432a0803,衎,5,17565,衎
2641,6,䳚,6,䳚,w432a0804,䳚,6,17566,䳚
2642,1,漢,1,漢,w432a0805,漢,1,17567,漢
2642,2,暵,2,暵,w432a0806,暵,2,17568,暵
2642,3,𤳉,3,𤳉,w432a0807,𤳉,3,17569,𤳉
2642,4,熯,4,熯,w432a0808,熯,4,17570,熯
2642,5,䍐,5,䍐,w432a0901,䍐,5,17571,䍐
2642,6,𡅽,6,𡅽,w432a0902,𡅽,6,17572,𡅽
2642,7,𤅩,7,𤅩,w432a0903,𤅩,7,17573,𤅩
2642,8,䎯,8,䎯,w432a0904,䎯,8,17574,䎯
2642,9,厂,9,厂,w432a0905,厂,9,17575,厂
2643,1,爛,1,爛,w432a0906,爛,1,17576,爛
2643,2,爤,2,爤,w432a0907,爤,2,17577,爤
2643,3,瀾,3,瀾,w432a1001,瀾,3,17578,瀾
2643,4,𢒞,4,𢒞,w432a1002,𢒞,4,17579,𢒞
2643,5,糷,5,糷,w432a1003,糷,5,17580,糷
2643,6,鑭,6,鑭,w432a1004,鑭,6,17581,鑭
2643,7,讕,7,讕,w432a1005,讕,7,17582,讕
2644,1,攤,1,攤,w432a1006,攤,1,17583,攤
2644,2,灘,2,灘,w432b0101,灘,2,17584,灘
2644,3,難,3,難,w432b0102,難,3,17585,難
2644,4,𦍀,4,𦍀,w432b0103,𦍀,4,17586,𦍀
2644,5,㬮,5,㬮,w432b0104,㬮,5,17587,㬮
2644,6,𢆃,6,𢆃,w432b0105,𢆃,6,17588,𢅼
2645,1,粲,1,粲,w432b0106,粲,1,17589,粲
2645,2,㛑,2,㛑,w432b0201,㛑,2,17590,㛑
2645,3,燦,3,燦,w432b0202,燦,3,17591,燦
2645,4,璨,4,璨,w432b0203,璨,4,17592,璨
2645,5,薒,5,薒,w432b0204,薒,5,17593,薒
2645,6,𪆶,6,𪆶,w432b0301,𪆶,6,17594,𪆶
2646,1,繖,1,繖,w432b0302,𦇕,1,17595,𦇕
2646,2,𢿱,2,𢿱,w432b0303,𢿨,2,17596,𢿱
2646,3,散,3,散,w432b0304,散,3,17597,散
2646,4,帴,4,帴,w432b0305,帴,4,17598,帴
2646,5,䈀,5,䈀,w432b0401,𥮚,5,17599,䈀
2646,6,𩀼,6,𩀼,w432b0402,𣀧,6,17600,𣀧
2647,1,贊,1,贊,w432b0403,賛,1,17601,賛
2647,2,讚,2,讚,w432b0404,讃,2,17602,讃
2647,3,酇,3,酇,w432b0501,鄼,3,17603,鄼
2647,4,饡,4,饡,w432b0502,饡,4,17604,饡
2647,5,趲,5,趲,w432b0503,䟎,5,17605,趲
2647,6,灒,6,灒,w432b0504,濽,6,17606,灒
2647,7,𡳋〈𩛻〉,7,𡳋〈𩛻〉,w432b0505,𡳋〈𩛻〉,7,17607,𡳋
2647,8,㜺,8,㜺,w432b0506,㜺,8,17608,㜺
2647,9,䰖,9,䰖,w432b0507,𩯳,9,17609,𩯳
2647,10,襸,10,襸,w432b0508,襸,10,17610,襸
2647,11,攢,11,攢,w432b0601,攢,11,17611,攅
2648,1,㜺,1,㜺,w432b0602,㜺,1,17612,㜺
2648,2,䏼,2,䏼,w432b0603,䏼,2,17613,䏼
2648,3,𣧻,3,𣧻,w432b0604,𣧻,3,17614,𣧻
2648,4,穳,4,穳,w432b0605,穳,4,17615,穳
2648,5,囋,5,囋,w432b0606,𡂐,5,17616,囋
2649,1,換,1,換,w432b0801,換,1,17617,換
2649,2,逭,2,逭,w432b0802,逭,2,17618,逭
2649,3,𩁧,3,𩁧,w432b0803,𩁧,3,17619,𩁧
2649,4,肒,4,肒,w432b0804,肒,4,17620,肒
2649,5,垸,5,垸,w432b0805,垸,5,17621,垸
2649,6,䯘,6,䯘,w432b0806,䯘,6,17622,䯘
2649,7,漶,7,漶,w432b0807,漶,7,17623,漶
2649,8,䀓,8,䀓,w432b0901,䀓,8,17624,䀓
2649,9,𤴯,9,𤴯,w432b0902,𤴯,9,17625,𤴯
2650,1,䂎,1,䂎,w432b0903,𥎞,1,17626,䂎
2650,2,鑽,2,鑽,w432b0904,鑚,2,17627,鑚
2651,1,惋,1,惋,w432b0905,惋,1,17628,惋
2651,2,腕,2,腕,w432b0906,腕,2,17629,腕
2651,3,𦞿〈𢯲〉,3,𦞿〈𢯲〉,w432b0907,𦞿〈𢯲〉,3,17630,𦞿
2651,4,捥,4,捥,w432b1001,捥,4,17631,捥
2651,5,睕,5,睕,w432b1002,睕,5,17632,睕
2651,6,琬,6,琬,w432b1003,琬,6,17633,琬
2652,1,貫,1,貫,w432b1004,貫,1,17634,貫
2652,2,矔,2,矔,w432b1005,矔,2,17635,矔
2652,3,祼,3,祼,w432b1006,祼,3,17636,祼
2652,4,館,4,館,w433a0101,館,4,17637,館
2652,5,瓘,5,瓘,w433a0102,瓘,5,17638,瓘
2652,6,鑵〈罐〉,6,鑵〈罐〉,w433a0103,鑵〈罐〉,6,17639,鑵
2652,7,𤼐,7,𤼐,w433a0201,𤼐,7,17640,𤼐
2652,8,痯,8,痯,w433a0202,痯,8,17641,痯
2652,9,灌,9,灌,w433a0203,灌,9,17642,灌
2652,10,雚,10,雚,w433a0204,雚,10,17643,雚
2652,11,鸛,11,鸛,w433a0205,鸛,11,17644,鸛
2652,12,樌,12,樌,w433a0206,樌,12,17645,樌
2652,13,鏆,13,鏆,w433a0207,鏆,13,17646,鏆
2652,14,㷄,14,㷄,w433a0301,㷄,14,17647,㷄
2652,15,懽,15,懽,w433a0302,懽,15,17648,懽
2652,16,錧,16,錧,w433a0303,錧,16,17649,錧
2652,17,爟,17,爟,w433a0304,爟,17,17650,爟
2652,18,遦,18,遦,w433a0305,遦,18,17651,遦
2652,19,冠,19,冠,w433a0401,冠,19,17652,冠
2652,20,觀,20,觀,w433a0402,觀,20,17653,觀
2652,21,涫,21,涫,w433a0501,涫,21,17654,涫
2652,22,悹,22,悹,w433a0502,悹,22,17655,悹
2652,23,悺,23,悺,w433a0503,悺,23,17656,悺
2652,24,盥,24,盥,w433a0504,盥,24,17657,盥
2652,25,棺,25,棺,w433a0601,棺,25,17658,棺
2652,26,毌,26,毌,w433a0602,毌,26,17659,毌
2652,27,婠,27,婠,w433a0603,婠,27,17660,婠
2652,28,䘾,28,䘾,w433a0604,䘾,28,17661,䘾
2653,1,竄,1,竄,w433a0605,竄,1,17662,竄
2653,2,鑹,2,鑹,w433a0606,鑹,2,17663,鑹
2653,3,爨,3,爨,w433a0607,爨,3,17664,爨
2653,4,殩,4,殩,w433a0701,殩,4,17665,殩
2653,5,䂎,5,䂎,w433a0702,𥎞,5,17666,䂎
2654,1,玩,1,玩,w433a0801,玩,1,17667,玩
2654,2,貦,2,貦,w433a0802,貦,2,17668,貦
2654,3,翫,3,翫,w433a0803,翫,3,17669,翫
2654,4,妧,4,妧,w433a0804,妧,4,17670,妧
2654,5,忨,5,忨,w433a0805,忨,5,17671,忨
2655,1,段,1,段,w433a0806,段,1,17672,段
2655,2,毈,2,毈,w433a0901,毈,2,17673,毈
2655,3,椴,3,椴,w433a0902,椴,3,17674,椴
2656,1,亂,1,亂,w433a0903,亂,1,17675,亂
2656,2,灓,2,灓,w433a1001,灓,2,17676,灓
2656,3,𢿢,3,𢿢,w433a1002,𢿢,3,17677,𢿢
2656,4,𤔔,4,𤔔,w433a1003,𤔔,4,17678,𤔔
2657,1,鍛,1,鍛,w433a1004,鍛,1,17679,鍛
2657,2,腶,2,腶,w433a1005,腶,2,17680,腶
2657,3,碫,3,碫,w433a1006,碫,3,17681,碫
2657,4,斷,4,斷,w433a1007,斷,4,17682,斷
2657,5,瑖,5,瑖,w433a1008,瑖〈⿲王目义〉,5,17683,瑖
2657,6,踹,6,踹,w433a1009,踹,6,17684,踹
2658,1,彖,1,彖,w433b0101,彖,1,17685,彖
2658,2,褖,2,褖,w433b0102,褖,2,17686,褖
2658,3,貒,3,貒,w433b0103,貒,3,17687,貒
2658,4,湪,4,湪,w433b0104,湪,4,17688,湪
2659,1,喚,1,喚,w433b0105,喚,1,17689,喚
2659,2,嚾,2,嚾,w433b0106,嚾,2,17690,嚾
2659,3,𡅽,3,𡅽,w433b0107,𡅽,3,17691,𡅽
2659,4,煥,4,煥,w433b0108,煥,4,17692,煥
2659,5,奐,5,奐,w433b0201,奐,5,17693,奐
2659,6,渙,6,渙,w433b0202,渙,6,17694,渙
2659,7,𥈉,7,𥈉,w433b0203,𥈉,7,17695,𥈉
2659,8,喛,8,喛,w433b0204,喛,8,17696,喛
2660,1,筭,1,筭,w433b0205,筭,1,17697,筭
2660,2,蒜,2,蒜,w433b0301,蒜,2,17698,蒜
2660,3,笇,3,笇,w433b0302,笇,3,17699,笇
2660,4,祘,4,祘,w433b0303,祘,4,17700,祘
2661,1,縵,1,縵,w433b0401,縵,1,17701,縵
2661,2,幔,2,幔,w433b0402,幔,2,17702,幔
2661,3,漫,3,漫,w433b0403,漫,3,17703,漫
2661,4,𢿜〈𣁜〉,4,𢿜〈𣁜〉,w433b0404,𢿜〈𣁜〉,4,17704,𢿜
2661,5,𦔔,5,𦔔,w433b0405,𦔔,5,17705,𦔔
2661,6,獌,6,獌,w433b0406,獌,6,17706,獌
2661,7,䝢,7,䝢,w433b0501,䝢,7,17707,䝢
2661,8,墁,8,墁,w433b0502,墁,8,17708,墁
2661,9,鏝,9,鏝,w433b0503,鏝,9,17709,鏝
2661,10,謾,10,謾,w433b0504,謾,10,17710,謾
2662,1,半,1,半,w433b0505,半,1,17711,半
2662,2,絆,2,絆,w433b0506,絆,2,17712,絆
2662,3,靽,3,靽,w433b0507,靽,3,17713,靽
2662,4,姅,4,姅,w433b0601,姅,4,17714,姅
2662,5,𩢔,5,𩢔,w433b0602,𩢔,5,17715,𩢔
2662,6,㪵,6,㪵,w433b0603,㪵,6,17716,㪵
2662,7,𠯘,7,𠯘,w433b0604,𠯘,7,17717,𠯘
2663,1,判,1,判,w433b0605,判,1,17718,判
2663,2,泮,2,泮,w433b0606,泮,2,17719,泮
2663,3,頖,3,頖,w433b0607,頖,3,17720,頖
2663,4,沜,4,沜,w433b0608,沜,4,17721,沜
2663,5,眫〈胖〉,5,眫〈胖〉,w433b0701,眫〈胖〉,5,17722,眫
2663,6,姅,6,姅,w433b0702,姅,6,17723,姅
2663,7,冸,7,冸,w433b0703,冸,7,17724,冸
2663,8,牉,8,牉,w433b0704,牉,8,17725,牉
2664,1,叛,1,叛,w433b0705,叛,1,17726,叛
2664,2,𡞟,2,𡞟,w433b0801,𡞟,2,17727,𡞟
2664,3,畔,3,畔,w433b0802,畔,3,17728,畔
2664,4,伴,4,伴,w433b0803,伴,4,17729,伴
2665,1,偄,1,偄,w433b0804,偄,1,17730,偄
2665,2,愞,2,愞,w433b0805,愞,2,17731,愞
2665,3,稬,3,稬,w433b0806,稬,3,17732,稬
2665,4,渜,4,渜,w433b0807,渜,4,17733,渜
2665,5,𪋐,5,𪋐,w433b0808,𪋐,5,17734,𪋐
2666,1,攢,1,攢,w433b0901,攅,1,17735,攅
2667,1,䥗,1,䥗,w433b0902,䥗,1,17736,䥗
2667,2,䲌,2,䲌,w433b0903,䲌,2,17737,䲌
2668,1,諫,1,諫,w433b1001,諫,1,17738,諫
2668,2,澗,2,澗,w433b1002,㵎,2,17739,澗
2668,3,鐧,3,鐧,w433b1003,鐗,3,17740,鐧
2669,1,鴈,1,鴈,w434a0101,鴈,1,17741,鴈
2669,2,鳫,2,鳫,w434a0102,鳫,2,17742,鳫
2669,3,雁,3,雁,w434a0103,雁,3,17743,雁
2669,4,贗,4,贗,w434a0104,贗,4,17744,贋
2669,5,偐,5,偐,w434a0105,偐,5,17745,偐
2669,6,𤜵,6,𤜵,w434a0106,𤜵,6,17746,𤜵
2670,1,晏,1,晏,w434a0201,晏,1,17747,晏
2670,2,騴,2,騴,w434a0202,騴,2,17748,騴
2670,3,䁙,3,䁙,w434a0203,䁙,3,17749,䁙
2670,4,鴳,4,鴳,w434a0204,鴳,4,17750,鴳
2670,5,鷃,5,鷃,w434a0205,鷃,5,17751,鷃
2671,1,訕,1,訕,w434a0301,訕,1,17752,訕
2671,2,汕,2,汕,w434a0302,汕,2,17753,汕
2671,3,狦,3,狦,w434a0303,狦,3,17754,狦
2671,4,𦌔,4,𦌔,w434a0304,𦌔,4,17755,𦌔
2671,5,疝,5,疝,w434a0305,疝,5,17756,疝
2671,6,柵,6,柵,w434a0306,柵,6,17757,柵
2671,7,䴮,7,䴮,w434a0401,䴮,7,17758,䴮
2672,1,骭,1,骭,w434a0402,骭,1,17759,骭
2672,2,娨,2,娨,w434a0403,娨,2,17760,娨
2673,1,慢,1,慢,w434a0404,慢,1,17761,慢
2673,2,嫚,2,嫚,w434a0405,嫚,2,17762,嫚
2673,3,謾,3,謾,w434a0406,謾,3,17763,謾
2673,4,縵,4,縵,w434a0407,縵,4,17764,縵
2673,5,㾺,5,㾺,w434a0408,㾺,5,17765,㾺
2674,1,綰,1,綰,w434a0501,綰,1,17766,綰
2674,2,贃,2,贃,w434a0502,贃,2,17767,贃
2674,3,𩈬,3,𩈬,w434a0503,𩈬,3,17768,𩈬
2675,1,患,1,患,w434a0504,患,1,17769,患
2675,2,𢠶,2,𢠶,w434a0601,𢠶〈𢠶〉,2,17770,𢠶
2675,3,擐,3,擐,w434a0602,擐,3,17771,擐
2675,4,宦,4,宦,w434a0603,宦,4,17772,宦
2675,5,轘,5,轘,w434a0604,轘,5,17773,轘
2675,6,豢,6,豢,w434a0605,豢,6,17774,豢
2675,7,䍺,7,䍺,w434a0606,䍺,7,17775,䍺
2675,8,槵,8,槵,w434a0701,槵,8,17776,槵
2675,9,繯,9,繯,w434a0702,繯,9,17777,繯
2676,1,慣,1,慣,w434a0703,慣,1,17778,慣
2676,2,丱,2,丱,w434a0704,丱,2,17779,丱
2676,3,摜,3,摜,w434a0705,摜,3,17780,摜
2676,4,倌,4,倌,w434a0706,倌,4,17781,倌
2676,5,串,5,串,w434a0707,串,5,17782,串
2676,6,矔,6,矔,w434a0708,矔,6,17783,矔
2677,1,㝈,1,㝈,w434a0801,㝈,1,17784,㝈
2677,2,涮,2,涮,w434a0802,涮,2,17785,涮
2678,1,篡,1,篡,w434a0803,篡,1,17786,篡
2679,1,薍,1,薍,w434a0804,薍,1,17787,薍
2680,1,輚,1,輚,w434a0805,輚,1,17788,輚
2680,2,棧,2,棧,w434a0901,棧,2,17789,棧
2680,3,虥,3,虥,w434a0902,虥,3,17790,虥
2680,4,𧮺,4,𧮺,w434a0903,𧮺,4,17791,𧮺
2680,5,䗃,5,䗃,w434a0904,䗃,5,17792,䗃
2681,1,襻,1,襻,w434a0905,襻,1,17793,襻
2682,1,奻,1,奻,w434a0906,奻,1,17794,奻
2683,1,羼,3,羼,w434a1001,羼,1,17795,羼
2683,2,鏟,1,鏟,w434a1002,鏟,2,17796,鏟
2683,3,䴼,2,䴼,w434a1003,䴼,3,17797,䴼
2684,1,㬄,1,㬄,w434a1004,㬄,1,17798,㬄
2684,2,㾺,2,㾺,w434a1005,㾺,2,17799,㾺
2685,1,襇,1,襇,w434b0101,襉,1,17800,襇
2685,2,𤜵,2,𤜵,w434b0102,𤜵,2,17801,𤜵
2685,3,閒,3,閒,w434b0103,閒,3,17802,閒
2685,4,覸,4,覸,w434b0104,覵,4,17803,覸
2685,5,𨣉,5,𨣉,w434b0105,𨣇,5,17804,𨣇
2685,6,𧙧,6,𧙧,w434b0106,𧙧,6,17805,𧙧
2686,1,莧,1,莧,w434b0201,莧,1,17806,莧
2686,2,藖,2,藖,w434b0202,藖,2,17807,藖
2686,3,粯,3,粯,w434b0203,粯,3,17808,粯
2687,1,瓣,1,瓣,w434b0204,瓣,1,17809,瓣
2687,2,辨,2,辨,w434b0205,辨,2,17810,辨
2687,3,辦,3,辦,w434b0206,辦,3,17811,辦
2687,4,𥌊,3.5,𥌊,w434b0301,𥌊,4,17812,𥌊
2687,5,釆,4,釆,w434b0302,釆,5,17813,釆
2688,1,盼,1,盼,w434b0303,盼,1,17814,盼
2688,2,𥌊,2,𥌊,w434b0304,𥌊,2,17815,𥌊
2689,1,幻,1,幻,w434b0305,幻,1,17816,幻
2690,1,蔄,1,蔄,w434b0306,蔄,1,17817,蔄
2691,1,袒,1,袒,w434b0401,袒,1,17818,袒
2691,2,綻,2,綻,w434b0402,綻,2,17819,綻
2691,3,䋎,3,䋎,w434b0403,䋎,3,17820,䋎
2692,1,扮,1,扮,w434b0404,扮,1,17821,扮
2693,1,鰥,1,鰥,w434b0405,鰥,1,17822,鰥
2694,1,霰,1,霰,w434b0501,霰,1,17823,霰
2694,2,䨘,2,䨘,w434b0502,䨘,2,17824,䨘
2694,3,𩆵,3,𩆵,w434b0503,𩆵,3,17825,𩆵
2694,4,㪇,4,㪇,w434b0504,㪇,4,17826,㪇
2694,5,𢊰,5,𢊰,w434b0601,𢊰,5,17827,𢊰
2694,6,先,6,先,w434b0602,先,6,17828,先
2694,7,汛,7,汛,w434b0603,汛,7,17829,汛
2694,8,軐,8,軐,w434b0604,軐,8,17830,軐
2694,9,𥰳,9,𥰳,w434b0605,𥰳,9,17831,𥰳
2695,1,蒨,1,蒨,w434b0701,蒨,1,17832,蒨
2695,2,茜,2,茜,w434b0702,茜,2,17833,茜
2695,3,輤,3,輤,w434b0703,輤,3,17834,輤
2695,4,綪,4,綪,w434b0704,綪,4,17835,綪
2695,5,倩,5,倩,w434b0705,倩,5,17836,倩
2695,6,芊,6,芊,w434b0706,芊,6,17837,芊
2695,7,䛹,7,䛹,w434b0801,䛹,7,17838,䛹
2695,8,棈,8,棈,w434b0802,棈,8,17839,棈
2695,9,𢂺,9,𢂺,w434b0803,𢂺,9,17840,𢂺
2695,10,𧚫,10,𧚫,w434b0804,𧚫,10,17841,𧚫
2695,11,䍎,11,䍎,w434b0805,䍎,11,17842,䍎
2695,12,䑶,12,䑶,w434b0806,䑶,12,17843,䑶
2695,13,篟,13,篟,w434b0807,篟,13,17844,篟
2696,1,絢,1,絢,w434b0901,絢,1,17845,絢
2696,2,絃,2,絃,w434b0902,絃,2,17846,絃
2696,3,敻,3,敻,w434b0903,夐,3,17847,夐
2696,4,眴,4,眴,w434b0904,眴,4,17848,眴
2696,5,駽,5,駽,w434b0905,駽,5,17849,駽
2696,6,𧾣,6,𧾣,w434b0906,𧾣,6,17850,𧾣
2696,7,㧦,7,㧦,w434b0907,㧦,7,17851,㧦
2696,8,讂,8,讂,w434b0908,讂,8,17852,讂
2697,1,縣,1,縣,w434b1001,縣,1,17853,縣
2697,2,寰,2,寰,w435a0101,寰,2,17854,寰
2697,3,袨,3,袨,w435a0102,袨,3,17855,袨
2697,4,眩,4,眩,w435a0103,眩,4,17856,眩
2697,5,炫,5,炫,w435a0104,炫,5,17857,炫
2697,6,衒,6,衒,w435a0105,衒,6,17858,衒
2697,7,𧗳,7,𧗳,w435a0106,𧗳,7,17859,𧗳
2697,8,䝮,8,䝮,w435a0107,䝮,8,17860,䝮
2697,9,贙,9,贙,w435a0108,贙,9,17861,贙
2697,10,𩑹,10,𩑹,w435a0201,𩑹,10,17862,𩑹
2697,11,迿,11,迿,w435a0202,迿,11,17863,迿
2697,12,姰,12,姰,w435a0203,姰,12,17864,姰
2697,13,玹,13,玹,w435a0204,玹,13,17865,玹
2697,14,䀏,14,䀏,w435a0205,䀏,14,17866,䀏
2697,15,眴,15,眴,w435a0206,眴,15,17867,眴
2698,1,睊,1,睊,w435a0207,睊,1,17868,睊
2698,2,讂,2,讂,w435a0208,讂,2,17869,讂
2698,3,瓹,3,瓹,w435a0209,瓹,3,17870,瓹
2698,4,䣺,4,䣺,w435a0301,䣺,4,17871,䣺
2698,5,𦌾,5,𦌾,w435a0302,𦌾,5,17872,𦌾
2698,6,罥,6,罥,w435a0303,罥,6,17873,罥
2698,7,懁,7,懁,w435a0304,懁,7,17874,懁
2698,8,䡓,8,䡓,w435a0305,䡓,8,17875,䡓
2698,9,獧,9,獧,w435a0306,獧,9,17876,獧
2698,10,狷,10,狷,w435a0307,狷,10,17877,狷
2698,11,㢾,11,㢾,w435a0308,㢾,11,17878,㢾
2699,1,電,1,電,w435a0309,電,1,17879,電
2699,2,殿,2,殿,w435a0401,殿,2,17880,殿
2699,3,奠,3,奠,w435a0402,奠,3,17881,奠
2699,4,畋,4,畋,w435a0501,畋,4,17882,畋
2699,5,澱,5,澱,w435a0502,澱,5,17883,澱
2699,6,淀,6,淀,w435a0503,淀,6,17884,淀
2699,7,甸,7,甸,w435a0504,甸,7,17885,甸
2699,8,佃,8,佃,w435a0505,佃,8,17886,佃
2699,9,鈿,9,鈿,w435a0506,鈿,9,17887,鈿
2699,10,闐,10,闐,w435a0601,闐,10,17888,闐
2699,11,涏,11,涏,w435a0602,涏,11,17889,涏
2699,12,𪑩,12,𪑩,w435a0603,𪑩,12,17890,𪑩
2699,13,填,13,填,w435a0604,塡,13,17891,塡
2699,14,窴,14,窴,w435a0605,窴,14,17892,窴
2699,15,壂,15,壂,w435a0606,壂,15,17893,壂
2699,16,㞟,16,㞟,w435a0607,㞟,16,17894,㞟
2699,17,𡱂,17,𡱂,w435a0701,⿸尸𠀘〈𡱂〉,17,17895,𡱂
2699,18,𧽍,18,𧽍,w435a0702,𧽍,18,17896,𧽍
2700,1,瑱,1,瑱,w435a0703,瑱,1,17897,瑱
2700,2,顛,2,顛,w435a0704,顚〈𦗁〉,2,17898,𦗁
2700,3,滇,3,滇,w435a0705,滇,3,17899,滇
2700,4,睼,4,睼,w435a0801,睼,4,17900,睼
2701,1,練,1,練,w435a0802,練,1,17901,練
2701,2,浰,2,浰,w435a0803,浰,2,17902,浰
2701,3,鍊,3,鍊,w435a0804,鍊,3,17903,鍊
2701,4,揀,4,揀,w435a0805,揀,4,17904,揀
2701,5,楝,5,楝,w435a0806,楝,5,17905,楝
2701,6,㼑,6,㼑,w435a0901,㼑,6,17906,㼑
2701,7,鰊,7,鰊,w435a0902,鰊,7,17907,鰊
2701,8,僆,8,僆,w435a0903,僆,8,17908,僆
2701,9,萰,9,萰,w435a0904,萰,9,17909,萰
2701,10,堜,10,堜,w435a0905,堜,10,17910,堜
2701,11,湅,11,湅,w435a0906,湅,11,17911,湅
2701,12,𣿊,12,𣿊,w435a0907,𣿊,12,17912,𣿊
2701,13,㪝,13,㪝,w435a0908,㪝,13,17913,㪝
2701,14,𣞰,14,𣞰,w435a1001,𣞰,14,17914,𣞰
2701,15,𤗛,15,𤗛,w435a1002,𤗛,15,17915,𤗛
2702,1,見,1,見,w435a1003,見,1,17916,見
2702,2,鋻,2,鋻,w435a1004,鋻,2,17917,鋻
2703,1,晛,1,晛,w435a1005,晛,1,17918,晛
2703,2,㬗,2,㬗,w435a1006,㬗,2,17919,㬗
2703,3,㜣,3,㜣,w435a1007,㜣,3,17920,㜣
2703,4,㲽,4,㲽,w435a1008,㲽,4,17921,㲽
2704,1,俔,1,俔,w435b0101,俔,1,17922,俔
2704,2,牽,2,牽,w435b0102,牽,2,17923,牽
2704,3,菣,3,菣,w435b0103,菣,3,17924,菣
2704,4,蜆,4,蜆,w435b0104,蜆,4,17925,蜆
2704,5,㯠,5,㯠,w435b0201,㯠,5,17926,㯠
2704,6,涀,6,涀,w435b0202,涀,6,17927,涀
2704,7,汧,7,汧,w435b0203,汧,7,17928,汧
2704,8,䵖,8,䵖,w435b0204,䵖,8,17929,䵖
2705,1,見,1,見,w435b0205,見,1,17930,見
2705,2,現,2,現,w435b0206,現,2,17931,現
2705,3,涀,3,涀,w435b0207,涀,3,17932,涀
2705,4,𨘇,4,𨘇,w435b0208,𨘇,4,17933,𨘇
2706,1,硯,1,硯,w435b0301,硯,1,17934,硯
2706,2,研,2,研,w435b0302,研,2,17935,研
2706,3,𨁍,3,𨁍,w435b0303,𨁍,3,17936,𨁍
2706,4,𤜵,4,𤜵,w435b0304,𤜵,4,17937,𤜵
2706,5,豜,5,豜,w435b0305,豜,5,17938,豜
2706,6,趼,6,趼,w435b0306,趼,6,17939,趼
2707,1,宴,1,宴,w435b0401,宴,1,17940,宴
2707,2,驠,2,驠,w435b0402,驠,2,17941,驠
2707,3,燕,3,燕,w435b0403,燕,3,17942,燕
2707,4,鷰,4,鷰,w435b0404,鷰,4,17943,鷰
2707,5,醼,5,醼,w435b0405,醼,5,17944,醼
2707,6,讌,6,讌,w435b0501,讌,6,17945,讌
2707,7,嬿,7,嬿,w435b0502,嬿,7,17946,嬿
2707,8,嚥,8,嚥,w435b0503,嚥,8,17947,嚥
2707,9,咽,9,咽,w435b0504,咽,9,17948,咽
2707,10,㬫,10,㬫,w435b0505,㬫,10,17949,㬫
2707,11,溎,11,溎,w435b0601,溎,11,17950,溎
2707,12,酀,12,酀,w435b0602,酀,12,17951,酀
2707,13,𥉛,13,𥉛,w435b0603,𥉛,13,17952,𥉛
2708,1,薦,1,薦,w435b0604,薦,1,17953,薦
2708,2,𧲛,2,𧲛,w435b0701,𧲛,2,17954,𧲛
2709,1,麪,1,麪,w435b0702,麪,1,17955,麫
2709,2,麵,2,麵,w435b0703,麵,2,17956,麵
2709,3,瞑,3,瞑,w435b0801,瞑,3,17957,瞑
2709,4,眄,4,眄,w435b0802,眄,4,17958,眄
2709,5,㴐,5,㴐,w435b0803,㴐,5,17959,㴐
2709,6,𡧍,6,𡧍,w435b0804,𡧍,6,17960,𡧍
2709,7,𩈹,7,𩈹,w435b0805,𩈹,7,17961,𩈹
2709,8,𥻩,8,𥻩,w435b0806,𥻩,8,17962,𥻩
2710,1,片,1,片,w435b0807,片,1,17963,片
2710,2,䏒,2,䏒,w435b0808,䏒,2,17964,䏒
2710,3,㸤,3,㸤,w435b0901,㸤,3,17965,㸤
2711,1,荐,1,荐,w435b0902,荐,1,17966,荐
2711,2,洊,2,洊,w435b0903,洊,2,17967,洊
2711,3,臶,3,臶,w435b0904,臶,3,17968,臶
2711,4,栫,4,栫,w435b1001,栫,4,17969,栫
2711,5,瀳,5,瀳,w435b1002,瀳,5,17970,瀳
2711,6,袸,6,袸,w435b1003,袸,6,17971,袸
2711,7,𨷓〈𨷳〉,7,𨷓〈𨷳〉,w435b1004,𨷓,7,17972,𨷓
2712,1,䬼,1,䬼,w435b1005,䬼,1,17973,䬼
2712,2,裫,2,裫,w436a0101,裫,2,17974,裫
2712,3,噮,3,噮,w436a0102,噮,3,17975,噮
2712,4,肙,4,肙,w436a0103,䏍,4,17976,肙
2713,1,殿,1,殿,w436a0104,殿,1,17977,殿
2713,2,唸,2,唸,w436a0201,唸,2,17978,唸
2713,3,𠿍,3,𠿍,w436a0202,𠿍,3,17979,𠿍
2714,1,𩎌,1,𩎌,w436a0203,𩎌,1,17980,𩎌
2715,1,線,1,線,w436a0301,線,1,17981,線
2715,2,綫,2,綫,w436a0302,綫,2,17982,綫
2715,3,惗,3,惗,w436a0401,惗,3,17983,惗
2715,4,鮮,4,鮮,w436a0402,鮮,4,17984,鮮
2716,1,戰,1,戰,w436a0403,戰,1,17985,戰
2716,2,顫,2,顫,w436a0404,顫,2,17986,顫
2717,1,繕,1,繕,w436a0405,繕,1,17987,繕
2717,2,鄯,2,鄯,w436a0406,鄯,2,17988,鄯
2717,3,擅,3,擅,w436a0501,擅,3,17989,擅
2717,4,膳,4,膳,w436a0502,膳,4,17990,膳
2717,5,饍,5,饍,w436a0503,饍,5,17991,饍
2717,6,僐,6,僐,w436a0504,僐,6,17992,僐
2717,7,禪,7,禪,w436a0505,禪,7,17993,禪
2717,8,䄠,8,䄠,w436a0506,䄠,8,17994,䄠
2717,9,單,9,單,w436a0507,單,9,17995,單
2717,10,𤮜,10,𤮜,w436a0508,𤮜,10,17996,𤮜
2717,11,𦉕,11,𦉕,w436a0509,𦉕,11,17997,𦉕
2717,12,嬗,12,嬗,w436a0601,嬗,12,17998,嬗
2718,1,彥,1,彥,w436a0602,彦,1,17999,彦
2718,2,唁,2,唁,w436a0603,唁,2,18000,唁
2718,3,喭,3,喭,w436a0604,喭,3,18001,喭
2718,4,甗,4,甗,w436a0605,甗,4,18002,甗
2718,5,諺,5,諺,w436a0701,諺,5,18003,諺
2718,6,這,6,這,w436a0702,這,6,18004,這
2719,1,譴,1,譴,w436a0703,譴,1,18005,譴
2719,2,遣,2,遣,w436a0704,遣,2,18006,遣
2719,3,䪈,3,䪈,w436a0705,䪈,3,18007,䪈
2719,4,晵,4,晵,w436a0706,晵,4,18008,晵
2719,5,繾,5,繾,w436a0801,繾,5,18009,繾
2720,1,絹,1,絹,w436a0802,絹,1,18010,絹
2720,2,狷,2,狷,w436a0803,狷,2,18011,狷
2720,3,鄄,3,鄄,w436a0804,鄄,3,18012,鄄
2720,4,㯞,4,㯞,w436a0805,𣚓,4,18013,㯞
2720,5,䚈,5,䚈,w436a0901,䚈,5,18014,䚈
2721,1,瑗,1,瑗,w436a0902,瑗,1,18015,瑗
2721,2,援,2,援,w436a0903,援,2,18016,援
2721,3,媛,3,媛,w436a0904,媛,3,18017,媛
2721,4,褑,4,褑,w436a0905,褑,4,18018,褑
2721,5,院,5,院,w436a0906,院,5,18019,院
2722,1,面,1,面,w436a0907,面,1,18020,面
2722,2,偭,2,偭,w436a1001,偭,2,18021,偭
2723,1,釧,1,釧,w436a1002,釧,1,18022,釧
2723,2,竁,2,竁,w436b0101,竁,2,18023,竁
2723,3,穿,3,穿,w436b0102,穿,3,18024,穿
2723,4,諯,4,諯,w436b0103,諯,4,18025,諯
2724,1,掾,1,掾,w436b0104,掾,1,18026,掾
2724,2,緣,2,緣,w436b0105,縁,2,18027,縁
2724,3,𢐄,3,𢐄,w436b0106,𢐄,3,18028,𢐄
2724,4,䬇〈𩘍〉,4,䬇〈𩘍〉,w436b0107,䬇〈𩘍〉,4,18029,䬇
2725,1,𩥇,1,𩥇,w436b0108,𩥇,1,18030,𩥇
2725,2,𧝑,2,𧝑,w436b0201,𧝑,2,18031,𧝑
2725,3,襢,3,襢,w436b0202,襢,3,18032,襢
2726,1,𤲬,1,𤲬,w436b0203,𤲬,1,18033,𤲬
2727,1,箭,1,箭,w436b0204,箭,1,18034,箭
2727,2,𥳭,2,𥳭,w436b0301,𥳭,2,18035,𥳭
2727,3,鬋,3,鬋,w436b0302,鬋,3,18036,鬋
2727,4,葥,4,葥,w436b0303,葥,4,18037,葥
2727,5,湔,5,湔,w436b0304,湔,5,18038,湔
2727,6,榗,6,榗,w436b0305,榗,6,18039,榗
2727,7,籛,7,籛,w436b0306,籛,7,18040,籛
2727,8,濺,8,濺,w436b0307,濺,8,18041,濺
2727,9,煎,9,煎,w436b0401,煎,9,18042,煎
2728,1,硟,1,硟,w436b0402,硟,1,18043,硟
2729,1,扇,1,扇,w436b0403,扇,1,18044,扇
2729,2,煽,2,煽,w436b0404,煽,2,18045,煽
2729,3,傓,3,傓,w436b0405,傓,3,18046,傓
2729,4,𧎥,4,𧎥,w436b0406,𧎥,4,18047,𧎥
2729,5,𦶋,5,𦶋,w436b0501,𦶋,5,18048,𦶋
2729,6,𥰢,6,𥰢,w436b0502,𥰢,6,18049,𥰢
2730,1,躽,1,躽,w436b0503,躽,1,18050,躽
2730,2,𥈔,2,𥈔,w436b0504,𥈔,2,18051,𥈔
2730,3,堰,3,堰,w436b0505,堰,3,18052,堰
2731,1,眷,1,眷,w436b0506,眷,1,18053,眷
2731,2,睠,2,睠,w436b0601,睠,2,18054,睠
2731,3,捲,3,捲,w436b0602,捲,3,18055,捲
2731,4,弮,4,弮,w436b0603,弮,4,18056,弮
2731,5,卷,5,卷,w436b0604,卷,5,18057,卷
2731,6,桊,6,桊,w436b0605,桊,6,18058,桊
2731,7,帣,7,帣,w436b0606,帣,7,18059,帣
2731,8,絭,8,絭,w436b0607,絭,8,18060,絭
2731,9,犈,9,犈,w436b0701,犈,9,18061,犈
2731,10,觠,10,觠,w436b0702,觠,10,18062,觠
2731,11,𧯦,11,𧯦,w436b0703,𧯦,11,18063,𧯦
2731,12,飬〈餋〉,12,飬〈餋〉,w436b0704,飬,12,18064,飬
2731,13,䖭,13,䖭,w436b0705,䖭,13,18065,䖭
2731,14,𥸭〈𢍏〉,14,𥸭〈𢍏〉,w436b0706,𢍏,14,18066,𥸭
2731,15,勬,15,勬,w436b0801,勬,15,18067,勬
2732,1,倦,1,倦,w436b0802,倦,1,18068,倦
2732,2,𣜨,2,𣜨,w436b0803,𣜨,2,18069,𣜨
2732,3,韏,3,韏,w436b0901,韏,3,18070,韏
2732,4,襈,4,襈,w436b0902,襈,4,18071,襈
2732,5,淃,5,淃,w436b0903,淃,5,18072,淃
2733,1,戀,1,戀,w436b0904,戀,1,18073,戀
2733,2,灓,2,灓,w436b0905,灓,2,18074,灓
2733,3,䜌,3,䜌,w436b0906,䜌,3,18075,䜌
2733,4,孌,4,孌,w436b1001,孌,4,18076,孌
2734,1,猭,1,猭,w436b1002,猭,1,18077,猭
2734,2,鶨,2,鶨,w436b1003,鶨,2,18078,鶨
2735,1,變,1,變,w436b1004,變,1,18079,變
2736,1,𨏉,1,𨏉,w436b1005,𨏉,1,18080,𨏉
2736,2,㝈,2,㝈,w437a0101,㝈,2,18081,㝈
2737,1,縓,1,縓,w437a0102,縓,1,18082,縓
2737,2,諯,2,諯,w437a0103,諯,2,18083,諯
2737,3,𥆊,3,𥆊,w437a0104,𥆊,3,18084,𥆊
2738,1,卞,1,卞,w437a0105,卞,1,18085,卞
2738,2,拚,2,拚,w437a0201,拚,2,18086,拚
2738,3,抃,3,抃,w437a0202,抃,3,18087,抃
2738,4,弁,4,弁,w437a0203,弁,4,18088,弁
2738,5,㝸,5,㝸,w437a0204,𡭪〈㝸〉,5,18089,𡭪
2738,6,汴,6,汴,w437a0301,汴,6,18090,汴
2738,7,㺕,7,㺕,w437a0302,㺕,7,18091,㺕
2738,8,閞,8,閞,w437a0303,閞,8,18092,閞
2738,9,昪,9,昪,w437a0401,昪,9,18093,昪
2738,10,匥,10,匥,w437a0402,匥,10,18094,匥
2738,11,䒪,11,䒪,w437a0403,䒪,11,18095,䒪
2738,12,笲,12,笲,w437a0404,笲,12,18096,笲
2738,13,㺹,13,㺹,w437a0405,㺹,13,18097,㺹
2738,14,忭,14,忭,w437a0406,忭,14,18098,忭
2738,15,䪻,15,䪻,w437a0407,䪻,15,18099,䪻
2739,1,㳬,1,㳬,w437a0408,㳬,1,18100,㳬
2739,2,鏇,2,鏇,w437a0409,鏇,2,18101,鏇
2739,3,縼,3,縼,w437a0410,縼,3,18102,縼
2739,4,𢳄,4,𢳄,w437a0501,𢳄,4,18103,𢳄
2739,5,旋,5,旋,w437a0502,旋,5,18104,旋
2739,6,嫙,6,嫙,w437a0503,嫙,6,18105,嫙
2739,7,䍻,7,䍻,w437a0504,䍻,7,18106,䍻
2739,8,𧾩,8,𧾩,w437a0505,𧾩,8,18107,𧾩
2739,9,𦛔,9,𦛔,w437a0506,𦛔,9,18108,𦛔
2740,1,選,1,選,w437a0507,選,1,18109,選
2740,2,𤂳,2,𤂳,w437a0508,𤂳,2,18110,𤂳
2740,3,𤂿,3,𤂿,w437a0509,𤂿,3,18111,𤂿
2740,4,䍻,4,䍻,w437a0510,䍻,4,18112,䍻
2740,5,𦌔,5,𦌔,w437a0601,𦌔,5,18113,𦌔
2740,6,䠣,6,䠣,w437a0602,䠣,6,18114,䠣
2740,7,繏,7,繏,w437a0603,繏,7,18115,繏
2740,8,渲,8,渲,w437a0604,渲,8,18116,渲
2741,1,䉵,1,䉵,w437a0605,䉵,1,18117,籑
2741,2,饌,2,饌,w437a0606,饌,2,18118,饌
2741,3,𦠆,3,𦠆,w437a0607,𦠆,3,18119,𦠆
2741,4,襈,4,襈,w437a0608,襈,4,18120,襈
2741,5,僎,5,僎,w437a0609,僎,5,18121,僎
2741,6,譔,6,譔,w437a0701,譔,6,18122,譔
2741,7,𤩄,7,𤩄,w437a0702,𤩄,7,18123,𤩄
2741,8,僝,8,僝,w437a0703,僝〈𠊩〉,8,18124,僝
2741,9,𠨎,9,𠨎,w437a0704,𠨎,9,18125,𠨎
2742,1,孨,1,孨,w437a0705,孨,1,18126,孨
2743,1,傳,1,傳,w437a0706,傳,1,18127,傳
2743,2,𦁆,2,𦁆,w437a0801,𦁆,2,18128,𦁆
2744,1,賤,1,賤,w437a0802,賤,1,18129,賤
2744,2,諓,2,諓,w437a0803,諓,2,18130,諓
2744,3,餞,3,餞,w437a0804,餞,3,18131,餞
2745,1,羨,1,羨,w437a0805,羨,1,18132,羨
2745,2,䢭,2,䢭,w437a0901,䢭,2,18133,䢭
2746,1,騗,1,騗,w437a0902,騗,1,18134,騗
2746,2,偏,2,偏,w437a0903,偏,2,18135,偏
2747,1,𢮨,1,𢮨,w437a0904,𢮨,1,18136,𢮨
2747,2,叀,2,叀,w437a0905,叀,2,18137,叀
2748,1,輾,1,輾,w437a1001,輾,1,18138,輾
2748,2,碾,2,碾,w437a1002,碾,2,18139,碾
2749,1,囀,1,囀,w437a1003,囀,1,18140,囀
2749,2,傳,2,傳,w437a1004,傳,2,18141,傳
2749,3,轉,3,轉,w437b0101,轉,3,18142,轉
2750,1,衍,1,衍,w437b0102,衍,1,18143,衍
2750,2,莚,2,莚,w437b0103,莚,2,18144,莚
2750,3,羨,3,羨,w437b0104,羨,3,18145,羡
2750,4,狿,4,狿,w437b0201,狿,4,18146,狿
2750,5,延,5,延,w437b0202,延,5,18147,延
2750,6,涎,6,涎,w437b0203,涎,6,18148,涎
2750,7,䢭,7,䢭,w437b0204,䢭,7,18149,䢭
2750,8,𠻤,8,𠻤,w437b0205,𠻤,8,18150,𠻤
2751,1,便,1,便,w437b0206,便,1,18151,便
2752,1,邅,1,邅,w437b0207,邅,1,18152,邅
2752,2,纏,2,纏,w437b0301,纏,2,18153,纏
2753,1,𤹨,1,𤹨,w437b0302,𤹨,1,18154,𤹨
2753,2,摙,2,摙,w437b0303,摙,2,18155,漣
2754,1,𥛁〈䄐〉,1,𥛁〈䄐〉,w437b0304,𥛁〈䄐〉,1,18156,𥛁
2754,2,絭,2,絭,w437b0305,絭,2,18157,飬
2754,3,䠣,3,䠣,w437b0306,䠣,3,18158,䠣
2755,1,剸,1,剸,w437b0307,剸,1,18159,剸
2756,1,徧,1,徧,w437b0401,徧,1,18160,徧
2756,2,遍,2,遍,w437b0402,遍,2,18161,遍
2757,1,嘯,1,嘯,w437b0501,嘯,1,18162,嘯
2757,2,歗,2,歗,w437b0502,歗,2,18163,歗
2757,3,㩋,3,㩋,w437b0503,㩋,3,18164,㩋
2757,4,䐹,4,䐹,w437b0504,䐹,4,18165,䐹
2757,5,熽,5,熽,w437b0505,熽,5,18166,熽
2758,1,糶,1,糶,w437b0506,糶,1,18167,糶
2758,2,𥺋,2,𥺋,w437b0507,𥺋,2,18168,粜
2758,3,眺,3,眺,w437b0601,眺,3,18169,眺
2758,4,覜,4,覜,w437b0602,覜,4,18170,覜
2758,5,趒,5,趒,w437b0603,趒,5,18171,趒
2758,6,咷,6,咷,w437b0604,咷,6,18172,咷
2758,7,頫,7,頫,w437b0605,頫,7,18173,頫
2758,8,窱,8,窱,w437b0606,窱,8,18174,窱
2758,9,鋽,9,鋽,w437b0701,鋽,9,18175,鋽
2758,10,絩,10,絩,w437b0702,絩,10,18176,絩
2759,1,弔,1,弔,w437b0703,弔,1,18177,弔
2759,2,伄,2,伄,w437b0704,伄,2,18178,伄
2759,3,瘹,3,瘹,w437b0705,瘹,3,18179,瘹
2759,4,釣,4,釣,w437b0706,釣,4,18180,釣
2759,5,窵,5,窵,w437b0801,窵,5,18181,窵
2759,6,蔦,6,蔦,w437b0802,蔦,6,18182,蔦
2759,7,𨑩,7,𨑩,w437b0803,𨑩,7,18183,𨑩
2760,1,叫,1,叫,w437b0901,叫,1,18184,叫
2760,2,訆,2,訆,w437b0902,訆,2,18185,訆
2760,3,徼,3,徼,w437b0903,徼,3,18186,徼
2760,4,𢅎,4,𢅎,w437b0904,𢅎,4,18187,𢅎
2760,5,譥,5,譥,w437b0905,譥,5,18188,譥
2760,6,激,6,激,w437b0906,激,6,18189,激
2760,7,噭,7,噭,w437b0907,噭,7,18190,噭
2760,8,嘂,8,嘂,w437b1001,嘂,8,18191,嘂
2760,9,獥,9,獥,w437b1002,獥,9,18192,獥
2760,10,敫〈㰾〉,10,敫〈㰾〉,w437b1003,敫〈㰾〉,10,18193,敫
2760,11,鸄,11,鸄,w437b1004,鸄,11,18194,鸄
2760,12,𨎬,12,𨎬,w437b1005,𨎬,12,18195,𨎬
2761,1,尿,1,尿,w437b1006,尿,1,18196,尿
2761,2,㞙,2,㞙,w438a0101,㞙,2,18197,㞙
2762,1,藋,1,藋,w438a0102,藋,1,18198,藋
2762,2,銚,2,銚,w438a0103,銚,2,18199,銚
2762,3,掉,3,掉,w438a0104,掉,3,18200,掉
2762,4,調,4,調,w438a0105,調,4,18201,調
2762,5,莜,5,莜,w438a0106,莜,5,18202,莜
2762,6,𥁮,6,𥁮,w438a0201,𥁮,6,18203,𥁮
2762,7,嬥,7,嬥,w438a0202,嬥,7,18204,嬥
2763,1,竅,1,竅,w438a0203,竅,1,18205,竅
2763,2,𢶡,2,𢶡,w438a0204,𢶡,2,18206,𢵿
2764,1,𩕐,1,𩕐,w438a0205,𩕐,1,18207,𩕐
2764,2,尥,2,尥,w438a0206,尥,2,18208,尥
2764,3,嫽,3,嫽,w438a0301,嫽,3,18209,嫽
2764,4,料,4,料,w438a0302,料,4,18210,料
2764,5,嘹,5,嘹,w438a0303,嘹,5,18211,嘹
2764,6,鐐,6,鐐,w438a0304,鐐,6,18212,鐐
2764,7,璙,7,璙,w438a0305,璙,7,18213,璙
2764,8,𦌒,8,𦌒,w438a0306,𦌒,8,18214,𦌒
2764,9,炓,9,炓,w438a0307,炓,9,18215,炓
2765,1,顤,1,顤,w438a0308,顤,1,18216,顤
2765,2,獟,2,獟,w438a0401,獟,2,18217,獟
2765,3,澆,3,澆,w438a0402,澆,3,18218,澆
2765,4,鼼,4,鼼,w438a0403,𪖐,4,18219,𪖐
2765,5,𠹑〈嘄〉,5,𠹑〈嘄〉,w438a0404,𠹑〈𡂢〉,5,18220,𠹑
2766,1,窔,1,窔,w438a0405,窔,1,18221,窔
2766,2,𥦒〈䆞〉,2,𥦒〈䆞〉,w438a0406,䆞,2,18222,𥦒
2767,1,𢿿〈㱇〉,1,𢿿〈㱇〉,w438a0501,𢿿〈㱇〉,1,18223,𢿿
2767,2,嬈,2,嬈,w438a0502,嬈,2,18224,嬈
2767,3,娎,3,娎,w438a0503,娎,3,18225,娎
2768,1,笑,1,笑,w438a0601,𥬇,1,18226,𥬇
2768,2,㗛,2,㗛,w438a0602,㗛,2,18227,㗛
2768,3,肖,3,肖,w438a0603,肖,3,18228,肖
2768,4,韒,4,韒,w438a0604,韒,4,18229,韒
2768,5,鞘,5,鞘,w438a0605,鞘,5,18230,鞘
2769,1,照,1,照,w438a0606,照,1,18231,照
2769,2,炤,2,炤,w438a0701,炤,2,18232,炤
2769,3,詔,3,詔,w438a0702,詔,3,18233,詔
2769,4,𨹸,4,𨹸,w438a0703,𨹸,4,18234,𨹸
2769,5,𠧙,5,𠧙,w438a0704,𠧙,5,18235,𠧙
2770,1,燿,1,燿,w438a0705,燿,1,18236,燿
2770,2,鷂,2,鷂,w438a0801,鷂,2,18237,鷂
2770,3,搖,3,搖,w438a0802,搖,3,18238,摇
2770,4,覞,4,覞,w438a0803,覞,4,18239,覞
2770,5,𧡷,5,𧡷,w438a0804,𧡷,5,18240,𧡷
2770,6,耀,6,耀,w438a0901,耀,6,18241,耀
2770,7,曜,7,曜,w438a0902,曜,7,18242,曜
2770,8,𧢢,8,𧢢,w438a0903,𧢢,8,18243,𧢢
2770,9,𥌺,9,𥌺,w438a0904,𥌺,9,18244,矅
2770,10,㞁,10,㞁,w438a0905,㞁,10,18245,㞁
2770,11,𤪎,11,𤪎,w438a0906,⿰⿱𠧴玉欠〈𤪎〉,11,18246,𣤦
2770,12,筄,12,筄,w438a0907,筄,12,18247,筄
2770,13,趭,13,趭,w438a0908,趭,13,18248,趭
2770,14,鷣,14,鷣,w438a0909,鷣,14,18249,鷣
2770,15,䔄,15,䔄,w438a1001,䔄,15,18250,䔄
2770,16,艞,16,艞,w438a1002,艞,16,18251,艞
2770,17,讑,17,讑,w438a1003,讑,17,18252,讑
2771,1,要,1,要,w438a1004,要,1,18253,要
2771,2,葽,2,葽,w438a1005,葽,2,18254,葽
2771,3,約,3,約,w438a1006,約,3,18255,約
2772,1,召,1,召,w438b0101,召,1,18256,召
2773,1,邵,1,邵,w438b0102,邵,1,18257,邵
2773,2,召,2,召,w438b0103,召,2,18258,召
2773,3,劭,3,劭,w438b0104,劭,3,18259,劭
2773,4,𠧙,4,𠧙,w438b0105,𠧙,4,18260,𠧙
2773,5,𠣫,5,𠣫,w438b0106,𠣫,5,18261,𠣫
2773,6,䬰,6,䬰,w438b0201,䬰,6,18262,䬰
2773,7,卲,7,卲,w438b0202,卲,7,18263,卲
2774,1,嶠,1,嶠,w438b0203,嶠,1,18264,嶠
2774,2,轎,2,轎,w438b0204,轎,2,18265,轎
2775,1,剽,1,剽,w438b0205,剽,1,18266,剽
2775,2,彯,2,彯,w438b0301,彯,2,18267,彯
2775,3,㬓,3,㬓,w438b0302,㬓,3,18268,㬓
2775,4,漂,4,漂,w438b0303,漂,4,18269,漂
2775,5,僄,5,僄,w438b0304,僄,5,18270,僄
2775,6,翲,6,翲,w438b0305,翲,6,18271,翲
2775,7,䏇,7,䏇,w438b0306,䏇,7,18272,䏇
2775,8,勡,8,勡,w438b0307,勡,8,18273,勡
2775,9,摽,9,摽,w438b0401,摽,9,18274,摽
2775,10,嫖,10,嫖,w438b0402,嫖,10,18275,嫖
2775,11,慓,11,慓,w438b0403,慓,11,18276,慓
2776,1,噍,1,噍,w438b0404,噍,1,18277,噍
2776,2,誚,2,誚,w438b0405,誚,2,18278,誚
2776,3,劁,3,劁,w438b0406,劁,3,18279,劁
2776,4,趭,4,趭,w438b0407,趭,4,18280,趡
2777,1,妙,1,妙,w438b0408,妙,1,18281,妙
2777,2,玅,2,玅,w438b0501,玅,2,18282,玅
2777,3,篎,3,篎,w438b0502,篎,3,18283,篎
2778,1,陗,1,陗,w438b0503,陗,1,18284,陗
2778,2,峭,2,峭,w438b0504,峭,2,18285,峭
2778,3,篍,3,篍,w438b0505,篍,3,18286,篍
2778,4,㴥,4,㴥,w438b0506,㴥,4,18287,㴥
2778,5,哨,5,哨,w438b0507,哨,5,18288,哨
2778,6,俏,6,俏,w438b0601,俏,6,18289,俏
2778,7,帩,7,帩,w438b0602,帩,7,18290,帩
2778,8,𪑊,8,𪑊,w438b0603,𪑊,8,18291,𪑊
2779,1,尞,1,尞,w438b0604,𤊽,1,18292,𤊽
2779,2,燎,2,燎,w438b0605,燎,2,18293,燎
2779,3,㙩,3,㙩,w438b0701,㙩,3,18294,㙩
2779,4,𤻲,4,𤻲,w438b0702,𤻲,4,18295,𤻲
2779,5,療,5,療,w438b0703,療,5,18296,療
2779,6,熮,6,熮,w438b0704,熮,6,18297,熮
2779,7,膫,7,膫,w438b0705,膫,7,18298,膫
2779,8,鷯,8,鷯,w438b0706,鷯,8,18299,鷯
2780,1,趬,1,趬,w438b0707,趬,1,18300,趬
2780,2,𠿕,2,𠿕,w438b0801,𠿕,2,18301,𠿕
2780,3,㢗,3,㢗,w438b0802,㢗,3,18302,㢗
2780,4,譑,4,譑,w438b0803,譑,4,18303,譑
2780,5,㚁,5,㚁,w438b0804,㚁,5,18304,㚁
2781,1,𧇠,1,𧇠,w438b0805,𧇠,1,18305,𧇠
2782,1,醮,1,醮,w438b0806,醮,1,18306,醮
2782,2,𥛲,2,𥛲,w438b0807,𥛲,2,18307,𥛲
2782,3,釂,3,釂,w438b0808,釂,3,18308,釂
2782,4,皭,4,皭,w438b0901,皭,4,18309,皭
2782,5,潐,5,潐,w438b0902,潐,5,18310,潐
2782,6,爝,6,爝,w438b0903,爝,6,18311,爝
2782,7,䩌,7,䩌,w438b0904,䩌,7,18312,䩌
2782,8,僬,8,僬,w438b0905,僬,8,18313,僬
2782,9,趭,9,趭,w438b0906,趭,9,18314,趡
2782,10,𥡤,10,𥡤,w438b0907,𥡤,10,18315,𥡤
2782,11,䂃,11,䂃,w438b0908,䂃,11,18316,䂃
2783,1,廟,1,廟,w438b1001,廟,1,18317,廟
2783,2,庿,2,庿,w438b1002,庿,2,18318,庿
2784,1,驃,1,驃,w438b1003,驃,1,18319,驃
2785,1,少,1,少,w439a0101,少,1,18320,少
2785,2,燒,2,燒,w439a0201,燒,2,18321,燒
2786,1,脁,1,脁,w439a0202,脁,1,18322,朓
2787,1,裱,1,裱,w439a0203,裱,1,18323,裱
2787,2,俵,2,俵,w439a0301,俵,2,18324,俵
2788,1,翹,1,翹,w439a0302,翹,1,18325,翹
2789,1,饒,1,饒,w439a0303,饒,1,18326,饒
2789,2,繞,2,繞,w439a0304,繞,2,18327,繞
2790,1,效,1,效,w439a0401,效,1,18328,效
2790,2,効,2,効,w439a0402,効,2,18329,効
2790,3,校,3,校,w439a0403,校,3,18330,校
2790,4,斅,4,斅,w439a0404,斆,4,18331,斅
2790,5,㤊,5,㤊,w439a0501,㤊,5,18332,㤊
2790,6,傚,6,傚,w439a0502,傚,6,18333,俲
2790,7,𣱓,7,𣱓,w439a0503,𣱓,7,18334,𣱓
2790,8,詨,8,詨,w439a0504,詨,8,18335,詨
2791,1,教,1,教,w439a0505,敎,1,18336,敎
2791,2,𢼂,2,𢼂,w439a0601,𢼂,2,18337,𢼂
2791,3,窖,3,窖,w439a0602,窖,3,18338,窖
2791,4,校,4,校,w439a0603,校,4,18339,校
2791,5,鉸,5,鉸,w439a0604,鉸,5,18340,鉸
2791,6,酵,6,酵,w439a0605,酵,6,18341,酵
2791,7,覺,7,覺,w439a0606,覺,7,18342,覺
2791,8,膠,8,膠,w439a0701,膠,8,18343,膠
2791,9,較,9,較,w439a0702,較,9,18344,較
2791,10,𡥈,10,𡥈,w439a0703,𡥈,10,18345,𡥈
2791,11,珓,11,珓,w439a0704,珓,11,18346,珓
2792,1,孝,1,孝,w439a0705,孝,1,18347,孝
2792,2,哮,2,哮,w439a0801,哮,2,18348,哮
2792,3,涍,3,涍,w439a0802,涍,3,18349,涍
2792,4,嗃,4,嗃,w439a0803,嗃,4,18350,嗃
2792,5,詨,5,詨,w439a0901,詨,5,18351,詨
2792,6,𡦳,6,𡦳,w439a0902,𡦳,6,18352,𡦳
2793,1,罩,1,罩,w439a0903,罩,1,18353,罩
2793,2,䈇,2,䈇,w439a0904,䈇,2,18354,䈇
2793,3,䍜,3,䍜,w439a0905,䍜,3,18355,䍜
2793,4,䞴,4,䞴,w439a0906,䞴,4,18356,䞴
2793,5,鵫,5,鵫,w439a1001,鵫,5,18357,鵫
2794,1,豹,1,豹,w439a1002,豹,1,18358,豹
2794,2,𧭤,2,𧭤,w439b0101,𧭤,2,18359,𧭤
2794,3,𢖔,3,𢖔,w439b0102,𢖔,3,18360,𢖔
2794,4,爆,4,爆,w439b0103,爆,4,18361,爆
2794,5,䶂,5,䶂,w439b0104,䶂,5,18362,䶂
2795,1,敲,1,敲,w439b0201,敲,1,18363,敲
2795,2,礉,2,礉,w439b0202,礉,2,18364,礉
2795,3,巧,3,巧,w439b0203,巧,3,18365,巧
2796,1,皃,1,皃,w439b0204,皃,1,18366,皃
2796,2,䫉,2,䫉,w439b0205,䫉,2,18367,䫉
2796,3,貌,3,貌,w439b0301,貌,3,18368,貌
2796,4,䡚,4,䡚,w439b0302,䡚,4,18369,䡚
2796,5,𢂹,5,𢂹,w439b0303,𢂹,5,18370,𢂹
2796,6,緢,6,緢,w439b0304,緢,6,18371,緢
2796,7,𢅉,7,𢅉,w439b0305,𢅉,7,18372,𢅉
2797,1,奅,1,奅,w439b0306,奅,1,18373,奅
2797,2,窌,2,窌,w439b0307,窌,2,18374,窌
2797,3,炮,3,炮,w439b0401,炮,3,18375,炮
2797,4,拋,4,拋,w439b0402,抛,4,18376,抛
2797,5,皰,5,皰,w439b0403,皰,5,18377,皰
2797,6,礮,6,礮,w439b0404,礮,6,18378,礮
2798,1,趠,1,趠,w439b0405,趠,1,18379,趠
2798,2,踔,2,踔,w439b0406,踔,2,18380,踔
2799,1,稍,1,稍,w439b0407,稍,1,18381,稍
2799,2,潲,2,潲,w439b0501,潲,2,18382,潲
2799,3,揱,3,揱,w439b0502,揱,3,18383,揱
2799,4,𣕇,4,𣕇,w439b0503,𣕇,4,18384,𣕇
2799,5,娋,5,娋,w439b0504,娋,5,18385,娋
2799,6,𨛍,6,𨛍,w439b0505,𨛍,6,18386,𨛍
2799,7,𦓴,7,𦓴,w439b0506,𦓴,7,18387,𦓴
2800,1,棹,1,棹,w439b0507,棹,1,18388,棹
2800,2,櫂,2,櫂,w439b0601,櫂,2,18389,櫂
2800,3,濯,3,濯,w439b0602,濯,3,18390,濯
2800,4,㷹,4,㷹,w439b0603,㷹,4,18391,㷹
2801,1,橈,1,橈,w439b0604,橈,1,18392,橈
2801,2,淖,2,淖,w439b0605,淖,2,18393,淖
2801,3,𠆴,3,𠆴,w439b0606,𠆴,3,18394,𠆴
2801,4,閙〈鬧〉,4,閙〈鬧〉,w439b0701,閙〈鬧〉,4,18395,閙
2802,1,抓,1,抓,w439b0702,抓,1,18396,抓
2802,2,癄,2,癄,w439b0703,癄,2,18397,癄
2802,3,笊,3,笊,w439b0704,笊,3,18398,笊
2803,1,靤,1,靤,w439b0705,靤,1,18399,靤
2803,2,皰,2,皰,w439b0706,皰,2,18400,皰
2803,3,鞄,3,鞄,w439b0707,鞄,3,18401,鞄
2803,4,鉋,4,鉋,w439b0708,鉋,4,18402,鉋
2803,5,骲,5,骲,w439b0801,骲,5,18403,骲
2804,1,抄,1,抄,w439b0802,抄,1,18404,抄
2804,2,鈔,2,鈔,w439b0803,鈔,2,18405,鈔
2804,3,縐,3,縐,w439b0804,縐,3,18406,縐
2804,4,耖,4,耖,w439b0805,耖,4,18407,耖
2804,5,仯,5,仯,w439b0806,仯,5,18408,仯
2804,6,觘,6,觘,w439b0901,觘,6,18409,觘
2804,7,𦨖,7,𦨖,w439b0902,𦨖,7,18410,𦨖
2804,8,罺,8,罺,w439b0903,罺,8,18411,罺
2805,1,靿,1,靿,w439b0904,靿,1,18412,靿
2805,2,袎,2,袎,w439b0905,袎,2,18413,袎
2805,3,㑃,3,㑃,w439b0906,㑃,3,18414,㑃
2805,4,箹,4,箹,w439b0907,箹,4,18415,箹
2805,5,軪,5,軪,w439b0908,軪,5,18416,軪
2806,1,樂,1,樂,w439b1001,樂,1,18417,樂
2806,2,磽,2,磽,w439b1002,磽,2,18418,磽
2806,3,𩳔,3,𩳔,w439b1003,𩳔,3,18419,𩳔
2807,1,巢,1,巢,w439b1004,巢,1,18420,巢
2808,1,号,1,号,w440a0101,号,1,18421,号
2808,2,號,2,號,w440a0102,號,2,18422,號
2808,3,𤩭,3,𤩭,w440a0103,𤩭,3,18423,𤩭
2808,4,㙱,4,㙱,w440a0104,㙱,4,18424,㙱
2808,5,䜂,5,䜂,w440a0105,𧬁,5,18425,𧬁
2808,6,𡟷,6,𡟷,w440a0106,𡠖,6,18426,𡠖
2809,1,導,1,導,w440a0201,導,1,18427,導
2809,2,翿,2,翿,w440a0202,翿,2,18428,翿
2809,3,纛,3,纛,w440a0203,纛,3,18429,纛
2809,4,悼,4,悼,w440a0204,悼,4,18430,悼
2809,5,蹈,5,蹈,w440a0205,蹈,5,18431,蹈
2809,6,盜,6,盜,w440a0206,盜,6,18432,盜
2809,7,燾,7,燾,w440a0207,燾,7,18433,燾
2809,8,幬,8,幬,w440a0301,幬,8,18434,幬
2809,9,䆃,9,䆃,w440a0302,䆃,9,18435,䆃
2809,10,儔,10,儔,w440a0303,儔,10,18436,儔
2809,11,𨱵,11,𨱵,w440a0304,𨱵,11,18437,𨱵
2809,12,𠺛,12,𠺛,w440a0305,𠺛,12,18438,𠺛
2809,13,䊭,13,䊭,w440a0306,䊭,13,18439,䊭
2809,14,䌦,14,䌦,w440a0307,䌦,14,18440,䌦
2810,1,到,1,到,w440a0308,到,1,18441,到
2810,2,禱,2,禱,w440a0401,禱,2,18442,禱
2810,3,倒,3,倒,w440a0501,倒,3,18443,倒
2810,4,𤓾,4,𤓾,w440a0502,𤓾,4,18444,𤓾
2810,5,𧛔,5,𧛔,w440a0503,𧛔,5,18445,𧛔
2810,6,菿,6,菿,w440a0504,菿,6,18446,菿
2811,1,誥,1,誥,w440a0505,誥,1,18447,誥
2811,2,郜,2,郜,w440a0506,郜,2,18448,郜
2811,3,告,3,告,w440a0601,吿,3,18449,告
2811,4,縞,4,縞,w440a0602,縞,4,18450,縞
2811,5,膏,5,膏,w440a0603,膏,5,18451,膏
2811,6,𣝏,6,𣝏,w440a0604,𣝏,6,18452,𣝏
2811,7,烄,7,烄,w440a0605,烄,7,18453,烄
2812,1,傲,1,傲,w440a0606,傲,1,18454,傲
2812,2,嫯,2,嫯,w440a0701,嫯,2,18455,嫯
2812,3,䫨,3,䫨,w440a0702,䫨,3,18456,䫨
2812,4,鏊,4,鏊,w440a0703,鏊,4,18457,鏊
2812,5,驁,5,驁,w440a0704,驁,5,18458,驁
2812,6,奡,6,奡,w440a0705,奡,6,18459,奡
2812,7,謷,7,謷,w440a0706,謷,7,18460,謷
2812,8,鷔,8,鷔,w440a0707,鷔〈聱〉,8,18461,鷔
2813,1,冃,1,冃,w440a0708,冃,1,18462,冃
2813,2,帽,2,帽,w440a0801,帽,2,18463,帽
2813,3,耄,3,耄,w440a0802,耄,3,18464,耄
2813,4,𧂕,4,𧂕,w440a0803,𧂕,4,18465,𦹾
2813,5,芼,5,芼,w440a0804,芼,5,18466,芼
2813,6,眊,6,眊,w440a0901,眊,6,18467,眊
2813,7,瑁,7,瑁,w440a0902,瑁,7,18468,瑁
2813,8,𤣽,8,𤣽,w440a0903,㺺,8,18469,𤣽
2813,9,冒,9,冒,w440a0904,冒,9,18470,冒
2813,10,𥈆,10,𥈆,w440a0905,𥈆,10,18471,𥈆
2813,11,旄,11,旄,w440a0906,旄,11,18472,旄
2813,12,毛,12,毛,w440a1001,毛,12,18473,毛
2813,13,媢,13,媢,w440a1002,媢,13,18474,媢
2813,14,𩿂,14,𩿂,w440a1003,𩿂,14,18475,𩿂
2813,15,𢯾,15,𢯾,w440a1004,𢯾,15,18476,𢯾
2813,16,覒,16,覒,w440a1005,覒,16,18477,覒
2813,17,㲝,17,㲝,w440a1006,㲝,17,18478,㲝
2813,18,䋃,18,䋃,w440a1007,䋃,18,18479,䋃
2813,19,𣔺,19,𣔺,w440b0101,𣔺,19,18480,𣔺
2814,1,嫪,1,嫪,w440b0102,嫪,1,18481,嫪
2814,2,澇,2,澇,w440b0103,澇,2,18482,澇
2814,3,潦,3,潦,w440b0104,潦,3,18483,潦
2814,4,勞,4,勞,w440b0105,勞,4,18484,勞
2814,5,僗,5,僗,w440b0106,僗,5,18485,僗
2814,6,髝,6,髝,w440b0107,髝,6,18486,髝
2814,7,癆,7,癆,w440b0201,癆,7,18487,癆
2814,8,𣟽,8,𣟽,w440b0202,𣟽,8,18488,𣟽
2815,1,操,1,操,w440b0203,操,1,18489,操
2815,2,造,2,造,w440b0301,造,2,18490,造
2815,3,艁,3,艁,w440b0302,艁,3,18491,艁
2815,4,慥,4,慥,w440b0303,慥,4,18492,慥
2815,5,㿷,5,㿷,w440b0304,㿷,5,18493,㿷
2815,6,糙,6,糙,w440b0305,糙,6,18494,糙
2815,7,鄵,7,鄵,w440b0306,鄵,7,18495,鄵
2816,1,暴,1,暴,w440b0307,暴,1,18496,暴
2816,2,虣,2,虣,w440b0401,虣,2,18497,虣
2816,3,曝,3,曝,w440b0402,曝,3,18498,曝
2816,4,瀑,4,瀑,w440b0403,瀑,4,18499,瀑
2816,5,勽,5,勽,w440b0501,勽,5,18500,勽
2816,6,菢,6,菢,w440b0502,菢,6,18501,菢
2816,7,袍,7,袍,w440b0503,袌,7,18502,袌
2816,8,𤔣,8,𤔣,w440b0504,𤔣,8,18503,𤔣
2816,9,𪇰,9,𪇰,w440b0505,𪇰,9,18504,𪇰
2817,1,報,1,報,w440b0506,報,1,18505,報
2818,1,漕,1,漕,w440b0601,漕,1,18506,漕
2818,2,𢲵,2,𢲵,w440b0602,𢲵,2,18507,𢲵
2819,1,奧,1,奧,w440b0603,奥,1,18508,奥
2819,2,懊,2,懊,w440b0604,懊,2,18509,懊
2819,3,䐿,3,䐿,w440b0605,䐿,3,18510,䐿
2819,4,𩟇,4,𩟇,w440b0701,𩟇,4,18511,𩟇
2819,5,隩,5,隩,w440b0702,隩,5,18512,隩
2819,6,燠,6,燠,w440b0703,燠,6,18513,燠
2819,7,䜒,7,䜒,w440b0704,䜒,7,18514,䜒
2819,8,镺,8,镺,w440b0705,镺,8,18515,镺
2819,9,墺,9,墺,w440b0706,墺,9,18516,墺
2819,10,𩼈,10,𩼈,w440b0707,𩼈,10,18517,𩼈
2819,11,澳,11,澳,w440b0801,澳,11,18518,澳
2820,1,喿,1,喿,w440b0802,喿,1,18519,喿
2820,2,譟,2,譟,w440b0803,譟,2,18520,譟
2820,3,噪,3,噪,w440b0804,噪,3,18521,噪
2820,4,瘙,4,瘙,w440b0805,瘙,4,18522,瘙
2820,5,㿋,5,㿋,w440b0806,㿋,5,18523,㿋
2820,6,髞,6,髞,w440b0807,髞,6,18524,髞
2820,7,埽,7,埽,w440b0808,埽,7,18525,埽
2820,8,掃,8,掃,w440b0901,掃,8,18526,掃
2820,9,𢤁,9,𢤁,w440b0902,𢤁,9,18527,𢤁
2821,1,𩝝,1,𩝝,w440b0903,𩝝,1,18528,𩝝
2821,2,犒,2,犒,w440b0904,犒,2,18529,犒
2821,3,稾,3,稾,w440b0905,稾,3,18530,稾
2821,4,靠,4,靠,w440b0906,靠,4,18531,靠
2821,5,䯪,5,䯪,w440b0907,䯪,5,18532,䯪
2822,1,竈,1,竈,w440b1001,竈,1,18533,竈
2822,2,躁,2,躁,w440b1002,躁,2,18534,躁
2822,3,趮,3,趮,w440b1003,趮,3,18535,趮
2823,1,秏,1,秏,w440b1004,秏,1,18536,秏
2823,2,好,2,好,w441a0101,好,2,18537,好
2823,3,𡚽,3,𡚽,w441a0102,𡚽,3,18538,𡚽
2823,4,藃,4,藃,w441a0103,藃,4,18539,藃
2824,1,腝,1,腝,w441a0104,腝,1,18540,腝
2824,2,𨱵,2,𨱵,w441a0105,𨱵,2,18541,𨱵
2824,3,腦,3,腦,w441a0201,腦,3,18542,腦
2825,1,箇,1,箇,w441a0301,箇,1,18543,箇
2825,2,个,2,个,w441a0302,个,2,18544,个
2825,3,個,3,個,w441a0303,個,3,18545,個
2826,1,賀,1,賀,w441a0304,賀,1,18546,賀
2826,2,𧝂,2,𧝂,w441a0701,𧝂,2,18547,𧝂
2826,3,袔,3,袔,w441a0702,袔,3,18548,袔
2826,4,㵑,4,㵑,w441a0703,㵑,4,18549,㵑
2827,1,佐,1,佐,w441a0704,佐,1,18550,佐
2827,2,左,2,左,w441a0705,左,2,18551,左
2827,3,𠡃,3,𠡃,w441a0706,𠡃,3,18552,𠡃
2827,4,㝾,4,㝾,w441a0707,㝾,4,18553,㝾
2827,5,袏,5,袏,w441a0708,袏,5,18554,袏
2827,6,作,6,作,w441a0801,作,6,18555,作
2828,1,跢,1,跢,w441a0802,跢,1,18556,跢
2828,2,癉,2,癉,w441a0803,癉,2,18557,癉
2828,3,痑,3,痑,w441a0804,痑,3,18558,痑
2828,4,哆,4,哆,w441a0805,哆,4,18559,哆
2829,1,邏,1,邏,w441a0806,邏,1,18560,邏
2829,2,𧟌,2,𧟌,w441a0807,𧟌,2,18561,𧟌
2829,3,㿚,3,㿚,w441a0901,㿚,3,18562,㿚
2830,1,坷,1,坷,w441a0902,坷,1,18563,坷
2830,2,軻,2,軻,w441a0903,軻,2,18564,軻
2830,3,蚵,3,蚵,w441a0904,蚵,3,18565,蚵
2830,4,艐,4,艐,w441a1001,艐,4,18566,艐
2831,1,餓,1,餓,w441a1002,餓,1,18567,餓
2832,1,䭾〈馱〉,1,䭾〈馱〉,w441a1003,䭾,1,18568,䭾
2832,2,大,2,大,w441a1004,大,2,18569,大
2833,1,奈,1,奈,w441a1005,奈,1,18570,奈
2833,2,那,2,那,w441b0101,那,2,18571,那
2834,1,些,1,些,w441b0102,些,1,18572,些
2835,1,呵,1,呵,w441b0103,呵,1,18573,呵
2835,2,㰤,2,㰤,w441b0104,㰤,2,18574,㰤
2836,1,拖,1,拖,w441b0105,拖,1,18575,拖
2837,1,過,1,過,w441b0201,過,1,18576,過
2837,2,裹,2,裹,w441b0202,裹,2,18577,裹
2837,3,鐹,3,鐹,w441b0203,鐹,3,18578,鐹
2837,4,划,4,划,w441b0204,划,4,18579,划
2837,5,𧒖,5,𧒖,w441b0205,𧒖,5,18580,𧒖
2837,6,㳀,6,㳀,w441b0206,㳀,6,18581,㳀
2837,7,𩟂,7,𩟂,w441b0301,𩟂,7,18582,𩟂
2838,1,和,1,和,w441b0302,和,1,18583,和
2838,2,盉,2,盉,w441b0303,盉,2,18584,盉
2838,3,俰,3,俰,w441b0304,俰,3,18585,俰
2839,1,挫,1,挫,w441b0305,挫,1,18586,挫
2839,2,夎,2,夎,w441b0306,夎,2,18587,夎
2839,3,侳,3,侳,w441b0401,侳,3,18588,侳
2840,1,課,1,課,w441b0402,課,1,18589,課
2840,2,堁,2,堁,w441b0403,堁,2,18590,堁
2840,3,敤,3,敤,w441b0404,㪙,3,18591,㪙
2840,4,髁,4,髁,w441b0405,髁,4,18592,髁
2840,5,𡱼,5,𡱼,w441b0406,𡱼,5,18593,𡱼
2840,6,㾧,6,㾧,w441b0407,㾧,6,18594,㾧
2840,7,科,7,科,w441b0408,科,7,18595,科
2841,1,唾,1,唾,w441b0501,唾,1,18596,唾
2841,2,涶,2,涶,w441b0502,涶,2,18597,涶
2841,3,毻,3,毻,w441b0503,毻,3,18598,毻
2841,4,蛻,4,蛻,w441b0504,蛻,4,18599,蛻
2841,5,嫷,5,嫷,w441b0505,嫷,5,18600,嫷
2841,6,毤,6,毤,w441b0506,毤,6,18601,毤
2841,7,𧝍,7,𧝍,w441b0507,𧝍,7,18602,𧝍
2842,1,播,1,播,w441b0601,播,1,18603,播
2842,2,𢿥,2,𢿥,w441b0602,𢿥,2,18604,𢿥
2842,3,簸,3,簸,w441b0603,簸,3,18605,簸
2842,4,番,4,番,w441b0604,番,4,18606,番
2842,5,譒,5,譒,w441b0605,譒,5,18607,譒
2843,1,剉,1,剉,w441b0701,剉,1,18608,剉
2843,2,莝,2,莝,w441b0702,莝,2,18609,莝
2843,3,銼,3,銼,w441b0703,銼,3,18610,銼
2844,1,磨,1,磨,w441b0704,磨,1,18611,磨
2844,2,䃺,2,䃺,w441b0705,䃺,2,18612,䃺
2844,3,塺,3,塺,w441b0706,塺,3,18613,塺
2844,4,摩,4,摩,w441b0707,摩,4,18614,摩
2845,1,愞,1,愞,w441b0708,愞,1,18615,愞
2845,2,堧,2,堧,w441b0801,堧,2,18616,堧
2845,3,稬,3,稬,w441b0802,稬,3,18617,稬
2845,4,𤲬,4,𤲬,w441b0803,𤲬,4,18618,𤲬
2846,1,破,1,破,w441b0804,破,1,18619,破
2846,2,頗,2,頗,w441b0901,頗,2,18620,頗
2847,1,座,1,座,w441b0902,座,1,18621,座
2847,2,坐,2,坐,w441b0903,坐,2,18622,坐
2848,1,臥,1,臥,w441b1001,臥,1,18623,臥
2849,1,諎,1,諎,w441b1002,諎,1,18624,諎
2849,2,𢯽,2,𢯽,w441b1003,𢯽,2,18625,𢯽
2850,1,貨,1,貨,w442a0101,貨,1,18626,貨
2851,1,惰,1,惰,w442a0102,惰,1,18627,惰
2851,2,媠,2,媠,w442a0103,媠,2,18628,媠
2851,3,𧝍,3,𧝍,w442a0104,䙃,3,18629,䙃
2851,4,𧱫,4,𧱫,w442a0201,𧱫,4,18630,𧱫
2852,1,縛,1,縛,w442a0202,縛,1,18631,縛
2853,1,䇔,1,䇔,w442a0203,䇔,1,18632,䇔
2853,2,𢺑,2,𢺑,w442a0204,𢺑,2,18633,𢺑
2853,3,䌴,3,䌴,w442a0205,䌴,3,18634,䌴
2853,4,㱻,4,㱻,w442a0206,㱻,4,18635,㱻
2853,5,𡰠,5,𡰠,w442a0207,𡰟,5,18636,𡰠
2853,6,摞,6,摞,w442a0301,摞,6,18637,摞
2853,7,𠏢,7,𠏢,w442a0302,𠏢,7,18638,𠏢
2854,1,𣑫,1,𣑫,w442a0303,桗,1,18639,桗
2854,2,㛊,2,㛊,w442a0304,㛆,2,18640,㛆
2854,3,剁,3,剁,w442a0305,刴,3,18641,刴
2854,4,挆,4,挆,w442a0306,挅,4,18642,挅
2855,1,磋,1,磋,w442a0307,磋,1,18643,磋
2856,1,䐝,1,䐝,w442a0308,䐝,1,18644,䐝
2857,1,侉,1,侉,w442a0401,侉,1,18645,侉
2858,1,涴,1,涴,w442a0402,涴,1,18646,涴
2859,1,禡,1,禡,w442a0501,禡,1,18647,禡
2859,2,榪,2,榪,w442a0502,榪,2,18648,榪
2859,3,鬕,3,鬕,w442a0503,鬕,3,18649,鬕
2859,4,㾺,4,㾺,w442a0504,㾺,4,18650,㾺
2859,5,罵,5,罵,w442a0601,罵,5,18651,罵
2859,6,䣕,7,䣕,w442a0602,䣕,7,18653,䣕
2859,7,𧪨,8,𧪨,w442a0603,𧪨,8,18654,𧪨
2859,8,䧞,6,䧞,w442a0604,䧞,6,18652,䧞
2859,9,傌,9,傌,w442a0605,傌,9,18655,傌
2860,1,駕,1,駕,w442a0606,駕,1,18656,駕
2860,2,稼,2,稼,w442a0701,稼,2,18657,稼
2860,3,嫁,3,嫁,w442a0702,嫁,3,18658,嫁
2860,4,瘕,4,瘕,w442a0703,瘕,4,18659,瘕
2860,5,架,5,架,w442a0704,架,5,18660,架
2860,6,𢱈〈椵〉,6,𢱈〈椵〉,w442a0705,𢱈〈椵〉,6,18661,𢱈
2860,7,價,7,價,w442a0801,價,7,18662,價
2860,8,假,8,假,w442a0802,假,8,18663,假
2860,9,幏,9,幏,w442a0803,幏,9,18664,幏
2860,10,𢉤,10,𢉤,w442a0804,𢉤,10,18665,𢉤
2860,11,𦙺,11,𦙺,w442a0805,𦙺,11,18666,𦙺
2860,12,賈,12,賈,w442a0806,賈,12,18667,賈
2861,1,亞,1,亞,w442a0807,亞,1,18668,亞
2861,2,俹,2,俹,w442a0901,俹,2,18669,俹
2861,3,𣇩,3,𣇩,w442a0902,𣇩,3,18670,𣇩
2861,4,㰳,4,㰳,w442a0903,㰳,4,18671,㰳
2861,5,稏,5,稏,w442a0904,稏,5,18672,稏
2861,6,𦜖,6,𦜖,w442a0905,𦜖,6,18673,𦜖
2861,7,啞,7,啞,w442a0906,啞,7,18674,啞
2861,8,婭,8,婭,w442a0907,婭,8,18675,婭
2861,9,䢝,9,䢝,w442a1001,䢝,9,18676,䢝
2861,10,襾,10,襾,w442a1002,襾,10,18677,覀
2862,1,嚇,1,嚇,w442a1003,嚇,1,18678,嚇
2862,2,罅,2,罅,w442a1004,罅,2,18679,罅
2862,3,唬,3,唬,w442a1005,唬,3,18680,唬
2862,4,𧫒,4,𧫒,w442a1006,𧫒,4,18681,𧫒
2862,5,㙤,5,㙤,w442b0101,㙤,5,18682,㙤
2862,6,謑,6,謑,w442b0102,謑,6,18683,謑
2862,7,煆,7,煆,w442b0103,煆,7,18684,煆
2862,8,㗿,8,㗿,w442b0104,㗿,8,18685,㗿
2863,1,迓,1,迓,w442b0105,迓,1,18686,迓
2863,2,訝,2,訝,w442b0106,訝,2,18687,訝
2863,3,犽,3,犽,w442b0107,犽,3,18688,犽
2863,4,齖,4,齖,w442b0108,齖,4,18689,齖
2863,5,枒,5,枒,w442b0201,枒,5,18690,枒
2863,6,砑,6,砑,w442b0202,砑,6,18691,砑
2864,1,詫,1,詫,w442b0203,詫,1,18692,詫
2864,2,侘,2,侘,w442b0204,侘,2,18693,侘
2864,3,𧬮,3,𧬮,w442b0205,𧬮,3,18694,𧬮
2865,1,吒,1,吒,w442b0206,吒,1,18695,吒
2865,2,咤,2,咤,w442b0301,咤,2,18696,咤
2865,3,奼,3,奼,w442b0302,奼,3,18697,奼
2865,4,灹,4,灹,w442b0303,灹,4,18698,灹
2865,5,哆,5,哆,w442b0304,哆,5,18699,哆
2865,6,奓,6,奓,w442b0305,奓,6,18700,奓
2865,7,䐒,7,䐒,w442b0306,䐒,7,18701,䐒
2865,8,𢕮,8,𢕮,w442b0401,𢕮,8,18702,𢕮
2865,9,膪,9,膪,w442b0402,膪,9,18703,膪
2865,10,䒲,10,䒲,w442b0403,䒲,10,18704,䒲
2865,11,㓃,11,㓃,w442b0404,㓃,11,18705,㓃
2865,12,𨶃,12,𨶃,w442b0405,𨶃,12,18706,𨶃
2866,1,詐,1,詐,w442b0406,詐,1,18707,詐
2866,2,溠,2,溠,w442b0407,溠,2,18708,溠
2866,3,咋,3,咋,w442b0501,咋,3,18709,咋
2866,4,笮,4,笮,w442b0502,笮,4,18710,笮
2866,5,𨢧〈醡〉,5,𨢧〈醡〉,w442b0503,𨢧〈醡〉,5,18711,𨢧
2866,6,榨,6,榨,w442b0504,榨,6,18712,榨
2867,1,乍,1,乍,w442b0601,乍,1,18713,乍
2867,2,䄍,2,䄍,w442b0602,䄍,2,18714,䄍
2867,3,蜡,3,蜡,w442b0603,蜡,3,18715,蜡
2867,4,齰,4,齰,w442b0604,齰,4,18716,齰
2867,5,𧧻,5,𧧻,w442b0605,𧧻,5,18717,𧧻
2868,1,謝,1,謝,w442b0606,謝,1,18718,謝
2868,2,榭,2,榭,w442b0701,榭,2,18719,榭
2868,3,㴬,3,㴬,w442b0702,㴬,3,18720,㴬
2869,1,髂,1,髂,w442b0703,髂,1,18721,髂
2869,2,𩩱,2,𩩱,w442b0704,𩩱,2,18722,𩩱
2869,3,疴,3,疴,w442b0705,疴,3,18723,疴
2869,4,𧩶,4,𧩶,w442b0706,𧩶,4,18724,𧩶
2869,5,㰤,5,㰤,w442b0801,㰤,5,18725,㰤
2869,6,𠳌,6,𠳌,w442b0802,𠳌,6,18726,𠳌
2870,1,暇,1,暇,w442b0803,暇,1,18727,暇
2870,2,夏,2,夏,w442b0804,夏,2,18728,夏
2870,3,下,3,下,w442b0805,下,3,18729,下
2870,4,芐,4,芐,w442b0806,芐,4,18730,芐
2871,1,褯,1,褯,w442b0901,褯,1,18731,褯
2871,2,藉,2,藉,w442b0902,藉,2,18732,藉
2871,3,躤,3,躤,w442b0903,躤,3,18733,躤
2871,4,䤳,4,䤳,w442b0904,䤳,4,18734,䤳
2871,5,䣠,5,䣠,w442b0905,䣠,5,18735,䣠
2872,1,夜,1,夜,w442b0906,夜,1,18736,夜
2872,2,射,2,射,w442b1001,射,2,18737,射
2872,3,鵺,3,鵺,w442b1002,鵺,3,18738,鵺
2873,1,䞣,1,䞣,w442b1003,䞣,1,18739,䞣
2873,2,斥,2,斥,w442b1004,厈,2,18740,斥
2874,1,蝑,1,蝑,w443a0101,蝑,1,18741,蝑
2874,2,卸,2,卸,w443a0102,卸,2,18742,卸
2874,3,瀉,3,瀉,w443a0103,瀉,3,18743,瀉
2874,4,䉣,4,䉣,w443a0104,䉣,4,18744,䉣
2875,1,柘,1,柘,w443a0201,柘,1,18745,柘
2875,2,樜,2,樜,w443a0202,樜,2,18746,樜
2875,3,鷓,3,鷓,w443a0203,鷓,3,18747,鷓
2875,4,䗪,4,䗪,w443a0204,䗪,4,18748,䗪
2875,5,嗻,5,嗻,w443a0205,嗻,5,18749,嗻
2875,6,炙,6,炙,w443a0206,炙,6,18750,炙
2875,7,蔗,7,蔗,w443a0301,蔗,7,18751,蔗
2876,1,唶,1,唶,w443a0302,唶,1,18752,唶
2876,2,借,2,借,w443a0303,借,2,18753,借
2877,1,舍,1,舍,w443a0304,舎,1,18754,舎
2877,2,赦,2,赦,w443a0305,赦,2,18755,赦
2877,3,騇,3,騇,w443a0306,騇,3,18756,騇
2877,4,涻,4,涻,w443a0307,涻,4,18757,涻
2877,5,厙,5,厙,w443a0401,厙,5,18758,厙
2878,1,射,1,射,w443a0402,射,1,18759,射
2878,2,䠶,2,䠶,w443a0501,䠶,2,18760,䠶
2878,3,麝,3,麝,w443a0601,麝,3,18761,麝
2878,4,貰,4,貰,w443a0602,貰,4,18762,貰
2879,1,霸,1,霸,w443a0603,霸,1,18763,霸
2879,2,𧟶,2,𧟶,w443a0701,𧟳,2,18764,𧟶
2879,3,弝,3,弝,w443a0702,弝,3,18765,弝
2879,4,欛,4,欛,w443a0703,欛,4,18766,欛
2879,5,靶,5,靶,w443a0704,靶,5,18767,靶
2879,6,灞,6,灞,w443a0705,灞,6,18768,灞
2879,7,垻,7,垻,w443a0706,垻,7,18769,垻
2880,1,帊,1,帊,w443a0707,帊,1,18770,帊
2880,2,怕,2,怕,w443a0801,怕,2,18771,怕
2881,1,摦,1,摦,w443a0802,摦,1,18772,摦
2881,2,㕦,2,㕦,w443a0803,㕦,2,18773,㕦
2881,3,崋,3,崋,w443a0804,崋,3,18774,崋
2881,4,華,4,華,w443a0901,華,4,18775,華
2881,5,樺,5,樺,w443a0902,樺,5,18776,樺
2881,6,鱯,6,鱯,w443a0903,鱯,6,18777,鳠
2881,7,檴,7,檴,w443a0904,檴,7,18778,檴
2882,1,化,1,化,w443a0905,化,1,18779,化
2882,2,𠤎,2,𠤎,w443a1001,𠤎,2,18780,𠤎
2882,3,諣,3,諣,w443a1002,諣,3,18781,諣
2882,4,𩲏,4,𩲏,w443a1003,𩲏,4,18782,𩲏
2882,5,𩵏,5,𩵏,w443a1004,𩵏,5,18783,𩵏
2882,6,杹,6,杹,w443a1005,杹,6,18784,杹
2883,1,跨,1,跨,w443b0101,跨,1,18785,跨
2883,2,胯,2,胯,w443b0102,胯,2,18786,胯
2883,3,㐄,3,㐄,w443b0103,㐄〈𡕒〉,3,18787,𡕒
2884,1,誜,1,誜,w443b0104,誜,1,18788,誜
2884,2,傻,2,傻,w443b0105,傻,2,18789,傻
2885,1,𤝡,1,𤝡,w443b0106,𤝡,1,18790,𤝡
2885,2,杷,2,杷,w443b0201,杷,2,18791,杷
2885,3,𩹏,3,𩹏,w443b0202,𩹏,3,18792,𩹏
2885,4,𦫙,4,𦫙,w443b0203,𦫙,4,18793,𦫙
2885,5,跁,5,跁,w443b0204,跁,5,18794,跁
2885,6,𥝧,6,𥝧,w443b0205,𥝧,6,18795,𥝧
2886,1,䏧,1,䏧,w443b0206,䏧,1,18796,䏧
2886,2,絮,2,絮,w443b0207,絮,2,18797,絮
2887,1,笡,1,笡,w443b0208,笡,1,18798,笡
2887,2,䞣,2,䞣,w443b0301,𧻀,2,18799,䞣
2888,1,嗄,1,嗄,w443b0302,嗄,1,18800,嗄
2888,2,𦔯,2,𦔯,w443b0303,𦔯,2,18801,𦔯
2888,3,沙,3,沙,w443b0304,沙,3,18802,沙
2889,1,坬,1,坬,w443b0401,坬,1,18803,坬
2889,2,𧬮,2,𧬮,w443b0402,𧬮,2,18804,𧬮
2890,1,䖳,1,䖳,w443b0403,䖳,1,18805,䖳
2890,2,䅊,2,䅊,w443b0404,䅊,2,18806,䅊
2891,1,瓦,1,瓦,w443b0405,瓦,1,18807,瓦
2892,1,攨,1,攨,w443b0406,攨,1,18808,攨
2892,2,窊,2,窊,w443b0501,窊,2,18809,窊
2892,3,䠚,3,䠚,w443b0502,䠚,3,18810,䠚
2893,1,漾,1,漾,w443b0601,漾,1,18811,漾
2893,2,恙,2,恙,w443b0602,恙,2,18812,恙
2893,3,羕,3,羕,w443b0603,羕,3,18813,羕
2893,4,颺,4,颺,w443b0604,颺,4,18814,颺
2893,5,煬,5,煬,w443b0605,煬,5,18815,煬
2893,6,㨾,6,㨾,w443b0701,㨾,6,18816,㨾
2893,7,養,7,養,w443b0702,養,7,18817,養
2893,8,眻,8,眻,w443b0703,眻,8,18818,眻
2893,9,諹,9,諹,w443b0704,諹,9,18819,諹
2893,10,䭐,10,䭐,w443b0705,䭐,10,18820,䭐
2893,11,㺊,11,㺊,w443b0706,㺊,11,18821,㺊
2893,12,瀁,12,瀁,w443b0707,瀁,12,18822,瀁
2894,1,亮,1,亮,w443b0708,亮,1,18823,亮
2894,2,諒,2,諒,w443b0801,諒,2,18824,諒
2894,3,掠,3,掠,w443b0802,掠,3,18825,掠
2894,4,悢,4,悢,w443b0803,悢,4,18826,悢
2894,5,緉,5,緉,w443b0804,緉,5,18827,緉
2894,6,㹁,6,㹁,w443b0805,㹁,6,18828,㹁
2894,7,兩,7,兩,w443b0901,兩,7,18829,兩
2894,8,踉,8,踉,w443b0902,踉,8,18830,踉
2894,9,量,9,量,w443b0903,量,9,18831,量
2894,10,𣄴,10,𣄴,w443b0904,𣄵,10,18832,𣄵
2894,11,𩗬,11,𩗬,w443b0905,𩗬,11,18833,𩗬
2894,12,䁁,12,䁁,w443b0906,䁁,12,18834,䁁
2894,13,䀶,13,䀶,w443b0907,䀶,13,18835,䀶
2894,14,哴,14,哴,w443b1001,哴,14,18836,哴
2894,15,涼,15,涼,w443b1002,涼,15,18837,涼
2895,1,狀,1,狀,w443b1003,狀,1,18838,狀
2896,1,讓,1,讓,w443b1004,讓,1,18839,讓
2896,2,欀,2,欀,w443b1005,欀,2,18840,欀
2896,3,攘,3,攘,w444a0101,攘,3,18841,攘
2896,4,懹,4,懹,w444a0102,懹,4,18842,懹
2897,1,餉,1,餉,w444a0103,餉,1,18843,餉
2897,2,傷,2,傷,w444a0104,傷,2,18844,傷
2897,3,向,3,向,w444a0105,向,3,18845,向
2897,4,蟓,4,蟓,w444a0201,蟓,4,18846,蟓
2897,5,曏,5,曏,w444a0202,曏,5,18847,曏
2897,6,慯,6,慯,w444a0203,慯,6,18848,慯
2897,7,𤵼,7,𤵼,w444a0204,𤵼,7,18849,𤵼
2897,8,饟,8,饟,w444a0205,饟,8,18850,饟
2897,9,蠰,9,蠰,w444a0301,蠰,9,18851,蠰
2897,10,珦,10,珦,w444a0302,珦,10,18852,珦
2898,1,帳,1,帳,w444a0303,帳,1,18853,帳
2898,2,脹,2,脹,w444a0401,脹,2,18854,脹
2898,3,痮,3,痮,w444a0402,痮,3,18855,痮
2898,4,漲,4,漲,w444a0403,漲,4,18856,漲
2898,5,張,5,張,w444a0404,張,5,18857,張
2899,1,悵,1,悵,w444a0405,悵,1,18858,悵
2899,2,暢,2,暢,w444a0406,暢,2,18859,暢
2899,3,鬯,3,鬯,w444a0501,鬯,3,18860,鬯
2899,4,韔,4,韔,w444a0502,韔,4,18861,韔
2899,5,䩨,5,䩨,w444a0503,䩨,5,18862,䩨
2899,6,𧀄,6,𧀄,w444a0504,𧀄,6,18863,𧀄
2899,7,昶,7,昶,w444a0505,昶,7,18864,昶
2899,8,畼,8,畼,w444a0506,畼,8,18865,畼
2899,9,𥠴,9,𥠴,w444a0507,𥠴,9,18866,𥠴
2899,10,𥇔,10,𥇔,w444a0601,𥇔,10,18867,𥇔
2900,1,向,1,向,w444a0602,向,1,18868,向
2900,2,珦,2,珦,w444a0603,珦,2,18869,珦
2900,3,曏,3,曏,w444a0604,曏,3,18870,曏
2900,4,䦳,4,䦳,w444a0605,䦳,4,18871,䦳
2900,5,蠁,5,蠁,w444a0701,蠁,5,18872,蠁
2900,6,萫,6,萫,w444a0702,萫,6,18873,萫
2900,7,𧬰,7,𧬰,w444a0703,𧬰,7,18874,𧬰
2900,8,嚮,8,嚮,w444a0704,嚮,8,18875,嚮
2901,1,仗,1,仗,w444a0705,仗,1,18876,仗
2901,2,長,2,長,w444a0706,長,2,18877,長
2901,3,瓺,3,瓺,w444a0801,瓺,3,18878,瓺
2902,1,釀,1,釀,w444a0802,釀,1,18879,釀
2902,2,𥽬,2,𥽬,w444a0803,𥽬,2,18880,𥽬
2902,3,䖆,3,䖆,w444a0804,䖆,3,18881,䖆
2903,1,匠,1,匠,w444a0805,匠,1,18882,匠
2903,2,䞪,2,䞪,w444a0901,䞪,2,18883,䞪
2903,3,𪀘,3,𪀘,w444a0902,𪀘,3,18884,𪀘
2904,1,障,1,障,w444a0903,障,1,18885,障
2904,2,㢓,2,㢓,w444a1001,㢓,2,18886,㢓
2904,3,墇,3,墇,w444a1002,墇,3,18887,墇
2904,4,嶂,4,嶂,w444a1003,嶂,4,18888,嶂
2904,5,瘴,5,瘴,w444a1004,瘴,5,18889,瘴
2905,1,尚,1,尚,w444a1005,尚,1,18890,尚
2905,2,上,2,上,w444b0101,上,2,18891,上
2905,3,丄,3,丄,w444b0201,丄,3,18892,丄
2905,4,償,4,償,w444b0202,償,4,18893,償
2906,1,壯,1,壯,w444b0203,壯,1,18894,壯
2906,2,裝,2,裝,w444b0204,裝,2,18895,裝
2906,3,𣴣,3,𣴣,w444b0205,𣴣,3,18896,䊋
2907,1,怏,1,怏,w444b0206,怏,1,18897,怏
2907,2,䬬,2,䬬,w444b0207,䬬,2,18898,䬬
2907,3,詇,3,詇,w444b0208,詇,3,18899,詇
2907,4,㿮,4,㿮,w444b0301,㿮,4,18900,㿮
2908,1,弶,1,弶,w444b0302,弶,1,18901,弶
2909,1,唱,1,唱,w444b0303,唱,1,18902,唱
2909,2,𪛋,2,𪛋,w444b0304,𪛋,2,18903,𪛋
2909,3,廠,3,廠,w444b0305,廠,3,18904,廠
2909,4,倡,4,倡,w444b0306,倡,4,18905,倡
2910,1,刱,1,刱,w444b0401,刱,1,18906,𠛝
2910,2,創,2,創,w444b0402,創,2,18907,創
2910,3,愴,3,愴,w444b0403,愴,3,18908,愴
2910,4,滄〈凔〉,4,滄〈凔〉,w444b0404,滄〈凔〉,4,18909,滄
2911,1,醬,1,醬,w444b0405,醬,1,18910,醬
2911,2,𨡰,2,𨡰,w444b0501,𨡰,2,18911,𨡰
2911,3,𨟻,3,𨟻,w444b0502,𨟻,3,18912,𨟻
2911,4,將,4,將,w444b0503,將,4,18913,將
2912,1,𨋕,1,𨋕,w444b0504,𨋕,1,18914,𨋕
2912,2,仰,2,仰,w444b0505,仰,2,18915,仰
2913,1,訪,1,訪,w444b0506,訪,1,18916,訪
2913,2,妨,2,妨,w444b0601,妨,2,18917,妨
2913,3,邡,3,邡,w444b0602,邡,3,18918,邡
2914,1,妄,1,妄,w444b0603,妄,1,18919,妄
2914,2,望,2,望,w444b0604,望,2,18920,望
2914,3,朢,3,朢,w444b0701,朢,3,18921,朢
2914,4,忘,4,忘,w444b0702,忘,4,18922,忘
2914,5,汒,5,汒,w444b0703,汒,5,18923,汒
2914,6,𧫢,6,𧫢,w444b0704,𧫢,6,18924,𧫢
2915,1,況,1,況,w444b0705,況,1,18925,況
2915,2,况,2,况,w444b0801,况,2,18926,况
2915,3,𣍦,3,𣍦,w444b0802,𣍦,3,18927,𣍦
2915,4,貺,4,貺,w444b0803,貺,4,18928,貺
2916,1,誑,1,誑,w444b0804,誑,1,18929,誑
2916,2,㤮,2,㤮,w444b0805,㤮,2,18930,㤮
2916,3,𠉫〈俇〉,3,𠉫〈俇〉,w444b0901,𠉫〈俇〉,3,18931,𠉫
2916,4,臦,4,臦,w444b0902,臦,4,18932,臦
2917,1,迋,1,迋,w444b0903,迋,1,18933,迋
2917,2,旺,2,旺,w444b0904,旺,2,18934,旺
2917,3,暀,3,暀,w444b0905,暀,3,18935,暀
2917,4,㤮,4,㤮,w444b0906,㤮,4,18936,㤮
2917,5,王,5,王,w444b0907,王,5,18937,王
2918,1,放,1,放,w444b0908,放,1,18938,放
2918,2,舫,2,舫,w444b1001,舫,2,18939,舫
2918,3,趽,3,趽,w444b1002,趽,3,18940,趽
2918,4,𨾔,4,𨾔,w444b1003,𨾔,4,18941,𨾔
2919,1,相,1,相,w444b1004,相,1,18942,相
2920,1,彊〈殭〉,1,彊〈殭〉,w445a0301,彊,1,18943,彊
2921,1,唴,1,唴,w445a0302,唴,1,18944,唴
2921,2,𥇉,2,𥇉,w445a0303,𥇉,2,18945,𥇉
2921,3,羻,3,羻,w445a0304,羻,3,18946,羻
2922,1,蹡,1,蹡,w445a0401,蹡,1,18947,蹡
2923,1,狂,1,狂,w445a0402,狂,1,18948,狂
2923,2,誆,2,誆,w445a0403,誆,2,18949,誆
2924,1,防,1,防,w445a0404,防,1,18950,防
2925,1,宕,1,宕,w445a0501,宕,1,18951,宕
2925,2,踼,2,踼,w445a0502,踼,2,18952,踼
2925,3,碭,3,碭,w445a0601,碭,3,18953,碭
2925,4,逿,4,逿,w445a0602,逿,4,18954,逿
2925,5,𦿆,5,𦿆,w445a0603,𦿆,5,18955,𦿆
2925,6,𡇈,6,𡇈,w445a0604,𡇈,6,18956,𡇈
2925,7,嵣,7,嵣,w445a0605,嵣,7,18957,嵣
2926,1,浪,1,浪,w445a0606,浪,1,18958,浪
2926,2,閬,2,閬,w445a0701,閬,2,18959,閬
2926,3,埌,3,埌,w445a0702,埌,3,18960,埌
2926,4,䕞,4,䕞,w445a0801,䕞,4,18961,䕞
2926,5,蒗,5,蒗,w445a0802,蒗,5,18962,蒗
2927,1,吭,1,吭,w445a0803,吭,1,18963,吭
2927,2,行,2,行,w445a0804,行,2,18964,行
2927,3,笐,3,笐,w445a0805,笐,3,18965,笐
2928,1,盎,1,盎,w445a0806,盎,1,18966,盎
2928,2,醠,2,醠,w445a0807,醠,2,18967,醠
2929,1,枊,1,枊,w445a0901,枊,1,18968,枊
2929,2,䭹,2,䭹,w445a0902,䭹,2,18969,䭹
2929,3,𡵙,3,𡵙,w445a0903,𡵙,3,18970,𡵙
2930,1,葬,1,葬,w445a0904,葬,1,18971,葬
2931,1,傍,1,傍,w445a0905,傍,1,18972,傍
2931,2,徬,2,徬,w445a1001,徬,2,18973,徬
2932,1,藏,1,藏,w445a1002,藏,1,18974,藏
2932,2,奘,2,奘,w445a1003,奘,2,18975,奘
2932,3,𨌄,3,𨌄,w445a1004,𨌄,3,18976,𨌄
2933,1,譡,1,譡,w445a1005,譡,1,18977,譡
2933,2,儅,2,儅,w445a1006,儅,2,18978,儅
2933,3,瓽,3,瓽,w445b0101,瓽,3,18979,瓽
2933,4,當,4,當,w445b0102,當,4,18980,當
2933,5,擋,5,擋,w445b0103,擋,5,18981,擋
2933,6,闣,6,闣,w445b0104,闣,6,18982,闣
2934,1,抗,1,抗,w445b0105,抗,1,18983,抗
2934,2,閌,2,閌,w445b0201,閌,2,18984,閌
2934,3,炕,3,炕,w445b0202,炕,3,18985,炕
2934,4,犺,4,犺,w445b0203,犺,4,18986,犺
2934,5,伉,5,伉,w445b0204,伉,5,18987,伉
2934,6,亢,6,亢,w445b0205,亢,6,18988,亢
2934,7,蚢,7,蚢,w445b0301,蚢,7,18989,蚢
2934,8,砊,8,砊,w445b0302,砊,8,18990,砊
2934,9,邟,9,邟,w445b0303,邟,9,18991,邟
2934,10,𪎵,10,𪎵,w445b0304,𪎵,10,18992,𪎵
2934,11,阬,11,阬,w445b0305,阬,11,18993,阬
2934,12,頏,12,頏,w445b0306,頏,12,18994,頏
2935,1,螃,1,螃,w445b0307,螃,1,18995,螃
2935,2,搒,2,搒,w445b0401,搒,2,18996,搒
2935,3,舫,3,舫,w445b0402,舫,3,18997,舫
2935,4,謗,4,謗,w445b0403,謗,4,18998,謗
2936,1,儻,1,儻,w445b0404,儻,1,18999,儻
2936,2,摥,1.5,摥,w445b0405,摥,2,19000,摥
2936,3,湯,2,湯,w445b0406,湯,3,19001,湯
2936,4,蕩,3,蕩,w445b0501,蕩,4,19002,蕩
2936,5,盪,4,盪,w445b0502,盪,5,19003,盪
2936,6,𨫖〈鐋〉,5,𨫖〈鐋〉,w445b0503,𨫖〈鐋〉,6,19004,𨫖
2937,1,曠,1,曠,w445b0504,曠,1,19005,曠
2937,2,爌,2,爌,w445b0505,爌,2,19006,爌
2937,3,矌,3,矌,w445b0601,矌,3,19007,矌
2937,4,壙,4,壙,w445b0602,壙,4,19008,壙
2937,5,纊,5,纊,w445b0603,纊,5,19009,纊
2938,1,儾,1,儾,w445b0604,儾,1,19010,儾
2938,2,灢,2,灢,w445b0605,灢,2,19011,灢
2938,3,㚂,3,㚂,w445b0606,㚂,3,19012,㚂
2939,1,喪,1,喪,w445b0701,喪,1,19013,喪
2939,2,𠸶,2,𠸶,w445b0702,𠸶,2,19014,𠷔
2940,1,攩,1,攩,w445b0703,攩,1,19015,攩
2940,2,擴,2,擴,w445b0704,擴,2,19016,擴
2940,3,潢,3,潢,w445b0705,潢,3,19017,潢
2940,4,暀,4,暀,w445b0706,暀,4,19018,暀
2941,1,桄,1,桄,w445b0801,桄,1,19019,桄
2941,2,光,2,光,w445b0802,光,2,19020,光
2942,1,鋼,1,鋼,w445b0803,鋼,1,19021,鋼
2942,2,掆,2,掆,w445b0804,掆,2,19022,掆
2943,1,荒,1,荒,w445b0805,荒,1,19023,荒
2944,1,漭,1,漭,w445b0901,漭,1,19024,漭
2944,2,吂,2,吂,w445b0902,吂,2,19025,吂
2944,3,㟐,3,㟐,w445b0903,㟐,3,19026,㟐
2945,1,汪,1,汪,w445b0904,汪,1,19027,汪
2945,2,䤑,2,䤑,w445b0905,䤑,2,19028,䤑
2946,1,映,1,映,w445b1001,映,1,19029,映
2946,2,暎,2,暎,w445b1002,暎,2,19030,暎
2946,3,賏,3,賏,w445b1003,賏,3,19031,賏
2946,4,詇,4,詇,w445b1004,詇,4,19032,詇
2947,1,敬,1,敬,w445b1005,敬,1,19033,敬
2947,2,竟,2,竟,w446a0101,竟,2,19034,竟
2947,3,鏡,3,鏡,w446a0102,鏡,3,19035,鏡
2947,4,獍,4,獍,w446a0201,獍,4,19036,獍
2948,1,競,1,競,w446a0202,競,1,19037,競
2948,2,𥪰,2,𥪰,w446a0301,𥪰,2,19038,𥪰
2948,3,誩,3,誩,w446a0302,誩,3,19039,誩
2948,4,倞,4,倞,w446a0303,倞,4,19040,倞
2948,5,檠,5,檠,w446a0304,檠,5,19041,檠
2948,6,儆,6,儆,w446a0305,儆,6,19042,儆
2948,7,曔,7,曔,w446a0306,曔,7,19043,曔
2949,1,慶,1,慶,w446a0307,慶,1,19044,慶
2950,1,更,1,更,w446a0501,更,1,19045,更
2951,1,命,1,命,w446a0502,命,1,19046,命
2952,1,病,1,病,w446a0503,病,1,19047,病
2952,2,評,2,評,w446a0601,評,2,19048,評
2952,3,坪,3,坪,w446a0602,𡊞,3,19049,𡊞
2952,4,枰,4,枰,w446a0603,枰,4,19050,枰
2953,1,孟,1,孟,w446a0604,孟,1,19051,孟
2953,2,䁅,2,䁅,w446a0701,䁅,2,19052,䁅
2953,3,朚,3,朚,w446a0702,朚,3,19053,朚
2953,4,盟,4,盟,w446a0801,盟,4,19054,盟
2954,1,蝗,1,蝗,w446a0802,蝗,1,19055,蝗
2954,2,㶇,2,㶇,w446a0803,⿰氵撗〈㶇〉,2,19056,㶇
2954,3,橫,3,橫,w446a0804,橫,3,19057,橫
2955,1,柄,1,柄,w446a0805,柄,1,19058,柄
2955,2,棅,2,棅,w446a0901,棅,2,19059,棅
2955,3,怲,3,怲,w446a0902,怲,3,19060,怲
2955,4,邴,4,邴,w446a0903,邴,4,19061,邴
2955,5,鈵,5,鈵,w446a0904,鈵,5,19062,鈵
2955,6,寎,6,寎,w446a0905,寎,6,19063,寎
2956,1,詠,1,詠,w446a0906,詠,1,19064,詠
2956,2,咏,2,咏,w446a0907,咏,2,19065,咏
2956,3,泳,3,泳,w446a0908,泳,3,19066,泳
2956,4,禜,4,禜,w446a1001,禜,4,19067,禜
2956,5,醟,5,醟,w446a1002,醟,5,19068,醟
2957,1,行,1,行,w446a1003,行,1,19069,行
2957,2,絎,2,絎,w446a1004,絎,2,19070,絎
2957,3,胻,3,胻,w446b0101,胻,3,19071,胻
2958,1,瀴,1,瀴,w446b0102,瀴,1,19072,瀴
2959,1,㵾,1,㵾,w446b0103,㵾,1,19073,㵾
2960,1,倀,1,倀,w446b0104,倀,1,19074,倀
2960,2,趟,2,趟,w446b0105,趟,2,19075,趟
2960,3,偵,3,偵,w446b0106,偵,3,19076,偵
2960,4,㡧,4,㡧,w446b0107,⿰木䆸〈㡧〉,4,19077,㡧
2960,5,𩏠,5,𩏠,w446b0201,𩏠,5,19078,𩏠
2961,1,牚,1,牚,w446b0202,牚,1,19079,牚
2962,1,榜,1,榜,w446b0203,榜,1,19080,榜
2962,2,𧻓,2,𧻓,w446b0204,𧻓,2,19081,𧻓
2962,3,跰,3,跰,w446b0205,跰,3,19082,跰
2963,1,鋥,1,鋥,w446b0301,鋥,1,19083,鋥
2963,2,𥊼,2,𥊼,w446b0302,𥊼,2,19084,𥊼
2963,3,䂻,3,䂻,w446b0303,䂻,3,19085,䂻
2964,1,生,1,生,w446b0304,生,1,19086,生
2964,2,鼪,2,鼪,w446b0305,鼪,2,19087,鼪
2964,3,貹,3,貹,w446b0306,貹,3,19088,貹
2965,1,迎,1,迎,w446b0307,迎,1,19089,迎
2966,1,膨,1,膨,w446b0401,膨,1,19090,膨
2967,1,𧨫〈䛭〉,1,𧨫〈䛭〉,w446b0402,𧨫〈⿰言𠂷〉,1,19091,䛭
2968,1,𥥈,1,𥥈,w446b0403,𥥈,1,19092,𥥈
2969,1,諍,1,諍,w446b0501,諍,1,19093,諍
2970,1,迸,1,迸,w446b0502,迸,1,19094,迸
2971,1,𠊧,1,𠊧,w446b0503,傡,1,19095,𠊧
2971,2,䨻,2,䨻,w446b0504,䨻,2,19096,䨻
2972,1,䙬,1,䙬,w446b0505,䙬,1,19097,䙬
2972,2,嫈,2,嫈,w446b0601,嫈,2,19098,嫈
2973,1,鞕,1,鞕,w446b0602,鞕,1,19099,鞕
2973,2,硬,2,硬,w446b0603,硬,2,19100,硬
2974,1,轟,1,轟,w446b0604,轟,1,19101,轟
2974,2,輷,2,輷,w446b0605,輷,2,19102,輷
2975,1,勁,1,勁,w446b0701,勁,1,19103,勁
2976,1,倩,1,倩,w446b0702,倩,1,19104,倩
2976,2,凊,2,凊,w446b0703,凊,2,19105,凊
2977,1,政,1,政,w446b0704,政,1,19106,政
2977,2,正,2,正,w446b0801,正,2,19107,正
2977,3,証,3,証,w446b0901,証,3,19108,証
2977,4,鴊,4,鴊,w446b0902,鴊,4,19109,鴊
2978,1,聖,1,聖,w446b0903,聖,1,19110,聖
2979,1,鄭,1,鄭,w446b0904,鄭,1,19111,鄭
2979,2,呈,2,呈,w447a0101,呈,2,19112,呈
2979,3,㽀,3,㽀,w447a0102,㽀,3,19113,㽀
2980,1,遉,1,遉,w447a0103,遉,1,19114,遉
2980,2,偵,2,偵,w447a0201,偵,2,19115,偵
2980,3,靗〈𩇜〉,3,靗〈𩇜〉,w447a0202,靗〈𩇜〉,3,19116,靗
2981,1,性,1,性,w447a0203,性,1,19117,性
2981,2,姓,2,姓,w447a0204,姓,2,19118,姓
2982,1,令,1,令,w447a0301,令,1,19119,令
2982,2,詅,2,詅,w447a0302,詅,2,19120,詅
2983,1,聘,1,聘,w447a0303,聘,1,19121,聘
2983,2,娉,2,娉,w447a0304,娉,2,19122,娉
2983,3,俜,3,俜,w447a0401,俜,3,19123,俜
2984,1,敻,1,敻,w447a0402,夐,1,19124,敻
2984,2,詗,2,詗,w447a0403,詗,2,19125,詗
2984,3,醟,3,醟,w447a0404,醟,3,19126,醟
2984,4,矎,4,矎,w447a0405,矎,4,19127,矎
2985,1,摒,1,摒,w447a0406,摒,1,19128,摒
2985,2,併,2,併,w447a0407,倂,2,19129,併
2985,3,并,3,并,w447a0501,幷,3,19130,并
2986,1,偋,1,偋,w447a0502,偋,1,19131,偋
2986,2,庰,2,庰,w447a0503,庰,2,19132,庰
2987,1,淨,1,淨,w447a0504,淨,1,19133,淨
2987,2,㵾,2,㵾,w447a0505,㵾〈瀞〉,2,19134,㵾
2987,3,穽,3,穽,w447a0506,穽,3,19135,穽
2987,4,䝼,4,䝼,w447a0601,䝼,4,19136,䝼
2987,5,靚,5,靚,w447a0602,靚,5,19137,靚
2987,6,請,6,請,w447a0603,請,6,19138,請
2987,7,婧,7,婧,w447a0604,婧,7,19139,婧
2987,8,𩓞,8,𩓞,w447a0605,𩓞,8,19140,𩓞
2988,1,盛,1,盛,w447a0606,盛,1,19141,盛
2988,2,墭,2,墭,w447a0701,墭,2,19142,墭
2988,3,晟,3,晟,w447a0702,晟,3,19143,晟
2989,1,詺,1,詺,w447a0703,詺,1,19144,詺
2990,1,輕,1,輕,w447a0801,輕,1,19145,輕
2991,1,𣢝〈欦〉,1,𣢝,w447a0802,𣢝,1,19146,𣢝
2991,2,𩈡,2,𩈡,w447a0803,𩈡,2,19147,𩈡
2992,1,精,1,精,w447a0804,精,1,19148,精
2993,1,徑,1,徑,w447a0901,徑,1,19149,徑
2993,2,經,2,經,w447a0902,經,2,19150,經
2993,3,逕,3,逕,w447a0903,逕,3,19151,逕
2993,4,𠲮,4,𠲮,w447a0904,𠲮,4,19152,𠲮
2993,5,俓,5,俓,w447a0905,俓,5,19153,俓
2993,6,𩰹,6,𩰹,w447a0906,𩰹,6,19154,𩰹
2993,7,桱,7,桱,w447a0907,桱,7,19155,桱
2994,1,甯,1,甯,w447a0908,寗,1,19156,寗
2994,2,佞,2,佞,w447a1001,佞,2,19157,佞
2994,3,濘,3,濘,w447a1002,濘,3,19158,濘
2994,4,鸋,4,鸋,w447a1003,鸋,4,19159,鸋
2995,1,腥,1,腥,w447a1004,腥,1,19160,腥
2995,2,醒,2,醒,w447b0101,醒,2,19161,醒
2995,3,睲,3,睲,w447b0102,睲,3,19162,睲
2996,1,脛,1,脛,w447b0103,脛,1,19163,脛
2996,2,踁,2,踁,w447b0201,踁,2,19164,踁
2997,1,定,1,定,w447b0202,定,1,19165,定
2997,2,掟,2,掟,w447b0301,掟,2,19166,掟
2997,3,廷,3,廷,w447b0302,廷,3,19167,廷
2997,4,錠,4,錠,w447b0303,錠,4,19168,錠
2998,1,矴,1,矴,w447b0304,矴,1,19169,矴
2998,2,釘,2,釘,w447b0305,釘,2,19170,釘
2998,3,訂,3,訂,w447b0306,訂,3,19171,訂
2998,4,定,4,定,w447b0307,定,4,19172,定
2998,5,飣,5,飣,w447b0401,飣,5,19173,飣
2998,6,奠,6,奠,w447b0402,奠,6,19174,奠
2998,7,𦘭,7,𦘭,w447b0403,𦘭,7,19175,𦘭
2998,8,顁,8,顁,w447b0404,顁,8,19176,顁
2998,9,錠,9,錠,w447b0405,錠,9,19177,錠
2999,1,罄,1,罄,w447b0406,罄,1,19178,罄
2999,2,𥥻,2,𥥻,w447b0501,𥥻,2,19179,𥥻
2999,3,磬,3,磬,w447b0502,磬,3,19180,磬
2999,4,殸,4,殸,w447b0503,殸,4,19181,殸
2999,5,𪊑,5,𪊑,w447b0504,𪊑,5,19182,𪊑
2999,6,𨆪,6,𨆪,w447b0505,𨆪,6,19183,𨆪
2999,7,鑋,7,鑋,w447b0506,鑋,7,19184,鑋
3000,1,聽,1,聽,w447b0601,聽,1,19185,聽
3000,2,汀,2,汀,w447b0602,汀,2,19186,汀
3000,3,侹,3,侹,w447b0603,侹,3,19187,侹
3001,1,靘,1,靘,w447b0604,靘,1,19188,靘
3001,2,掅,2,掅,w447b0605,掅,2,19189,掅
3002,1,䒌,1,䒌,w447b0701,䒌,1,19190,䒌
3002,2,暝,2,暝,w447b0702,暝,2,19191,暝
3003,1,鎣,1,鎣,w447b0703,鎣,1,19192,鎣
3003,2,瑩,2,瑩,w447b0704,瑩,2,19193,瑩
3003,3,𢣙,3,𢣙,w447b0705,𢣙,3,19194,𢣙
3003,4,瀅,4,瀅,w447b0706,瀅,4,19195,瀅
3004,1,零,1,零,w447b0707,零,1,19196,零
3004,2,𢺰,2,𢺰,w447b0801,𢺰,2,19197,𢺰
3004,3,令,3,令,w447b0802,令,3,19198,令
3005,1,證,1,證,w447b0901,證,1,19199,證
3005,2,烝,2,烝,w447b0902,烝,2,19200,烝
3006,1,孕,1,孕,w447b0903,孕,1,19201,孕
3006,2,䵴,2,䵴,w447b0904,䵴,2,19202,䵴
3006,3,賸,3,賸,w447b0905,賸,3,19203,賸
3006,4,媵,4,媵,w447b0906,媵,4,19204,媵
3006,5,㑞,5,㑞,w447b1001,㑞,5,19205,㑞
3006,6,鱦,6,鱦,w447b1002,鱦,6,19206,鱦
3006,7,膡,7,膡,w447b1003,膡,7,19207,膡
3007,1,乘,1,乘,w447b1004,乗,1,19208,乗
3007,2,鱦,2,鱦,w447b1005,鱦,2,19209,鱦
3007,3,媵,3,媵,w447b1006,媵,3,19210,媵
3007,4,𣎜,4,𣎜,w447b1007,𣎜,4,19211,𣎜
3007,5,嵊,5,嵊,w448a0101,𡹴,5,19212,嵊
3007,6,賸,6,賸,w448a0102,賸,6,19213,賸
3007,7,剩,7,剩,w448a0103,剰,7,19214,剰
3008,1,認,1,認,w448a0104,認,1,19215,認
3008,2,扔,2,扔,w448a0105,扔,2,19216,扔
3008,3,芿,3,芿,w448a0106,芿,3,19217,芿
3008,4,㭁,4,㭁,w448a0201,㭁,4,19218,㭁
3009,1,應,1,應,w448a0202,應,1,19219,應
3009,2,譍,2,譍,w448a0203,譍,2,19220,譍
3009,3,噟,3,噟,w448a0204,噟,3,19221,噟
3010,1,甑,1,甑,w448a0205,甑,1,19222,甑
3010,2,䰝,2,䰝,w448a0301,䰝,2,19223,䰝
3010,3,𩱭,3,𩱭,w448a0302,𩱭,3,19224,𩱭
3010,4,䙢,4,䙢,w448a0303,䙢,4,19225,䙢
3011,1,興,1,興,w448a0304,興,1,19226,興
3011,2,臖,2,臖,w448a0305,臖,2,19227,臖
3011,3,嬹,3,嬹,w448a0306,嬹,3,19228,嬹
3012,1,勝,1,勝,w448a0307,勝,1,19229,勝
3012,2,膡,2,膡,w448a0401,膡,2,19230,膡
3012,3,蕂,3,蕂,w448a0402,蕂,3,19231,蕂
3012,4,榺,4,榺,w448a0501,榺,4,19232,榺
3013,1,瞪,1,瞪,w448a0502,瞪,1,19233,瞪
3013,2,𪒘,2,𪒘,w448a0503,𪒘,2,19234,𪒘
3013,3,𪑬,3,𪑬,w448a0504,𪑬,3,19235,𪑬
3014,1,𩜁,1,𩜁,w448a0505,𩜁,1,19236,𩜁
3015,1,凭,1,凭,w448a0506,凭,1,19237,凭
3015,2,靐,2,靐,w448a0601,靐,2,19238,靐
3016,1,稱,1,稱,w448a0602,稱,1,19239,稱
3016,2,秤,2,秤,w448a0603,秤,2,19240,秤
3017,1,凝,1,凝,w448a0701,凝,1,19241,凝
3018,1,丞,1,丞,w448a0702,丞,1,19242,丞
3019,1,覴,1,覴,w448a0703,覴,1,19243,覴
3020,1,殑,1,殑,w448a0704,殑,1,19244,殑
3021,1,嶝,1,嶝,w448a0801,嶝,1,19245,嶝
3021,2,鐙,2,鐙,w448a0802,鐙,2,19246,鐙
3021,3,隥,3,隥,w448a0803,隥,3,19247,隥
3021,4,橙,4,橙,w448a0804,橙,4,19248,橙
3021,5,凳,5,凳,w448a0805,凳,5,19249,凳
3021,6,𧄼,6,𧄼,w448a0806,𧄼,6,19250,𧄼
3021,7,𩞬,7,𩞬,w448a0807,𩞬,7,19251,𩞬
3021,8,磴,8,磴,w448a0808,磴,8,19252,磴
3022,1,贈,1,贈,w448a0901,贈,1,19253,贈
3022,2,𪒟,2,𪒟,w448a0902,𪒟,2,19254,𪒟
3023,1,亙,1,亙,w448a0903,亘,1,19255,亘
3023,2,堩,2,堩,w448a0904,堩,2,19256,堩
3023,3,揯,3,揯,w448a0905,揯,3,19257,揯
3023,4,緪,4,緪,w448a0906,縆,4,19258,縆
3023,5,䱍,5,䱍,w448a1001,䱎,5,19259,䱎
3023,6,𥔂,6,𥔂,w448a1002,𥔂,6,19260,𥔂
3024,1,蹭,1,蹭,w448a1003,蹭,1,19261,蹭
3024,2,𠟂,2,𠟂,w448a1004,𠟂,2,19262,𠟂
3025,1,鄧,1,鄧,w448a1005,鄧,1,19263,鄧
3025,2,蹬,2,蹬,w448b0201,蹬,2,19264,蹬
3025,3,僜,3,僜,w448b0202,僜,3,19265,僜
3025,4,𣩟,4,𣩟,w448b0203,𣩟,4,19266,𣩟
3025,5,䮴,5,䮴,w448b0204,䮴,5,19267,䮴
3025,6,幐,6,幐,w448b0205,幐,6,19268,幐
3026,1,𢅴〈懵〉,1,𢅴〈懵〉,w448b0206,𢅴〈懵〉,1,19269,𢅴
3026,2,䲛,2,䲛,w448b0301,䲛,2,19270,䲛
3026,3,懜,3,懜,w448b0302,懜,3,19271,懜
3026,4,𨮒,4,𨮒,w448b0303,𨮒,4,19272,𨮒
3026,5,𧀧,5,𧀧,w448b0304,𧀧,5,19273,𧀧
3027,1,𥦜,1,𥦜,w448b0305,𥦜,1,19274,𥦜
3027,2,堋,2,堋,w448b0306,堋,2,19275,堋
3028,1,倗,1,倗,w448b0401,倗,1,19276,倗
3029,1,踜,1,踜,w448b0402,踜〈倰〉,1,19277,踜
3029,2,㱥,2,㱥,w448b0403,㱥,2,19278,㱥
3030,1,增,1,增,w448b0404,增,1,19279,增
3031,1,𡬙,1,𡬙,w448b0405,𡬙,1,19280,𡬙
3032,1,𤃶,1,𤃶,w448b0501,𤃶,1,19281,𤃶
3033,1,宥,1,宥,w448b0601,宥,1,19282,宥
3033,2,又,2,又,w448b0602,又,2,19283,又
3033,3,佑,3,佑,w448b0603,佑,3,19284,佑
3033,4,右,4,右,w448b0604,右,4,19285,右
3033,5,祐,5,祐,w448b0605,祐,5,19286,祐
3033,6,䀁,6,䀁,w448b0606,䀁,6,19287,䀁
3033,7,𥁓,7,𥁓,w448b0607,𥁓,7,19288,𥁓
3033,8,酭,8,酭,w448b0701,酭,8,19289,酭
3033,9,𩑣,9,𩑣,w448b0702,𩑣,9,19290,𩑣
3033,10,𤴨,10,𤴨,w448b0703,𤴨,10,19291,𤴨
3033,11,囿,11,囿,w448b0704,囿,11,19292,囿
3033,12,姷,12,姷,w448b0705,姷,12,19293,姷
3033,13,忧,13,忧,w448b0706,忧,13,19294,忧
3033,14,䞥,14,䞥,w448b0707,䞥,14,19295,䞥
3033,15,侑,15,侑,w448b0708,侑,15,19296,侑
3033,16,𦳩,16,𦳩,w448b0801,𦳩,16,19297,𦳩
3034,1,救,1,救,w448b0802,救,1,19298,救
3034,2,灸,2,灸,w448b0803,灸,2,19299,灸
3034,3,廏,3,廏,w448b0804,廏,3,19300,廐
3034,4,究,4,究,w448b0901,究,4,19301,究
3034,5,㝌,5,㝌,w448b0902,㝌,5,19302,㝌
3034,6,疚,6,疚,w448b0903,疚,6,19303,疚
3034,7,𣪘,7,𣪘,w448b0904,㲃,7,19304,㲃
3034,8,匓,8,匓,w448b0905,𠣿,8,19305,𠣿
3034,9,𧧷,9,𧧷,w448b1001,𧧷,9,19306,𧧷
3034,10,猶,10,猶,w448b1002,猶,10,19307,猶
3034,11,𨖏,11,𨖏,w448b1003,𨗋,11,19308,𨖏
3035,1,胄,1,胄,w448b1004,胄,1,19309,胄
3035,2,冑,2,冑,w449a0101,冑,2,19310,冑
3035,3,𩊄,3,𩊄,w449a0102,𩊄,3,19311,𩊄
3035,4,酎,4,酎,w449a0103,酎,4,19312,酎
3035,5,宙,5,宙,w449a0104,宙,5,19313,宙
3035,6,繇,6,繇,w449a0105,繇,6,19314,繇
3035,7,籀,7,籀,w449a0106,籀,7,19315,籀
3035,8,伷,8,伷,w449a0201,伷,8,19316,伷
3035,9,䛆,9,䛆,w449a0202,䛆,9,19317,䛆
3035,10,疛,10,疛,w449a0203,疛,10,19318,疛
3035,11,㿒,11,㿒,w449a0204,㿒,11,19319,㿒
3035,12,駎,12,駎,w449a0205,駎,12,19320,駎
3035,13,懤,13,懤,w449a0206,懤,13,19321,懤
3036,1,晝,1,晝,w449a0207,晝,1,19322,晝
3036,2,咮,2,咮,w449a0301,咮,2,19323,咮
3036,3,噣,3,噣,w449a0302,噣,3,19324,噣
3037,1,狩,1,狩,w449a0303,狩,1,19325,狩
3037,2,獸,2,獸,w449a0304,獸,2,19326,獸
3037,3,守,3,守,w449a0401,守,3,19327,守
3037,4,首,4,首,w449a0402,首,4,19328,首
3037,5,收,5,收,w449a0403,收,5,19329,收
3038,1,臭,1,臭,w449a0404,臭,1,19330,臭
3038,2,殠,2,殠,w449a0405,殠,2,19331,殠
3039,1,岫,1,岫,w449a0406,岫,1,19332,岫
3039,2,𥥉,2,𥥉,w449a0501,𥥉,2,19333,𥥉
3039,3,袖,3,袖,w449a0502,袖,3,19334,袖
3039,4,牰,4,牰,w449a0503,牰,4,19335,牰
3040,1,齅,1,齅,w449a0504,齅,1,19336,齅
3040,2,嘼,2,嘼,w449a0505,嘼,2,19337,嘼
3040,3,珛,3,珛,w449a0601,珛,3,19338,珛
3041,1,呪,1,呪,w449a0602,呪,1,19339,呪
3041,2,䯾,2,䯾,w449a0603,䯾,2,19340,䯾
3041,3,椆,3,椆,w449a0604,椆,3,19341,椆
3041,4,祝,4,祝,w449a0605,祝,4,19342,祝
3042,1,舊,1,舊,w449a0606,舊,1,19343,舊
3042,2,柩,2,柩,w449a0701,柩,2,19344,柩
3042,3,匶,3,匶,w449a0702,匶,3,19345,匶
3043,1,𤸃,1,𤸃,w449a0703,𤸃,1,19346,𤸃
3043,2,瘦,2,瘦,w449a0704,瘦,2,19347,瘦
3043,3,漱,3,漱,w449a0705,漱,3,19348,漱
3043,4,鏉,4,鏉,w449a0706,鏉,4,19349,鏉
3044,1,皺,1,皺,w449a0707,皺,1,19350,皺
3044,2,㾭,2,㾭,w449a0801,㾭,2,19351,㾭
3044,3,甃,3,甃,w449a0802,甃,3,19352,甃
3044,4,縐,4,縐,w449a0803,縐,4,19353,縐
3044,5,䐢,5,䐢,w449a0804,䐢,5,19354,䐢
3045,1,副,1,副,w449a0805,副,1,19355,副
3045,2,仆,2,仆,w449a0901,仆,2,19356,仆
3045,3,𩯅,3,𩯅,w449a0902,𩯅,3,19357,𩯅
3045,4,覆,4,覆,w449a0903,覆,4,19358,覆
3045,5,𤸑,5,𤸑,w449a0904,𤸑,5,19359,𤸑
3045,6,㤱,6,㤱,w449a0905,㤱,6,19360,㤱
3045,7,褔,7,褔,w449a0906,褔,7,19361,褔
3046,1,簉,1,簉,w449a1001,簉,1,19362,簉
3046,2,䔏,2,䔏,w449a1002,䔏,2,19363,䔏
3046,3,遚,3,遚,w449a1003,遚,3,19364,遚
3047,1,富,1,富,w449a1004,富,1,19365,富
3047,2,輻,2,輻,w449a1005,輻,2,19366,輻
3047,3,鍑,3,鍑,w449b0101,鍑,3,19367,鍑
3047,4,䔰,4,䔰,w449b0102,䔰,4,19368,䔰
3048,1,畜,1,畜,w449b0103,畜,1,19369,畜
3048,2,俞,2,俞,w449b0201,俞,2,19370,俞
3049,1,溜,1,溜,w449b0202,溜,1,19371,溜
3049,2,廖,2,廖,w449b0203,廖,2,19372,廖
3049,3,霤,3,霤,w449b0204,霤,3,19373,霤
3049,4,嬼,4,嬼,w449b0205,嬼,4,19374,嬼
3049,5,鷚,5,鷚,w449b0301,鷚,5,19375,鷚
3049,6,餾,6,餾,w449b0302,餾,6,19376,餾
3049,7,瘤,7,瘤,w449b0303,瘤,7,19377,瘤
3049,8,窌,8,窌,w449b0304,窌,8,19378,窌
3049,9,留,9,留,w449b0305,留,9,19379,留
3049,10,㙀,10,㙀,w449b0306,㙀,10,19380,㙀
3049,11,僇,11,僇,w449b0401,僇,11,19381,僇
3049,12,廇,12,廇,w449b0402,廇,12,19382,廇
3049,13,畂,13,畂,w449b0403,畂,13,19383,畂
3049,14,𥛅,14,𥛅,w449b0404,𥛅,14,19384,𥛅
3049,15,飂,15,飂,w449b0405,飂,15,19385,飂
3049,16,勠,16,勠,w449b0406,勠,16,19386,勠
3049,17,翏,17,翏,w449b0407,翏,17,19387,翏
3049,18,塯,18,塯,w449b0501,塯,18,19388,塯
3049,19,㽌,19,㽌,w449b0502,㽌,19,19389,㽌
3050,1,秀,1,秀,w449b0503,秀,1,19390,秀
3050,2,繡,2,繡,w449b0504,繡,2,19391,繡
3050,3,蜏,3,蜏,w449b0601,蜏,3,19392,蜏
3050,4,琇,4,琇,w449b0602,琇,4,19393,琇
3050,5,宿,5,宿,w449b0603,宿,5,19394,宿
3051,1,僦,1,僦,w449b0604,僦,1,19395,僦
3051,2,䅢,2,䅢,w449b0605,䅢,2,19396,䅢
3051,3,媨,3,媨,w449b0606,媨,3,19397,媨
3052,1,驟,1,驟,w449b0701,驟,1,19398,驟
3052,2,㑳,2,㑳,w449b0702,㑳,2,19399,㑳
3052,3,僽,3,僽,w449b0703,僽,3,19400,僽
3053,1,就,1,就,w449b0704,就,1,19401,就
3053,2,鷲,2,鷲,w449b0801,鷲,2,19402,鷲
3053,3,殧,3,殧,w449b0802,殧,3,19403,殧
3053,4,㠇,4,㠇,w449b0803,㠇,4,19404,㠇
3054,1,糅,1,糅,w449b0804,糅,1,19405,糅
3054,2,𩚖,2,𩚖,w449b0901,𩚖,2,19406,𩚖
3054,3,腬,3,腬,w449b0902,腬,3,19407,腬
3054,4,猱,4,猱,w449b0903,猱,4,19408,猱
3054,5,狃,5,狃,w449b0904,狃,5,19409,狃
3055,1,復,1,復,w449b0905,復,1,19410,復
3055,2,𢕒,2,𢕒,w449b1001,𢕒,2,19411,𢕒
3055,3,𤸑,3,𤸑,w449b1002,𤸑,3,19412,𤸑
3055,4,伏,4,伏,w449b1003,伏,4,19413,伏
3055,5,椱,5,椱,w449b1004,椱,5,19414,椱
3055,6,𨺅,6,𨺅,w449b1005,𨺅,6,19415,𨺅
3055,7,覆,7,覆,w449b1006,覆,7,19416,覆
3055,8,複,8,複,w449b1007,複,8,19417,複
3056,1,狖,1,狖,w449b1008,狖,1,19418,狖
3056,2,貁,2,貁,w450a0101,貁,2,19419,貁
3056,3,鼬,3,鼬,w450a0102,鼬,3,19420,鼬
3056,4,槱,4,槱,w450a0103,槱,4,19421,𤍕
3056,5,柚,5,柚,w450a0104,柚,5,19422,柚
3056,6,蜼,6,蜼,w450a0105,蜼,6,19423,蜼
3056,7,褎,7,褎,w450a0201,褎,7,19424,褎
3056,8,油,8,油,w450a0202,油,8,19425,油
3056,9,猶,9,猶,w450a0203,猶,9,19426,猶
3056,10,𪕏,10,𪕏,w450a0204,𪕏,10,19427,𪕏
3056,11,櫾,11,櫾,w450a0301,櫾,11,19428,櫾
3056,12,輶,12,輶,w450a0302,輶,12,19429,輶
3056,13,牰,13,牰,w450a0303,牰,13,19430,牰
3056,14,蜏,14,蜏,w450a0304,蜏,14,19431,蜏
3057,1,授,1,授,w450a0305,授,1,19432,授
3057,2,詶,2,詶,w450a0306,詶,2,19433,詶
3057,3,㖟,3,㖟,w450a0401,㖟,3,19434,㖟
3057,4,壽,4,壽,w450a0402,壽,4,19435,壽
3057,5,售,5,售,w450a0403,售,5,19436,售
3057,6,綬,6,綬,w450a0404,綬,6,19437,綬
3058,1,輮,1,輮,w450a0405,輮,1,19438,輮
3058,2,蹂,2,蹂,w450a0406,蹂,2,19439,蹂
3058,3,煣,3,煣,w450a0407,煣,3,19440,煣
3058,4,鞣,4,鞣,w450a0408,鞣,4,19441,鞣
3059,1,莓,1,莓,w450a0501,莓,1,19442,莓
3060,1,鼼,1,鼼,w450a0502,𪖐,1,19443,𪖐
3061,1,𪖛,1,𪖛,w450a0503,𪖛,1,19444,𪖛
3062,1,䞭,1,䞭,w450a0504,䞭,1,19445,䞭
3063,1,候,1,候,w450a0601,𠋫,1,19446,𠋫
3063,2,鮜,2,鮜,w450a0602,鮜,2,19447,鮜
3063,3,鄇,3,鄇,w450a0603,鄇,3,19448,鄇
3063,4,逅,4,逅,w450a0604,逅,4,19449,逅
3063,5,訽,5,訽,w450a0605,訽,5,19450,訽
3063,6,睺,6,睺,w450a0606,睺,6,19451,睺
3063,7,后,7,后,w450a0607,后,7,19452,后
3063,8,後,8,後,w450a0701,後,8,19453,後
3063,9,堠,9,堠,w450a0702,堠,9,19454,堠
3063,10,鱟,10,鱟,w450a0703,鱟,10,19455,鱟
3063,11,鍭,11,鍭,w450a0801,鍭,11,19456,鍭
3063,12,厚,12,厚,w450a0802,厚,12,19457,厚
3063,13,䞧,13,䞧,w450a0803,䞧,13,19458,䞧
3063,14,䞀,14,䞀,w450a0804,䞀,14,19459,䞀
3063,15,𣣠〈𥀃〉,15,𣣠〈𥀃〉,w450a0805,𣣠〈𥀃〉,15,19460,𣣠
3064,1,寇,1,寇,w450a0901,寇,1,19461,𡨥
3064,2,滱,2,滱,w450a0902,𣻎,2,19462,滱
3064,3,怐,3,怐,w450a1001,怐,3,19463,怐
3064,4,扣,4,扣,w450a1002,扣,4,19464,扣
3064,5,鷇,5,鷇,w450a1003,鷇,5,19465,鷇
3064,6,㜌,6,㜌,w450a1004,㜌,6,19466,𡠆
3064,7,䍍,7,䍍,w450a1005,䍍,7,19467,䍍
3064,8,簆,8,簆,w450b0101,𥲃,8,19468,簆
3064,9,瞉,9,瞉,w450b0102,瞉,9,19469,瞉
3064,10,詬,10,詬,w450b0103,詬,10,19470,詬
3065,1,茂,1,茂,w450b0104,茂,1,19471,茂
3065,2,貿,2,貿,w450b0105,貿,2,19472,貿
3065,3,鄮,3,鄮,w450b0106,鄮,3,19473,鄮
3065,4,戊,4,戊,w450b0201,戊,4,19474,戊
3065,5,愗,5,愗,w450b0202,愗,5,19475,愗
3065,6,袤,6,袤,w450b0203,袤,6,19476,袤
3065,7,楙,7,楙,w450b0204,楙,7,19477,楙
3065,8,懋,8,懋,w450b0205,懋,8,19478,懋
3065,9,瞀,9,瞀,w450b0206,瞀,9,19479,瞀
3065,10,䓮,10,䓮,w450b0301,䓮,10,19480,䓮
3065,11,姆,11,姆,w450b0302,姆,11,19481,姆
3065,12,苺,12,苺,w450b0303,苺,12,19482,苺
3065,13,𦼪,13,𦼪,w450b0304,𦼪,13,19483,𦼪
3065,14,𠔼,14,𠔼,w450b0305,𠔼,14,19484,𠔼
3065,15,雺,15,雺,w450b0306,雺,15,19485,雺
3066,1,仆,1,仆,w450b0307,仆,1,19486,仆
3066,2,踣,2,踣,w450b0401,踣,2,19487,踣
3066,3,䞳,3,䞳,w450b0402,䞳,3,19488,䞳
3066,4,㰴,4,㰴,w450b0403,㰴,4,19489,㰴
3066,5,豧,5,豧,w450b0404,豧,5,19490,豧
3067,1,豆,1,豆,w450b0405,豆,1,19491,豆
3067,2,竇,2,竇,w450b0501,竇,2,19492,竇
3067,3,窬,3,窬,w450b0601,窬,3,19493,窬
3067,4,逗,4,逗,w450b0602,逗,4,19494,逗
3067,5,酘,5,酘,w450b0603,酘,5,19495,酘
3067,6,荳,6,荳,w450b0604,荳,6,19496,荳
3067,7,脰,7,脰,w450b0605,脰,7,19497,脰
3067,8,郖,8,郖,w450b0606,郖,8,19498,郖
3067,9,梪,9,梪,w450b0607,梪,9,19499,梪
3067,10,餖,10,餖,w450b0701,餖,10,19500,餖
3067,11,浢,11,浢,w450b0702,浢,11,19501,浢
3067,12,䄈,12,䄈,w450b0703,䄈,12,19502,䄈
3067,13,毭,13,毭,w450b0704,毭,13,19503,毭
3067,14,𩊪,14,𩊪,w450b0705,𩊪,14,19504,𩊪
3067,15,𤀨,15,𤀨,w450b0706,𤀨,15,19505,𤀨
3067,16,㛒,16,㛒,w450b0707,㛒,16,19506,㛒
3068,1,鬥,1,鬥,w450b0708,鬥,1,19507,鬥
3068,2,𨷖〈鬬〉,2,𨷖〈鬬〉,w450b0801,𨷖〈鬬〉,2,19508,鬭
3068,3,鬪,3,鬪,w450b0802,闘,3,19509,闘
3068,4,噣,4,噣,w450b0803,噣,4,19510,噣
3068,5,䛠,5,䛠,w450b0901,䛠,5,19511,䛠
3068,6,𧱓〈𧱦〉,6,𧱓〈𧱦〉,w450b0902,𧱓,6,19512,𧱦
3068,7,斣,7,斣,w450b0903,斣,7,19513,斣
3068,8,襡,8,襡,w450b0904,襡,8,19514,襡
3068,9,䬦,9,䬦,w450b1001,䬦,9,19515,䬦
3069,1,槈,1,槈,w450b1002,槈,1,19516,槈
3069,2,鎒,2,鎒,w450b1003,鎒,2,19517,鎒
3069,3,耨,3,耨,w451a0101,耨,3,19518,耨
3069,4,𣫌,4,𣫌,w451a0102,𣫌,4,19519,𣫌
3069,5,擩,5,擩,w451a0103,擩,5,19520,擩
3069,6,譳,6,譳,w451a0104,譳,6,19521,譳
3070,1,瘶,1,瘶,w451a0105,瘶,1,19522,瘶
3070,2,嗽,2,嗽,w451a0106,嗽,2,19523,嗽
3070,3,欶,3,欶,w451a0201,欶,3,19524,欶
3070,4,漱,4,漱,w451a0202,漱,4,19525,漱
3070,5,鏉,5,鏉,w451a0203,鏉,5,19526,鏉
3070,6,謏,6,謏,w451a0204,謏,6,19527,謏
3070,7,嗾,7,嗾,w451a0205,嗾,7,19528,嗾
3071,1,奏,1,奏,w451a0206,奏,1,19529,奏
3071,2,走,2,走,w451a0207,走,2,19530,走
3072,1,透,1,透,w451a0301,透,1,19531,透
3072,2,咅,2,咅,w451a0302,咅,2,19532,咅
3072,3,㰯,3,㰯,w451a0303,㰯,3,19533,㰯
3072,4,䟝,4,䟝,w451a0304,䟝,4,19534,䟝
3072,5,𧺢,5,𧺢,w451a0305,𧺢,5,19535,𧺢
3073,1,漚,1,漚,w451a0401,漚,1,19536,漚
3073,2,䙔,2,䙔,w451a0402,䙔,2,19537,䙔
3073,3,𠹝,3,𠹝,w451a0403,𣓕,3,19538,𠹝
3074,1,遘,1,遘,w451a0404,遘,1,19539,遘
3074,2,構,2,構,w451a0405,構,2,19540,構
3074,3,媾,3,媾,w451a0406,媾,3,19541,媾
3074,4,覯,4,覯,w451a0501,覯,4,19542,覯
3074,5,姤,5,姤,w451a0502,姤,5,19543,姤
3074,6,購,6,購,w451a0503,購,6,19544,購
3074,7,䝭,7,䝭,w451a0504,䝭,7,19545,䝭
3074,8,雊,8,雊,w451a0505,雊,8,19546,雊
3074,9,彀,9,彀,w451a0506,彀,9,19547,𢐙
3074,10,𤚼,10,𤚼,w451a0507,𤚼,10,19548,𤚼
3074,11,句,11,句,w451a0508,句,11,19549,句
3074,12,軥,12,軥,w451a0601,軥,12,19550,軥
3074,13,㝤,13,㝤,w451a0602,㝤,13,19551,㝤
3074,14,搆,14,搆,w451a0603,搆,14,19552,搆
3074,15,怐,15,怐,w451a0604,怐,15,19553,怐
3074,16,煹,16,煹,w451a0701,煹,16,19554,煹
3074,17,䃓,17,䃓,w451a0702,䃓,17,19555,䃓
3074,18,冓,18,冓,w451a0703,冓,18,19556,冓
3074,19,㝅,19,㝅,w451a0704,㝅,19,19557,㝅
3074,20,𢄇,20,𢄇,w451a0705,𢄇,20,19558,𢄇
3075,1,輳,1,輳,w451a0706,輳,1,19559,輳
3075,2,腠,2,腠,w451a0707,腠,2,19560,腠
3075,3,湊,3,湊,w451a0801,湊,3,19561,湊
3075,4,嗾,4,嗾,w451a0802,嗾,4,19562,嗾
3075,5,𪉮,5,𪉮,w451a0803,𪉮,5,19563,𪉮
3075,6,蔟,6,蔟,w451a0804,蔟,6,19564,蔟
3075,7,楱,7,楱,w451a0805,楱,7,19565,楱
3075,8,𧱪,8,𧱪,w451a0806,𧱪,8,19566,𧱪
3076,1,陋,1,陋,w451a0807,陋,1,19567,陋
3076,2,漏,2,漏,w451a0901,漏,2,19568,漏
3076,3,鏤,3,鏤,w451a0902,鏤,3,19569,鏤
3076,4,屚,4,屚,w451a1001,屚,4,19570,屚
3076,5,瘻,5,瘻,w451a1002,瘻,5,19571,瘻
3076,6,𦸢,6,𦸢,w451a1003,𦸢,6,19572,𦸢
3076,7,𧷡,7,𧷡,w451a1004,𧷡,7,19573,𧷡
3076,8,𨫒,8,𨫒,w451a1005,𨫒,8,19574,𨫒
3076,9,蔄,9,蔄,w451b0101,蔄,9,19575,蔄
3076,10,𣤋,10,𣤋,w451b0102,𣤋,10,19576,𣤋
3076,11,𧫞,11,𧫞,w451b0103,𧫞,11,19577,𧫞
3076,12,𠞭,12,𠞭,w451b0104,𠞭,12,19578,𠞭
3076,13,僂,13,僂,w451b0105,僂,13,19579,僂
3077,1,蔻,1,蔻,w451b0106,蔲,1,19580,蔻
3077,2,豞,2,豞,w451b0107,豞,2,19581,豞
3077,3,䪷,3,䪷,w451b0108,䪷,3,19582,䪷
3077,4,詬,4,詬,w451b0201,詬,4,19583,詬
3077,5,訽,5,訽,w451b0202,訽,5,19584,訽
3077,6,吼,6,吼,w451b0203,吼,6,19585,吼
3077,7,㰯,7,㰯,w451b0204,㰯,7,19586,㰯
3077,8,㖃,8,㖃,w451b0205,㖃,8,19587,㖃
3077,9,佝,9,佝,w451b0206,佝,9,19588,佝
3077,10,怐,10,怐,w451b0207,怐,10,19589,怐
3078,1,䏽,1,䏽,w451b0208,䏽,1,19590,䏽
3078,2,𩌏,2,𩌏,w451b0209,𩌏,2,19591,𩌏
3079,1,偶,1,偶,w451b0301,偶,1,19592,偶
3080,1,㔌,1,㔌,w451b0302,㔌,1,19593,㔌
3080,2,楱,2,楱,w451b0303,楱,2,19594,楱
3080,3,䠫,3,䠫,w451b0304,䠫,3,19595,䠫
3081,1,幼,1,幼,w451b0401,幼,1,19596,幼
3082,1,謬,1,謬,w451b0402,謬,1,19597,謬
3082,2,繆,2,繆,w451b0403,繆,2,19598,繆
3083,1,䠗,1,䠗,w451b0404,䠗,1,19599,䠗
3084,1,𧾻,1,𧾻,w451b0501,𧾻,1,19600,𧾻
3085,1,沁,1,沁,w451b0601,沁,1,19601,沁
3085,2,𠖶,2,𠖶,w451b0602,𠖶,2,19602,𠖶
3085,3,吣,3,吣,w451b0603,吣,3,19603,吣
3085,4,䈜,4,䈜,w451b0604,䈜,4,19604,䈜
3086,1,浸,1,浸,w451b0701,浸,1,19605,浸
3086,2,濅,2,濅,w451b0702,濅,2,19606,𡫏
3086,3,𥧲,3,𥧲,w451b0703,𥧲,3,19607,𥧲
3086,4,祲,4,祲,w451b0704,祲,4,19608,祲
3087,1,妊,1,妊,w451b0705,妊,1,19609,妊
3087,2,絍,2,絍,w451b0801,絍,2,19610,絍
3087,3,鵀,3,鵀,w451b0802,鵀,3,19611,鵀
3087,4,任,4,任,w451b0803,任,4,19612,任
3087,5,衽,5,衽,w451b0804,衽,5,19613,衽
3088,1,鴆,1,鴆,w451b0805,鴆,1,19614,鴆
3088,2,沈,2,沈,w451b0901,沈,2,19615,沈
3088,3,㼉,3,㼉,w451b0902,㼉,3,19616,㼉
3089,1,枕,1,枕,w451b0903,枕,1,19617,枕
3089,2,針,2,針,w451b1001,針,2,19618,針
3090,1,𦧈,1,𦧈,w451b1002,𦧈,1,19619,𦧈
3090,2,䶖,2,䶖,w451b1003,䶖,2,19620,䶖
3090,3,𤘡,3,𤘡,w451b1004,𤘡,3,19621,𤘡
3090,4,噤,4,噤,w451b1005,噤,4,19622,噤
3090,5,𦨽,5,𦨽,w451b1006,𦨽,5,19623,𦨽
3090,6,紟,6,紟,w451b1007,紟,6,19624,紟
3090,7,鈙,7,鈙,w452a0101,鈙,7,19625,鈙
3090,8,凚,8,凚,w452a0102,凚,8,19626,凚
3090,9,笒,9,笒,w452a0103,笒,9,19627,笒
3090,10,齽,10,齽,w452a0104,齽,10,19628,齽
3091,1,禁,1,禁,w452a0105,禁,1,19629,禁
3091,2,僸,2,僸,w452a0201,僸,2,19630,僸
3091,3,㯲,3,㯲,w452a0202,㯲,3,19631,㯲
3092,1,賃,1,賃,w452a0203,賃,1,19632,賃
3093,1,蔭,1,蔭,w452a0204,䕃,1,19633,蔭
3093,2,䅧,2,䅧,w452a0301,䅧,2,19634,䅧
3093,3,窨,3,窨,w452a0302,窨,3,19635,窨
3093,4,喑,4,喑,w452a0303,喑,4,19636,喑
3093,5,𤷜,5,𤷜,w452a0304,𤸌,5,19637,𤸌
3093,6,廕,6,廕,w452a0305,廕,6,19638,癊
3093,7,飲,7,飲,w452a0306,飲,7,19639,飲
3094,1,滲,1,滲,w452a0307,滲,1,19640,滲
3094,2,罧,2,罧,w452a0308,罧,2,19641,罧
3095,1,闖,1,闖,w452a0401,闖,1,19642,闖
3095,2,𧡬,2,𧡬,w452a0402,𧡬,2,19643,𧡬
3096,1,譖,1,譖,w452a0501,譖,1,19644,譖
3097,1,讖,1,讖,w452a0502,讖,1,19645,讖
3098,1,吟,1,吟,w452a0503,吟,1,19646,吟
3099,1,揕,1,揕,w452a0504,揕,1,19647,揕
3099,2,㓄,2,㓄,w452a0601,㓄,2,19648,㓄
3100,1,臨,1,臨,w452a0602,臨,1,19649,臨
3100,2,𠐼,2,𠐼,w452a0603,𠐼,2,19650,𠐼
3101,1,甚,1,甚,w452a0604,甚,1,19651,甚
3101,2,侺,2,侺,w452a0605,侺,2,19652,侺
3102,1,䫴,1,䫴,w452a0701,䫴,1,19653,䫴
3102,2,𪔰,2,𪔰,w452a0702,𪔰,2,19654,𪔰
3103,1,深,1,深,w452a0703,深,1,19655,深
3103,2,𢊖,2,𢊖,w452a0704,𢊖,2,19656,𢊖
3104,1,勘,1,勘,w452a0801,勘,1,19657,勘
3104,2,䘓,2,䘓,w452a0802,䘓,2,19658,䘓
3104,3,𧗀,3,𧗀,w452a0803,𧗀,3,19659,𧗀
3104,4,𪉯,4,𪉯,w452a0804,𪉯,4,19660,𪉯
3104,5,轗,5,轗,w452a0805,轗,5,19661,轗
3104,6,竷,6,竷,w452a0806,竷,6,19662,竷
3104,7,磡,7,磡,w452a0807,磡,7,19663,磡
3105,1,紺,1,紺,w452a0901,紺,1,19664,紺
3105,2,淦,2,淦,w452a0902,淦,2,19665,淦
3105,3,𧆐,3,𧆐,w452a0903,𧆐,3,19666,𧆐
3105,4,灨,4,灨,w452a0904,灨,4,19667,灨
3105,5,贛,5,贛,w452a1001,贛,5,19668,贛
3106,1,憾,1,憾,w452a1002,憾,1,19669,憾
3106,2,琀,2,琀,w452a1003,琀,2,19670,琀
3106,3,浛,3,浛,w452a1004,浛,3,19671,浛
3106,4,唅,4,唅,w452a1005,唅,4,19672,唅
3106,5,蜭,5,蜭,w452a1006,蜭,5,19673,蜭
3106,6,莟,6,莟,w452a1007,莟,6,19674,莟
3106,7,䐄,7,䐄,w452b0101,䐄,7,19675,䐄
3107,1,暗,1,暗,w452b0102,暗,1,19676,暗
3107,2,闇,2,闇,w452b0103,闇,2,19677,闇
3108,1,僋,1,僋,w452b0104,僋,1,19678,僋
3108,2,㶒,2,㶒,w452b0201,㶒,2,19679,㶒
3108,3,撢,3,撢,w452b0202,撢,3,19680,撢
3108,4,㐁,4,㐁,w452b0203,㐁,4,19681,㐁
3108,5,傝,5,傝,w452b0204,傝,5,19682,傝
3108,6,䐺,6,䐺,w452b0205,䐺,6,19683,䐺
3108,7,憛,7,憛,w452b0206,憛,7,19684,憛
3108,8,誩,8,誩,w452b0301,誩,8,19685,誩
3109,1,俕,1,俕,w452b0302,俕,1,19686,俕
3109,2,閐,2,閐,w452b0303,閐,2,19687,閐
3109,3,㤾,3,㤾,w452b0304,㤾,3,19688,㤾
3109,4,䫅,4,䫅,w452b0305,䫅,4,19689,䫅
3110,1,謲,1,謲,w452b0306,謲,1,19690,謲
3110,2,參,2,參,w452b0401,參,2,19691,參
3110,3,㽩,3,㽩,w452b0402,㽩,3,19692,㽩
3111,1,醰,1,醰,w452b0403,醰,1,19693,醰
3111,2,贉,2,贉,w452b0404,贉,2,19694,贉
3111,3,𤁡,3,𤁡,w452b0405,𤁡,3,19695,𤁡
3111,4,瞫,4,瞫,w452b0406,瞫,4,19696,瞫
3111,5,𧗜,5,𧗜,w452b0501,𧗜,5,19697,𧗜
3112,1,儑,1,儑,w452b0502,儑,1,19698,儑
3113,1,馾,1,馾,w452b0503,馾〈馾〉,1,19699,馾
3113,1a1,［帎］,,,w452b0503a,［帎］,,,
3113,2,𩈉,2,𩈉,w452b0504,𩈉,2,19700,𩈉
3113,3,𩾺,3,𩾺,w452b0505,𩾺,3,19701,𩾺
3114,1,妠,1,妠,w452b0506,妠,1,19702,妠
3115,1,𩖋〈顲〉,1,𩖋〈顲〉,w452b0507,𩖋〈顲〉,1,19703,顲
3115,2,僋,2,僋,w452b0601,僋,2,19704,僋
3115,3,𤃨,3,𤃨,w452b0602,𤃨〈⿰氵𤎭〉,3,19705,𤃨
3116,1,䫲,1,䫲,w452b0603,䫲,1,19706,䫲
3116,2,𩞿,2,𩞿,w452b0604,𩞿,2,19707,𩞿
3117,1,篸,1,篸,w452b0605,篸,1,19708,篸
3117,2,撍,2,撍,w452b0701,撍,2,19709,撍
3118,1,闞,1,闞,w452b0801,闞,1,19710,闞
3118,2,瞰,2,瞰,w452b0802,瞰,2,19711,瞰
3118,3,𣊟,3,𣊟,w452b0803,𣊟,3,19712,𣊟
3118,4,嚂,4,嚂,w452b0804,嚂,4,19713,嚂
3118,5,𪉿,5,𪉿,w452b0805,𪉿,5,19714,𪉿
3119,1,濫,1,濫,w452b0806,濫,1,19715,濫
3119,2,㔋,2,㔋,w452b0901,㔋,2,19716,㔋
3119,3,𨣨,3,𨣨,w452b0902,𨣨,3,19717,𨣨
3119,4,纜,4,纜,w452b0903,纜,4,19718,纜
3119,5,爁,5,爁,w452b0904,爁,5,19719,爁
3119,6,㜮,6,㜮,w452b0905,㜮,6,19720,㜮
3119,7,懢,7,懢,w452b1001,懢,7,19721,懢
3119,8,䆾,8,䆾,w452b1002,䆾,8,19722,䆾
3119,9,嚂,9,嚂,w452b1003,嚂,9,19723,嚂
3120,1,賧,1,賧,w452b1004,賧,1,19724,賧
3120,2,𪊇,2,𪊇,w452b1005,𪊇,2,19725,𪊇
3120,3,䆱,3,䆱,w452b1006,䆱,3,19726,䆱
3120,4,𪉧,4,𪉧,w453a0101,𪉧,4,19727,𪉧
3120,5,睒,5,睒,w453a0102,睒,5,19728,睒
3120,6,澉,6,澉,w453a0103,澉,6,19729,澉
3120,7,舕,7,舕,w453a0104,舕,7,19730,舕
3121,1,𪉦,1,𪉦,w453a0105,𪉦,1,19731,𪉦
3121,2,𪉿,1.5,𪉿,w453a0106,𪉿,2,19732,𪉿
3122,1,𧵊,1,𧵊,w453a0107,𧵊,1,19733,𧵊
3122,2,蘫,2,蘫,w453a0108,蘫,2,19734,蘫
3122,3,䖔,3,䖔,w453a0201,䖔,3,19735,䖔
3123,1,憨,1,憨,w453a0202,憨,1,19736,憨
3123,2,㺖,2,㺖,w453a0203,㺖,2,19737,㺖
3123,3,譀,3,譀,w453a0204,譀,3,19738,譀
3123,4,䗣,4,䗣,w453a0205,䗣,4,19739,䗣
3123,5,䐄,5,䐄,w453a0206,䐄,5,19740,䐄
3123,6,𤎡,6,𤎡,w453a0301,𤎡,6,19741,𤎡
3124,1,憺,1,憺,w453a0302,憺,1,19742,憺
3124,2,惔,2,惔,w453a0303,惔,2,19743,惔
3124,3,澹,3,澹,w453a0304,澹,3,19744,澹
3124,4,腅,4,腅,w453a0305,腅,4,19745,腅
3124,5,淡,5,淡,w453a0306,淡,5,19746,淡
3124,6,啗,6,啗,w453a0307,啗,6,19747,啗
3124,7,啖,7,啖,w453a0401,啖,7,19748,啖
3124,8,倓,8,倓,w453a0402,倓,8,19749,倓
3125,1,暫,1,暫,w453a0403,暫,1,19750,暫
3125,2,蹔,2,蹔,w453a0404,蹔,2,19751,蹔
3125,3,鏨,3,鏨,w453a0405,鏨,3,19752,鏨
3126,1,擔,1,擔,w453a0406,擔,1,19753,擔
3126,2,甔,2,甔,w453a0501,甔,2,19754,甔
3127,1,三,1,三,w453a0502,三,1,19755,三
3128,1,豔,1,豔,w453a0601,豔,1,19756,豔
3128,2,艷,2,艷,w453a0602,艶,2,19757,艶
3128,3,爓,3,爓,w453a0603,爓,3,19758,爓
3128,4,焰,4,焰,w453a0604,焰,4,19759,焰
3128,5,焱,5,焱,w453a0605,焱,5,19760,焱
3128,6,𢴵,6,𢴵,w453a0606,𢴵,6,19761,𢴵
3128,7,鹽,7,鹽,w453a0607,鹽,7,19762,鹽
3128,8,𤅸,8,𤅸,w453a0701,𤅸,8,19763,𤅸
3128,9,灩,9,灩,w453a0702,灩,9,19764,灩
3129,1,贍,1,贍,w453a0703,贍,1,19765,贍
3130,1,染,1,染,w453a0704,染,1,19766,染
3130,2,髯,2,髯,w453a0705,髯,2,19767,髯
3131,1,厭,1,厭,w453a0706,厭,1,19768,厭
3131,2,𢜰,2,𢜰,w453a0801,𢜰,2,19769,𢜰
3131,3,猒,3,猒,w453a0802,猒,3,19770,猒
3131,4,饜,4,饜,w453a0803,饜,4,19771,饜
3131,5,嬮,5,嬮,w453a0804,嬮,5,19772,嬮
3132,1,窆,1,窆,w453a0805,窆,1,19773,窆
3132,2,砭,2,砭,w453a0806,砭,2,19774,砭
3133,1,驗,1,驗,w453a0901,驗,1,19775,驗
3133,2,噞,2,噞,w453a0902,噞,2,19776,噞
3133,3,𣄝,3,𣄝,w453a0903,𣄝,3,19777,𣄝
3134,1,閃,1,閃,w453a0904,閃,1,19778,閃
3134,2,煔,2,煔,w453a0905,煔,2,19779,煔
3134,3,苫,3,苫,w453a1001,苫,3,19780,苫
3134,4,掞,4,掞,w453a1002,掞,4,19781,掞
3135,1,𡄑,1,𡄑,w453a1003,𡄑,1,19782,𡄑
3136,1,壍,1,壍,w453a1004,壍,1,19783,壍
3136,2,塹,2,塹,w453a1005,塹,2,19784,塹
3136,3,槧,3,槧,w453a1006,槧,3,19785,槧
3136,4,嬱,4,嬱,w453b0101,嬱,4,19786,嬱
3137,1,殮,1,殮,w453b0102,殮,1,19787,殮
3137,2,斂,2,斂,w453b0201,斂,2,19788,斂
3137,3,瀲,3,瀲,w453b0202,瀲,3,19789,瀲
3137,4,爁,4,爁,w453b0203,爁,4,19790,爁
3137,5,𧸘,5,𧸘,w453b0204,𧸘,5,19791,𧸘
3137,6,𩅼,6,𩅼,w453b0205,𩅼,6,19792,𩅼
3137,7,獫,7,獫,w453b0206,獫,7,19793,獫
3138,1,覘,1,覘,w453b0207,覘,1,19794,覘
3138,2,䀡,2,䀡,w453b0301,䀡,2,19795,䀡
3139,1,䠨,1,䠨,w453b0302,䠨,1,19796,䠨
3139,2,幨,2,幨,w453b0303,幨,2,19797,幨
3139,3,襜,3,襜,w453b0304,襜,3,19798,襜
3139,4,裧,4,裧,w453b0305,裧,4,19799,裧
3139,5,韂,5,韂,w453b0306,韂,5,19800,韂
3139,6,䪜,6,䪜,w453b0401,䪜,6,19801,䪜
3139,7,㙴,7,㙴,w453b0402,㙴,7,19802,㙴
3139,8,䦲,8,䦲,w453b0403,䦲,8,19803,䦲
3140,1,𢜰,1,𢜰,w453b0404,𢜰,1,19804,𢜰
3140,2,俺,2,俺,w453b0405,俺,2,19805,俺
3141,1,潛,1,潛,w453b0406,潛,1,19806,潛
3142,1,占,1,占,w453b0407,占,1,19807,占
3143,1,㮇,1,㮇,w453b0501,㮇,1,19808,㮇
3143,2,舚,2,舚,w453b0502,舚,2,19809,舚
3143,3,忝,3,忝,w453b0503,忝,3,19810,忝
3143,4,𨸱,4,𨸱,w453b0504,𨸱,4,19811,𨸱
3143,5,煔,5,煔,w453b0505,煔,5,19812,煔
3143,6,㐁,6,㐁,w453b0506,㐁,6,19813,㐁
3144,1,念,1,念,w453b0601,念,1,19814,念
3144,2,𦁤,2,𦁤,w453b0602,𦁤,2,19815,𦁇
3145,1,店,1,店,w453b0603,店,1,19816,店
3145,2,坫,2,坫,w453b0604,坫,2,19817,坫
3145,3,沾,3,沾,w453b0701,沾,3,19818,沾
3145,4,痁,4,痁,w453b0702,痁,4,19819,痁
3145,5,墊,5,墊,w453b0703,墊,5,19820,墊
3145,6,𩅀,6,𩅀,w453b0704,𩅀,6,19821,𩅀
3145,7,唸,7,唸,w453b0705,唸,7,19822,唸
3145,8,㝪,8,㝪,w453b0706,㝪,8,19823,㝪
3145,9,埝,9,埝,w453b0801,埝,9,19824,埝
3145,10,𦒻,10,𦒻,w453b0802,𦒻,10,19825,𦒻
3145,11,䀡,11,䀡,w453b0803,䀡,11,19826,䀡
3146,1,䃸,1,䃸,w453b0804,䃸,1,19827,䃸
3146,2,䆎,2,䆎,w453b0805,䆎,2,19828,䆎
3147,1,磹,1,磹,w453b0806,磹,1,19829,磹
3147,2,㼭,2,㼭,w453b0901,㼭,2,19830,㼭
3148,1,趝,1,趝,w453b0902,趝,1,19831,趝
3149,1,酓,1,酓,w453b0903,酓,1,19832,酓
3150,1,僭,1,僭,w453b0904,僭,1,19833,僭
3151,1,䁮,1,䁮,w453b0905,䁮,1,19834,䁮
3152,1,兼,1,兼,w453b1001,兼,1,19835,兼
3152,2,䱤,2,䱤,w453b1002,䱤,2,19836,䱤
3153,1,傔,1,傔,w453b1003,傔,1,19837,傔
3154,1,稴,1,稴,w453b1004,稴,1,19838,稴
3155,1,釅,1,釅,w454a0101,釅,1,19839,釅
3155,2,𪙊,2,𪙊,w454a0102,𪙊,2,19840,𪙊
3156,1,脅,1,脅,w454a0103,脅,1,19841,脅
3156,2,姭,2,姭,w454a0104,姭,2,19842,姭
3157,1,㪁,1,㪁,w454a0105,㪁,1,19843,㪁
3157,2,𤬯,2,𤬯,w454a0106,𤬯,2,19844,𤬯
3158,1,𦲯,1,𦲯,w454a0201,𦲯,1,19845,𦲯
3159,1,陷,1,陷,w454a0301,陷,1,19846,陷
3159,2,䱤,2,䱤,w454a0302,䱤,2,19847,䱤
3159,3,臽,3,臽,w454a0303,臽,3,19848,臽
3159,4,䐄,4,䐄,w454a0304,䐄,4,19849,䐄
3159,5,錎,5,錎,w454a0305,錎,5,19850,錎
3160,1,韽,1,韽,w454a0306,韽,1,19851,韽
3160,2,𤟟,2,𤟟,w454a0401,𤟟,2,19852,𤟟
3160,3,淊,3,淊,w454a0402,淊,3,19853,淊
3160,4,揞,4,揞,w454a0403,揞,4,19854,揞
3161,1,蘸,1,蘸,w454a0404,蘸,1,19855,蘸
3162,1,𪉜,1,𪉜,w454a0405,𪉜,1,19856,𪉜
3162,2,站,2,站,w454a0406,站,2,19857,站
3162,3,𣳤,3,𣳤,w454a0501,𣳤,3,19858,𣳤
3163,1,歉,1,歉,w454a0502,歉,1,19859,歉
3163,2,䫡,2,䫡,w454a0503,䫡,2,19860,䫡
3164,1,𧸖,1,𧸖,w454a0504,𧸖,1,19861,𧸖
3164,2,詀,2,詀,w454a0505,詀,2,19862,詀
3164,3,譧,3,譧,w454a0506,譧,3,19863,譧
3165,1,儳,1,儳,w454a0601,儳,1,19864,儳
3165,2,𨼮,2,𨼮,w454a0602,𨼮,2,19865,𨼮
3165,3,䪌,3,䪌,w454a0603,䪌,3,19866,䪌
3166,1,𪉦,1,𪉦,w454a0604,𪉦,1,19867,𪉦
3166,2,䫡,2,䫡,w454a0605,䫡,2,19868,䫡
3167,1,諵,1,諵,w454a0606,諵,1,19869,諵
3168,1,顑,1,顑,w454a0607,顑,1,19870,顑
3169,1,鑑,1,鑑,w454a0701,鑑,1,19871,鑑
3169,2,鑒,2,鑒,w454a0702,鑒,2,19872,鑒
3169,3,監,3,監,w454a0703,監,3,19873,監
3169,4,𥌈,4,𥌈,w454a0801,𥌈,4,19874,𥌈
3169,5,㔋,5,㔋,w454a0802,㔋,5,19875,㔋
3170,1,懺,1,懺,w454a0803,懺,1,19876,懺
3170,2,儳,2,儳,w454a0804,儳,2,19877,儳
3170,3,摲,3,摲,w454a0805,摲,3,19878,摲
3170,4,𤮭,4,𤮭,w454a0806,𤮭,4,19879,𤮭
3170,5,㺖,5,㺖,w454a0807,㺖,5,19880,㺖
3170,6,嚵,6,嚵,w454a0808,嚵,6,19881,嚵
3171,1,覱,1,覱,w454a0901,覱,1,19882,覱
3171,2,𩈻,2,𩈻,w454a0902,𩈻,2,19883,𩈻
3171,3,𩅼,3,𩅼,w454a0903,𩅼,3,19884,𩅼
3172,1,釤,1,釤,w454a0904,釤,1,19885,釤
3172,2,䀐,2,䀐,w454a0905,䀐,2,19886,䀐
3172,3,㣌,3,㣌,w454a0906,㣌,3,19887,㣌
3173,1,㒈,1,㒈,w454a1001,㒈,1,19888,㒈
3173,2,譀,2,譀,w454a1002,譀,2,19889,譀
3173,3,闞,3,闞,w454a1003,闞〈鬫〉,3,19890,闞
3174,1,埿,1,埿,w454a1004,埿,1,19891,埿
3174,2,湴,2,湴,w454a1005,湴,2,19892,湴
3175,1,㽉,1,㽉,w454a1006,㽉,1,19893,㽉
3175,2,㯺,2,㯺,w454b0101,㯺,2,19894,㯺
3176,1,鑱,1,鑱,w454b0102,鑱,1,19895,鑱
3176,2,䪌,2,䪌,w454b0103,䪌,2,19896,䪌
3176,3,欃,3,欃,w454b0104,欃,3,19897,欃
3176,4,䳻,4,䳻,w454b0105,䳻,4,19898,䳻
3176,5,讒,5,讒,w454b0201,讒,5,19899,讒
3176,6,艬,6,艬,w454b0202,艬,6,19900,艬
3177,1,𪒠,1,𪒠,w454b0203,𪒠,1,19901,𪒠
3178,1,梵,1,梵,w454b0301,梵,1,19902,梵
3178,2,帆,2,帆,w454b0302,帆,2,19903,帆
3178,3,颿,3,颿,w454b0303,颿,3,19904,颿
3179,1,汎,1,汎,w454b0304,汎,1,19905,汎
3179,2,泛,2,泛,w454b0305,泛,2,19906,泛
3179,3,𠆩,3,𠆩,w454b0306,𠆩,3,19907,𠆩
3179,4,䀀,4,䀀,w454b0307,䀀,4,19908,䀀
3179,5,𥁔,5,𥁔,w454b0401,𥁔,5,19909,𥁔
3179,6,氾,6,氾,w454b0402,氾,6,19910,氾
3179,7,䒦,7,䒦,w454b0403,䒦,7,19911,䒦
3179,8,姂,8,姂,w454b0404,姂,8,19912,姂
3180,1,劒,1,劒,w454b0405,劒,1,19913,劔
3181,1,欠,1,欠,w454b0601,欠,1,19914,欠
3181,2,㐸,2,㐸,w454b0701,㐸,2,19915,㐸
3182,1,俺,1,俺,w454b0702,俺,1,19916,俺
3182,2,㤿,2,㤿,w454b0703,㤿,2,19917,㤿
3182,3,淹,3,淹,w454b0704,淹,3,19918,淹
3182,4,𦑎,4,𦑎,w454b0705,𦑎,4,19919,𦑎
3182,5,㛪,5,㛪,w454b0706,㛪,5,19920,㛪
3182,6,裺,6,裺,w454b0707,裺,6,19921,裺
3182,7,䛳,7,䛳,w454b0708,䛳,7,19922,䛳
3182,8,覎,8,覎,w454b0709,覎,8,19923,覎
3183,1,屋,1,屋,w501b0901,屋,1,19924,屋
3183,2,𡲃,2,𡲃,w501b0902,𡲃,2,19925,𡲃
3183,3,𦤼〈𦤿〉,3,𦤼〈𦤿〉,w501b1001,𦤼,3,19926,𦤼
3183,4,剭,4,剭,w501b1002,剭,4,19927,剭
3183,5,𨜘,5,𨜘,w501b1003,𨜘,5,19928,𨜘
3183,6,𪑱,6,𪑱,w501b1004,𪑱,6,19929,𪑱
3183,7,䑁,7,䑁,w501b1005,䑁,7,19930,䑁
3184,1,獨,1,獨,w501b1006,獨,1,19931,獨
3184,2,黷,2,黷,w502a0201,黷,2,19932,黷
3184,3,讟,3,讟,w502a0202,讟,3,19933,讟
3184,4,髑,4,髑,w502a0203,髑,4,19934,髑
3184,5,䫳,5,䫳,w502a0204,䫳,5,19935,䫳
3184,6,殰,6,殰,w502a0205,殰,6,19936,殰
3184,7,讀,7,讀,w502a0206,讀,7,19937,讀
3184,8,櫝,8,櫝,w502a0207,櫝,8,19938,櫝
3184,9,牘,9,牘,w502a0301,牘,9,19939,牘
3184,10,儥,10,儥,w502a0302,儥,10,19940,儥
3184,11,㾄,11,㾄,w502a0303,㾄,11,19941,㾄
3184,12,贕,12,贕,w502a0304,贕,12,19942,贕
3184,13,碡,13,碡,w502a0305,碡,13,19943,碡
3184,14,䢱,14,䢱,w502a0306,䢱,14,19944,䢱
3184,15,䮷,15,䮷,w502a0307,䮷,15,19945,䮷
3184,16,皾,16,皾,w502a0308,皾,16,19946,皾
3184,17,𤟩,17,𤟩,w502a0401,𤟩,17,19947,𤟩
3184,18,襡,18,襡,w502a0402,襡,18,19948,襡
3184,19,韣,19,韣,w502a0403,韣,19,19949,韣
3184,20,瓄,20,瓄,w502a0404,瓄,20,19950,瓄
3184,21,瀆,21,瀆,w502a0405,瀆,21,19951,瀆
3184,22,𨽍,22,𨽍,w502a0406,𨽍,22,19952,𨽍
3184,23,豄,23,豄,w502a0501,豄,23,19953,豄
3184,24,韇,24,韇,w502a0502,韇,24,19954,韇
3184,25,嬻,25,嬻,w502a0503,嬻,25,19955,嬻
3184,26,犢,26,犢,w502a0504,犢,26,19956,犢
3184,27,鸀,27,鸀,w502a0505,𪇆,27,19957,𪇆
3184,28,罜,28,罜,w502a0506,罜,28,19958,罜
3184,29,㒔,29,㒔,w502a0507,㒔,29,19959,㒔
3184,30,匵,30,匵,w502a0508,匵,30,19960,匵
3185,1,穀,1,穀,w502a0601,穀,1,19961,穀
3185,2,糓,2,糓,w502a0602,糓,2,19962,糓
3185,3,轂,3,轂,w502a0603,轂,3,19963,轂
3185,4,榖,4,榖,w502a0604,榖,4,19964,榖
3185,5,瀔,5,瀔,w502a0701,瀔,5,19965,濲
3185,6,谷,6,谷,w502a0702,谷,6,19966,谷
3185,7,瑴,7,瑴,w502a0703,瑴,7,19967,瑴
3185,8,𪇗,8,𪇗,w502a0704,𪇗,8,19968,𪇗
3185,9,𣨍,9,𣨍,w502a0705,𣨍,9,19969,𣨍
3185,10,𪕸,10,𪕸,w502a0801,𪕸,10,19970,𪕸
3185,11,䜼,11,䜼,w502a0802,䜼,11,19971,䜼
3185,12,𧣡,12,𧣡,w502a0803,𧣡,12,19972,𧣡
3185,13,䐨,13,䐨,w502a0804,䐨,13,19973,䐨
3185,14,𤞞,14,𤞞,w502a0805,𤞞,14,19974,𤞞
3185,15,𥆌,15,𥆌,w502a0806,𥆌,15,19975,𥆌
3185,16,䀰,16,䀰,w502a0807,䀰,16,19976,䀰
3185,17,唂,17,唂,w502a0808,唂,17,19977,唂
3186,1,縠,1,縠,w502a0809,縠,1,19978,縠
3186,2,槲,2,槲,w502a0901,槲,2,19979,槲
3186,3,斛,3,斛,w502a0902,斛,3,19980,斛
3186,4,螜,4,螜,w502a0903,螜,4,19981,螜
3186,5,𧂔,5,𧂔,w502a0904,𧂔,5,19982,𧂔
3186,6,礐,6,礐,w502a0905,礐,6,19983,礐
3186,7,觳,7,觳,w502a1001,觳,7,19984,觳
3186,8,蔛,8,蔛,w502a1002,蔛,8,19985,蔛
3186,9,𨢋,9,𨢋,w502a1003,𣫈,9,19986,𣫈
3186,10,𣹬,10,𣹬,w502a1004,𣹬,10,19987,𣹬
3186,11,䶜,11,䶜,w502a1005,䶜,11,19988,䶜
3186,12,㽇,12,㽇,w502a1006,㽇,12,19989,㽇
3186,13,䈸,13,䈸,w502a1007,䈸,13,19990,䈸
3186,14,焀,14,焀,w502a1008,焀,14,19991,焀
3187,1,哭,1,哭,w502a1009,哭,1,19992,哭
3187,2,䍍,2,䍍,w502b0101,䍍,2,19993,䍍
3187,3,㲉,3,㲉,w502b0102,㲉,3,19994,㲉
3187,4,𪍠,4,𪍠,w502b0103,𪍠,4,19995,𪍠
3187,5,䧊,5,䧊,w502b0104,䧊,5,19996,䧊
3187,6,䵈,6,䵈,w502b0105,䵈,6,19997,䵈
3187,7,㲄,7,㲄,w502b0106,㲄,7,19998,㲄
3187,8,𣫓,8,𣫓,w502b0107,𣫓,8,19999,𣫓
3188,1,禿,1,禿,w502b0108,禿,1,20000,秃
3188,2,𣬜,2,𣬜,w502b0401,𣬜,2,20001,𣬜
3188,3,䛢,3,䛢,w502b0402,䛢,3,20002,䛢
3188,4,𢬳,4,𢬳,w502b0403,𢬳,4,20003,𢬳
3188,5,鵚,5,鵚,w502b0404,鵚,5,20004,鵚
3189,1,豰,1,豰,w502b0405,豰,1,20005,𣫔
3189,2,啄,2,啄,w502b0406,啄,2,20006,啄
3189,3,䐁,3,䐁,w502b0407,䐁,3,20007,䐁
3189,4,𡰪,4,𡰪,w502b0501,𡰪,4,20008,𡰪
3189,5,𧞐,5,𧞐,w502b0502,𧞐,5,20009,𧞐
3189,6,𢽚,6,𢽚,w502b0503,𢽴,6,20010,𢽴
3189,7,竺,7,竺,w502b0504,竺,7,20011,竺
3189,8,剢,8,剢,w502b0505,剢,8,20012,剢
3190,1,速,1,速,w502b0506,速,1,20013,速
3190,2,遬,2,遬,w502b0507,遬,2,20014,遬
3190,3,𧫷,3,𧫷,w502b0508,𧫣,3,20015,𧫣
3190,4,蔌,4,蔌,w502b0601,蔌,4,20016,蔌
3190,5,餗,5,餗,w502b0602,餗,5,20017,餗
3190,6,𩱖,6,𩱖,w502b0603,𩱖,6,20018,𩱖
3190,7,𧐒,7,𧐒,w502b0604,𧐒,7,20019,𧐒
3190,8,樕,8,樕,w502b0605,樕,8,20020,樕
3190,9,𣫎,9,𣫎,w502b0606,𣫎,9,20021,𣫎
3190,10,㑛,10,㑛,w502b0701,㑛,10,20022,㑛
3190,11,梀,11,梀,w502b0702,梀,11,20023,梀
3190,12,𪋝,12,𪋝,w502b0703,⿺辶⿱鹿束〈𪋝〉,12,20024,𪋝
3190,13,藗,13,藗,w502b0704,藗,13,20025,藗
3190,14,殐,14,殐,w502b0705,殐,14,20026,殐
3190,15,嗽,15,嗽,w502b0706,嗽,15,20027,嗽
3190,16,𡖯,16,𡖯,w502b0707,𡖯,16,20028,𡖯
3190,17,棴,17,棴,w502b0801,棴,17,20029,棴
3190,18,涑,18,涑,w502b0802,涑,18,20030,涑
3191,1,祿,1,祿,w502b0803,禄,1,20031,禄
3191,2,鹿,2,鹿,w502b0804,鹿,2,20032,鹿
3191,3,漉,3,漉,w502b0901,漉,3,20033,漉
3191,4,淥,4,淥,w502b0902,渌,4,20034,渌
3191,5,觻,5,觻,w502b1001,觻,5,20035,觻
3191,6,睩,6,睩,w502b1002,睩,6,20036,睩
3191,7,䚄,7,䚄,w502b1003,䚄,7,20037,䚄
3191,8,龣,8,龣,w502b1004,龣,8,20038,龣
3191,9,𨏔,9,𨏔,w502b1005,𨏔,9,20039,𨏔
3191,10,轆,10,轆,w502b1006,轆,10,20040,轆
3191,11,㼾,11,㼾,w502b1007,㼾,11,20041,㼾
3191,12,𦪇,12,𦪇,w503a0101,𦪇,12,20042,𦪇
3191,13,琭,13,琭,w503a0102,琭,13,20043,琭
3191,14,簏,14,簏,w503a0103,簏,14,20044,簏
3191,15,箓,15,箓,w503a0104,箓,15,20045,箓
3191,16,螰,16,螰,w503a0105,螰,16,20046,螰
3191,17,䍡,17,䍡,w503a0106,䍡,17,20047,䍡
3191,18,麓,18,麓,w503a0201,麓,18,20048,麓
3191,19,㯟,19,㯟,w503a0202,㯟,19,20049,㯟
3191,20,碌,20,碌,w503a0203,碌,20,20050,碌
3191,21,盝,21,盝,w503a0204,盝,21,20051,盝
3191,22,𥂖,22,𥂖,w503a0205,𥂖,22,20052,𥂖
3191,23,騼,23,騼,w503a0206,騼,23,20053,䮽
3191,24,磟,24,磟,w503a0207,磟,24,20054,磟
3191,25,簶,25,簶,w503a0301,簶,25,20055,簶
3191,26,𧌍,26,𧌍,w503a0302,𧌍,26,20056,𧌍
3191,27,谷,27,谷,w503a0303,谷,27,20057,谷
3191,28,娽,28,娽,w503a0401,娽,28,20058,娽
3191,29,𥉶,29,𥉶,w503a0402,𥉶,29,20059,𥉶
3191,30,摝,30,摝,w503a0501,摝,30,20060,摝
3191,31,𥛞,31,𥛞,w503a0502,𥛞,31,20061,𥛞
3191,32,𦌟,32,𦌟,w503a0503,𦌟,32,20062,𦌟
3191,33,𥂇,33,𥂇,w503a0504,𥂇,33,20063,𥂇
3191,34,𤽺,34,𤽺,w503a0505,𤽺,34,20064,𤽺
3191,35,廘,35,廘,w503a0506,廘,35,20065,廘
3191,36,角,36,角,w503a0601,角,36,20066,角
3191,37,𥪋,37,𥪋,w503a0602,𥪋,37,20067,𥪋
3191,38,彔,38,彔,w503a0603,录,38,20068,彔
3191,39,濼,39,濼,w503a0604,濼,39,20069,濼
3191,40,鏕,40,鏕,w503a0605,鏕,40,20070,鏕
3191,41,趢,41,趢,w503a0606,趢,41,20071,趢
3191,42,䎑,42,䎑,w503a0701,䎑,42,20072,䎑
3191,43,𨌠,43,𨌠,w503a0702,𨌠,43,20073,𨌠
3191,44,㪖,44,㪖,w503a0703,㪖,44,20074,㪖
3191,45,𩅄,45,𩅄,w503a0704,𩅄,45,20075,𩅄
3191,46,蔍,46,蔍,w503a0705,蔍,46,20076,蔍
3191,47,鄜,47,鄜,w503a0706,鄜,47,20077,鄜
3192,1,嗀,1,嗀,w503a0707,𣪥,1,20078,嗀
3192,2,豰,2,豰,w503a0708,豰,2,20079,豰
3192,3,熇,3,熇,w503a0801,熇,3,20080,熇
3192,4,𦞦,4,𦞦,w503a0802,𦞦,4,20081,𦞦
3192,5,𧹲,5,𧹲,w503a0803,𧹲,5,20082,𧹲
3192,6,㷤,6,㷤,w503a0804,㷤,6,20083,㷤
3192,7,嚛,7,嚛,w503a0805,嚛,7,20084,嚛
3193,1,族,1,族,w503a0901,族,1,20085,族
3193,2,銼,2,銼,w503a0902,銼,2,20086,銼
3193,3,鑿,3,鑿,w503a0903,鑿,3,20087,鑿
3194,1,瘯,1,瘯,w503a0904,瘯,1,20088,瘯
3194,2,䃚,2,䃚,w503a0905,䃚,2,20089,䃚
3194,3,蔟,3,蔟,w503a0906,蔟,3,20090,蔟
3194,4,趗,4,趗,w503a1001,趗,4,20091,趗
3194,5,梀,5,梀,w503a1002,梀,5,20092,梀
3194,6,簇,6,簇,w503a1003,簇,6,20093,簇
3195,1,鏃,1,鏃,w503a1004,鏃,1,20094,鏃
3195,2,鎐,2,鎐,w503a1005,鎐,2,20095,鎐
3196,1,暴,1,暴,w503a1006,暴,1,20096,暴
3196,2,曝,2,曝,w503b0101,曝,2,20097,曝
3196,3,瀑,3,瀑,w503b0102,瀑,3,20098,瀑
3196,4,䗱,4,䗱,w503b0103,䗱,4,20099,䗱
3196,5,㲫,5,㲫,w503b0104,㲫,5,20100,㲫
3196,6,樸,6,樸,w503b0105,樸,6,20101,樸
3196,7,僕,7,僕,w503b0106,僕,7,20102,僕
3196,8,䑑,8,䑑,w503b0107,䑑,8,20103,䑑
3196,9,𥐁,9,𥐁,w503b0108,𥐁,9,20104,𥐁
3196,10,菐,10,菐,w503b0201,菐,10,20105,菐
3196,11,𡕡〈𡰿〉,11,𡕡〈𡰿〉,w503b0202,𡕡〈𡰿〉,11,20106,𡕡
3196,12,穙,12,穙,w503b0203,穙,12,20107,穙
3197,1,扑,1,扑,w503b0204,扑,1,20108,扑
3197,2,醭,2,醭,w503b0205,醭,2,20109,醭
3197,3,濼,3,濼,w503b0206,濼,3,20110,濼
3197,4,墣,4,墣,w503b0301,墣,4,20111,墣
3197,5,𥣜,5,𥣜,w503b0302,𥣜,5,20112,𥣜
3197,6,𪔿,6,𪔿,w503b0303,𪔿,6,20113,𪔿
3197,7,攴,7,攴,w503b0304,攴,7,20114,攴
3197,8,撲,8,撲,w503b0305,撲,8,20115,撲
3197,9,骲,9,骲,w503b0306,骲,9,20116,骲
3197,10,𪐙,10,𪐙,w503b0401,𪐙,10,20117,𪐙
3197,11,䴆,11,䴆,w503b0402,䴆,11,20118,䴆
3198,1,卜,1,卜,w503b0403,卜,1,20119,卜
3198,2,濮,2,濮,w503b0404,濮,2,20120,濮
3198,3,䧤,3,䧤,w503b0501,䧤,3,20121,䧤
3198,4,轐,4,轐,w503b0601,轐,4,20122,轐
3198,5,𡡐,5,𡡐,w503b0602,𡡐,5,20123,𡡐
3198,6,樸,6,樸,w503b0603,樸,6,20124,樸
3198,7,獛,7,獛,w503b0604,獛,7,20125,獛
3198,8,蹼,8,蹼,w503b0605,蹼,8,20126,蹼
3198,9,纀,9,纀,w503b0701,纀,9,20127,纀
3198,10,襆,10,襆,w503b0702,襆,10,20128,襆
3198,11,𩯏,11,𩯏,w503b0703,𩯏,11,20129,𩯏
3198,12,䪁,12,䪁,w503b0704,䪁,12,20130,䪁
3198,13,鳪,13,鳪,w503b0801,鳪,13,20131,鳪
3198,14,𪇰,14,𪇰,w503b0802,𪇰,14,20132,𪇰
3199,1,木,1,木,w503b0803,木,1,20133,木
3199,2,沐,2,沐,w503b0901,沐,2,20134,沐
3199,3,朷,3,朷,w503b1001,朷,3,20135,朷
3199,4,毣,4,毣,w503b1002,毣,4,20136,毣
3199,5,鶩,5,鶩,w503b1003,鶩,5,20137,鶩
3199,6,霂,6,霂,w503b1004,霂,6,20138,霂
3199,7,𨍎,7,𨍎,w503b1005,𨍎,7,20139,𨍎
3199,8,㡔,8,㡔,w503b1006,㡔,8,20140,㡔
3199,9,蓩,9,蓩,w503b1007,蓩,9,20141,蓩
3199,10,艒,10,艒,w503b1008,艒,10,20142,艒
3199,11,鞪,11,鞪,w504a0101,鞪,11,20143,鞪
3199,12,楘,12,楘,w504a0102,楘,12,20144,楘
3199,13,蚞,13,蚞,w504a0103,蚞,13,20145,蚞
3200,1,福,1,福,w504a0104,福,1,20146,福
3200,2,腹,2,腹,w504a0105,腹,2,20147,腹
3200,3,複,3,複,w504a0106,複,3,20148,複
3200,4,幅,4,幅,w504a0201,幅,4,20149,幅
3200,5,輻,5,輻,w504a0202,輻,5,20150,輻
3200,6,𠋩,6,𠋩,w504a0203,𠋩,6,20151,𠋩
3200,7,葍,7,葍,w504a0204,葍,7,20152,葍
3200,8,蝠,8,蝠,w504a0205,蝠,8,20153,蝠
3200,9,𥳇,9,𥳇,w504a0301,𥳇,9,20154,𥳇
3200,10,鍑,10,鍑,w504a0302,鍑,10,20155,鍑
3200,11,鶝,11,鶝,w504a0303,鶝,11,20156,鶝
3200,12,踾,12,踾,w504a0304,踾,12,20157,踾
3200,13,輹,13,輹,w504a0305,輹,13,20158,輹
3200,14,菐,14,菐,w504a0306,菐,14,20159,菐
3200,15,偪,15,偪,w504a0307,偪,15,20160,偪
3200,16,楅,16,楅,w504a0308,楅,16,20161,楅
3200,17,𦿁,17,𦿁,w504a0401,𦿁,17,20162,𦿁
3201,1,伏,1,伏,w504a0402,伏,1,20163,伏
3201,2,復,2,復,w504a0501,復,2,20164,復
3201,3,虙,3,虙,w504a0601,虙,3,20165,虙
3201,4,服,4,服,w504a0602,服,4,20166,服
3201,5,𦨈,5,𦨈,w504a0603,𦨈,5,20167,𦨈
3201,6,茯,6,茯,w504a0604,茯,6,20168,茯
3201,7,馥,7,馥,w504a0605,馥,7,20169,馥
3201,8,鵩,8,鵩,w504a0701,鵩,8,20170,鵩
3201,9,鞴,9,鞴,w504a0702,鞴,9,20171,鞴
3201,10,蕧,10,蕧,w504a0703,蕧,10,20172,蕧
3201,11,輹,11,輹,w504a0704,輹,11,20173,輹
3201,12,𨋩,12,𨋩,w504a0705,𨋩,12,20174,𨋩
3201,13,澓,13,澓,w504a0706,澓,13,20175,澓
3201,14,椱,14,椱,w504a0707,椱,14,20176,椱
3201,15,洑,15,洑,w504a0801,洑,15,20177,洑
3201,16,箙,16,箙,w504a0802,箙,16,20178,箙
3201,17,𩋟,17,𩋟,w504a0803,𩋟,17,20179,𩋟
3201,18,𨌥,18,𨌥,w504a0804,𨌥,18,20180,𨌥
3201,19,𤸑,19,𤸑,w504a0805,𤸑,19,20181,𤸑
3201,20,𪃃,20,𪃃,w504a0806,𪃃,20,20182,𪃃
3201,21,𩢰,21,𩢰,w504a0807,𩢰,21,20183,𩢰
3201,22,𥨍,22,𥨍,w504a0901,𥨍,22,20184,𥨍
3201,23,棴,23,棴,w504a0902,棴,23,20185,棴
3201,24,复,24,复,w504a0903,㚆,24,20186,复
3201,25,畐,25,畐,w504a0904,畐,25,20187,畐
3201,26,𩊙,26,𩊙,w504a0905,𩊙,26,20188,𩊙
3201,27,絥,27,絥,w504a0906,絥,27,20189,絥
3201,28,𩎧,28,𩎧,w504a0907,𩎧,28,20190,𩎧
3201,29,菔,29,菔,w504a0908,菔,29,20191,菔
3201,30,匐,30,匐,w504a0909,匐,30,20192,匐
3201,31,鰒,31,鰒,w504a1001,鰒,31,20193,鰒
3201,32,𥪋,32,𥪋,w504a1002,𥪋,32,20194,𥪋
3201,33,栿,33,栿,w504a1003,栿,33,20195,栿
3202,1,縮,1,縮,w504a1004,縮,1,20196,縮
3202,2,莤,2,莤,w504a1005,莤,2,20197,莤
3202,3,𩘹,3,𩘹,w504b0101,𩘹,3,20198,𩘹
3202,4,𧽏,4,𧽏,w504b0102,⿺走⿱灾夂〈𧼭〉,4,20199,𧼭
3202,5,樎,5,樎,w504b0103,樎,5,20200,樎
3202,6,謖,6,謖,w504b0104,謖,6,20201,謖
3202,7,䎘,7,䎘,w504b0105,䎘,7,20202,䎘
3202,8,㩋,8,㩋,w504b0106,㩋,8,20203,㩋
3202,9,蹜,9,蹜,w504b0201,蹜,9,20204,蹜
3202,10,摍,10,摍,w504b0202,摍,10,20205,摍
3202,11,𧐴,11,𧐴,w504b0203,𧐴,11,20206,𧐴
3202,12,摵,12,摵,w504b0204,摵,12,20207,摵
3202,13,謏,13,謏,w504b0301,謏,13,20208,謏
3203,1,六,1,六,w504b0302,六,1,20209,六
3203,2,陸,2,陸,w504b0303,陸,2,20210,陸
3203,3,戮,3,戮,w504b0401,戮,3,20211,戮
3203,4,剹,4,剹,w504b0402,剹,4,20212,剹
3203,5,勠,5,勠,w504b0403,勠,5,20213,勠
3203,6,稑,6,稑,w504b0404,稑,6,20214,稑
3203,7,穋,7,穋,w504b0405,穋,7,20215,穋
3203,8,鵱,8,鵱,w504b0406,鵱,8,20216,鵱
3203,9,蓼,9,蓼,w504b0501,蓼,9,20217,蓼
3203,10,𦾷,10,𦾷,w504b0502,𦾷,10,20218,𦾷
3203,11,𩣱,11,𩣱,w504b0503,𩣱,11,20219,𩣱
3203,12,鯥,12,鯥,w504b0504,鯥,12,20220,鯥
3203,13,𦸐,13,𦸐,w504b0505,𦸐,13,20221,𦸐
3203,14,磟,14,磟,w504b0506,磟,14,20222,磟
3203,15,𧌉,15,𧌉,w504b0507,𧌉,15,20223,𧌉
3203,16,淕,16,淕,w504b0508,淕,16,20224,淕
3203,17,䡜,17,䡜,w504b0601,䡜,17,20225,䡜
3203,18,坴,18,坴,w504b0602,坴,18,20226,坴
3203,19,𡴆,19,𡴆,w504b0603,𡴆,19,20227,𡴆
3203,20,踛,20,踛,w504b0604,踛,20,20228,踛
3203,21,僇,21,僇,w504b0605,僇,21,20229,僇
3203,22,𥚊,22,𥚊,w504b0606,𥚊,22,20230,𥚊
3204,1,逐,1,逐,w504b0607,逐,1,20231,逐
3204,2,軸,2,軸,w504b0701,軸,2,20232,軸
3204,3,碡,3,碡,w504b0702,碡,3,20233,碡
3204,4,妯,4,妯,w504b0703,妯,4,20234,妯
3204,5,舳,5,舳,w504b0704,舳,5,20235,舳
3204,6,鱁,6,鱁,w504b0705,鱁,6,20236,鱁
3204,7,𧏿,7,𧏿,w504b0706,𧏿,7,20237,𧏿
3204,8,筑,8,筑,w504b0707,筑,8,20238,筑
3204,9,蓫,9,蓫,w504b0801,蓫,9,20239,蓫
3204,10,柚,10,柚,w504b0802,柚,10,20240,柚
3204,11,䮱,11,䮱,w504b0803,䮱,11,20241,䮱
3204,12,篴,12,篴,w504b0804,篴,12,20242,篴
3205,1,菊,1,菊,w504b0805,菊,1,20243,菊
3205,2,鞠,2,鞠,w504b0901,鞠,2,20244,鞠
3205,3,蘜,3,蘜,w504b1001,蘜,3,20245,蘜
3205,4,𧃓,4,𧃓,w504b1002,𧃓,4,20246,𧃓
3205,5,㥌,5,㥌,w504b1003,㥌,5,20247,㥌
3205,6,𡙳,6,𡙳,w504b1004,𡙳,6,20248,𡙳
3205,7,掬,7,掬,w505a0101,掬,7,20249,掬
3205,8,匊,8,匊,w505a0102,匊,8,20250,匊
3205,9,𥷚,9,𥷚,w505a0103,𥷤,9,20251,𥷤
3205,10,𥱩,10,𥱩,w505a0104,𥲩,10,20252,𦶗
3205,11,鞫,11,鞫,w505a0105,鞫,11,20253,鞫
3205,12,𡫬,12,𡫬,w505a0106,𡫬,12,20254,𡫬
3205,13,𥩁,13,𥩁,w505a0107,𥩁,13,20255,𥩁
3205,14,㹼,14,㹼,w505a0108,㹼,14,20256,㹼
3205,15,𪈓,15,𪈓,w505a0109,𪈓,15,20257,𪈓
3205,16,鵴,16,鵴,w505a0201,鵴,16,20258,鵴
3205,17,𨸰,17,𨸰,w505a0202,𨸰,17,20259,𨸰
3205,18,㘲,18,㘲,w505a0203,㘲,18,20260,㘲
3205,19,㽤,19,㽤,w505a0204,㽤,19,20261,㽤
3205,20,䱡,20,䱡,w505a0205,䱡,20,20262,䱡
3205,21,椈,21,椈,w505a0301,椈,21,20263,椈
3205,22,巈,22,巈,w505a0302,巈,22,20264,巈
3205,23,𦥑,23,𦥑,w505a0303,𦥑,23,20265,𦥑
3205,24,䳔,24,䳔,w505a0304,䳔,24,20266,䳔
3205,25,𩛺,25,𩛺,w505a0305,𩛺,25,20267,𩛺
3205,26,諊,26,諊,w505a0306,諊,26,20268,諊
3205,27,𩬜,27,𩬜,w505a0307,𩬜,27,20269,𩬜
3205,28,踘,28,踘,w505a0308,踘,28,20270,踘
3205,29,閰,29,閰,w505a0401,閰,29,20271,閰
3205,30,𣐊,30,𣐊,w505a0402,𣐊,30,20272,𣐊
3205,31,𧿻,31,𧿻,w505a0403,𧿻,31,20273,𧿻
3205,32,泦,32,泦,w505a0404,泦,32,20274,泦
3205,33,趜,33,趜,w505a0405,趜,33,20275,趜
3206,1,麴,1,麴,w505a0406,麴,1,20276,麴
3206,2,𥶶,2,𥶶,w505a0407,𥶶,2,20277,𥶶
3206,3,𩍔,3,𩍔,w505a0501,𩍔,3,20278,𩍔
3206,4,鞠,4,鞠,w505a0502,鞠,4,20279,鞠
3206,5,𠤄,5,𠤄,w505a0503,𠤄,5,20280,𠤄
3207,1,熟,1,熟,w505a0504,熟,1,20281,熟
3207,2,孰,2,孰,w505a0505,孰,2,20282,孰
3207,3,淑,3,淑,w505a0506,淑,3,20283,淑
3207,4,塾,4,塾,w505a0507,塾,4,20284,塾
3207,5,𨷙,5,𨷙,w505a0601,𨷙,5,20285,𨷙
3207,6,璹,6,璹,w505a0602,璹,6,20286,璹
3207,7,婌,7,婌,w505a0603,婌,7,20287,婌
3207,8,䃞,8,䃞,w505a0604,䃞,8,20288,䃞
3208,1,俶,1,俶,w505a0605,俶,1,20289,俶
3208,2,柷,2,柷,w505a0701,柷,2,20290,柷
3208,3,琡,3,琡,w505a0702,琡,3,20291,琡
3208,4,𣥹,4,𣥹,w505a0703,𣥹,4,20292,𣥹
3208,5,埱,5,埱,w505a0704,埱,5,20293,埱
3209,1,育,1,育,w505a0705,育,1,20294,育
3209,2,毓,2,毓,w505a0801,毓,2,20295,毓
3209,3,鬻,3,鬻,w505a0802,鬻,3,20296,鬻
3209,4,粥,4,粥,w505a0803,粥,4,20297,粥
3209,5,𩱱,5,𩱱,w505a0804,𩱱,5,20298,𩱱
3209,6,䋭,6,䋭,w505a0805,䋭,6,20299,䋭
3209,7,𧷗,7,𧷗,w505a0901,𧷗,7,20300,𧷗
3209,8,儥,8,儥,w505a0902,儥,8,20301,儥
3209,9,棛,9,棛,w505a0903,棛,9,20302,棛
3209,10,錥,10,錥,w505a0904,錥,10,20303,錥
3209,11,煜,11,煜,w505a0905,煜,11,20304,煜
3209,12,焴,12,焴,w505a0906,焴,12,20305,焴
3209,13,昱,13,昱,w505a1001,昱,13,20306,昱
3209,14,蒮,14,蒮,w505a1002,蒮,14,20307,蒮
3209,15,淯,15,淯,w505a1003,淯,15,20308,淯
3209,16,蜟,16,蜟,w505a1004,蜟,16,20309,蜟
3209,17,𢌻,17,𢌻,w505a1005,𢌻,17,20310,𢌻
3209,18,堉,18,堉,w505a1006,堉,18,20311,堉
3209,19,喅,19,喅,w505b0101,喅,19,20312,喅
3209,20,𤳕,20,𤳕,w505b0102,𤳕,20,20313,𤳕
3209,21,𥉑,21,𥉑,w505b0103,𥉑,21,20314,𥉑
3209,22,逳,22,逳,w505b0104,逳,22,20315,逳
3209,23,𦱀,23,𦱀,w505b0105,𦱀,23,20316,𦱀
3209,24,蘛,24,蘛,w505b0106,蘛,24,20317,蘛
3210,1,驧,1,驧,w505b0107,驧,1,20318,驧
3210,2,𩣽,2,𩣽,w505b0201,𩣽,2,20319,𩣽
3210,3,趜,3,趜,w505b0202,趜,3,20320,趜
3210,4,䱡,4,䱡,w505b0203,䱡,4,20321,䱡
3210,5,鵴,5,鵴,w505b0204,鵴,5,20322,鵴
3210,6,𪁁,6,𪁁,w505b0205,𪁁,6,20323,𪁁
3210,7,鞠,7,鞠,w505b0206,鞠,7,20324,鞠
3210,8,毱,8,毱,w505b0301,毱,8,20325,毱
3210,9,䗇,9,䗇,w505b0302,䗇,9,20326,䗇
3210,10,踘,10,踘,w505b0303,踘,10,20327,踘
3210,11,䜯,11,䜯,w505b0304,䜯,11,20328,䜯
3210,12,𠤄,12,𠤄,w505b0305,𠤄,12,20329,𠤄
3211,1,鼀,1,鼀,w505b0306,鼀,1,20330,鼀
3211,2,蹴,2,蹴,w505b0401,蹴,2,20331,蹴
3211,3,殧,3,殧,w505b0402,殧,3,20332,殧
3212,1,肉,1,肉,w505b0403,肉,1,20333,肉
3212,2,衄,2,衄,w505b0404,衄,2,20334,衄
3212,3,鮞,3,鮞,w505b0405,鮞,3,20335,鮞
3213,1,粥,1,粥,w505b0406,粥,1,20336,粥
3213,2,喌,2,喌,w505b0407,喌,2,20337,喌
3213,3,祝,3,祝,w505b0501,祝,3,20338,祝
3213,4,柷,4,柷,w505b0502,柷,4,20339,柷
3213,5,琡,5,琡,w505b0601,琡,5,20340,琡
3214,1,叔,1,叔,w505b0602,叔,1,20341,叔
3214,2,儵,2,儵,w505b0701,儵,2,20342,儵
3214,3,倐〈倏〉,3,倐〈倏〉,w505b0702,倐,3,20343,倐
3214,4,透,4,透,w505b0703,透,4,20344,透
3214,5,虪,5,虪,w505b0704,虪,5,20345,虪
3214,6,跾,6,跾,w505b0801,跾,6,20346,𨁀
3214,7,鮛,7,鮛,w505b0802,鮛,7,20347,鮛
3214,8,掓,8,掓,w505b0803,掓,8,20348,掓
3214,9,𢞣,9,𢞣,w505b0804,𢞣,9,20349,𢞣
3214,10,翛,10,翛,w505b0901,翛,10,20350,翛
3214,11,尗,11,尗,w505b0902,尗,11,20351,尗
3214,12,菽,12,菽,w505b0903,菽,12,20352,菽
3214,13,㶖,13,㶖,w505b0904,㶖,13,20353,㶖
3215,1,蓄,1,蓄,w505b0905,蓄,1,20354,蓄
3215,2,稸,2,稸,w505b0906,稸,2,20355,稸
3215,3,畜,3,畜,w505b0907,畜,3,20356,畜
3215,4,𤲸,4,𤲸,w505b1001,𤲸,4,20357,𤲸
3215,5,㜅,5,㜅,w505b1002,㜅,5,20358,㜅
3215,6,鄐,6,鄐,w505b1003,鄐,6,20359,鄐
3215,7,荲,7,荲,w506a0101,荲,7,20360,荲
3215,8,蓫,8,蓫,w506a0102,蓫,8,20361,蓫
3215,9,慉,9,慉,w506a0103,慉,9,20362,慉
3215,10,𥈆,10,𥈆,w506a0104,𥈆,10,20363,𥈆
3216,1,竹,1,竹,w506a0105,竹,1,20364,竹
3216,2,竺,2,竺,w506a0301,竺,2,20365,竺
3216,3,筑,3,筑,w506a0401,筑,3,20366,筑
3216,4,築,4,築,w506a0402,築,4,20367,築
3216,5,𥴁,5,𥴁,w506a0403,𥴁,5,20368,𥴁
3216,6,茿,6,茿,w506a0501,茿,6,20369,茿
3217,1,蹙,1,蹙,w506a0502,蹙,1,20370,蹙
3217,2,踧,2,踧,w506a0503,踧,2,20371,踧
3217,3,𧑙,3,𧑙,w506a0504,𧑙,3,20372,𧑙
3217,4,𠴫,4,𠴫,w506a0505,𠴫,4,20373,𠴫
3217,5,㗤,5,㗤,w506a0601,㗤,5,20374,㗤
3217,6,噈,6,噈,w506a0602,噈,6,20375,噈
3217,7,摵,7,摵,w506a0603,摵,7,20376,摵
3217,8,槭,8,槭,w506a0604,槭,8,20377,槭
3217,9,殧,9,殧,w506a0605,殧,9,20378,殧
3217,10,𣤶,10,𣤶,w506a0606,𣤶,10,20379,𣤶
3217,11,𥷛〈𥷼〉,11,𥷛〈𥷼〉,w506a0607,𥷛〈𥷼〉,11,20380,𥷛
3217,12,縬,12,縬,w506a0701,縬,12,20381,縬
3217,13,𣢰,13,𣢰,w506a0702,𣢰,13,20382,𣢰
3217,14,𦟠,14,𦟠,w506a0703,𦟠,14,20383,𦟠
3217,15,顣,15,顣,w506a0704,顣,15,20384,顣
3217,16,䙘,16,䙘,w506a0705,䙘,16,20385,䙘
3217,17,蹴,17,蹴,w506a0706,蹴,17,20386,蹴
3218,1,珿,1,珿,w506a0707,珿,1,20387,珿
3218,2,矗,2,矗,w506a0801,矗,2,20388,矗
3218,3,𪘏,3,𪘏,w506a0802,𪘏,3,20389,𪘏
3218,4,𨴖,4,𨴖,w506a0803,𨴖,4,20390,𨴖
3218,5,𧯩,5,𧯩,w506a0804,𧯩,5,20391,𧯩
3218,6,䎌,6,䎌,w506a0805,䎌,6,20392,䎌
3219,1,肭〈朒〉,1,肭〈朒〉,w506a0806,肭〈朒〉,1,20393,肭
3219,2,恧,2,恧,w506a0901,恧,2,20394,恧
3219,3,𦗂,3,𦗂,w506a0902,𦗂,3,20395,𦗂
3219,4,忸,4,忸,w506a0903,忸,4,20396,忸
3219,5,衄,5,衄,w506a0904,衄,5,20397,衄
3219,6,䖡,6,䖡,w506a0905,䖡,6,20398,䖡
3219,7,䂇,7,䂇,w506a0906,䂇,7,20399,䂇
3219,8,沑,8,沑,w506a0907,沑,8,20400,沑
3220,1,縬,1,縬,w506a0908,縬,1,20401,縬
3220,2,𡎺,2,𡎺,w506a1001,𡎺,2,20402,𡎺
3221,1,蝮,1,蝮,w506a1002,蝮,1,20403,蝮
3221,2,覆,2,覆,w506a1003,覆,2,20404,覆
3221,3,蕧,3,蕧,w506a1004,蕧,3,20405,蕧
3221,4,𩯅,4,𩯅,w506b0101,𩯅,4,20406,𩯅
3221,5,副,5,副,w506b0102,副,5,20407,副
3221,6,㙏,6,㙏,w506b0103,㙏,6,20408,㙏
3221,7,𥨍,7,𥨍,w506b0104,𥨍,7,20409,𥨍
3221,8,䔰,8,䔰,w506b0105,䔰,8,20410,䔰
3222,1,郁,1,郁,w506b0106,郁,1,20411,郁
3222,2,戫,2,戫,w506b0201,戫,2,20412,戫
3222,3,彧,3,彧,w506b0202,彧,3,20413,彧
3222,4,燠,4,燠,w506b0301,燠,4,20414,燠
3222,5,栯,5,栯,w506b0302,栯,5,20415,栯
3222,6,噢,6,噢,w506b0303,噢,6,20416,噢
3222,7,墺,7,墺,w506b0304,墺,7,20417,墺
3222,8,䐿,8,䐿,w506b0305,䐿,8,20418,䐿
3222,9,薁,9,薁,w506b0306,薁,9,20419,薁
3222,10,澳,10,澳,w506b0307,澳,10,20420,澳
3222,11,隩,11,隩,w506b0308,隩,11,20421,隩
3222,12,䉛,12,䉛,w506b0401,䉛,12,20422,䉛
3222,13,𣢜,13,𣢜,w506b0402,𣢜,13,20423,𣢜
3222,14,𨞓,14,𨞓,w506b0403,𨞓,14,20424,𨞓
3222,15,𪑝,15,𪑝,w506b0404,𪑝,15,20425,𪑝
3222,16,稶,16,稶,w506b0405,稶,16,20426,稶
3222,17,懊,17,懊,w506b0406,懊,17,20427,懊
3222,18,㰲,18,㰲,w506b0407,㰲,18,20428,㰲
3222,19,𠸹,19,𠸹,w506b0501,𠸹,19,20429,𠸹
3222,20,𨪎,20,𨪎,w506b0502,𨪎,20,20430,𨪎
3223,1,肅,1,肅,w506b0503,肅,1,20431,肅
3223,2,宿,2,宿,w506b0601,宿,2,20432,宿
3223,3,蓿,3,蓿,w506b0701,蓿,3,20433,蓿
3223,4,夙,4,夙,w506b0801,夙,4,20434,夙
3223,5,𠉦,5,𠉦,w506b0901,𠈇,5,20435,𠉦
3223,6,𠈇,6,𠈇,w506b0902,𠉦,6,20436,𠈇
3223,7,玊,7,玊,w506b0903,玊,7,20437,玊
3223,8,鷫,8,鷫,w506b0904,鷫,8,20438,鷫
3223,9,𪂸,9,𪂸,w506b1001,𪄑,9,20439,𪂸
3223,10,蟰,10,蟰,w506b1002,蟰,10,20440,蟰
3223,11,驌,11,驌,w506b1003,驌,11,20441,驌
3223,12,䎘,12,䎘,w506b1004,䎘,12,20442,䎘
3223,13,𩘹,13,𩘹,w506b1005,𩘹,13,20443,𩘹
3223,14,鱐,14,鱐,w507a0101,鱐,14,20444,鱐
3223,15,䃤,15,䃤,w507a0102,䃤,15,20445,䃤
3223,16,𤥔,16,𤥔,w507a0103,㓘,16,20446,𤥔
3223,17,潚,17,潚,w507a0104,潚,17,20447,潚
3223,18,橚,18,橚,w507a0105,橚,18,20448,橚
3223,19,㩋,19,㩋,w507a0106,㩋,19,20449,㩋
3223,20,䑿,20,䑿,w507a0107,䑿,20,20450,䑿
3223,21,㑉,21,㑉,w507a0108,㑉,21,20451,㑉
3223,22,璛,22,璛,w507a0201,璛,22,20452,璛
3223,23,㪩,23,㪩,w507a0202,㪩,23,20453,㪩
3224,1,目,1,目,w507a0203,目,1,20454,目
3224,2,睦,2,睦,w507a0204,睦,2,20455,睦
3224,3,穆,3,穆,w507a0301,穆,3,20456,穆
3224,4,苜,4,苜,w507a0302,苜,4,20457,苜
3224,5,𦱒,5,𦱒,w507a0303,𦱒,5,20458,𦱒
3224,6,牧,6,牧,w507a0304,牧,6,20459,牧
3224,7,㙁,7,㙁,w507a0401,㙁,7,20460,㙁
3224,8,繆,8,繆,w507a0402,繆,8,20461,繆
3224,9,萺,9,萺,w507a0403,萺,9,20462,萺
3224,10,㣎,10,㣎,w507a0501,㣎,10,20463,㣎
3224,11,㾇,11,㾇,w507a0502,㾇,11,20464,㾇
3225,1,囿,1,囿,w507a0503,囿,1,20465,囿
3225,2,哊,2,哊,w507a0504,哊,2,20466,哊
3226,1,蓄,1,蓄,w507a0505,蓄,1,20467,蓄
3226,2,稸,2,稸,w507a0601,稸,2,20468,稸
3226,3,滀,3,滀,w507a0602,滀,3,20469,滀
3226,4,苖,4,苖,w507a0603,苖,4,20470,苖
3226,5,荲,5,荲,w507a0604,荲,5,20471,荲
3226,6,蓫,6,蓫,w507a0605,蓫,6,20472,蓫
3226,7,敊,7,敊,w507a0606,敊,7,20473,敊
3226,8,傗,8,傗,w507a0701,傗,8,20474,傗
3226,9,鄐,9,鄐,w507a0702,鄐,9,20475,鄐
3226,10,矗,10,矗,w507a0703,矗,10,20476,矗
3227,1,砡,1,砡,w507a0704,砡,1,20477,砡
3228,1,𣤶,1,𣤶,w507a0705,𣤶,1,20478,𣤶
3229,1,沃,1,沃,w507a0801,沃,1,20479,沃
3229,2,鋈,2,鋈,w507a0802,鋈,2,20480,鋈
3229,3,鱟,3,鱟,w507a0803,鱟,3,20481,鱟
3229,4,䑁,4,䑁,w507a0804,䑁,4,20482,䑁
3229,5,䁷,5,䁷,w507a0805,䁷,5,20483,䁷
3229,6,觷,6,觷,w507a0901,觷,6,20484,觷
3229,7,䮸,7,䮸,w507a0902,䮸,7,20485,䮸
3230,1,毒,1,毒,w507a0903,毒,1,20486,毒
3230,2,𡹆,2,𡹆,w507a0904,𡹆,2,20487,𡹆
3230,3,𦺇,3,𦺇,w507a0905,𦺇,3,20488,𦺇
3230,4,蝳,4,蝳,w507a1001,蝳,4,20489,蝳
3230,5,瑇,5,瑇,w507a1002,瑇,5,20490,瑇
3230,6,纛,6,纛,w507a1003,纛,6,20491,纛
3230,7,𢃶,7,𢃶,w507a1004,𢃶,7,20492,𢃶
3230,8,碡,8,碡,w507a1005,碡,8,20493,碡
3231,1,篤,1,篤,w507a1006,篤,1,20494,篤
3231,2,竺,2,竺,w507a1007,竺,2,20495,竺
3231,3,督,3,督,w507b0101,督,3,20496,督
3231,4,𧝴,4,𧝴,w507b0102,𧝴,4,20497,𧝴
3231,5,𧛔,5,𧛔,w507b0103,𧛔,5,20498,𧛔
3231,6,𧞶,6,𧞶,w507b0104,𧞶,6,20499,𧞶
3231,7,錖,7,錖,w507b0105,錖,7,20500,錖
3231,8,𤬂,8,𤬂,w507b0201,𤬂,8,20501,𤬂
3231,9,𥓍,9,𥓍,w507b0202,𥓍,9,20502,𥓍
3231,10,裻,10,裻,w507b0203,裻,10,20503,裻
3231,11,𡰪,11,𡰪,w507b0204,𡰪,11,20504,𡰪
3232,1,酷,1,酷,w507b0205,酷,1,20505,酷
3232,2,焅,2,焅,w507b0206,焅,2,20506,焅
3232,3,𥞴,3,𥞴,w507b0301,𥞴,3,20507,𥞴
3232,4,嚳,4,嚳,w507b0302,嚳,4,20508,嚳
3232,5,硞,5,硞,w507b0303,硞,5,20509,硞
3232,6,𡷥,6,𡷥,w507b0304,𡷥,6,20510,𡷥
3233,1,鵠,1,鵠,w507b0305,鵠,1,20511,鵠
3233,2,㿥,2,㿥,w507b0306,㿥,2,20512,㿥
3233,3,翯,3,翯,w507b0401,翯,3,20513,翯
3233,4,隺,4,隺,w507b0402,隺,4,20514,隺
3233,5,𤌍,5,𤌍,w507b0403,𤌍,5,20515,𤌍
3233,6,頶,6,頶,w507b0404,頶,6,20516,頶
3233,7,𨴬,7,𨴬,w507b0405,𨴬,7,20517,𨴬
3233,8,礐,8,礐,w507b0406,礐,8,20518,礐
3234,1,僕,1,僕,w507b0407,僕,1,20519,僕
3234,2,䑑,2,䑑,w507b0501,䑑,2,20520,瞨
3234,3,鏷,3,鏷,w507b0502,鏷,3,20521,鏷
3234,4,䗱,4,䗱,w507b0601,䗱,4,20522,䗱
3234,5,轐,5,轐,w507b0602,轐,5,20523,轐
3234,6,䴆,6,䴆,w507b0603,䴆,6,20524,䴆
3235,1,洬,1,洬,w507b0604,洬,1,20525,洬
3235,2,裻,2,裻,w507b0605,裻,2,20526,裻
3236,1,梏,1,梏,w507b0701,梏,1,20527,梏
3236,2,牿,2,牿,w507b0702,牿,2,20528,牿
3236,3,䧼,3,䧼,w507b0703,䧼,3,20529,䧼
3236,4,䅵,4,䅵,w507b0704,䅵,4,20530,䅵
3236,5,告,5,告,w507b0705,吿,5,20531,告
3236,6,郜,6,郜,w507b0706,郜,6,20532,郜
3236,7,祰,7,祰,w507b0801,祰,7,20533,祰
3236,8,䧊,8,䧊,w507b0802,䧊,8,20534,䧊
3236,9,䶜,9,䶜,w507b0803,䶜,9,20535,䶜
3237,1,瑁,1,瑁,w507b0804,瑁,1,20536,瑁
3237,2,𣔺,2,𣔺,w507b0805,𣔺,2,20537,𣔺
3237,3,媢,3,媢,w507b0806,媢,3,20538,媢
3237,4,艒,4,艒,w507b0807,艒,4,20539,艒
3237,5,萺,5,萺,w507b0901,萺,5,20540,萺
3238,1,熇,1,熇,w507b0902,熇,1,20541,熇
3238,2,臛,2,臛,w507b0903,臛,2,20542,臛
3238,3,嚛,3,嚛,w507b0904,嚛,3,20543,嚛
3238,4,歊,4,歊,w507b0905,歊,4,20544,歊
3239,1,褥,1,褥,w507b0906,褥,1,20545,褥
3239,2,傉,2,傉,w507b1001,傉,2,20546,傉
3239,3,耨,3,耨,w507b1002,耨,3,20547,耨
3239,4,搙,4,搙,w507b1003,搙,4,20548,搙
3240,1,傶,1,傶,w507b1004,傶,1,20549,傶
3240,2,𣪻〈𣪲〉,2,𣪻〈𣪲〉,w507b1005,𣪻〈𣫞〉,2,20550,𣪻
3240,3,錊,3,錊,w507b1006,錊,3,20551,錊
3241,1,襮,1,襮,w507b1007,襮,1,20552,襮
3241,2,犦,2,犦,w508a0101,犦,2,20553,犦
3241,3,𪇰,3,𪇰,w508a0102,𪇰,3,20554,𪇰
3242,1,濼,1,濼,w508a0103,濼,1,20555,濼
3243,1,𤛹,1,𤛹,w508a0104,𤛹,1,20556,𤛹
3244,1,燭,1,燭,w508a0201,燭,1,20557,燭
3244,2,屬,2,屬,w508a0202,屬,2,20558,屬
3244,3,属,3,属,w508a0301,属,3,20559,属
3244,4,矚,4,矚,w508a0302,矚,4,20560,矚
3244,5,䌵,5,䌵,w508a0303,䌵,5,20561,䌵
3244,6,囑,6,囑,w508a0304,囑,6,20562,囑
3244,7,鸀,7,鸀,w508a0305,鸀,7,20563,鸀
3244,8,䟉,8,䟉,w508a0306,䟉,8,20564,䟉
3244,9,㰲,9,㰲,w508a0307,㰲,9,20565,㰲
3244,10,噣,10,噣,w508a0308,噣,10,20566,噣
3244,11,蠾,11,蠾,w508a0401,蠾,11,20567,蠾
3244,12,韣,12,韣,w508a0402,韣,12,20568,韣
3244,13,蠋,13,蠋,w508a0403,蠋,13,20569,蠋
3245,1,玉,1,玉,w508a0404,玉,1,20570,玉
3245,2,獄,2,獄,w508a0501,獄,2,20571,獄
3245,3,鳿,3,鳿,w508a0601,鳿,3,20572,鳿
3245,4,頊,4,頊,w508a0602,頊,4,20573,頊
3246,1,旭,1,旭,w508a0603,旭,1,20574,旭
3246,2,頊,2,頊,w508a0604,頊,2,20575,頊
3246,3,勗〈勖〉,3,勗〈勖〉,w508a0701,勗,3,20576,勗
3246,4,𩔴,4,𩔴,w508a0702,𩔴,4,20577,𩔴
3246,5,𩪉,5,𩪉,w508a0703,𩪉,5,20578,𩪉
3247,1,輂,1,輂,w508a0704,輂,1,20579,輂
3247,2,絭,2,絭,w508a0705,絭,2,20580,絭
3247,3,鋦,3,鋦,w508a0801,鋦,3,20581,鋦
3247,4,挶,4,挶,w508a0802,挶,4,20582,挶
3247,5,𦥑,5,𦥑,w508a0803,𦥑,5,20583,𦥑
3247,6,梮,6,梮,w508a0804,梮,6,20584,梮
3247,7,䡞,7,䡞,w508a0805,䡞,7,20585,䡞
3247,8,㮂,8,㮂,w508a0806,㮂,8,20586,㮂
3247,9,䋰,9,䋰,w508a0807,䋰,9,20587,䋰
3247,10,拲,10,拲,w508a0808,拲,10,20588,拲
3247,11,𦅽,11,𦅽,w508a0901,𦅽,11,20589,𦅽
3247,12,𧤑,12,𧤑,w508a0902,𧤑,12,20590,𧤑
3248,1,局,1,局,w508a0903,局,1,20591,局
3248,2,跼,2,跼,w508a0904,跼,2,20592,跼
3248,3,駶,3,駶,w508a0905,駶,3,20593,駶
3248,4,侷,4,侷,w508a0906,侷,4,20594,侷
3248,5,䎤,5,䎤,w508a1001,䎤,5,20595,䎤
3249,1,蜀,1,蜀,w508a1002,蜀,1,20596,蜀
3249,2,韣,2,韣,w508a1003,韣,2,20597,韣
3249,3,蠾,3,蠾,w508a1004,蠾,3,20598,蠾
3249,4,㯮,4,㯮,w508b0101,㯮,4,20599,欘
3249,5,䙱,5,䙱,w508b0102,䙱,5,20600,䙱
3249,6,襩,6,襩,w508b0103,襩,6,20601,襩
3249,7,㒔,7,㒔,w508b0104,㒔,7,20602,㒔
3249,8,襡,8,襡,w508b0105,襡,8,20603,襡
3249,9,屬,9,屬,w508b0106,屬,9,20604,屬
3249,10,属,10,属,w508b0201,属,10,20605,属
3249,11,㻿,11,㻿,w508b0202,㻿,11,20606,㻿
3249,12,鐲,12,鐲,w508b0203,鐲,12,20607,鐲
3250,1,觸,1,觸,w508b0204,觸,1,20608,觸
3250,2,觕,2,觕,w508b0205,觕,2,20609,觕
3250,3,歜,3,歜,w508b0206,歜,3,20610,歜
3250,4,臅,4,臅,w508b0207,臅,4,20611,臅
3251,1,辱,1,辱,w508b0301,辱,1,20612,辱
3251,2,蓐,2,蓐,w508b0302,蓐,2,20613,蓐
3251,3,褥,3,褥,w508b0303,褥,3,20614,褥
3251,4,鄏,4,鄏,w508b0304,鄏,4,20615,鄏
3251,5,縟,5,縟,w508b0401,縟,5,20616,縟
3251,6,溽,6,溽,w508b0402,溽,6,20617,溽
3251,7,㦺,7,㦺,w508b0403,㦺,7,20618,㦺
3251,8,媷,8,媷,w508b0404,媷,8,20619,媷
3251,9,嗕,9,嗕,w508b0405,嗕,9,20620,嗕
3251,10,𪑾,10,𪑾,w508b0406,𪑾,10,20621,𪑾
3251,11,𩱜〈𩱨〉,11,𩱜〈𩱨〉,w508b0407,𩱜〈𩱨〉,11,20622,𩱜
3252,1,束,1,束,w508b0408,束,1,20623,束
3252,2,㑛,2,㑛,w508b0501,㑛,2,20624,㑛
3253,1,欲,1,欲,w508b0502,欲,1,20625,欲
3253,2,浴,2,浴,w508b0503,浴,2,20626,浴
3253,3,鵒,3,鵒,w508b0601,鵒,3,20627,鵒
3253,4,𩀑,4,𩀑,w508b0602,𩀑,4,20628,𩀑
3253,5,鋊,5,鋊,w508b0603,鋊,5,20629,鋊
3253,6,輍,6,輍,w508b0604,輍,6,20630,輍
3253,7,慾,7,慾,w508b0605,慾,7,20631,慾
3253,8,𤞞,8,𤞞,w508b0606,𤞞,8,20632,𤞞
3253,9,谷,9,谷,w508b0607,谷,9,20633,谷
3254,1,躅,1,躅,w508b0701,躅,1,20634,躅
3254,2,䠱,2,䠱,w508b0702,䠱,2,20635,蠾
3254,3,蠋,3,蠋,w508b0703,蠋,3,20636,蠋
3255,1,錄,1,錄,w508b0704,録,1,20637,録
3255,2,淥,2,淥,w508b0801,渌,2,20638,渌
3255,3,䚄,3,䚄,w508b0802,䚄,3,20639,䚄
3255,4,綠,4,綠,w508b0803,緑,4,20640,綠
3255,5,醁,5,醁,w508b0901,醁,5,20641,醁
3255,6,騄,6,騄,w508b0902,騄,6,20642,騄
3255,7,娽,7,娽,w508b0903,娽,7,20643,娽
3255,8,菉,8,菉,w508b0904,菉,8,20644,菉
3255,9,逯,9,逯,w508b1001,逯,9,20645,逯
3255,10,䱚,10,䱚,w508b1002,䱚,10,20646,䱚
3255,11,籙,11,籙,w508b1003,籙,11,20647,籙
3255,12,碌,12,碌,w509a0101,碌,12,20648,碌
3255,13,䟿,13,䟿,w509a0102,䟿,13,20649,䟿
3255,14,𧨹,14,𧨹,w509a0103,𧨹,14,20650,𧨹
3255,15,趢,15,趢,w509a0104,趢,15,20651,趢
3255,16,㫽,16,㫽,w509a0105,㫽,16,20652,㫽
3255,17,㪖,17,㪖,w509a0106,㪖,17,20653,㪖
3256,1,曲,1,曲,w509a0107,曲,1,20654,曲
3256,2,䱡,2,䱡,w509a0201,䱡,2,20655,䱡
3256,3,䒼,3,䒼,w509a0202,䒼,3,20656,䒼
3256,4,匤,4,匤,w509a0203,匤,4,20657,匤
3257,1,瘃,1,瘃,w509a0301,瘃,1,20658,瘃
3257,2,𤷚,2,𤷚,w509a0302,𤷚,2,20659,𤷚
3257,3,孎,3,孎,w509a0303,孎,3,20660,孎
3257,4,斸,4,斸,w509a0304,斸,4,20661,斸
3257,5,钃,5,钃,w509a0305,钃,5,20662,钃
3257,6,欘,6,欘,w509a0306,欘,6,20663,欘
3257,7,𢒔,7,𢒔,w509a0307,𢒔,7,20664,𢒔
3258,1,足,1,足,w509a0401,足,1,20665,足
3258,2,哫,2,哫,w509a0402,哫,2,20666,哫
3259,1,贖,1,贖,w509a0403,贖,1,20667,贖
3259,2,𩌮,2,𩌮,w509a0501,𩌮,2,20668,𩌮
3259,3,䴰〈䴬〉,3,䴰〈䴬〉,w509a0502,䴰〈䴬〉,3,20669,䴰
3260,1,幞,1,幞,w509a0503,幞,1,20670,幞
3260,2,襆,2,襆,w509a0601,襆,2,20671,襆
3261,1,促,1,促,w509a0602,促,1,20672,促
3261,2,誎,2,誎,w509a0603,誎,2,20673,誎
3261,3,趗,3,趗,w509a0604,趗,3,20674,趗
3261,4,𤗁,4,𤗁,w509a0605,𤗁,4,20675,𤗁
3261,5,𦠁,5,𦠁,w509a0606,𦠁,5,20676,𦠁
3261,6,㹱,6,㹱,w509a0607,㹱,6,20677,㹱
3262,1,續,1,續,w509a0608,續,1,20678,續
3262,2,俗,2,俗,w509a0701,俗,2,20679,俗
3262,3,藚,3,藚,w509a0702,藚,3,20680,藚
3262,4,𩌮,4,𩌮,w509a0703,𩌮,4,20681,𩌮
3263,1,粟,1,粟,w509a0704,粟,1,20682,粟
3263,2,𥻆,2,𥻆,w509a0801,𥻆,2,20683,𥻆
3263,3,憟,3,憟,w509a0802,憟,3,20684,憟
3263,4,涑,4,涑,w509a0803,涑,4,20685,涑
3263,5,𣯼,5,𣯼,w509a0804,𣯼,5,20686,𣯼
3263,6,玊,6,玊,w509a0805,玊,6,20687,玊
3263,7,㔄,7,㔄,w509a0901,㔄,7,20688,㔄
3264,1,䪁,1,䪁,w509a0902,䪁,1,20689,䪁
3265,1,梀,1,梀,w509a0903,梀,1,20690,梀
3265,2,亍,2,亍,w509a0904,亍,2,20691,亍
3265,3,𥹵,3,𥹵,w509a0905,𥹵,3,20692,𥹵
3265,4,𧼙,4,𧼙,w509a0906,𧼙,4,20693,𧼙
3265,5,𢒔,5,𢒔,w509a1001,𢒔,5,20694,𢒔
3265,6,㙇,6,㙇,w509a1002,㙇,6,20695,㙇
3265,7,豖,7,豖,w509a1003,豖,7,20696,豖
3266,1,覺,1,覺,w509b0101,覺,1,20697,覺
3266,2,斠,2,斠,w509b0102,斠,2,20698,斠
3266,3,角,3,角,w509b0103,角,3,20699,角
3266,4,桷,4,桷,w509b0301,桷,4,20700,桷
3266,5,較,5,較,w509b0302,較,5,20701,較
3266,6,䡈,6,䡈,w509b0303,䡈,6,20702,䡈
3266,7,珏,7,珏,w509b0304,𤤴,7,20703,珏
3266,8,瑴,8,瑴,w509b0305,瑴,8,20704,瑴
3266,9,䮸,9,䮸,w509b0306,䮸,9,20705,䮸
3266,10,䚫,10,䚫,w509b0401,䚫,10,20706,䚫
3266,11,榷,11,榷,w509b0402,榷,11,20707,榷
3266,12,捔,12,捔,w509b0403,捔,12,20708,捔
3266,13,搉,13,搉,w509b0404,搉,13,20709,搉
3266,14,䁷,14,䁷,w509b0405,䁷,14,20710,䁷
3266,15,梏,15,梏,w509b0406,梏,15,20711,梏
3266,16,傕,16,傕,w509b0407,傕,16,20712,傕
3266,17,䮤,17,䮤,w509b0501,䮤,17,20713,䮤
3266,18,龣,18,龣,w509b0502,龣,18,20714,龣
3267,1,嶽,1,嶽,w509b0503,嶽,1,20715,嶽
3267,2,岳,2,岳,w509b0504,岳,2,20716,岳
3267,3,樂,3,樂,w509b0505,樂,3,20717,樂
3267,4,鸑,4,鸑,w509b0601,鸑,4,20718,鸑
3267,5,𩓥,5,𩓥,w509b0602,𩓥,5,20719,𩓥
3267,6,觷,6,觷,w509b0701,觷,6,20720,觷
3267,7,捳,7,捳,w509b0702,捳,7,20721,捳
3267,8,㹊,8,㹊,w509b0703,㹊,8,20722,㹊
3268,1,浞,1,浞,w509b0704,浞,1,20723,浞
3268,2,丵,2,丵,w509b0705,丵,2,20724,丵
3268,3,鋜,3,鋜,w509b0706,鋜,3,20725,鋜
3268,4,灂,4,灂,w509b0801,灂,4,20726,灂
3268,5,鷟,5,鷟,w509b0802,鷟,5,20727,鷟
3268,6,捔,6,捔,w509b0803,捔,6,20728,捔
3268,7,澩,7,澩,w509b0804,澩,7,20729,澩
3268,8,篧,8,篧,w509b0805,篧,8,20730,篧
3268,9,汋,9,汋,w509b0806,汋,9,20731,汋
3268,10,齺,10,齺,w509b0901,齺,10,20732,齺
3268,11,𤉐,11,𤉐,w509b0902,𤉐,11,20733,𢋱
3268,12,簎,12,簎,w509b0903,簎,12,20734,簎
3269,1,捉,1,捉,w509b0904,捉,1,20735,捉
3269,2,穛,2,穛,w509b0905,穛,2,20736,穛
3269,3,𥼚,3,𥼚,w509b0906,𥼚,3,20737,𥼚
3269,4,穱,4,穱,w509b0907,穱,4,20738,穱
3269,5,斮,5,斮,w509b1001,斮,5,20739,斮
3269,6,篧,6,篧,w509b1002,篧,6,20740,篧
3269,7,𧂒,7,𧂒,w509b1003,𧂒,7,20741,𧂒
3270,1,朔,1,朔,w509b1004,朔,1,20742,朔
3270,2,欶,2,欶,w510a0101,欶,2,20743,欶
3270,3,嗽,3,嗽,w510a0102,嗽,3,20744,嗽
3270,4,矟,4,矟,w510a0103,矟,4,20745,矟
3270,5,槊,5,槊,w510a0104,槊,5,20746,槊
3270,6,蒴,6,蒴,w510a0105,蒴,6,20747,蒴
3270,7,數,7,數,w510a0106,數,7,20748,數
3270,8,箾,8,箾,w510a0107,箾,8,20749,箾
3270,9,𦂗,9,𦂗,w510a0201,𦂗,9,20750,𦂗
3270,10,㮶,10,㮶,w510a0202,㮶,10,20751,㮶
3270,11,揱,11,揱,w510a0203,揱,11,20752,揱
3270,12,𦋞,12,𦋞,w510a0204,𦋞,12,20753,𦋞
3271,1,斲,1,斲,w510a0205,斲,1,20754,斲
3271,2,涿,2,涿,w510a0206,涿,2,20755,涿
3271,3,諑,3,諑,w510a0207,諑,3,20756,諑
3271,4,㧻,4,㧻,w510a0301,㧻〈椓〉,4,20757,㧻
3271,5,琢,5,琢,w510a0302,琢,5,20758,琢
3271,6,孎,6,孎,w510a0303,孎,6,20759,孎
3271,7,卓,7,卓,w510a0304,卓,7,20760,卓
3271,8,桌,8,桌,w510a0305,桌,8,20761,桌
3271,9,𥢔,9,𥢔,w510a0306,𥢔,9,20762,𥢔
3271,10,啄,10,啄,w510a0307,啄,10,20763,啄
3271,11,斀,11,斀,w510a0401,斀,11,20764,斀
3271,12,啅,12,啅,w510a0402,啅,12,20765,啅
3271,13,噣,13,噣,w510a0403,噣,13,20766,噣
3271,14,𢁁,14,𢁁,w510a0404,𢁁,14,20767,𢁁
3271,15,䐁,15,䐁,w510a0405,䐁,15,20768,䐁
3271,16,倬,16,倬,w510a0406,倬,16,20769,倬
3271,17,晫,17,晫,w510a0407,晫,17,20770,晫
3271,18,𢽚,18,𢽚,w510a0408,𢽚,18,20771,𢽚
3271,19,菿,19,菿,w510a0409,菿,19,20772,菿
3272,1,剝,1,剝,w510a0501,剥,1,20773,剥
3272,2,駮,2,駮,w510a0502,駮,2,20774,駮
3272,3,駁,3,駁,w510a0503,駁,3,20775,駁
3272,4,𩐟,4,𩐟,w510a0504,𩐟,4,20776,𩐟
3272,5,𦢊,5,𦢊,w510a0601,𦢊,5,20777,𦢊
3272,6,嚗,6,嚗,w510a0602,嚗,6,20778,嚗
3272,7,𥭖,7,𥭖,w510a0603,𥭖,7,20779,𥭖
3272,8,肑,8,肑,w510a0604,肑,8,20780,肑
3272,9,爆,9,爆,w510a0605,爆,9,20781,爆
3272,10,𪇰,10,𪇰,w510a0606,𪇰,10,20782,𪇰
3272,11,髉,11,髉,w510a0701,髉,11,20783,髉
3272,12,㿺,12,㿺,w510a0702,㿺,12,20784,㿺
3272,13,䑈,13,䑈,w510a0703,䑈,13,20785,䑈
3272,14,趵,14,趵,w510a0704,趵,14,20786,趵
3273,1,邈,1,邈,w510a0705,邈,1,20787,邈
3273,2,藐,2,藐,w510a0706,藐,2,20788,藐
3273,3,㦝,3,㦝,w510a0707,㦝,3,20789,㦝
3273,4,眊,4,眊,w510a0801,眊,4,20790,眊
3273,5,皃,5,皃,w510a0802,皃,5,20791,皃
3273,6,毣,6,毣,w510a0803,毣,6,20792,毣
3273,7,瞀,7,瞀,w510a0804,瞀,7,20793,瞀
3273,8,𢷕,8,𢷕,w510a0805,𢷕,8,20794,𢷕
3273,9,瞐,9,瞐,w510a0806,瞐,9,20795,瞐
3274,1,雹,1,雹,w510a0807,雹,1,20796,雹
3274,2,𩅟,2,𩅟,w510a0808,𩅟,2,20797,𩅟
3274,3,𢷏,3,𢷏,w510a0901,𢷏,3,20798,𢷏
3274,4,跑,4,跑,w510a0902,跑,4,20799,跑
3274,5,𩣡,5,𩣡,w510a0903,𩣡,5,20800,𩣡
3274,6,䮀,6,䮀,w510a0904,䮀,6,20801,䮀
3274,7,骲,7,骲,w510a0905,骲,7,20802,骲
3274,8,鰒,8,鰒,w510a0906,𩺽,8,20803,𩺽
3274,9,䈏,9,䈏,w510a0907,䈏,9,20804,䈏
3274,10,瓝,10,瓝,w510a0908,瓝,10,20805,瓝
3274,11,瓟,11,瓟,w510a0909,瓟,11,20806,瓟
3274,12,㼎,12,㼎,w510a1001,㼎,12,20807,㼎
3274,13,謈,13,謈,w510a1002,謈,13,20808,謈
3274,14,犦,14,犦,w510a1003,犦,14,20809,犦
3274,15,豰,15,豰,w510a1004,豰,15,20810,豰
3274,16,窇,16,窇,w510a1005,窇,16,20811,窇
3274,17,𥭓,17,𥭓,w510a1006,𥭓,17,20812,𥭓
3274,18,𦢊,18,𦢊,w510b0101,𦢊,18,20813,𦢊
3274,19,懪,19,懪,w510b0102,懪,19,20814,懪
3274,20,㩧,20,㩧,w510b0103,㩧,20,20815,㩧
3275,1,璞,1,璞,w510b0104,璞,1,20816,璞
3275,2,㩧,2,㩧,w510b0105,㩧,2,20817,㩧
3275,3,樸,3,樸,w510b0106,樸,3,20818,樸
3275,4,朴,4,朴,w510b0107,朴,4,20819,朴
3275,5,㹒,5,㹒,w510b0201,㹒,5,20820,㹒
3275,6,攴,6,攴,w510b0202,攴,6,20821,攴
3275,7,墣,7,墣,w510b0203,墣,7,20822,墣
3275,8,圤,8,圤,w510b0204,圤,8,20823,圤
3275,9,颮,9,颮,w510b0205,颮,9,20824,颮
3275,10,鞄,10,鞄,w510b0301,鞄,10,20825,鞄
3275,11,謈,11,謈,w510b0302,謈,11,20826,謈
3275,12,𤆝,12,𤆝,w510b0303,𤆝,12,20827,𤆝
3275,13,𥛟,13,𥛟,w510b0304,𥛟,13,20828,𥛟
3275,14,㺪,14,㺪,w510b0305,㺪,14,20829,㺪
3275,15,𧴤,15,𧴤,w510b0306,𧴤,15,20830,𧴤
3276,1,㱿,1,㱿,w510b0307,㱿,1,20831,㱿
3276,2,毃,2,毃,w510b0401,毃,2,20832,毃
3276,3,愨,3,愨,w510b0402,愨,3,20833,愨
3276,4,搉,4,搉,w510b0403,搉,4,20834,搉
3276,5,確,5,確,w510b0404,確,5,20835,確
3276,6,碻,6,碻,w510b0405,碻,6,20836,碻
3276,7,𤿩,7,𤿩,w510b0406,𤿩,7,20837,𤿩
3276,8,㲉,8,㲉,w510b0501,㲉,8,20838,㲉
3276,9,觳,9,觳,w510b0502,觳,9,20839,觳
3276,10,燩,10,燩,w510b0503,燩,10,20840,燩
3276,11,嶨,11,嶨,w510b0504,嶨,11,20841,嶨
3276,12,礐,12,礐,w510b0505,礐,12,20842,礐
3276,13,塙,13,塙,w510b0506,塙,13,20843,塙
3276,14,𣤇,14,𣤇,w510b0507,𣤇,14,20844,𣤇
3276,15,⿰隺犬,,,w510b0508,⿰隺犬,15,20845,⿰隺犬
3276,16,硞,15,硞,w510b0509,硞,16,20846,硞
3276,17,𠕓,16,𠕓,w510b0601,𠕓,17,20847,𡴊
3276,18,埆,17,埆,w510b0602,埆,18,20848,埆
3276,19,𡇱,18,𡇱,w510b0603,𡇱,19,20849,𡇱
3277,1,濁,1,濁,w510b0604,濁,1,20850,濁
3277,2,擢,2,擢,w510b0701,擢,2,20851,擢
3277,3,濯,3,濯,w510b0702,濯,3,20852,濯
3277,4,鵫,4,鵫,w510b0703,鵫,4,20853,鵫
3277,5,嬥,5,嬥,w510b0704,嬥,5,20854,嬥
3277,6,𧃔,6,𧃔,w510b0705,𧃔,6,20855,𧃔
3277,7,鐲,7,鐲,w510b0706,鐲,7,20856,鐲
3277,8,𢺡〈欘〉,8,𢺡〈欘〉,w510b0707,𢺡〈欘〉,8,20857,𢺡
3277,9,㺟,9,㺟,w510b0801,㺟,9,20858,㺟
3277,10,鸀,10,鸀,w510b0802,鸀,10,20859,鸀
3277,11,蠗,11,蠗,w510b0803,蠗,11,20860,蠗
3277,12,鸐,12,鸐,w510b0804,鸐,12,20861,鸐
3277,13,𩑂,13,𩑂,w510b0805,𩑂,13,20862,𩑂
3277,14,𢢗,14,𢢗,w510b0901,𢢗,14,20863,𢢗
3277,15,𩆸,15,𩆸,w510b0902,𩆸,15,20864,𩆸
3277,16,㪬,16,㪬,w510b0903,㪬,16,20865,㪬
3278,1,渥,1,渥,w510b0904,渥,1,20866,渥
3278,2,握,2,握,w510b0905,握,2,20867,握
3278,3,偓,3,偓,w510b0906,偓,3,20868,偓
3278,4,箹,4,箹,w510b1001,箹,4,20869,箹
3278,5,幄,5,幄,w510b1002,幄,5,20870,幄
3278,6,楃,6,楃,w510b1003,楃,6,20871,楃
3278,7,喔,7,喔,w510b1004,喔,7,20872,喔
3278,8,鷽,8,鷽,w511a0101,鷽,8,20873,鷽
3278,9,葯,9,葯,w511a0102,葯,9,20874,葯
3278,10,腛,10,腛,w511a0103,腛,10,20875,腛
3278,11,𪑱,11,𪑱,w511a0104,𪑱,11,20876,𪑱
3278,12,齷,12,齷,w511a0105,齷,12,20877,齷
3278,13,媉,13,媉,w511a0106,媉,13,20878,媉
3278,14,𦯏,14,𦯏,w511a0107,𦯏,14,20879,𦯏
3278,15,龏,15,龏,w511a0108,龏,15,20880,龏
3278,16,𠿟,16,𠿟,w511a0109,𠿟,16,20881,𠿟
3278,17,䮸,17,䮸,w511a0201,䮸,17,20882,䮸
3279,1,搦,1,搦,w511a0202,搦,1,20883,搦
3279,2,掉,2,掉,w511a0203,掉,2,20884,掉
3279,3,䚥,3,䚥,w511a0204,䚥,3,20885,䚥
3279,4,𧢺,4,𧢺,w511a0205,𧢺,4,20886,𧢺
3279,5,搙,5,搙,w511a0206,搙,5,20887,搙
3279,6,𧣺,6,𧣺,w511a0301,𧣺,6,20888,𧣺
3280,1,逴,1,逴,w511a0302,逴,1,20889,逴
3280,2,趠,2,趠,w511a0303,趠,2,20890,趠
3280,3,晫,3,晫,w511a0304,晫,3,20891,晫
3280,4,踔,4,踔,w511a0305,踔,4,20892,踔
3280,5,㪬,5,㪬,w511a0306,㪬,5,20893,㪬
3281,1,犖,1,犖,w511a0307,犖,1,20894,犖
3281,2,䃕,2,䃕,w511a0401,䃕,2,20895,䃕
3281,3,𡁆,3,𡁆,w511a0402,𡁆,3,20896,𡁆
3282,1,學,1,學,w511a0403,學,1,20897,學
3282,2,确,2,确,w511a0501,确,2,20898,确
3282,3,嶨,3,嶨,w511a0502,嶨,3,20899,嶨
3282,4,𥀣,4,𥀣,w511a0503,𥀣,4,20900,𥀣
3282,5,鷽,5,鷽,w511a0504,鷽,5,20901,鷽
3282,6,澩,6,澩,w511a0505,澩,6,20902,澩
3282,7,觷,7,觷,w511a0601,觷,7,20903,觷
3282,8,㿥,8,㿥,w511a0602,㿥,8,20904,㿥
3282,9,翯,9,翯,w511a0603,翯,9,20905,翯
3283,1,㕰,1,㕰,w511a0604,㕰,1,20906,㕰
3283,2,豿〈豞〉,2,豿〈豞〉,w511a0605,豿〈豞〉,2,20907,豿
3283,3,𩌊,3,𩌊,w511a0606,𩌊,3,20908,𩌥
3283,4,翯,4,翯,w511a0607,翯,4,20909,翯
3283,5,嗀,5,嗀,w511a0701,嗀,5,20910,嗀
3283,6,𦰾,6,𦰾,w511a0702,𦰾,6,20911,𦰾
3283,7,謞,7,謞,w511a0703,謞,7,20912,謞
3283,8,瀥,8,瀥,w511a0704,瀥,8,20913,瀥
3283,9,䤕,9,䤕,w511a0705,䤕,9,20914,䤕
3283,10,滈,10,滈,w511a0801,滈,10,20915,滈
3284,1,娖,1,娖,w511a0802,娖,1,20916,娖
3284,2,䃗,2,䃗,w511a0803,䃗,2,20917,䃗
3284,3,𪘏,3,𪘏,w511a0804,𪘏,3,20918,𪘏
3284,4,娕,4,娕,w511a0805,娕,4,20919,娕
3284,5,擉,5,擉,w511a0806,擉,5,20920,擉
3284,6,齱,6,齱,w511a0807,齱,6,20921,齱
3284,7,𥭓,7,𥭓,w511a0901,𥭓,7,20922,𥭓
3284,8,齪,8,齪,w511a0902,齪,8,20923,齪
3285,1,質,1,質,w511a1001,質,1,20924,質
3285,2,晊,2,晊,w511a1002,晊,2,20925,晊
3285,3,郅,3,郅,w511a1003,郅,3,20926,郅
3285,4,桎,4,桎,w511b0101,桎,4,20927,桎
3285,5,櫍,5,櫍,w511b0102,櫍,5,20928,櫍
3285,6,蛭,6,蛭,w511b0103,蛭,6,20929,蛭
3285,7,騭,7,騭,w511b0104,騭,7,20930,騭
3285,8,劕,8,劕,w511b0201,劕,8,20931,劕
3285,9,銍,9,銍,w511b0202,銍,9,20932,銍
3285,10,䑇,10,䑇,w511b0203,䑇,10,20933,䑇
3285,11,鑕,11,鑕,w511b0204,鑕,11,20934,鑕
3285,12,𡂒,12,𡂒,w511b0205,𡂒,12,20935,𡂒
3285,13,懫,13,懫,w511b0301,懫,13,20936,懫
3285,14,礩,14,礩,w511b0302,礩,14,20937,礩
3285,15,侄,15,侄,w511b0303,侄,15,20938,侄
3286,1,日,1,日,w511b0304,日,1,20939,日
3286,2,馹,2,馹,w511b0305,馹,2,20940,馹
3286,3,衵,3,衵,w511b0306,衵,3,20941,衵
3286,4,㠴,4,㠴,w511b0401,㠴,4,20942,㠴
3286,5,臸,5,臸,w511b0402,臸,5,20943,臸
3287,1,實,1,實,w511b0403,實,1,20944,實
3288,1,秩,1,秩,w511b0404,秩,1,20945,秩
3288,2,紩,2,紩,w511b0501,紩,2,20946,紩
3288,3,帙,3,帙,w511b0502,帙,3,20947,帙
3288,4,袠,4,袠,w511b0503,袠,4,20948,袠
3288,5,柣,5,柣,w511b0504,柣,5,20949,柣
3288,6,翐,6,翐,w511b0505,翐,6,20950,翐
3288,7,姪,7,姪,w511b0506,姪,7,20951,姪
3288,8,妷,8,妷,w511b0507,妷,8,20952,妷
3288,9,豑,9,豑,w511b0508,豑,9,20953,豑
3288,10,𣗻,10,𣗻,w511b0601,𣗻,10,20954,𣗻
3288,11,䟈,11,䟈,w511b0602,𧽮,11,20955,𧽮
3288,12,𢧤,12,𢧤,w511b0603,𢧤,12,20956,𡙮
3289,1,悉,1,悉,w511b0604,悉,1,20957,悉
3289,2,厀,2,厀,w511b0605,厀,2,20958,厀
3289,3,膝,3,膝,w511b0606,膝,3,20959,膝
3289,4,蟋,4,蟋,w511b0607,蟋,4,20960,蟋
3289,5,𧀬,5,𧀬,w511b0701,𧀬,5,20961,𧀬
3289,6,𦸝,6,𦸝,w511b0702,𦸝,6,20962,𦸝
3289,7,䊝,7,䊝,w511b0703,䊝,7,20963,䊝
3289,8,僁,8,僁,w511b0704,僁,8,20964,僁
3289,9,窸,9,窸,w511b0705,窸,9,20965,窸
3290,1,一,1,一,w511b0706,一,1,20966,一
3290,2,弌,2,弌,w511b0801,弌,2,20967,弌
3290,3,壹,3,壹,w511b0802,壹,3,20968,壹
3291,1,七,1,七,w511b0901,七,1,20969,七
3291,2,漆,2,漆,w511b0902,漆,2,20970,漆
3291,3,柒,3,柒,w511b1001,柒,3,20971,柒
3291,4,䣛,4,䣛,w511b1002,䣛,4,20972,䣛
3291,5,𪄭,5,𪄭,w511b1003,𪄭,5,20973,𪄭
3291,6,桼,6,桼,w511b1004,桼,6,20974,桼
3291,7,⿱芖雨,,,w512a0101,⿱芖雨,7,20975,⌸艹大雨
3291,8,𣛺,7,𣛺,w512a0102,𣛺,8,20976,𣛺
3291,9,𦸓,8,𦸓,w512a0103,𦸓,9,20977,𦸓
3291,10,㯃,9,㯃,w512a0104,㯃,10,20978,㯃
3292,1,匹,1,匹,w512a0105,匹,1,20979,匹
3292,2,鵯,2,鷝,w512a0201,鵯,2,20980,鷝
3292,3,𠯔,3,𠯔,w512a0202,𠯔,3,20981,𠯔
3292,4,䏘,4,䏘,w512a0203,䏘,4,20982,䏘
3293,1,吉,1,吉,w512a0204,吉,1,20983,吉
3293,2,趌,2,趌,w512a0205,趌,2,20984,趌
3293,3,狤,3,狤,w512a0301,狤,3,20985,狤
3293,4,拮,4,拮,w512a0302,拮,4,20986,拮
3293,5,䟌,5,䟌,w512a0303,𧾢,5,20987,𧾢
3293,6,郆,6,郆,w512a0304,郆,6,20988,郆
3293,7,洁,7,洁,w512a0305,洁,7,20989,洁
3293,8,𤿠,8,𤿠,w512a0306,𤿠,8,20990,𤿠
3294,1,暱,1,暱,w512a0307,暱,1,20991,暱
3294,2,昵,2,昵,w512a0401,昵,2,20992,昵
3294,3,衵,3,衵,w512a0402,衵,3,20993,衵
3294,4,䵒,4,䵒,w512a0403,䵒,4,20994,䵒
3294,5,䵑,5,䵑,w512a0404,䵑,5,20995,䵑
3294,6,䘌,6,䘌,w512a0405,䘌,6,20996,䘌
3294,7,㥾,7,㥾,w512a0406,㥾,7,20997,㥾
3295,1,逸,1,逸,w512a0407,逸,1,20998,逸
3295,2,佚,2,佚,w512a0501,佚,2,20999,佚
3295,3,佾,3,佾,w512a0502,佾,3,21000,佾
3295,4,溢,4,溢,w512a0503,溢,4,21001,溢
3295,5,軼,5,軼,w512a0504,軼,5,21002,軼
3295,6,鎰,6,鎰,w512a0505,鎰,6,21003,鎰
3295,7,泆,7,泆,w512a0601,泆,7,21004,泆
3295,8,齸,8,齸,w512a0602,齸,8,21005,齸
3295,9,劮,9,劮,w512a0603,劮,9,21006,劮
3295,10,欥,10,欥,w512a0604,欥〈欥〉,10,21007,欥
3295,11,䭿,11,䭿,w512a0605,䭿,11,21008,䭿
3295,12,䳀,12,䳀,w512a0606,䳀,12,21009,䳀
3296,1,詰,1,詰,w512a0607,詰,1,21010,詰
3296,2,蛣,2,蛣,w512a0701,蛣,2,21011,蛣
3296,3,𩢴,3,𩢴,w512a0702,𩢴,3,21012,𩢴
3296,4,趌,4,趌,w512a0703,趌,4,21013,趌
3297,1,欯,1,欯,w512a0704,欯,1,21014,欯
3297,2,欪,2,欪,w512a0705,欪,2,21015,欪
3297,3,咭,3,咭,w512a0801,咭,3,21016,咭
3297,4,恄,4,恄,w512a0802,恄,4,21017,恄
3297,5,㣟,5,㣟,w512a0803,㣟,5,21018,㣟
3298,1,抶,1,抶,w512a0804,抶,1,21019,抶
3298,2,咥,2,咥,w512a0805,咥,2,21020,咥
3298,3,眣,3,眣,w512a0806,眣,3,21021,眣
3298,4,跮,4,跮,w512a0807,跮,4,21022,跮
3299,1,栗,1,栗,w512a0808,栗,1,21023,栗
3299,2,㮚,2,㮚,w512a0901,㮚,2,21024,㮚
3299,3,𣡷,3,𣡷,w512a0902,𣡷,3,21025,𣡷
3299,4,慄,4,慄,w512a0903,慄,4,21026,慄
3299,5,溧,5,溧,w512a0904,溧,5,21027,溧
3299,6,䬆,6,䬆,w512a1001,䬆,6,21028,䬆
3299,7,𠞉,7,𠞉,w512a1002,𠞉,7,21029,𠞉
3299,8,鷅,8,鷅,w512a1003,鷅,8,21030,鷅
3299,9,凓,9,凓,w512a1004,凓,9,21031,凓
3299,10,篥,10,篥,w512a1005,篥,10,21032,篥
3299,11,麜,11,麜,w512a1006,麜,11,21033,麜
3299,12,𨍫,12,𨍫,w512b0101,𨍫,12,21034,𨍫
3299,13,瑮,13,瑮,w512b0102,瑮,13,21035,瑮
3299,14,𦃊,14,𦃊,w512b0103,𦃊,14,21036,𦃊
3299,15,塛,15,塛,w512b0104,塛,15,21037,塛
3299,16,搮,16,搮,w512b0105,搮,16,21038,搮
3299,17,䔁,17,䔁,w512b0106,䔁,17,21039,䔁
3299,18,㗚,18,㗚,w512b0107,㗚,18,21040,㗚
3299,19,㟳,19,㟳,w512b0108,㟳,19,21041,㟳
3300,1,窒,1,窒,w512b0201,窒,1,21042,窒
3300,2,挃,2,挃,w512b0202,挃,2,21043,挃
3300,3,庢,3,庢,w512b0203,庢,3,21044,庢
3300,4,銍,4,銍,w512b0204,銍,4,21045,銍
3300,5,秷,5,秷,w512b0205,秷,5,21046,秷
3300,6,𦤻,6,𦤻,w512b0206,𦤻,6,21047,𦤻
3300,7,㲳,7,㲳,w512b0301,㲳,7,21048,㲳
3300,8,㗧,8,㗧,w512b0302,㗧,8,21049,㗧
3300,9,𪗻,9,𪗻,w512b0303,𪗻,9,21050,𪗻
3300,10,𨖹,10,𨖹,w512b0304,𨖹,10,21051,𨖹
3300,11,螲,11,螲,w512b0305,螲,11,21052,螲
3300,12,𥎹,12,𥎹,w512b0306,𥎹,12,21053,𥎹
3301,1,疾,1,疾,w512b0307,疾,1,21054,疾
3301,2,𤕺,2,𤕺,w512b0401,𤕺,2,21055,𤕺
3301,3,嫉,3,嫉,w512b0402,嫉,3,21056,嫉
3301,4,蒺,4,蒺,w512b0403,蒺,4,21057,蒺
3301,5,㑵,5,㑵,w512b0404,㑵,5,21058,㑵
3301,6,𧎿,6,𧎿,w512b0405,𧎿,6,21059,𧎿
3301,7,揤,7,揤,w512b0501,揤,7,21060,揤
3301,8,愱,8,愱,w512b0502,愱,8,21061,愱
3301,9,槉,9,槉,w512b0503,槉,9,21062,槉
3301,10,𠹋,10,𠹋,w512b0504,𠹋,10,21063,𠹋
3301,11,𧪠,11,𧪠,w512b0505,𧪠,11,21064,𧪠
3302,1,㓼,1,㓼,w512b0506,㓼,1,21065,㓼
3302,2,𠞩,2,𠞩,w512b0507,𠞩,2,21066,𠞩
3302,3,𪘧,3,𪘧,w512b0508,𪘧,3,21067,𪘧
3302,4,䜉,4,䜉,w512b0509,䜉,4,21068,䜉
3303,1,失,1,失,w512b0601,失,1,21069,失
3303,2,室,2,室,w512b0602,室,2,21070,室
3303,3,𩋡,3,𩋡,w512b0701,𩋡,3,21071,𩋡
3304,1,堲,1,堲,w512b0702,堲,1,21072,堲
3304,2,𡁶,2,𡁶,w512b0703,㘍,2,21073,㘍
3304,3,唧,3,唧,w512b0704,唧,3,21074,唧
3304,4,㲺,4,㲺,w512b0705,㲺,4,21075,㲺
3304,5,𢪍,5,𢪍,w512b0706,𢪍,5,21076,𢪍
3304,6,𧉍,6,𧉍,w512b0707,𧉍,6,21077,𧉍
3304,7,蝍,7,蝍,w512b0801,蝍,7,21078,蝍
3304,8,楖,8,楖,w512b0802,楖,8,21079,楖
3305,1,蜜,1,蜜,w512b0803,蜜,1,21080,蜜
3305,2,𧖅,2,𧖅,w512b0804,𧖅,2,21081,𧖅
3305,3,謐,3,謐,w512b0805,謐,3,21082,謐
3305,4,䤉,4,䤉,w512b0901,䤉,4,21083,䤉
3305,5,榓,5,榓,w512b0902,榓,5,21084,榓
3305,6,𥁑,6,𥁑,w512b0903,𥁑,6,21085,𥁑
3305,7,宓,7,宓,w512b0904,宓,7,21086,宓
3305,8,淧,8,淧,w512b0905,淧,8,21087,淧
3305,9,𥋱,9,𥋱,w512b0906,𥋱,9,21088,𥋱
3306,1,必,1,必,w512b0907,必,1,21089,必
3306,2,畢,2,畢,w512b1001,畢,2,21090,畢
3306,3,篳,3,篳,w512b1002,篳,3,21091,篳
3306,4,蓽,4,蓽,w513a0101,蓽,4,21092,蓽
3306,5,韠,5,韠,w513a0102,韠,5,21093,韠
3306,6,㻫,6,㻫,w513a0103,㻫,6,21094,㻫
3306,7,䟆,7,䟆,w513a0201,䟆,7,21095,䟆
3306,8,蹕,8,蹕,w513a0202,蹕,8,21096,蹕
3306,9,滭,9,滭,w513a0203,滭,9,21097,滭
3306,10,㪤,10,㪤,w513a0204,㪤,10,21098,㪤
3306,11,鷝,11,鷝,w513a0205,鷝,11,21099,鷝
3306,12,觱,12,觱,w513a0301,觱,12,21100,觱
3306,13,珌,13,珌,w513a0302,珌,13,21101,珌
3306,14,㓖,14,㓖,w513a0303,㓖,14,21102,㓖
3306,15,熚,15,熚,w513a0304,熚,15,21103,熚
3306,16,𡠚,16,𡠚,w513a0305,𡠚,16,21104,𡠚
3306,17,彃,17,彃,w513a0306,彃,17,21105,彃
3306,18,㮿,18,㮿,w513a0401,㮿,18,21106,㮿
3306,19,縪,19,縪,w513a0402,縪,19,21107,縪
3306,20,鮅,20,鮅,w513a0403,鮅,20,21108,鮅
3306,21,饆,21,饆,w513a0404,饆,21,21109,饆
3306,22,鏎,22,鏎,w513a0405,鏎,22,21110,鏎
3306,23,𠦒,23,𠦒,w513a0501,𠦒,23,21111,𠦒
3306,24,𡻞,24,𡻞,w513a0502,𡻞,24,21112,𡻞
3306,25,𥀕,25,𥀕,w513a0503,𥀕,25,21113,𥀕
3306,26,𥛘,26,𥛘,w513a0504,𥛘,26,21114,𥛘
3306,27,罼,27,罼,w513a0505,罼,27,21115,罼
3307,1,姞,1,姞,w513a0506,姞,1,21116,姞
3307,2,佶,2,佶,w513a0601,佶,2,21117,佶
3307,3,鮚,3,鮚,w513a0602,鮚,3,21118,鮚
3307,4,趌,4,趌,w513a0603,趌,4,21119,趌
3307,5,狤,5,狤,w513a0604,狤,5,21120,狤
3308,1,邲,1,邲,w513a0605,邲,1,21121,邲
3308,2,比,2,比,w513a0606,比,2,21122,比
3308,3,柲,3,柲,w513a0701,柲,3,21123,柲
3308,4,馝,4,馝,w513a0702,馝,4,21124,馝
3308,5,苾,5,苾,w513a0703,苾,5,21125,苾
3308,6,䩛,6,䩛,w513a0704,䩛,6,21126,䩛
3308,7,佖,7,佖,w513a0705,佖,7,21127,佖
3308,8,鮩,8,鮩,w513a0706,鮩,8,21128,鮩
3308,9,駜,9,駜,w513a0801,駜,9,21129,駜
3308,10,坒,10,坒,w513a0802,坒,10,21130,坒
3308,11,飶,11,飶,w513a0803,飶,11,21131,飶
3308,12,綼,12,綼,w513a0804,綼,12,21132,綼
3308,13,鮅,13,鮅,w513a0805,鮅,13,21133,鮅
3308,14,怭,14,怭,w513a0806,怭,14,21134,怭
3308,15,泌,15,泌,w513a0807,泌,15,21135,泌
3308,16,𨠔,16,𨠔,w513a0808,𨠔,16,21136,𨠔
3308,17,䖩,17,䖩,w513a0809,䖩,17,21137,䖩
3308,18,吡,18,吡,w513a0810,吡,18,21138,吡
3308,19,𣢠,19,𣢠,w513a0901,𣢠,19,21139,𣢠
3308,20,咇,20,咇,w513a0902,咇,20,21140,咇
3308,21,妼,21,妼,w513a0903,妼,21,21141,妼
3309,1,䫻,1,䫻,w513a0904,䫻,1,21142,䫻
3309,2,𡿯,2,𡿯,w513a0905,𡿯,2,21143,𣅕
3309,3,汩,3,汩,w513a0906,汩,3,21144,汩
3309,4,蒁,4,蒁,w513a0907,𦳯,4,21145,𦳯
3309,5,㧒,5,㧒,w513a0908,㧒,5,21146,㧒
3310,1,率,1,率,w513a0909,率,1,21147,率
3310,2,帥,2,帥,w513a1001,帥,2,21148,帥
3310,3,蟀,3,蟀,w513b0101,蟀,3,21149,蟀
3310,4,𧍓,4,𧍓,w513b0102,𧍓,4,21150,𧍓
3310,5,䢦,5,䢦,w513b0103,䢦,5,21151,䢦
3310,6,𠞩,6,𠞩,w513b0104,𠞩,6,21152,𠞩
3310,7,𧜠,7,𧜠,w513b0105,𧜠,7,21153,𧜠
3310,8,咰,8,咰,w513b0106,咰,8,21154,咰
3310,9,𠌭,9,𠌭,w513b0107,𠌭,9,21155,𠌭
3310,10,𧗿,10,𧗿,w513b0108,𧗿,10,21156,𧗿
3311,1,叱,1,叱,w513b0201,𠮟,1,21157,叱
3312,1,𪗨,1,𪗨,w513b0301,𪗨,1,21158,𪗨
3313,1,密,1,密,w513b0302,密,1,21159,密
3313,2,𡶇,2,𡶇,w513b0401,𡶇,2,21160,𡶇
3313,3,蔤,3,蔤,w513b0402,蔤,3,21161,蔤
3313,4,宓,4,宓,w513b0501,宓,4,21162,宓
3313,5,滵,5,滵,w513b0502,滵,5,21163,滵
3313,6,沕,6,沕,w513b0503,沕,6,21164,沕
3313,7,樒,7,樒,w513b0504,樒,7,21165,樒
3313,8,𥄃〈㫘〉,8,𥄃〈㫘〉,w513b0505,𥄃,8,21166,𥄃
3313,9,𪅮,9,𪅮,w513b0506,𪅮,9,21167,𪅮
3313,10,𥉴,10,𥉴,w513b0507,𥉴,10,21168,𥉴
3314,1,弼,1,弼,w513b0508,弼,1,21169,弼
3314,2,𢐀,2,𢐀,w513b0601,𢐀,2,21170,𢐀
3314,3,㢸,3,㢸,w513b0602,㢸,3,21171,㢸
3314,4,𠡂,4,𠡂,w513b0603,𠡂,4,21172,𠡂
3314,5,䄶,5,䄶,w513b0604,䄶,5,21173,䄶
3314,6,𢘍,6,𢘍,w513b0605,𢘍,6,21174,𢘍
3314,7,駜,7,駜,w513b0606,駜,7,21175,駜
3314,8,胇,8,胇,w513b0607,胇,8,21176,胇
3314,9,邲,9,邲,w513b0608,邲,9,21177,邲
3314,10,佖,10,佖,w513b0609,佖,10,21178,佖
3315,1,乙,1,乙,w513b0610,乙,1,21179,乙
3315,2,鳦,2,鳦,w513b0801,鳦,2,21180,鳦
3315,3,亄,3,亄,w513b0802,亄,3,21181,亄
3316,1,耴,1,耴,w513b0803,耴,1,21182,耴
3316,2,聉,2,聉,w513b0901,聉,2,21183,聉
3316,3,㔎,3,㔎,w513b0902,㔎,3,21184,㔎
3316,4,𡿪,4,𡿪,w513b0903,𡿪,4,21185,𡿪
3316,5,圪,5,圪,w513b0904,圪,5,21186,圪
3316,6,𦨇,6,𦨇,w513b0905,𦨇,6,21187,𦨇
3316,7,𠡝,7,𠡝,w513b0906,𠡝,7,21188,𠡝
3317,1,筆,1,筆,w513b0907,筆,1,21189,筆
3317,2,潷,2,潷,w513b1001,潷,2,21190,潷
3317,3,鉍,3,鉍,w513b1002,鉍,3,21191,鉍
3317,4,柲,4,柲,w513b1003,柲,4,21192,柲
3317,5,泌,5,泌,w513b1004,泌,5,21193,泌
3317,6,𢴩,6,𢴩,w514a0101,𢴩,6,21194,𢴩
3317,7,咇,7,咇,w514a0102,咇,7,21195,咇
3317,8,㻶,8,㻶,w514a0103,㻶,8,21196,㻶
3317,9,𨅗,9,𨅗,w514a0104,𨅗,9,21197,𨅗
3318,1,茁,1,茁,w514a0105,茁,1,21198,茁
3319,1,肸,1,肸,w514a0106,肸,1,21199,肸
3320,1,暨,1,暨,w514a0201,曁,1,21200,曁
3321,1,蛭,1,蛭,w514a0202,蛭,1,21201,蛭
3322,1,獝,1,獝,w514a0203,獝,1,21202,獝
3323,1,術,1,術,w514a0301,術,1,21203,術
3323,2,述,2,述,w514a0302,述,2,21204,述
3323,3,秫,3,秫,w514a0303,秫,3,21205,秫
3323,4,朮,4,朮,w514a0304,术,4,21206,术
3323,5,沭,5,沭,w514a0305,沭,5,21207,沭
3323,6,噊,6,噊,w514a0401,噊,6,21208,噊
3323,7,袕,7,袕,w514a0402,袕,7,21209,袕
3323,8,潏,8,潏,w514a0403,潏,8,21210,潏
3323,9,鱊,9,鱊,w514a0501,鱊,9,21211,鱊
3323,10,驈,10,驈,w514a0502,驈,10,21212,驈
3323,11,𧑐,11,𧑐,w514a0503,𧑐,11,21213,𧑐
3324,1,橘,1,橘,w514a0504,橘,1,21214,橘
3324,2,𦺖,2,𦺖,w514a0601,𦺖,2,21215,𦺖
3324,3,繘,3,繘,w514a0602,繘,3,21216,繘
3324,4,𧾣,4,𧾣,w514a0603,𧾣,4,21217,𧾣
3324,5,𧽻,5,𧽻,w514a0604,𧽻,5,21218,𧽻
3324,6,䤎,6,䤎,w514a0605,䤎,6,21219,䤎
3324,7,𦙮,7,𦙮,w514a0606,𦙮,7,21220,𦙮
3324,8,𣎛,8,𣎛,w514a0607,𣎛,8,21221,𣎛
3325,1,崒,1,崒,w514a0608,崒,1,21222,崒
3325,2,踤,2,踤,w514a0701,踤,2,21223,踤
3325,3,誶,3,誶,w514a0702,誶,3,21224,誶
3325,4,捽,4,捽,w514a0703,捽,4,21225,捽
3326,1,聿,1,聿,w514a0704,聿,1,21226,聿
3326,2,鴪,2,鴪,w514a0801,鴪,2,21227,鴪
3326,3,燏,3,燏,w514a0802,燏,3,21228,燏
3326,4,遹,4,遹,w514a0803,遹,4,21229,遹
3326,5,鷸,5,鷸,w514a0804,鷸,5,21230,鷸
3326,6,驈,6,驈,w514a0805,驈,6,21231,驈
3326,7,繘,7,繘,w514a0806,繘,7,21232,繘
3326,8,𩙅,8,𩙅,w514a0807,𩙅,8,21233,𩙅
3326,9,潏,9,潏,w514a0901,潏,9,21234,潏
3326,10,矞,10,矞,w514a0902,矞,10,21235,矞
3326,11,霱,11,霱,w514a0903,霱,11,21236,霱
3326,12,𧑐,12,𧑐,w514a0904,𧑐,12,21237,𧑐
3326,13,䢖,13,䢖,w514a0905,䢖,13,21238,䢖
3326,14,芛,14,芛,w514a0906,芛,14,21239,芛
3326,15,欥,15,欥,w514a1001,欥〈欥〉,15,21240,欥
3326,16,鱊,16,鱊,w514a1002,鱊,16,21241,鱊
3326,17,噊,17,噊,w514a1003,噊,17,21242,噊
3326,18,䋖,18,䋖,w514a1004,䋖,18,21243,䋖
3326,19,銉,19,銉,w514a1005,銉,19,21244,銉
3326,20,𦒔,20,𦒔,w514a1006,𦒔,20,21245,𦒔
3326,21,𥎐,21,𥎐,w514a1007,𥎐,21,21246,𥎐
3327,1,卒,1,卒,w514a1008,卒,1,21247,卒
3327,2,𣨛,2,𣨛,w514a1009,𣨛,2,21248,𣨛
3327,3,䱣,3,䱣,w514b0101,䱣,3,21249,䱣
3327,4,㰵,4,㰵,w514b0102,㰵,4,21250,㰵
3327,5,啐,5,啐,w514b0103,啐,5,21251,啐
3328,1,䘏〈卹〉,1,䘏〈卹〉,w514b0104,䘏〈卹〉,1,21252,䘏
3328,2,恤,2,恤,w514b0105,恤,2,21253,恤
3328,3,戌,3,戌,w514b0106,戌,3,21254,戌
3328,4,訹,4,訹,w514b0201,訹,4,21255,訹
3328,5,珬,5,珬,w514b0202,珬,5,21256,珬
3328,6,𧪞,6,𧪞,w514b0203,𧪞,6,21257,𧪞
3328,7,䳳,7,䳳,w514b0204,䳳,7,21258,䳳
3328,8,賉,8,賉,w514b0205,賉,8,21259,賉
3328,9,𣸃,9,𣸃,w514b0206,𣸃,9,21260,𣸃
3328,10,㖅,10,㖅,w514b0207,㖅,10,21261,㖅
3328,11,𧊥,11,𧊥,w514b0208,𧊥,11,21262,𧊥
3328,12,銊,12,銊,w514b0301,銊,12,21263,銊
3328,13,欰,13,欰,w514b0302,欰,13,21264,欰
3328,14,𥚋,14,𥚋,w514b0303,𥚋,14,21265,𥚋
3328,15,𨜿,15,𨜿,w514b0304,𨜿,15,21266,𨜿
3329,1,律,1,律,w514b0305,律,1,21267,律
3329,2,寽,2,寽,w514b0306,寽,2,21268,寽
3329,3,繂,3,繂,w514b0307,繂,3,21269,繂
3329,4,膟,4,膟,w514b0401,膟,4,21270,膟
3329,5,䔞,5,䔞,w514b0402,䔞,5,21271,䔞
3329,6,葎,6,葎,w514b0403,葎,6,21272,葎
3329,7,𥭐,7,𥭐,w514b0404,𥭐,7,21273,𥭐
3329,8,𠷈,8,𠷈,w514b0405,𠷈,8,21274,𠷈
3330,1,黜,1,黜,w514b0406,黜,1,21275,黜
3330,2,怵,2,怵,w514b0501,怵,2,21276,怵
3330,3,𧺶,3,𧺶,w514b0502,𧺶,3,21277,𧺶
3330,4,炪,4,炪,w514b0503,炪,4,21278,炪
3330,5,䟣,5,䟣,w514b0504,䟣,5,21279,䟣
3330,6,㤕,6,㤕,w514b0505,㤕,6,21280,㤕
3330,7,𤝞,7,𤝞,w514b0506,𤝞,7,21281,𤝞
3330,8,欪,8,欪,w514b0507,欪,8,21282,欪
3331,1,㤕,1,㤕,w514b0508,㤕,1,21283,㤕
3331,2,窋,2,窋,w514b0601,窋,2,21284,窋
3331,3,絀,3,絀,w514b0602,絀,3,21285,絀
3331,4,䂐,4,䂐,w514b0603,䂐,4,21286,䂐
3331,5,㑁,5,㑁,w514b0604,㑁,5,21287,㑁
3331,6,逫,6,逫,w514b0605,逫,6,21288,逫
3331,7,𡢑,7,𡢑,w514b0606,𡢑,7,21289,𡢑
3331,8,泏,8,泏,w514b0607,泏,8,21290,泏
3332,1,朮,1,朮,w514b0608,术,1,21291,术
3332,2,𦬸,2,𦬸,w514b0609,𦬸,2,21292,𦬸
3332,3,炢,3,炢,w514b0610,炢,3,21293,炢
3333,1,出,1,出,w514b0701,出,1,21294,出
3334,1,焌,1,焌,w514b0702,焌,1,21295,焌
3335,1,𠭴,1,𠭴,w514b0703,𠭴,1,21296,𠭴
3335,2,𠮌,2,𠮌,w514b0704,𦦖,2,21297,𦦖
3336,1,䎉〈䎀〉,1,䎉〈䎀〉,w514b0705,䎉,1,21298,䎉
3336,2,怴,2,怴,w514b0801,怴,2,21299,怴
3336,3,䬂,3,䬂,w514b0802,䬂,3,21300,䬂
3336,4,𥄵,4,𥄵,w514b0803,𥄵,4,21301,𥄵
3337,1,櫛,1,櫛,w514b0901,櫛,1,21302,櫛
3337,2,楖,2,楖,w514b0902,楖,2,21303,楖
3337,3,瀄,3,瀄,w514b0903,瀄,3,21304,瀄
3337,4,㘉,4,㘉,w514b0904,㘉,4,21305,㘉
3337,5,𥠈,5,𥠈,w514b0905,𥠈,5,21306,𥠈
3337,6,擳,6,擳,w514b0906,擳,6,21307,擳
3338,1,瑟,1,瑟,w514b0907,瑟,1,21308,瑟
3338,2,飋,2,飋,w514b1001,飋,2,21309,飋
3338,3,蟋,3,蟋,w514b1002,蟋,3,21310,蟋
3338,4,蝨,4,蝨,w514b1003,蝨,4,21311,蝨
3338,5,璱,5,璱,w515a0101,璱,5,21312,璱
3338,6,𦆄,6,𦆄,w515a0102,𦆄,6,21313,𦆄
3339,1,𪗨,1,𪗨,w515a0103,𪗨,1,21314,𪗨
3340,1,物,1,物,w515a0201,物,1,21315,物
3340,2,勿,2,勿,w515a0202,勿,2,21316,勿
3340,3,𣃦,3,𣃦,w515a0301,𣃦,3,21317,𣃦
3340,4,芴,4,芴,w515a0302,芴,4,21318,芴
3340,5,岉,5,岉,w515a0303,岉,5,21319,岉
3340,6,伆,6,伆,w515a0304,伆,6,21320,伆
3340,7,𨑥,7,𨑥,w515a0305,𨑥,7,21321,𨑥
3340,8,昒,8,昒,w515a0401,昒,8,21322,昒
3340,9,沕,9,沕,w515a0402,沕,9,21323,沕
3341,1,弗,1,弗,w515a0403,弗,1,21324,弗
3341,2,紱,2,紱,w515a0404,紱,2,21325,紱
3341,3,黻,3,黻,w515a0405,黻,3,21326,黻
3341,4,綍,4,綍,w515a0406,綍,4,21327,綍
3341,5,紼,5,紼,w515a0407,紼,5,21328,紼
3341,6,芾,6,芾,w515a0501,芾,6,21329,芾
3341,7,巿,7,巿,w515a0502,巿,7,21330,巿
3341,8,韍,8,韍,w515a0503,韍,8,21331,韍
3341,9,不,9,不,w515a0601,不,9,21332,不
3341,10,𨚓,10,𨚓,w515a0602,𨚓,10,21333,𨚓
3341,11,翇,11,翇,w515a0603,翇,11,21334,翇
3341,12,柫,12,柫,w515a0604,柫,12,21335,柫
3341,13,𡗻,13,𡗻,w515a0701,𡗻,13,21336,𡗻
3341,14,髴,14,髴,w515a0702,髴,14,21337,髴
3341,15,冹,15,冹,w515a0703,冹,15,21338,冹
3341,16,帗,16,帗,w515a0704,帗,16,21339,帗
3341,17,𩖼,17,𩖼,w515a0705,𩖼,17,21340,𩖼
3341,18,笰,18,笰,w515a0706,笰,18,21341,笰
3341,19,𤊸,19,𤊸,w515a0707,𤊸,19,21342,𤊸
3341,20,甶,20,甶,w515a0708,甶,20,21343,甶
3342,1,鬱,1,鬱,w515a0801,鬱,1,21344,鬱
3342,2,欝,2,欝,w515a0802,欝,2,21345,欝
3342,3,灪,3,灪,w515a0803,灪,3,21346,灪
3342,4,爩,4,爩,w515a0804,爩,4,21347,爩
3342,5,𩚴,5,𩚴,w515a0805,𩚴,5,21348,𩚴
3342,6,黦,6,黦,w515a0901,黦,6,21349,黦
3342,7,𥘄,7,𥘄,w515a0902,𥘄,7,21350,𥘄
3342,8,菀,8,菀,w515a0903,菀,8,21351,菀
3342,9,尉,9,尉,w515a0904,尉,9,21352,尉
3342,10,熨,10,熨,w515a1001,熨,10,21353,熨
3342,11,蔚,11,蔚,w515a1002,蔚,11,21354,蔚
3342,12,𩰪,12,𩰪,w515b0101,𩰪,12,21355,𩰪
3343,1,𠀔,1,𠀔,w515b0102,𠀔,1,21356,𠀔
3343,2,孒,2,孒,w515b0201,孒,2,21357,孒
3343,3,𦁐,3,𦁐,w515b0202,𦁐,3,21358,𦁐
3343,4,厥,4,厥,w515b0203,厥,4,21359,厥
3343,5,屈,5,屈,w515b0204,屈,5,21360,屈
3343,6,鶌,6,鶌,w515b0301,鶌,6,21361,鶌
3343,7,趉,7,趉,w515b0302,趉,7,21362,趉
3343,8,𧱝,8,𧱝,w515b0303,𧱝,8,21363,𧱝
3343,9,𠜾,9,𠜾,w515b0304,𠜾,9,21364,𠜾
3343,10,䠇,10,䠇,w515b0305,䠇,10,21365,䠇
3344,1,屈,1,屈,w515b0401,屈,1,21366,屈
3344,2,詘,2,詘,w515b0402,詘,2,21367,詘
3344,3,𧌑,3,𧌑,w515b0403,𧌑,3,21368,𧌑
3345,1,倔,1,倔,w515b0404,倔,1,21369,倔
3345,2,䠇,2,䠇,w515b0405,䠇,2,21370,䠇
3345,3,崛,3,崛,w515b0501,崛,3,21371,崛
3345,4,𡲬,4,𡲬,w515b0502,𡲬,4,21372,𡲬
3345,5,䘿,5,䘿,w515b0503,䘿,5,21373,䘿
3345,6,𡲗,6,𡲗,w515b0504,𡲗,6,21374,𡲗
3345,7,堀,7,堀,w515b0505,堀,7,21375,堀
3345,8,𧱝,8,𧱝,w515b0506,𧱝,8,21376,𧱝
3345,9,掘,9,掘,w515b0507,掘,9,21377,掘
3346,1,佛,1,佛,w515b0508,佛,1,21378,佛
3346,2,怫,2,怫,w515b0601,怫,2,21379,怫
3346,3,坲,3,坲,w515b0602,坲,3,21380,坲
3346,4,𡶒,4,𡶒,w515b0701,𡶒,4,21381,𡶒
3346,5,咈,5,咈,w515b0702,咈,5,21382,咈
3346,6,䞞,6,䞞,w515b0703,䞞,6,21383,䞞
3346,7,刜,7,刜,w515b0704,刜,7,21384,刜
3346,8,𣀣,8,𣀣,w515b0705,𣀣,8,21385,𣀣
3346,9,炥,9,炥,w515b0706,炥,9,21386,炥
3347,1,䬍,1,䬍,w515b0707,䬍,1,21387,䬍
3347,2,𩘐,2,𩘐,w515b0708,𩘐,2,21388,𩘐
3347,3,欻,3,欻,w515b0801,欻,3,21389,欻
3347,4,𠦪,4,𠦪,w515b0802,𦱧,4,21390,𦱧
3347,5,㗵,5,㗵,w515b0803,㗵,5,21391,㗵
3347,6,烼,6,烼,w515b0804,烼,6,21392,烼
3348,1,䬑,1,䬑,w515b0805,䬑,1,21393,䬑
3348,2,𢯮,2,𢯮,w515b0806,𢯮,2,21394,𢯮
3348,3,觱,3,觱,w515b0807,觱,3,21395,觱
3348,4,㧒,4,㧒,w515b0808,㧒,4,21396,抭
3348,5,䁌,5,䁌,w515b0809,䁌,5,21397,䁌
3348,6,𢔥,6,𢔥,w515b0810,𢔥,6,21398,𢔥
3349,1,拂,1,拂,w515b0901,拂,1,21399,拂
3349,2,𢂀,2,𢂀,w515b0902,𢂀,2,21400,𢂀
3349,3,嶏,3,嶏,w515b0903,嶏,3,21401,嶏
3349,4,茀,4,茀,w515b0904,茀,4,21402,茀
3349,5,祓,5,祓,w515b0905,祓,5,21403,祓
3349,6,艴,6,艴,w515b0906,艴,6,21404,艴
3349,7,刜,7,刜,w515b0907,刜,7,21405,刜
3349,8,乀,8,乀,w515b1001,乀,8,21406,乀
3349,9,䭮,9,䭮,w515b1002,䭮,9,21407,䭮
3349,10,髴,10,髴,w515b1003,髴,10,21408,髴
3349,11,彿,11,彿,w515b1004,彿,11,21409,彿
3349,12,𧿳,12,𧿳,w515b1005,𧿳,12,21410,𧿳
3350,1,崛,1,崛,w515b1006,崛,1,21411,崛
3351,1,迄,1,迄,w516a0101,迄,1,21412,迄
3351,2,仡,2,仡,w516a0102,仡,2,21413,仡
3351,3,釳,3,釳,w516a0103,釳,3,21414,釳
3351,4,肸,4,肸,w516a0104,肸,4,21415,肸
3351,5,忔,5,忔,w516a0201,忔,5,21416,忔
3351,6,䒗,6,䒗,w516a0202,䒗,6,21417,䒗
3351,7,䛥,7,䛥,w516a0203,䛥,7,21418,䛥
3351,8,莔,8,莔,w516a0204,莔,8,21419,莔
3351,9,汔,9,汔,w516a0205,汔,9,21420,汔
3352,1,訖,1,訖,w516a0301,訖,1,21421,訖
3352,2,吃,2,吃,w516a0302,吃,2,21422,吃
3352,3,扢,3,扢,w516a0303,扢,3,21423,扢
3352,4,暨,4,暨,w516a0304,曁,4,21424,曁
3352,5,䰴,5,䰴,w516a0305,䰴,5,21425,䰴
3353,1,疙,1,疙,w516a0306,疙,1,21426,疙
3353,2,屹,2,屹,w516a0401,屹,2,21427,屹
3353,3,圪,3,圪,w516a0402,圪,3,21428,圪
3353,4,𧆫,4,𧆫,w516a0403,𧆫,4,21429,𧆫
3353,5,仡,5,仡,w516a0404,仡,5,21430,仡
3354,1,䞘,1,䞘,w516a0405,䞘,1,21431,䞘
3354,2,𢇓,2,𢇓,w516a0406,𢇓,2,21432,𢇓
3355,1,乞,1,乞,w516a0407,乞,1,21433,乞
3355,2,䒗,2,䒗,w516a0501,䒗,2,21434,䒗
3355,3,契,3,契,w516a0502,契,3,21435,契
3356,1,月,1,月,w516a0601,月,1,21436,月
3356,2,刖,2,刖,w516a0602,刖,2,21437,刖
3356,3,跀,3,跀,w516a0603,跀,3,21438,跀
3356,4,𧿁,4,𧿁,w516a0604,𧿁,4,21439,𧿁
3356,5,軏,5,軏,w516a0701,軏,5,21440,軏
3356,6,抈,6,抈,w516a0702,抈,6,21441,抈
3356,7,扤,7,扤,w516a0703,扤,7,21442,扤
3356,8,枂,8,枂,w516a0704,枂,8,21443,枂
3356,9,鈅,9,鈅,w516a0705,鈅,9,21444,鈅
3356,10,玥,10,玥,w516a0706,玥,10,21445,玥
3356,11,𦘹,11,𦘹,w516a0707,𦘹,11,21446,𦘹
3357,1,伐,1,伐,w516a0708,伐,1,21447,伐
3357,2,筏,2,筏,w516a0801,筏,2,21448,筏
3357,3,栰,3,栰,w516a0802,栰,3,21449,栰
3357,4,罰,4,罰,w516a0803,罰,4,21450,罰
3357,5,閥,5,閥,w516a0804,閥,5,21451,閥
3357,6,垡,6,垡,w516a0901,垡,6,21452,垡
3357,7,橃,7,橃,w516a0902,橃,7,21453,橃
3357,8,䑔,8,䑔,w516a0903,䑔,8,21454,䑔
3357,9,瞂,9,瞂,w516a0904,瞂,9,21455,瞂
3357,10,拔,10,拔,w516a0905,拔,10,21456,拔
3357,11,茷,11,茷,w516a0906,茷,11,21457,茷
3357,12,藅,12,藅,w516a1001,藅,12,21458,藅
3357,13,坺,13,坺,w516a1002,坺,13,21459,坺
3357,14,䣹,14,䣹,w516a1003,䣹,14,21460,䣹
3358,1,越,1,越,w516a1004,越,1,21461,越
3358,2,𨒋,2,𨒋,w516b0101,𨒋,2,21462,𨒋
3358,3,粵,3,粵,w516b0102,粤,3,21463,粤
3358,4,戉,4,戉,w516b0103,戉,4,21464,戉
3358,5,鉞,5,鉞,w516b0201,鉞,5,21465,鉞
3358,6,䋐,6,䋐,w516b0202,䋐,6,21466,䋐
3358,7,樾,7,樾,w516b0203,樾,7,21467,樾
3358,8,蚏,8,蚏,w516b0204,蚏,8,21468,蚏
3358,9,曰,9,曰,w516b0205,曰,9,21469,曰
3358,10,𥩡,10,𥩡,w516b0206,𥩡,10,21470,𥩡
3358,11,𡛟,11,𡛟,w516b0301,𡛟,11,21471,𡛟
3358,12,璏,12,璏,w516b0302,璏,12,21472,璏
3358,13,熭,13,熭,w516b0303,熭,13,21473,熭
3358,14,𣐋,14,𣐋,w516b0304,𣐋,14,21474,𣐋
3358,15,𧊎,15,𧊎,w516b0305,𧊎,15,21475,𧊎
3358,16,泧,16,泧,w516b0306,泧,16,21476,泧
3359,1,厥,1,厥,w516b0307,厥,1,21477,厥
3359,2,氒,2,氒,w516b0401,氒,2,21478,氒
3359,3,蹶,3,蹶,w516b0402,蹶,3,21479,蹶
3359,4,𨇮,4,𨇮,w516b0403,𨇮,4,21480,𨇮
3359,5,𧽸,5,𧽸,w516b0404,𧽸,5,21481,𧽸
3359,6,𧼞,6,𧼞,w516b0405,𧼞,6,21482,𧼞
3359,7,瘚,7,瘚,w516b0501,瘚,7,21483,瘚
3359,8,劂,8,劂,w516b0502,劂,8,21484,劂
3359,9,蕨,9,蕨,w516b0503,蕨,9,21485,蕨
3359,10,蟨,10,蟨,w516b0504,蟨,10,21486,蟨
3359,11,蟩,11,蟩,w516b0505,蟩,11,21487,蟩
3359,12,橜,12,橜,w516b0601,橜,12,21488,橜
3359,13,𥕲,13,𥕲,w516b0602,𥕲,13,21489,𥕲
3359,14,𠢤,14,𠢤,w516b0603,𠢤,14,21490,𠢤
3359,15,欮,15,欮,w516b0604,欮,15,21491,欮
3359,16,撅,16,撅,w516b0605,撅,16,21492,撅
3359,17,鱖,17,鱖,w516b0606,鱖,17,21493,鱖
3359,18,孒,18,孒,w516b0607,了,18,21494,孒
3359,19,𠄌,19,𠄌,w516b0608,𠄌,19,21495,𠄌
3360,1,𡡕,1,𡡕,w516b0609,𡡕,1,21496,𡡕
3360,2,𩚴,2,𩚴,w516b0701,𩚴,2,21497,𩚴
3360,3,噦,3,噦,w516b0702,噦,3,21498,噦
3360,4,黦,4,黦,w516b0703,黦,4,21499,黦
3361,1,𧤼,1,𧤼,w516b0704,鱖,1,21500,𧤼
3361,2,鷢,2,鷢,w516b0801,鷢,2,21501,鷢
3361,3,橜,3,橜,w516b0802,橜,3,21502,橜
3361,4,撅,4,撅,w516b0803,撅,4,21503,撅
3361,5,蹶,5,蹶,w516b0804,蹷,5,21504,蹷
3361,6,掘,6,掘,w516b0805,掘,6,21505,掘
3361,7,赶,7,赶,w516b0901,赶,7,21506,赶
3361,8,憠,8,憠,w516b0902,憠,8,21507,憠
3361,9,𨬐,9,𨬐,w516b0903,𨬐,9,21508,𨬐
3361,10,䞷,10,䞷,w516b0904,䞷,10,21509,䞷
3361,11,𣖬,11,𣖬,w516b0905,𣖬,11,21510,𣖬
3361,12,𩪜,12,𩪜,w516b0906,𩪜,12,21511,𩪜
3361,13,𠄌〈亅〉,13,𠄌〈亅〉,w516b0907,𠄌〈丨〉,13,21512,亅
3362,1,闕,1,闕,w516b0908,闕,1,21513,闕
3362,2,㵐,2,㵐,w516b1001,㵐,2,21514,㵐
3362,3,𦁐,3,𦁐,w517a0101,𦁐,3,21515,𦁐
3363,1,髮,1,髮,w517a0102,髮,1,21516,髮
3363,2,𩠖,2,𩠖,w517a0201,𩠖,2,21517,𩠖
3363,3,𩑛,3,𩑛,w517a0202,𩑛,3,21518,𩑛
3363,4,發,4,發,w517a0203,發,4,21519,發
3363,5,颰,5,颰,w517a0204,颰,5,21520,颰
3363,6,冹,6,冹,w517a0205,冹,6,21521,冹
3364,1,韤,1,韤,w517a0206,韤,1,21522,韤
3364,2,韈,2,韈,w517a0301,韈,2,21523,韈
3364,3,襪,3,襪,w517a0302,襪,3,21524,襪
3364,4,𥄎,4,𥄎,w517a0303,𥄎,4,21525,𥄎
3364,5,㒝,5,㒝,w517a0304,㒝,5,21526,㒝
3365,1,䬂,1,䬂,w517a0305,䬂,1,21527,䬂
3365,2,䟠,2,䟠,w517a0306,䟠,2,21528,䟠
3365,3,泧,3,泧,w517a0401,泧,3,21529,泧
3365,4,狘,4,狘,w517a0402,狘,4,21530,狘
3365,5,䎀,5,䎀,w517a0403,䎀,5,21531,䎀
3365,6,㞽,6,㞽,w517a0404,㞽,6,21532,㞽
3366,1,謁,1,謁,w517a0405,謁,1,21533,謁
3366,2,閼,2,閼,w517a0406,閼,2,21534,閼
3366,3,暍,3,暍,w517a0501,暍,3,21535,暍
3366,4,𢉥,4,𢉥,w517a0502,𢉥,4,21536,𢉥
3366,5,黦,5,黦,w517a0503,黦,5,21537,黦
3367,1,歇,1,歇,w517a0504,歇,1,21538,歇
3367,2,蠍,2,蠍,w517a0601,蠍,2,21539,蠍
3367,3,猲,3,猲,w517a0602,猲,3,21540,猲
3367,4,𤢔,4,𤢔,w517a0603,𤢔,4,21541,𤢔
3367,5,𦪬,5,𦪬,w517a0604,𦪬,5,21542,𦪬
3368,1,訐,1,訐,w517a0605,訐,1,21543,訐
3368,2,𧼨,2,𧼨,w517a0701,𧼨,2,21544,𧼨
3368,3,羯,3,羯,w517a0702,羯,3,21545,羯
3368,4,揭,4,揭,w517a0703,揭,4,21546,揭
3368,5,𢶆,5,𢶆,w517a0704,𢶆,5,21547,𢶆
3368,6,鍻,6,鍻,w517a0705,鍻,6,21548,鍻
3369,1,𢷒,1,𢷒,w517a0706,𢷒,1,21549,𢷒
3369,2,揭,2,揭,w517a0707,揭,2,21550,揭
3369,3,竭,3,竭,w517a0708,竭,3,21551,竭
3369,4,碣,4,碣,w517a0801,碣,4,21552,碣
3369,5,楬,5,楬,w517a0802,楬,5,21553,楬
3370,1,㤄,1,㤄,w517a0803,㤄,1,21554,㤄
3371,1,钀,1,钀,w517a0804,钀,1,21555,钀
3372,1,沒,1,沒,w517a0901,沒,1,21556,没
3372,2,歿,2,歿,w517a0902,歿,2,21557,殁
3372,3,𤣻,3,𤣻,w517a0903,𤣻,3,21558,𤣻
3372,4,𩑦,4,𩑦,w517a0904,𩑦,4,21559,𩑦
3372,5,𠬛,5,𠬛,w517a1001,𠬛,5,21560,𠬛
3372,6,莈,6,莈,w517a1002,莈,6,21561,莈
3373,1,｛𣅝｝,1,𣅝,w517a1003,⿱冂父,1,21562,𣅝
3374,1,骨,1,骨,w517a1004,骨,1,21563,骨
3374,2,縎,2,縎,w517b0101,縎,2,21564,縎
3374,3,鶻,3,鶻,w517b0102,鶻,3,21565,鶻
3374,4,滑,4,滑,w517b0103,滑,4,21566,滑
3374,5,䮩,5,䮩,w517b0104,䮩,5,21567,䮩
3374,6,啒,6,啒,w517b0105,啒,6,21568,啒
3374,7,淈,7,淈,w517b0106,淈,7,21569,淈
3374,8,汨,8,汨,w517b0201,汨,8,21570,汩
3374,9,愲,9,愲,w517b0202,愲,9,21571,愲
3374,10,蓇,10,蓇,w517b0203,蓇,10,21572,蓇
3374,11,尳,11,尳,w517b0204,尳,11,21573,尳
3374,12,㾶,12,㾶,w517b0205,㾶,12,21574,㾶
3374,13,榾,13,榾,w517b0206,榾,13,21575,榾
3374,14,䓛,14,䓛,w517b0207,䓛,14,21576,䓛
3374,15,扢,15,扢,w517b0208,扢,15,21577,扢
3374,16,㒴,16,㒴,w517b0301,㒴,16,21578,㒴
3375,1,勃,1,勃,w517b0302,勃,1,21579,勃
3375,2,渤,2,渤,w517b0303,渤,2,21580,渤
3375,3,𩣡,3,𩣡,w517b0304,𩣡,3,21581,𩣡
3375,4,𩱚,4,𩱚,w517b0401,𩱚,4,21582,𩱚
3375,5,餑,5,餑,w517b0402,餑,5,21583,餑
3375,6,𡋯,6,𡋯,w517b0403,𡋯,6,21584,𡋯
3375,7,馞,7,馞,w517b0404,馞,7,21585,馞
3375,8,悖,8,悖,w517b0405,悖,8,21586,悖
3375,9,䄶,9,䄶,w517b0406,䄶,9,21587,䄶
3375,10,郣,10,郣,w517b0501,郣,10,21588,郣
3375,11,浡,11,浡,w517b0502,浡,11,21589,浡
3375,12,𣭷,12,𣭷,w517b0503,𣭷,12,21590,𣭷
3375,13,𢠜,13,𢠜,w517b0504,𢠜,13,21591,𢠜
3375,14,㪍,14,㪍,w517b0505,㪍,14,21592,㪍
3375,15,誖,15,誖,w517b0506,誖,15,21593,誖
3375,16,㶿,16,㶿,w517b0507,㶿,16,21594,㶿
3375,17,桲,17,桲,w517b0508,桲,17,21595,桲
3375,18,孛,18,孛,w517b0601,孛,18,21596,孛
3375,19,艴,19,艴,w517b0602,艴,19,21597,艴
3375,20,挬,20,挬,w517b0603,挬,20,21598,挬
3375,21,脖,21,脖,w517b0604,脖,21,21599,脖
3375,22,𦸦,22,𦸦,w517b0605,𦸦,22,21600,𦸦
3375,23,鵓,23,鵓,w517b0606,鵓,23,21601,鵓
3376,1,咄,1,咄,w517b0607,咄,1,21602,咄
3376,2,柮,2,柮,w517b0608,柮,2,21603,柮
3376,3,𩢎,3,𩢎,w517b0701,𩢎,3,21604,𩢎
3376,4,𩨳,4,𩨳,w517b0702,𩨳,4,21605,𩨳
3377,1,宊〈突〉,1,宊〈突〉,w517b0703,宊,1,21606,宊
3377,2,梲,2,梲,w517b0704,梲,2,21607,棁
3377,3,𠫓,3,𠫓,w517b0705,𠫓,3,21608,𠫓
3377,4,𡿮,4,𡿮,w517b0801,𡿮,4,21609,𡿮
3377,5,㥆,5,㥆,w517b0802,㥆,5,21610,㥆
3377,6,䠈,6,䠈,w517b0803,䠈,6,21611,䠈
3378,1,突,1,突,w517b0804,突,1,21612,突
3378,2,揬,2,揬,w517b0901,揬,2,21613,揬
3378,3,腯,3,腯,w517b0902,腯,3,21614,腯
3378,4,鼵,4,鼵,w517b0903,鼵,4,21615,鼵
3378,5,葖,5,葖,w517b1001,葖,5,21616,葖
3378,6,鶟,6,鶟,w517b1002,鶟,6,21617,鶟
3378,7,堗,7,堗,w517b1003,堗,7,21618,堗
3378,8,𦩤,8,𦩤,w518a0101,𦩤,8,21619,𦩤
3378,9,鈯,9,鈯,w518a0102,鈯,9,21620,鈯
3378,10,𦔅,10,𦔅,w518a0103,𦔅,10,21621,𦔅
3378,11,𣔻,11,𣔻,w518a0104,𣔻,11,21622,𣔻
3378,12,凸,12,凸,w518a0105,凸,12,21623,凸
3378,13,𡿮,13,𡿮,w518a0106,𡿮,13,21624,𡿮
3378,14,鍎,14,鍎,w518a0201,鍎,14,21625,鍎
3379,1,𩑦,1,𩑦,w518a0202,𩑦,1,21626,𩑦
3379,2,膃,2,膃,w518a0203,腽,2,21627,腽
3379,3,殟,3,殟,w518a0204,殟,3,21628,殟
3379,4,嗢,4,嗢,w518a0205,嗢,4,21629,嗢
3379,5,䯉,5,䯉,w518a0206,䯉,5,21630,䯉
3379,6,榲,6,榲,w518a0301,榅,6,21631,榅
3379,7,搵,7,搵,w518a0302,揾,7,21632,揾
3379,8,淴,8,淴,w518a0303,淴,8,21633,淴
3379,9,馧,9,馧,w518a0304,馧,9,21634,馧
3380,1,忽,1,忽,w518a0305,忽,1,21635,忽
3380,2,昒,2,昒,w518a0401,昒,2,21636,昒
3380,3,㾁,3,㾁,w518a0402,㾁,3,21637,㾁
3380,4,匫,4,匫,w518a0403,匫,4,21638,匫
3380,5,寣,5,寣,w518a0404,寣,5,21639,寣
3380,6,笏,6,笏,w518a0405,笏,6,21640,笏
3380,7,䩐,7,䩐,w518a0501,䩐,7,21641,䩐
3380,8,㫚,8,㫚,w518a0502,㫚,8,21642,曶
3380,9,𨑥,9,𨑥,w518a0601,𨑥,9,21643,𨑥
3380,10,啒,10,啒,w518a0602,啒,10,21644,啒
3380,11,𣓗,11,𣓗,w518a0603,𣓗,11,21645,𣓗
3380,12,㦌,12,㦌,w518a0604,㦌,12,21646,㦌
3380,13,𦁕,13,𦁕,w518a0605,𦁕,13,21647,𦁕
3380,14,𢑢,14,𢑢,w518a0606,𢑢,14,21648,𢑢
3380,15,惚,15,惚,w518a0607,惚,15,21649,惚
3380,16,䬍,16,䬍,w518a0608,䬍,16,21650,䬍
3380,17,𤶘,17,𤶘,w518a0609,𤶘,17,21651,𤶘
3381,1,兀,1,兀,w518a0701,兀,1,21652,兀
3381,2,扤,2,扤,w518a0702,扤,2,21653,扤
3381,3,杌,3,杌,w518a0703,杌,3,21654,杌
3381,4,屼,4,屼,w518a0704,屼,4,21655,屼
3381,5,矹,5,矹,w518a0705,矹,5,21656,矹
3381,6,䦍,6,䦍,w518a0801,䦍,6,21657,䦍
3381,7,鼿,7,鼿,w518a0802,鼿,7,21658,鼿
3381,8,𦨉,8,𦨉,w518a0803,𦨉,8,21659,𦨉
3381,9,䑢,9,䑢,w518a0804,䑢,9,21660,䑢
3381,10,𠨜,10,𠨜,w518a0805,𠨜,10,21661,𠨜
3381,11,㽾,11,㽾,w518a0806,㽾,11,21662,㽾
3381,12,𤴰,12,𤴰,w518a0807,𤴰,12,21663,𤴰
3381,13,軏,13,軏,w518a0901,軏,13,21664,軏
3381,14,𧈭,14,𧈭,w518a0902,𧈭,14,21665,𧈭
3381,15,刖,15,刖,w518a0903,刖,15,21666,刖
3381,16,𦬂,16,𦬂,w518a0904,𦬂,16,21667,𦬂
3382,1,䪬,1,䪬,w518a0905,䪬,1,21668,䪬
3382,2,昢,2,昢,w518a0906,昢,2,21669,昢
3382,3,哱,3,哱,w518a0907,哱,3,21670,哱
3382,4,㛘,4,㛘,w518a0908,㛘,4,21671,㛘
3382,5,馞,5,馞,w518a1001,馞,5,21672,馞
3383,1,𠀽,1,𠀽,w518a1002,𠀽,1,21673,𠀽
3383,2,𨁸,3,𨁸,w518a1003,𨁸,3,21675,𨁸
3383,3,硉,2,硉,w518a1004,硉,2,21674,硉
3383,4,𥓎,4,𥓎,w518a1005,𥓎,4,21676,𥓎
3383,5,㪐,5,㪐,w518a1006,㪐,5,21677,㪐
3384,1,窟,1,窟,w518a1007,窟,1,21678,窟
3384,2,顝,2,顝,w518b0101,顝,2,21679,顝
3384,3,泏,3,泏,w518b0102,泏,3,21680,泏
3384,4,𩑔,4,𩑔,w518b0103,𩑔,4,21681,𩑔
3384,5,矻,5,矻,w518b0104,矻,5,21682,矻
3384,6,堀,6,堀,w518b0105,堀,6,21683,堀
3384,7,𧷎,7,𧷎,w518b0106,𧷎,7,21684,𡑧
3384,8,㧾,8,㧾,w518b0107,㧾,8,21685,㧾
3384,9,圣,9,圣,w518b0201,圣,9,21686,圣
3384,10,㩿,10,㩿,w518b0202,㩿,10,21687,㩿
3384,11,𡑣,11,𡑣,w518b0203,𡑣,11,21688,𡑣
3384,12,䯇,12,䯇,w518b0204,䯇,12,21689,䯇
3384,13,𡼿,13,𡼿,w518b0205,𡼿,13,21690,𡼿
3384,14,𥌄,14,𥌄,w518b0206,𥌄,14,21691,𥌄
3384,15,胐,15,胐,w518b0207,胐,15,21692,胐
3385,1,訥,1,訥,w518b0208,訥,1,21693,訥
3385,2,㕯,2,㕯,w518b0301,㕯,2,21694,㕯
3385,3,肭,3,肭,w518b0302,肭,3,21695,肭
3385,4,抐,4,抐,w518b0303,抐,4,21696,抐
3385,5,𣧍,5,𣧍,w518b0304,𣧍,5,21697,𣧍
3386,1,窣,1,窣,w518b0305,窣,1,21698,窣
3386,2,𪌯,2,𪌯,w518b0306,𪌯,2,21699,𪌯
3386,3,𪍛,3,𪍛,w518b0307,𪍛,3,21700,𪍛
3386,4,㲞,4,㲞,w518b0308,㲞,4,21701,㲞
3386,5,𪖶,5,𪖶,w518b0401,𪖶,5,21702,𪖶
3386,6,𪅄,6,𪅄,w518b0402,𪅄,6,21703,𪅄
3386,7,屑,7,屑,w518b0403,㞕,7,21704,㞕
3387,1,猝,1,猝,w518b0404,猝,1,21705,猝
3387,2,卒,2,卒,w518b0405,卒,2,21706,卒
3387,3,𣨛,3,𣨛,w518b0406,𣨛,3,21707,𣨛
3387,4,𢪃,4,𢪃,w518b0501,𢪃,4,21708,𢪃
3387,5,𥾛,5,𥾛,w518b0502,𥾛,5,21709,𥾛
3388,1,捽,1,捽,w518b0503,捽,1,21710,捽
3388,2,椊,2,椊,w518b0504,椊,2,21711,椊
3388,3,𪘧,3,𪘧,w518b0505,𪘧,3,21712,𪘧
3388,4,䚝,4,䚝,w518b0506,䚝,4,21713,䚝
3388,5,崒,5,崒,w518b0507,崪,5,21714,崪
3388,6,𩩠,6,𩩠,w518b0508,𩩠,6,21715,𩩠
3389,1,麧,1,麧,w518b0601,麧,1,21716,麧
3389,2,𥝖,2,𥝖,w518b0602,𥝖,2,21717,𥝖
3389,3,齕,3,齕,w518b0603,齕,3,21718,齕
3389,4,紇,4,紇,w518b0604,紇,4,21719,紇
3389,5,淈,5,淈,w518b0701,淈,5,21720,淈
3390,1,搰,1,搰,w518b0702,搰,1,21721,搰
3390,2,扢,2,扢,w518b0703,扢,2,21722,扢
3390,3,𣝗,3,𣝗,w518b0704,𣝗,3,21723,𣝗
3390,4,𦗣,4,𦗣,w518b0801,𦗣,4,21724,𦗣
3390,5,｛𦖼｝,4.5,𦖼,w518b0802,𦖼,,,
3390,6,𢪏,5,𢪏,w518b0803,𢪏,5,21725,抇
3390,7,鶻,6,鶻,w518b0804,鶻,6,21726,鶻
3390,8,尳,7,尳,w518b0805,尳,7,21727,尳
3390,9,㨡,8,㨡,w518b0806,㨡,8,21728,㨡
3390,10,𡰅,9,𡰅,w518b0807,𡰅,9,21729,𡰅
3390,11,滑,10,滑,w518b0901,滑,10,21730,滑
3391,1,卒,1,卒,w518b0902,卒,1,21731,卒
3391,2,倅,2,倅,w518b0903,倅,2,21732,倅
3391,3,稡,3,稡,w518b0904,稡,3,21733,稡
3392,1,曷,1,曷,w518b1001,曷,1,21734,曷
3392,2,褐,2,褐,w518b1002,褐,2,21735,褐
3392,3,毼,3,毼,w518b1003,毼,3,21736,毼
3392,4,鶡,4,鶡,w518b1004,鶡,4,21737,鶡
3392,5,蝎,5,蝎,w518b1005,蝎,5,21738,蝎
3392,6,餲,6,餲,w519a0101,餲,6,21739,餲
3392,7,䫘,7,䫘,w519a0102,䫘,7,21740,䫘
3392,8,𩩲,8,𩩲,w519a0103,𩩲,8,21741,𩩲
3392,9,骱,9,骱,w519a0104,骱,9,21742,骱
3392,10,㮫,10,㮫,w519a0105,㮫,10,21743,㮫
3392,11,鞨,11,鞨,w519a0106,鞨,11,21744,鞨
3393,1,䫘,1,䫘,w519a0201,䫘,1,21745,䫘
3393,2,𠿒,2,𠿒,w519a0202,𠿒,2,21746,𠿒
3393,3,喝,3,喝,w519a0203,喝,3,21747,喝
3393,4,猲,4,猲,w519a0204,猲,4,21748,猲
3393,5,𦤦,5,𦤦,w519a0205,𦤦,5,21749,𦤦
3393,6,㿣,6,㿣,w519a0206,㿣,6,21750,㿣
3393,7,暍,7,暍,w519a0207,暍,7,21751,暍
3393,8,𩡔,8,𩡔,w519a0208,𩡔,8,21752,𩡔
3394,1,怛,1,怛,w519a0301,怛,1,21753,怛
3394,2,𢛁,2,𢛁,w519a0302,𢛁,2,21754,𢛁
3394,3,妲,3,妲,w519a0303,妲,3,21755,妲
3394,4,呾,4,呾,w519a0304,呾,4,21756,呾
3394,5,炟,5,炟,w519a0305,炟,5,21757,炟
3394,6,䵣,6,䵣,w519a0306,䵣,6,21758,䵣
3394,7,狚,7,狚,w519a0307,狚,7,21759,狚
3394,8,笪,8,笪,w519a0401,笪,8,21760,笪
3394,9,𦬹,9,𦬹,w519a0402,𦬹,9,21761,𦬹
3394,10,靼,10,靼,w519a0403,靼,10,21762,靼
3395,1,闥,1,闥,w519a0404,闥,1,21763,闥
3395,2,㒓,2,㒓,w519a0405,㒓,2,21764,㒓
3395,3,撻,3,撻,w519a0406,撻,3,21765,撻
3395,4,躂,4,躂,w519a0407,躂,4,21766,躂
3395,5,澾,5,澾,w519a0408,澾,5,21767,澾
3395,6,獺,6,獺,w519a0409,獺,6,21768,獺
3395,7,䲚,7,䲚,w519a0501,䲚,7,21769,䲚
3395,8,𣥂,8,𣥂,w519a0502,𣥂,8,21770,𣥂
3395,9,羍,9,羍,w519a0503,羍,9,21771,羍
3395,10,𦍒,10,𦍒,w519a0504,𦍒,10,21772,𦍒
3395,11,達,11,達,w519a0505,達,11,21773,達
3395,12,汏,12,汏,w519a0506,汏,12,21774,汏
3395,13,噧,13,噧,w519a0507,噧,13,21775,噧
3396,1,遏,1,遏,w519a0601,遏,1,21776,遏
3396,2,齃,2,齃,w519a0602,齃,2,21777,齃
3396,3,頞,3,頞,w519a0603,頞,3,21778,頞
3396,4,堨,4,堨,w519a0604,堨,4,21779,堨
3396,5,閼,5,閼,w519a0605,閼,5,21780,閼
3396,6,胺,6,胺,w519a0606,胺,6,21781,胺
3396,7,餲,7,餲,w519a0701,餲,7,21782,餲
3396,8,靄,8,靄,w519a0702,靄,8,21783,靄
3396,9,咹,9,咹,w519a0703,咹,9,21784,咹
3396,10,𠥜,10,𠥜,w519a0704,𠥜,10,21785,𠥜
3396,11,𢉥,11,𢉥,w519a0705,𢉥,11,21786,𢉥
3397,1,剌,1,剌,w519a0706,剌,1,21787,剌
3397,2,揧,2,揧,w519a0707,揧,2,21788,揧
3397,3,辢,3,辢,w519a0801,辢,3,21789,辢
3397,4,䓶,4,䓶,w519a0802,䓶,4,21790,䓶
3397,5,瘌,5,瘌,w519a0803,瘌,5,21791,瘌
3397,6,攋,6,攋,w519a0804,攋,6,21792,攋
3397,7,糲,7,糲,w519a0805,糲,7,21793,糲
3397,8,癩,8,癩,w519a0806,癩,8,21794,癩
3397,9,𢈠〈𢉨〉,9,𢈠〈𢉨〉,w519a0807,𢈠〈𢉨〉,9,21795,𢈠
3397,10,轢,10,轢,w519a0901,轢,10,21796,轢
3397,11,𢃴,11,𢃴,w519a0902,𢃴,11,21797,𢃴
3397,12,䶛,12,䶛,w519a0903,䶛,12,21798,䶛
3397,13,㻝,13,㻝,w519a0904,㻝,13,21799,㻝
3397,14,𥈙,14,𥈙,w519a0905,𥈙,14,21800,𥈙
3397,15,楋,15,楋,w519a0906,楋,15,21801,楋
3397,16,蝲,16,蝲,w519a0907,蝲,16,21802,蝲
3398,1,渴,1,渴,w519a0908,渴,1,21803,渴
3398,2,㵣,2,㵣,w519a1001,㵣,2,21804,㵣
3398,3,𤸎,3,𤸎,w519a1002,𤸎,3,21805,𤸎
3398,4,䳚,4,䳚,w519a1003,䳚,4,21806,䳚
3398,5,嵑,5,嵑,w519b0101,嵑,5,21807,嵑
3398,6,磕,6,磕,w519b0102,磕,6,21808,磕
3398,7,䯋,7,䯋,w519b0103,䯋,7,21809,骹
3398,8,䅥,8,䅥,w519b0104,䅥,8,21810,䅥
3399,1,達,1,達,w519b0105,達,1,21811,達
3399,2,薘,2,薘,w519b0201,薘,2,21812,薘
3400,1,嶻,1,嶻,w519b0202,巀,1,21813,巀
3400,2,囋,2,囋,w519b0203,𡂐,2,21814,囋
3400,3,囐,3,囐,w519b0301,囐,3,21815,囐
3400,4,㩵,4,㩵,w519b0302,㩵,4,21816,㩵
3401,1,嶭,1,嶭,w519b0303,嶭,1,21817,嶭
3401,2,䡾,2,䡾,w519b0304,䡾,2,21818,䡾
3401,3,屵,3,屵,w519b0305,屵,3,21819,屵
3401,4,枿,4,枿,w519b0306,枿,4,21820,枿
3401,5,𣡌,5,𣡌,w519b0307,𣡌,5,21821,𣡌
3401,6,櫱,6,櫱,w519b0308,櫱,6,21822,櫱
3401,7,𣎴,7,𣎴,w519b0401,𣎴,7,21823,𣎴
3401,8,𠱥,8,𠱥,w519b0402,𠱥,8,21824,𠱥
3401,9,㩵,9,㩵,w519b0403,㩵,9,21825,㩵
3401,10,𠲗,10,𠲗,w519b0404,𠲗,10,21826,𠲗
3401,11,歺,11,歺,w519b0405,歺,11,21827,歺
3401,12,頇,12,頇,w519b0501,頇,12,21828,頇
3401,13,齾,13,齾,w519b0502,齾,13,21829,齾
3402,1,葛,1,葛,w519b0503,葛,1,21830,葛
3402,2,䈓,2,䈓,w519b0601,䈓,2,21831,䈓
3402,3,獦,3,獦,w519b0602,獦,3,21832,獦
3402,4,割,4,割,w519b0603,割,4,21833,割
3402,5,𩢛,5,𩢛,w519b0604,𩢛,5,21834,𩢛
3402,6,𠣏〈匃〉,6,𠣏〈匃〉,w519b0605,匃,6,21835,匃
3402,7,輵,7,輵,w519b0606,輵,7,21836,輵
3402,8,𨞛,8,𨞛,w519b0701,𨞛,8,21837,𨞛
3402,9,𥢸,9,𥢸,w519b0702,𥢸,9,21838,𥢸
3402,10,㵧,10,㵧,w519b0703,㵧,10,21839,㵧
3403,1,躠,1,躠,w519b0704,躠,1,21840,躠
3403,2,薩,2,薩,w519b0705,〾薩〈薩〉,2,21841,薩
3403,3,摋,3,摋,w519b0801,摋,3,21842,摋
3403,4,𥻦,4,𥻦,w519b0802,𥻦,4,21843,𥻦
3403,5,𠱡,5,𠱡,w519b0803,𠱡,5,21844,𠱡
3403,6,攃,6,攃,w519b0804,攃,6,21845,攃
3403,7,䉈,7,䉈,w519b0901,䉈,7,21846,䉈
3403,8,𦼧,8,𦼧,w519b0902,𦼧,8,21847,𦼧
3403,9,𨐖,9,𨐖,w519b0903,𨐖,9,21848,𨐖
3404,1,攃,1,攃,w519b0904,攃,1,21849,攃
3404,2,䌨,2,䌨,w519b0905,䌨,2,21850,䌨
3404,3,礤,3,礤,w519b0906,礤,3,21851,礤
3405,1,捺,1,捺,w519b0907,捺,1,21852,捺
3405,2,𤷈,2,𤷈,w519b1001,𤷈,2,21853,𤷈
3405,3,䖧,3,䖧,w519b1002,䖧,3,21854,䖧
3406,1,䔾,1,䔾,w519b1003,䔾,1,21855,䔾
3407,1,末,1,末,w520a0101,末,1,21856,末
3407,2,昩,2,昩,w520a0102,昩,2,21857,昩
3407,3,𩑷,3,𩑷,w520a0201,𩑷,3,21858,𩑷
3407,4,䀛,4,䀛,w520a0202,䀛,4,21859,䀛
3407,5,䴲,5,䴲,w520a0203,䴲,5,21860,䴲
3407,6,𨣱,6,𨣱,w520a0204,𨣱,6,21861,𨣱
3407,7,䬴,7,䬴,w520a0205,䬴,7,21862,䬴
3407,8,秣,8,秣,w520a0301,秣,8,21863,秣
3407,9,𥬎,9,𥬎,w520a0302,𥬎,9,21864,𥬎
3407,10,靺,10,靺,w520a0303,靺,10,21865,靺
3407,11,韎,11,韎,w520a0304,韎,11,21866,韎
3407,12,苜〈𥄕〉,12,苜〈𥄕〉,w520a0305,苜〈𥄕〉,12,21867,苜
3407,13,粖,13,粖,w520a0306,粖,13,21868,粖
3407,14,𩱷,14,𩱷,w520a0307,𩱷,14,21869,𩱷
3407,15,𥽘,15,𥽘,w520a0308,𥽘,15,21870,𥽘
3407,16,䱅,16,䱅,w520a0401,䱅,16,21871,䱅
3407,17,眜,17,眜,w520a0402,眜,17,21872,眜
3407,18,抹,18,抹,w520a0403,抹,18,21873,抹
3407,19,妺,19,妺,w520a0404,妺,19,21874,妺
3407,20,𠇱,20,𠇱,w520a0405,𠇱,20,21875,𠇱
3407,21,𢗿,21,𢗿,w520a0406,𢗿,21,21876,𢗿
3407,22,𡊉,22,𡊉,w520a0407,𡊉,22,21877,𡊉
3407,23,瀎,23,瀎,w520a0408,瀎,23,21878,瀎
3407,24,𩿣,24,𩿣,w520a0501,𩿣,24,21879,𩿣
3407,25,沫,25,沫,w520a0502,沫,25,21880,沫
3407,26,𦫕,26,𦫕,w520a0503,𦫕,26,21881,𦫕
3407,27,袜,27,袜,w520a0504,袜,27,21882,袜
3408,1,枂,1,枂,w520a0505,枂,1,21883,枂
3409,1,柮,1,柮,w520a0506,柮,1,21884,柮
3410,1,撥,1,撥,w520a0601,撥,1,21885,撥
3410,2,癶,2,癶,w520a0602,癶,2,21886,癶
3410,3,袚,3,袚,w520a0603,袚,3,21887,袚
3410,4,茇,4,茇,w520a0604,茇,4,21888,茇
3410,5,鉢,5,鉢,w520a0605,鉢,5,21889,鉢
3410,6,盋,6,盋,w520a0606,盋,6,21890,盋
3410,7,䳊,7,䳊,w520a0701,䳊,7,21891,䳊
3410,8,鱍,8,鱍,w520a0702,鱍,8,21892,鱍
3410,9,䢌,9,䢌,w520a0703,䢌,9,21893,䢌
3410,10,𩯌,10,𩯌,w520a0704,𩯌,10,21894,𩯌
3410,11,襏,11,襏,w520a0705,襏,11,21895,襏
3410,12,帗,12,帗,w520a0706,帗,12,21896,帗
3410,13,㤄,13,㤄,w520a0707,㤄,13,21897,㤄
3410,14,𦪑,14,𦪑,w520a0708,𦪑,14,21898,𦪑
3410,15,驋,15,驋,w520a0801,驋,15,21899,驋
3410,16,筏,16,筏,w520a0802,筏,16,21900,筏
3411,1,䰖,1,䰖,w520a0803,𩯳,1,21901,𩯳
3411,2,拶,2,拶,w520a0804,拶,2,21902,拶
3411,3,㳨,3,㳨,w520a0805,㳨,3,21903,㳨
3411,4,𠛱,4,𠛱,w520a0806,𠛱,4,21904,𠛱
3411,5,𨀨,5,𨀨,w520a0807,𫏎,5,21905,𨀨
3411,6,㵶,6,㵶,w520a0808,𤁢,6,21906,𤁢
3412,1,括,1,括,w520a0901,括,1,21907,括
3412,2,活,2,活,w520a0902,活,2,21908,活
3412,3,𣽅,3,𣽅,w520a0903,𣽅,3,21909,𣽅
3412,4,髺,4,髺,w520a0904,髺,4,21910,髺
3412,5,檜,5,檜,w520a0905,檜,5,21911,檜
3412,6,栝,6,栝,w520a0906,栝,6,21912,栝
3412,7,聒,7,聒,w520a0907,聒,7,21913,聒
3412,8,䒷,8,䒷,w520a1001,䒷,8,21914,䒷
3412,9,𦸈,9,𦸈,w520a1002,𦸈,9,21915,𦸈
3412,10,鴰,10,鴰,w520a1003,鴰,10,21916,鴰
3412,11,萿,11,萿,w520b0101,萿,11,21917,萿
3412,12,适,12,适,w520b0102,适,12,21918,适
3412,13,銛,13,銛,w520b0103,銛,13,21919,銛
3412,14,佸,14,佸,w520b0104,佸,14,21920,佸
3412,15,頢,15,頢,w520b0201,頢,15,21921,頢
3412,16,劊,16,劊,w520b0202,劊,16,21922,劊
3412,17,葀,17,葀,w520b0203,葀,17,21923,葀
3412,18,䯏,18,䯏,w520b0204,䯏,18,21924,䯏
3412,19,懖,19,懖,w520b0205,懖,19,21925,懖
3412,20,𦗾,20,𦗾,w520b0206,𦗾,20,21926,𦗾
3412,21,筈,21,筈,w520b0207,筈,21,21927,筈
3413,1,闊,1,闊,w520b0301,闊,1,21928,闊
3413,2,蛞,2,蛞,w520b0302,蛞,2,21929,蛞
3413,3,筈,3,筈,w520b0303,筈,3,21930,筈
3413,4,适,4,适,w520b0304,适,4,21931,适
3413,5,䟯,5,䟯,w520b0305,䟯,5,21932,䟯
3413,6,𤫵,6,𤫵,w520b0306,𤫵,6,21933,𤫵
3414,1,活,1,活,w520b0401,活,1,21934,活
3414,2,𣽅,2,𣽅,w520b0402,𣽅,2,21935,𣽅
3414,3,䄆,3,䄆,w520b0403,䄆,3,21936,䄆
3414,4,越,4,越,w520b0404,越,4,21937,越
3414,5,鬠,5,鬠,w520b0405,鬠,5,21938,鬠
3414,6,佸,6,佸,w520b0501,佸,6,21939,佸
3414,7,秳,7,秳,w520b0502,秳,7,21940,秳
3414,8,姡,8,姡,w520b0503,姡,8,21941,姡
3415,1,奪,1,奪,w520b0504,奪,1,21942,奪
3415,2,𡙜,2,𡙜,w520b0505,𡙜,2,21943,𡙜
3415,3,敓,3,敓,w520b0506,敓,3,21944,敓
3415,4,脫,4,脫,w520b0601,脫,4,21945,脫
3415,5,挩,5,挩,w520b0602,挩,5,21946,挩
3415,6,莌,6,莌,w520b0603,莌,6,21947,莌
3415,7,痥,7,痥,w520b0604,痥,7,21948,痥
3415,8,鮵,8,鮵,w520b0605,鮵,8,21949,鮵
3416,1,豁,1,豁,w520b0701,豁,1,21950,豁
3416,2,𧯆,2,𧯆,w520b0702,𧯆,2,21951,𧯆
3416,3,奯,3,奯,w520b0703,奯,3,21952,奯
3416,4,濊,4,濊,w520b0704,濊,4,21953,濊
3416,5,𤃴,5,𤃴,w520b0705,𤃴,5,21954,𤃴
3416,6,泧,6,泧,w520b0706,泧,6,21955,泧
3416,7,𣁳,7,𣁳,w520b0707,𣁳,7,21956,𣁳
3416,8,眓,8,眓,w520b0708,眓,8,21957,眓
3417,1,斡,1,斡,w520b0709,斡,1,21958,斡
3417,2,焥,2,焥,w520b0801,焥,2,21959,焥
3417,3,䩊,3,䩊,w520b0802,䩊,3,21960,䩊
3417,4,捾,4,捾,w520b0803,捾,4,21961,捾
3417,5,𣁳,5,𣁳,w520b0804,𣁳,5,21962,𣁳
3417,6,嬒,6,嬒,w520b0805,嬒,6,21963,嬒
3417,7,䁊,7,䁊,w520b0806,䁊,7,21964,䁊
3417,8,睕,8,睕,w520b0807,睕,8,21965,睕
3417,9,𥄗,9,𥄗,w520b0901,𥄗,9,21966,𥄗
3418,1,繓,1,繓,w520b0902,繓,1,21967,繓
3418,2,撮,2,撮,w520b0903,撮,2,21968,撮
3418,3,攥,3,攥,w520b0904,攥,3,21969,攥
3419,1,鏺,1,鏺,w520b0905,鏺,1,21970,鏺
3419,2,𢯸,2,𢯸,w520b1001,𢯸,2,21971,𢯸
3419,3,𨂩,3,𨂩,w520b1002,𨂩,3,21972,𨂩
3419,4,㧊,4,㧊,w520b1003,㧊,4,21973,㧊
3419,5,䣪,5,䣪,w520b1004,䣪,5,21974,䣪
3419,6,𨡩,6,𨡩,w520b1005,𨡩,6,21975,𨡩
3419,7,𣸍,7,𣸍,w520b1006,𣸍,7,21976,𣸍
3419,8,𥄱,8,𥄱,w520b1007,𥄱,8,21977,𥄱
3419,9,鱍,9,鱍,w520b1008,鱍,9,21978,鱍
3419,10,𧘟,10,𧘟,w521a0101,𧘟,10,21979,𧘟
3419,11,𦫔,11,𦫔,w521a0102,𦫔,11,21980,𦫔
3419,12,䍨,12,䍨,w521a0103,䍨,12,21981,䍨
3419,13,𠷑,13,𠷑,w521a0104,𠷑,13,21982,𠷑
3420,1,侻,1,侻,w521a0105,侻,1,21983,侻
3420,2,挩,2,挩,w521a0106,挩,2,21984,挩
3420,3,脫,3,脫,w521a0201,脫,3,21985,脫
3420,4,莌,4,莌,w521a0202,莌,4,21986,莌
3420,5,梲,5,梲,w521a0203,梲,5,21987,棁
3421,1,捋,1,捋,w521a0204,捋,1,21988,捋
3421,2,𠜖,2,𠜖,w521a0205,𠜖,2,21989,𠜖
3421,3,蛶,3,蛶,w521a0206,蛶,3,21990,蛶
3421,4,㸹,4,㸹,w521a0301,㸹,4,21991,㸹
3421,5,㭩,5,㭩,w521a0302,㭩,5,21992,㭩
3422,1,掇,1,掇,w521a0303,掇,1,21993,掇
3422,2,剟,2,剟,w521a0304,剟,2,21994,剟
3422,3,鵽,3,鵽,w521a0305,鵽,3,21995,鵽
3422,4,腏,4,腏,w521a0306,腏,4,21996,腏
3422,5,祋,5,祋,w521a0307,祋,5,21997,祋
3422,6,咄,6,咄,w521a0401,咄,6,21998,咄
3422,7,裰,7,裰,w521a0402,裰,7,21999,裰
3422,8,敠,8,敠,w521a0403,敠,8,22000,敠
3423,1,撮,1,撮,w521a0404,撮,1,22001,撮
3423,2,襊,2,襊,w521a0501,襊,2,22002,襊
3424,1,跋,1,跋,w521a0502,跋,1,22003,跋
3424,2,䟛,2,䟛,w521a0503,䟛,2,22004,䟛
3424,3,𧺡,3,𧺡,w521a0504,𧺡,3,22005,𧺡
3424,4,𧺺,4,𧺺,w521a0505,𧺺,4,22006,𧺺
3424,5,魃,5,魃,w521a0506,魃,5,22007,魃
3424,6,𢇷,6,𢇷,w521a0507,𢇷,6,22008,𢇷
3424,7,軷,7,軷,w521a0601,軷,7,22009,軷
3424,8,䣮,8,䣮,w521a0602,䣮,8,22010,䣮
3424,9,馛,9,馛,w521a0603,馛,9,22011,馛
3424,10,炦,10,炦,w521a0604,炦,10,22012,炦
3424,11,颰,11,颰,w521a0605,颰,11,22013,颰
3424,12,癹,12,癹,w521a0606,癹,12,22014,癹
3424,13,妭,13,妭,w521a0607,妭,13,22015,妭
3424,14,犮,14,犮,w521a0701,犮,14,22016,犮
3424,15,䚨,15,䚨,w521a0702,䚨,15,22017,䚨
3424,16,拔,16,拔,w521a0703,拔,16,22018,拔
3424,17,胈,17,胈,w521a0801,胈,17,22019,胈
3424,18,鈸,18,鈸,w521a0901,鈸,18,22020,鈸
3424,19,䳊,19,䳊,w521a0902,䳊,19,22021,䳊
3424,20,䮂,20,䮂,w521a0903,䮂,20,22022,䮂
3424,21,菝,21,菝,w521a0904,菝,21,22023,菝
3424,22,坺,22,坺,w521a0905,坺,22,22024,坺
3424,23,𩃶,23,𩃶,w521a0906,𩃶,23,22025,𩃶
3424,24,茇,24,茇,w521a0907,茇,24,22026,茇
3424,25,䯋,25,䯋,w521a0908,䯋,25,22027,䯋
3425,1,黠,1,黠,w521a1001,黠,1,22028,黠
3425,2,𩪲,2,𩪲,w521a1002,𩪲〈䶤〉,2,22029,𩪲
3425,3,䕸,3,䕸,w521a1003,䕸,3,22030,䕸
3425,4,䦖,4,䦖,w521a1004,䦖,4,22031,䦖
3426,1,札,1,札,w521a1005,札,1,22032,札
3426,2,㱜〈𣧖〉,2,㱜〈𣧖〉,w521b0101,㱜〈𣧖〉,2,22033,㱜
3426,3,蚻,3,蚻,w521b0102,蚻,3,22034,蚻
3426,4,紮,4,紮,w521b0103,紮,4,22035,紮
3426,5,𩿤,5,𩿤,w521b0104,𩿤,5,22036,𩿤
3426,6,扎,6,扎,w521b0105,扎,6,22037,扎
3427,1,拔,1,拔,w521b0106,拔,1,22038,拔
3427,2,菝,2,菝,w521b0201,菝,2,22039,菝
3427,3,𥎱,3,𥎱,w521b0202,𥎱,3,22040,𥎱
3428,1,𤫶,1,𤫶,w521b0203,𤫶,1,22041,𤫶
3428,2,擖,2,擖,w521b0204,擖,2,22042,擖
3428,3,劼,3,劼,w521b0205,劼,3,22043,劼
3428,4,鬜,4,鬜,w521b0301,鬜,4,22044,鬝
3428,5,𩮁,5,𩮁,w521b0302,𩮁,5,22045,𩮁
3428,6,㓞,6,㓞,w521b0303,㓞,6,22046,𠛉
3428,7,㓤,7,㓤,w521b0304,㓤,7,22047,㓤
3428,8,硈,8,硈,w521b0305,硈,8,22048,硈
3428,9,𦸉,9,𦸉,w521b0306,𦸉,9,22049,𦸉
3428,10,䂒,10,䂒,w521b0307,䂒,10,22050,䂒
3428,11,咭,11,咭,w521b0308,咭,11,22051,咭
3428,12,𢼣,12,𢼣,w521b0401,𢼣,12,22052,𢼣
3429,1,滑,1,滑,w521b0402,滑,1,22053,滑
3429,2,猾,2,猾,w521b0501,猾,2,22054,猾
3429,3,䱻,3,䱻,w521b0502,䱻,3,22055,䱻
3429,4,磆,4,磆,w521b0503,磆,4,22056,磆
3429,5,螖,5,螖,w521b0601,螖,5,22057,螖
3429,6,䴳,6,䴳,w521b0602,䴳,6,22058,䴳
3429,7,𧽌,7,𧽌,w521b0603,𧽌,7,22059,𧽌
3429,8,鶻,8,鶻,w521b0604,鶻,8,22060,鶻
3430,1,八,1,八,w521b0605,八,1,22061,八
3430,2,𩡩,2,𩡩,w521b0606,𩡩,2,22062,𩡩
3430,3,朳,3,朳,w521b0607,朳,3,22063,朳
3430,4,捌,4,捌,w521b0701,捌,4,22064,捌
3430,5,扒,5,扒,w521b0702,扒,5,22065,扒
3430,6,㺴,6,㺴,w521b0703,㺴,6,22066,㺴
3430,7,䤢,7,䤢,w521b0704,䤢,7,22067,䤢
3430,8,哵,8,哵,w521b0705,哵,8,22068,哵
3430,9,玐,9,玐,w521b0706,玐,9,22069,玐
3430,10,釟,10,釟,w521b0707,釟,10,22070,釟
3431,1,窡,1,窡,w521b0708,窡,1,22071,窡
3431,2,𠿡,2,𠿡,w521b0709,𠿡,2,22072,𠿡
3431,3,娺,3,娺,w521b0801,娺,3,22073,娺
3431,4,鵽,4,鵽,w521b0802,鵽,4,22074,鵽
3431,5,聉,5,聉,w521b0803,聉,5,22075,聉
3432,1,婠,1,婠,w521b0804,婠,1,22076,婠
3432,2,𣁳,2,𣁳,w521b0805,𣁳,2,22077,𣁳
3432,3,嗢,3,嗢,w521b0806,嗢,3,22078,嗢
3432,4,䯉,4,䯉,w521b0807,䯉,4,22079,䯉
3432,5,穵,5,穵,w521b0901,穵,5,22080,穵
3432,6,嗗,6,嗗,w521b0902,嗗,6,22081,嗗
3433,1,豽,1,豽,w521b0903,豽,1,22082,豽
3433,2,貀,2,貀,w521b0904,貀,2,22083,貀
3433,3,㕯,3,㕯,w521b0905,㕯,3,22084,㕯
3433,4,肭,4,肭,w521b1001,肭,4,22085,肭
3434,1,䶪,1,䶪,w521b1002,𪙻,1,22086,𪙻
3434,2,䕓,2,䕓,w521b1003,䕓,2,22087,䕓
3434,3,察,3,察,w521b1004,察,3,22088,察
3434,4,詧,4,詧,w522a0101,詧,4,22089,詧
3434,5,𣘤,5,𣘤,w522a0102,𣘤,5,22090,𣘤
3434,6,𥉻,6,𥉻,w522a0103,𥉻,6,22091,𥉻
3434,7,𩴳,7,𩴳,w522a0104,𩴳,7,22092,𩴳
3435,1,劀,1,劀,w522a0105,劀,1,22093,劀
3435,2,𠟽,2,𠟽,w522a0201,𠟽,2,22094,𠟽
3435,3,鱊,3,鱊,w522a0202,鱊,3,22095,鱊
3436,1,戛,1,戛,w522a0203,戛,1,22096,戛
3436,2,扴,2,扴,w522a0204,扴,2,22097,扴
3436,3,圿,3,圿,w522a0205,圿,3,22098,圿
3436,4,稭,4,稭,w522a0206,稭,4,22099,稭
3436,5,鴶,5,鴶,w522a0301,鴶,5,22100,鴶
3436,6,楔,6,楔,w522a0302,楔,6,22101,楔
3436,7,秸,7,秸,w522a0303,秸,7,22102,秸
3436,8,骱,8,骱,w522a0304,骱,8,22103,骱
3436,9,鞂,9,鞂,w522a0305,鞂,9,22104,鞂
3436,10,砎,10,砎,w522a0306,砎,10,22105,砎
3436,11,忦,11,忦,w522a0307,忦,11,22106,忦
3436,12,嘎,12,嘎,w522a0308,嘎,12,22107,嘎
3436,13,𠜵,13,𠜵,w522a0401,𠜵,13,22108,𠜵
3436,14,𪃈,14,𪃈,w522a0402,𪃈,14,22109,𪃈
3436,15,袺,15,袺,w522a0403,袺,15,22110,袺
3436,16,㮖,16,㮖,w522a0404,㮖,16,22111,㮖
3436,17,磍,17,磍,w522a0405,磍,17,22112,磍
3436,18,頡,18,頡,w522a0406,頡,18,22113,頡
3437,1,軋,1,軋,w522a0501,軋,1,22114,軋
3437,2,圠,2,圠,w522a0502,圠,2,22115,圠
3437,3,揠,3,揠,w522a0503,揠,3,22116,揠
3437,4,嫼,4,嫼,w522a0504,嫼,4,22117,嫼
3437,5,䝟,5,䝟,w522a0505,䝟,5,22118,䝟
3437,6,猰,6,猰,w522a0506,猰,6,22119,猰
3437,7,穵,7,穵,w522a0507,穵,7,22120,穵
3437,8,𥈔,8,𥈔,w522a0508,𥈔,8,22121,𥈔
3437,9,䰲,9,䰲,w522a0601,䰲,9,22122,䰲
3437,10,窫,10,窫,w522a0602,窫,10,22123,窫
3438,1,殺,1,殺,w522a0603,殺,1,22124,殺
3438,2,煞,2,煞,w522a0604,煞,2,22125,煞
3438,3,鎩,3,鎩,w522a0605,鎩,3,22126,鎩
3438,4,𣻑,4,𣻑,w522a0606,𣻑,4,22127,𣻑
3438,5,帴,5,帴,w522a0607,帴,5,22128,帴
3438,6,蔱,6,蔱,w522a0701,蔱,6,22129,蔱
3438,7,榝,7,榝,w522a0702,榝,7,22130,榝
3439,1,㑻,1,㑻,w522a0703,㑻,1,22131,㑻
3439,2,䀣,2,䀣,w522a0704,䀣,2,22132,䀣
3439,3,齂,3,齂,w522a0705,齂,3,22133,齂
3439,4,䯦,4,䯦,w522a0706,䯦,4,22134,䯦
3439,5,𪒜,5,𪒜,w522a0707,𪒜,5,22135,𪒜
3439,6,睰,6,睰,w522a0801,睰,6,22136,睰
3439,7,礣,7,礣,w522a0802,礣,7,22137,礣
3440,1,傄,1,傄,w522a0803,傄,1,22138,傄
3440,2,䀨,2,䀨,w522a0804,䀨,2,22139,䀨
3441,1,痆,1,痆,w522a0805,痆,1,22140,痆
3441,2,𤷈,2,𤷈,w522a0806,𤷈,2,22141,𤷈
3441,3,𧞍,3,𧞍,w522a0807,𧞍,3,22142,𧞍
3442,1,𦤙,1,𦤙,w522a0808,𦤙,1,22143,𦤙
3442,2,聉,2,聉,w522a0901,聉,2,22144,聉
3442,3,𦘍,3,𦘍,w522a0902,𦘍,3,22145,𦘍
3443,1,䯇,1,䯇,w522a0903,䯇,1,22146,䯇
3444,1,汃,1,汃,w522a0904,汃,1,22147,汃
3444,2,𪗔,2,𪗔,w522a0905,𪗔,2,22148,𪗔
3444,3,𥐙,3,𥐙,w522a0906,𥐙,3,22149,𥐙
3444,4,𨋐,4,𨋐,w522a1001,𨋐,4,22150,𨋐
3445,1,茁,1,茁,w522a1002,茁,1,22151,茁
3446,1,鎋,1,鎋,w522b0101,鎋,1,22152,鎋
3446,2,舝,2,舝,w522b0102,舝,2,22153,舝
3446,3,轄,3,轄,w522b0103,轄,3,22154,轄
3446,4,𪗾,4,𪗾,w522b0104,𪗾,4,22155,𪗾
3446,5,鶷,5,鶷,w522b0105,鶷,5,22156,鶷
3446,6,砎,6,砎,w522b0201,砎,6,22157,砎
3446,7,𧕱,7,𧕱,w522b0202,𧕱,7,22158,𧕱
3446,8,𤪍,8,𤪍,w522b0203,𤪍,8,22159,𤪍
3446,9,𦵯,9,𦵯,w522b0204,𦵯,9,22160,𦵯
3446,10,𧷎,10,𧷎,w522b0205,𧷎,10,22161,𡑧
3446,11,縖,11,縖,w522b0206,縖,11,22162,縖
3446,12,𩝛,12,𩝛,w522b0207,𩝛,12,22163,𩝛
3446,13,𥰶,13,𥰶,w522b0301,𥰶,13,22164,𥰶
3446,14,𠢆,14,𠢆,w522b0302,𠢆,14,22165,𠢆
3446,15,𢮟,15,𢮟,w522b0303,𢮟,15,22166,𢮟
3447,1,𪆰,1,𪆰,w522b0304,𪆰,1,22167,𪆰
3447,2,䦪,2,䦪,w522b0305,䦪,2,22168,䦪
3447,3,𡇼,3,𡇼,w522b0306,𡇼,3,22169,𡇼
3447,4,呾,4,呾,w522b0307,呾,4,22170,咀
3447,5,劜,5,劜,w522b0308,劜,5,22171,劜
3448,1,齾,1,齾,w522b0401,齾,1,22172,齾
3448,2,聐,2,聐,w522b0402,聐,2,22173,聐
3448,3,𩮝,3,𩮝,w522b0403,𩮝,3,22174,𩮝
3448,4,𡿖,4,𡿖,w522b0404,𡿖,4,22175,𡿖
3449,1,刹,1,刹,w522b0405,刹,1,22176,刹
3449,2,䓭,2,䓭,w522b0406,䓭,2,22177,䓭
3450,1,𥴭,1,𥴭,w522b0407,𥴭,1,22178,𥴭
3450,2,楬,2,楬,w522b0501,楬,2,22179,楬
3450,3,磍,3,磍,w522b0502,磍,3,22180,磍
3450,4,趏,4,趏,w522b0503,趏,4,22181,趏
3451,1,瞎,1,瞎,w522b0504,瞎,1,22182,瞎
3451,2,𪗾,2,𪗾,w522b0505,𪗾,2,22183,𪗾
3451,3,𩮂,3,𩮂,w522b0506,𩮂,3,22184,𩮂
3451,4,㔠,4,㔠,w522b0601,㔠,4,22185,㔠
3452,1,獺,1,獺,w522b0602,獺,1,22186,獺
3453,1,刮,1,刮,w522b0603,刮,1,22187,刮
3453,2,鴰,2,鴰,w522b0604,鴰,2,22188,鴰
3453,3,劀,3,劀,w522b0605,劀,3,22189,劀
3453,4,䄆,4,䄆,w522b0701,䄆,4,22190,䄆
3453,5,趏,5,趏,w522b0702,趏,5,22191,趏
3454,1,頢,1,頢,w522b0703,頢,1,22192,頢
3454,2,𤁪,2,𤁪,w522b0704,𤁪,2,22193,𤁪
3454,3,𦧠,3,𦧠,w522b0705,𦧠,3,22194,𦧠
3454,4,敌,4,敌,w522b0706,⿰舌文〈敌〉,4,22195,敌
3454,5,舌,5,舌,w522b0707,舌,5,22196,舌
3454,6,姡,6,姡,w522b0801,姡,6,22197,姡
3454,7,咶,7,咶,w522b0802,咶,7,22198,咶
3455,1,䫄,1,䫄,w522b0803,䫄,1,22199,䫄
3455,2,𤁫,2,𤁫,w522b0804,𤁫,2,22200,𤁫
3456,1,鵽,1,鵽,w522b0805,鵽,1,22201,鵽
3456,2,窡,2,窡,w522b0901,窡,2,22202,窡
3456,3,錣,3,錣,w522b0902,錣,3,22203,錣
3457,1,刷,1,刷,w522b0903,刷,1,22204,刷
3458,1,刖,1,刖,w522b1001,刖,1,22205,刖
3458,2,䎳,2,䎳,w522b1002,䎳,2,22206,䎳
3458,3,㱚,3,㱚,w522b1003,㱚,3,22207,㱚
3458,4,䚴,4,䚴,w522b1004,䚴,4,22208,䚴
3459,1,䵵,1,䵵,w523a0101,䵵,1,22209,䵵
3459,2,㔍,2,㔍,w523a0102,㔍,2,22210,㔍
3460,1,𥗥〈礣〉,1,𥗥〈礣〉,w523a0103,𥗥〈礣〉,1,22211,𥗥
3460,2,帓,2,帓,w523a0104,帓,2,22212,帓
3460,3,帕,3,帕,w523a0105,帕,3,22213,帕
3460,4,㩢,4,㩢,w523a0106,㩢,4,22214,㩢
3461,1,妠,1,妠,w523a0107,妠,1,22215,妠
3461,2,𤬷,2,𤬷,w523a0201,𤬷,2,22216,𤬷
3461,3,袦,3,袦,w523a0202,袦,3,22217,袦
3462,1,捌,1,捌,w523a0203,捌,1,22218,捌
3462,2,㭭,2,㭭,w523a0204,㭭,2,22219,㭭
3463,1,𪈟,1,𪈟,w523a0205,𪈟,1,22220,𪈟
3463,2,擖,2,擖,w523a0301,擖,2,22221,擖
3463,3,𩮁,3,𩮁,w523a0302,𩮁,3,22222,𩮁
3463,4,猰,4,猰,w523a0303,猰,4,22223,猰
3464,1,𨰉,1,𨰉,w523a0304,𨰉,1,22224,𨰉
3464,2,耫,2,耫,w523a0305,耫,2,22225,耫
3464,3,㳐,3,㳐,w523a0306,㳐,3,22226,㳐
3465,1,哳,1,哳,w523a0401,哳,1,22227,哳
3465,2,𢧖,2,𢧖,w523a0402,𢧖,2,22228,𢧖
3465,3,𧶇,3,𧶇,w523a0403,𧶇,3,22229,𧶇
3465,4,眣,4,眣,w523a0404,眣,4,22230,眣
3466,1,𩭿,1,𩭿,w523a0405,𩭿,1,22231,𩭿
3467,1,屑,1,屑,w523a0501,屑,1,22232,屑
3467,2,楔,2,楔,w523a0502,楔,2,22233,楔
3467,3,揳,3,揳,w523a0503,揳,3,22234,揳
3467,4,𨆳,4,𨆳,w523a0504,𨆳,4,22235,𨇨
3467,5,榍,5,榍,w523a0505,榍,5,22236,榍
3467,6,糏,6,糏,w523a0601,糏,6,22237,糏
3467,7,僁,7,僁,w523a0602,僁,7,22238,僁
3467,8,偰,8,偰,w523a0603,偰,8,22239,偰
3467,9,㴽,9,㴽,w523a0604,㴽,9,22240,㴽
3467,10,𦵱,10,𦵱,w523a0605,𦵱,10,22241,𦵱
3467,11,𦞚,11,𦞚,w523a0701,𦞚,11,22242,𦞚
3467,12,㨝,12,㨝,w523a0702,㨝,12,22243,㨝
3468,1,切,1,切,w523a0703,切,1,22244,切
3468,2,㗫,2,㗫,w523a0704,㗫,2,22245,㗫
3468,3,𪙌,3,𪙌,w523a0705,𪙌,3,22246,𪙌
3468,4,竊,4,竊,w523a0706,竊,4,22247,竊
3468,5,柣,5,柣,w523a0801,柣,5,22248,柣
3468,6,沏,6,沏,w523a0802,沏,6,22249,沏
3468,7,䟙,7,䟙,w523a0803,䟙,7,22250,䟙
3468,8,詧,8,詧,w523a0804,詧,8,22251,詧
3469,1,結,1,結,w523a0805,結,1,22252,結
3469,2,絜,2,絜,w523a0806,絜,2,22253,絜
3469,3,潔,3,潔,w523a0901,潔,3,22254,潔
3469,4,䥛,4,䥛,w523a0902,䥛,4,22255,䥛
3469,5,鍥,5,鍥,w523a0903,鍥,5,22256,鍥
3469,6,桔,6,桔,w523a0904,桔,6,22257,桔
3469,7,𣚃,7,𣚃,w523a0905,𣚃,7,22258,𣚃
3469,8,𧾯,8,𧾯,w523a0906,𧾯,8,22259,𧾯
3469,9,𪃈,9,𪃈,w523a0907,𪃈,9,22260,𪃈
3469,10,袺,10,袺,w523a1001,袺,10,22261,袺
3469,11,拮,11,拮,w523a1002,拮,11,22262,拮
3469,12,狤,12,狤,w523a1003,狤,12,22263,狤
3469,13,魝,13,魝,w523a1004,魝,13,22264,魝
3469,14,𡔢,14,𡔢,w523a1005,𡔢,14,22265,𡔣
3469,15,𧍩,15,𧍩,w523a1006,蜈,15,22266,𧍩
3470,1,節,1,節,w523b0101,節,1,22267,節
3470,2,𢎛,2,𢎛,w523b0102,𢎛,2,22268,𢎛
3470,3,癤,3,癤,w523b0103,癤,3,22269,癤
3470,4,蝍,4,蝍,w523b0104,蝍,4,22270,蝍
3470,5,楶,5,楶,w523b0201,楶,5,22271,楶
3470,6,㵶,6,㵶,w523b0202,𤁢,6,22272,𤁢
3470,7,㸅,7,㸅,w523b0203,㸅,7,22273,㸅
3470,8,𡴺,8,𡴺,w523b0204,岊,8,22274,𡴺
3470,9,䰏,9,䰏,w523b0205,𩯰,9,22275,𩯰
3470,10,䲙,10,䲙,w523b0206,䲙,10,22276,䲙
3470,11,幯,11,幯,w523b0207,幯,11,22277,幯
3470,12,𠬝,12,𠬝,w523b0208,𠬝,12,22278,𠬨
3470,13,𧞛,13,𧞛,w523b0301,𧞩,13,22279,𧞩
3471,1,血,1,血,w523b0302,血,1,22280,血
3471,2,𥅧,2,𥅧,w523b0303,𥅧,2,22281,𥅧
3471,3,䆷,3,䆷,w523b0304,䆷,3,22282,䆷
3471,4,䆝,4,䆝,w523b0305,䆝,4,22283,䆝
3471,5,䦑,5,䦑,w523b0401,䦑,5,22284,䦑
3471,6,泬,6,泬,w523b0402,泬,6,22285,泬
3471,7,疦,7,疦,w523b0403,疦,7,22286,疦
3471,8,瞲,8,瞲,w523b0404,瞲,8,22287,瞲
3471,9,決,9,決,w523b0405,決,9,22288,決
3471,10,䛎,10,䛎,w523b0406,䛎,10,22289,䛎
3471,11,䒸,11,䒸,w523b0501,䒸,11,22290,䒸
3471,12,坹,12,坹,w523b0502,坹,12,22291,坹
3472,1,闋,1,闋,w523b0503,闋,1,22292,闋
3472,2,湀,2,湀,w523b0504,湀,2,22293,湀
3472,3,缺,3,缺,w523b0505,缺,3,22294,缺
3472,4,𨴒,4,𨴒,w523b0506,𨴒,4,22295,𨴒
3473,1,玦,1,玦,w523b0507,玦,1,22296,玦
3473,2,潏,2,潏,w523b0601,潏,2,22297,潏
3473,3,䀗,3,䀗,w523b0602,䀗,3,22298,䀗
3473,4,譎,4,譎,w523b0603,譎,4,22299,譎
3473,5,訣,5,訣,w523b0604,訣,5,22300,訣
3473,6,𧤾,6,𧤾,w523b0605,𧤾,6,22301,𧤾
3473,7,觼,7,觼,w523b0701,觼,7,22302,觼
3473,8,鐍,8,鐍,w523b0702,鐍,8,22303,鐍
3473,9,駃,9,駃,w523b0703,駃,9,22304,駃
3473,10,𦯊,10,𦯊,w523b0704,𦯊,10,22305,𦯊
3473,11,芵,11,芵,w523b0705,芵,11,22306,芵
3473,12,赽,12,赽,w523b0706,赽,12,22307,赽
3473,13,鴂,13,鴂,w523b0801,鴂,13,22308,鴂
3473,14,鈌,14,鈌,w523b0802,鈌,14,22309,鈌
3473,15,𣬎,15,𣬎,w523b0803,𣬎,15,22310,𣬎
3473,16,決,16,決,w523b0804,決,16,22311,決
3473,17,觖,17,觖,w523b0901,觖,17,22312,觖
3473,18,騤,18,騤,w523b0902,騤,18,22313,騤
3473,19,㭈,19,㭈,w523b0903,㭈,19,22314,㭈
3473,20,疦,20,疦,w523b1001,疦,20,22315,疦
3473,21,蚗,20.5,蚗,w523b1002,蚗,21,22316,蚗
3473,22,趹,21,趹,w523b1003,趹,22,22317,趹
3473,23,憰,22,憰,w523b1004,憰,23,22318,憰
3473,24,𧝃,23,𧝃,w523b1005,𧝃,24,22319,𧝃
3473,25,䏐,24,䏐,w523b1006,䏐,25,22320,䏐
3473,26,抉,25,抉,w523b1007,抉,26,22321,抉
3474,1,穴,1,穴,w523b1008,穴,1,22322,穴
3474,2,坹,2,坹,w524a0101,坹,2,22323,坹
3474,3,䋉,3,䋉,w524a0102,䋉,3,22324,䋉
3474,4,袕,4,袕,w524a0103,袕,4,22325,袕
3475,1,抉,1,抉,w524a0104,抉,1,22326,抉
3475,2,䆕,2,䆕,w524a0105,䆕,2,22327,䆕
3475,3,妜,3,妜,w524a0106,妜,3,22328,妜
3475,4,焆,4,焆,w524a0201,焆,4,22329,焆
3475,5,𥈾,5,𥈾,w524a0202,𥈾,5,22330,𥈾
3475,6,䆢,6,䆢,w524a0203,䆢,6,22331,䆢
3476,1,姪,1,姪,w524a0204,姪,1,22332,姪
3476,2,眣,2,眣,w524a0205,眣,2,22333,眣
3476,3,昳,3,昳,w524a0206,昳,3,22334,昳
3476,4,胅,4,胅,w524a0301,胅,4,22335,胅
3476,5,凸,5,凸,w524a0302,凸,5,22336,凸
3476,6,垤,6,垤,w524a0303,垤,6,22337,垤
3476,7,耋,7,耋,w524a0304,耋,7,22338,耋
3476,8,迭,8,迭,w524a0305,迭,8,22339,迭
3476,9,跌,9,跌,w524a0306,跌,9,22340,跌
3476,10,絰,10,絰,w524a0307,絰,10,22341,絰
3476,11,驖,11,驖,w524a0401,驖,11,22342,驖
3476,12,嵽,12,嵽,w524a0402,嵽,12,22343,嵽
3476,13,軼,13,軼,w524a0403,軼,13,22344,軼
3476,14,䭿,14,䭿,w524a0404,䭿,14,22345,䭿
3476,15,𨳺,15,𨳺,w524a0405,𨳺,15,22346,𨳺
3476,16,瓞,16,瓞,w524a0406,瓞,16,22347,瓞
3476,17,咥,17,咥,w524a0407,咥,17,22348,咥
3476,18,墆,18,墆,w524a0501,墆,18,22349,墆
3476,19,戜,19,戜,w524a0502,戜,19,22350,戜
3476,20,苵,20,苵,w524a0503,苵,20,22351,苵
3476,21,镻,21,镻,w524a0601,镻,21,22352,镻
3476,22,䳀,22,䳀,w524a0602,䳀,22,22353,䳀
3476,23,荎,23,荎,w524a0603,荎,23,22354,荎
3476,24,𪗻,24,𪗻,w524a0604,𪗻,24,22355,𪗻
3476,25,𢲼,25,𢲼,w524a0701,𢲼,25,22356,𢲼
3476,26,恎,26,恎,w524a0702,恎,26,22357,恎
3476,27,詄,27,詄,w524a0703,詄,27,22358,詄
3476,28,摕,28,摕,w524a0704,摕,28,22359,摕
3476,29,𪀒,29,𪀒,w524a0705,𪀒,29,22360,𪀒
3476,30,𠽧,30,𠽧,w524a0706,𠽧,30,22361,𠽧
3476,31,𡼄,31,𡼄,w524a0707,𡼄,31,22362,𡼄
3476,32,泆,32,泆,w524a0708,泆,32,22363,泆
3476,33,𥑇,33,𥑇,w524a0709,𥑇,33,22364,𥑇
3476,34,趃,34,趃,w524a0801,趃,34,22365,趃
3476,35,㦅,35,㦅,w524a0802,㦅,35,22366,㦅
3477,1,鐵,1,鐵,w524a0803,鐵,1,22367,鐵
3477,2,銕,2,銕,w524a0901,銕,2,22368,銕
3477,3,僣,3,僣,w524a0902,僣,3,22369,僣
3477,4,餮,4,餮,w524a1001,餮,4,22370,餮
3477,5,飻,5,飻,w524a1002,飻,5,22371,飻
3477,6,蛈,6,蛈,w524a1003,蛈,6,22372,蛈
3477,7,𢶋,7,𢶋,w524a1004,𢶋,7,22373,𢶋
3477,8,驖,8,驖,w524b0101,驖,8,22374,驖
3478,1,纈,1,纈,w524b0102,纈,1,22375,纈
3478,2,䦖,2,䦖,w524b0103,䦖,2,22376,䦖
3478,3,擷,3,擷,w524b0104,擷,3,22377,擷
3478,4,𢴲,4,𢴲,w524b0105,𢴲,4,22378,𢴲
3478,5,頡,5,頡,w524b0106,頡,5,22379,頡
3478,6,頁,6,頁,w524b0201,頁,6,22380,頁
3478,7,齕,7,齕,w524b0202,齕,7,22381,齕
3478,8,紇,8,紇,w524b0203,紇,8,22382,紇
3478,9,襭,9,襭,w524b0204,襭,9,22383,襭
3478,10,絜,10,絜,w524b0301,絜,10,22384,絜
3478,11,𥊯,11,𥊯,w524b0302,𥊯,11,22385,𥊯
3478,12,𧀺,12,𧀺,w524b0303,𧀺,12,22386,𧀺
3478,13,𪕯,13,𪕯,w524b0304,𪕯,13,22387,𪕯
3478,14,翓,14,翓,w524b0305,翓,14,22388,翓
3478,15,䐼,15,䐼,w524b0401,䐼,15,22389,䐼
3478,16,㹂,16,㹂,w524b0402,㹂,16,22390,㹂
3478,17,奊,17,奊,w524b0403,⿱⿸广龶大〈奊〉,17,22391,奊
3478,18,籺,18,籺,w524b0404,籺,18,22392,籺
3478,19,𨵪,19,𨵪,w524b0405,𨵪,19,22393,𨵪
3478,20,𥢹,20,𥢹,w524b0406,𥢹,20,22394,𥢹
3478,21,覈,21,覈,w524b0407,覈,21,22395,覈
3479,1,涅,1,涅,w524b0408,湼〈涅〉,1,22396,涅
3479,2,捏,2,捏,w524b0501,揑,2,22397,捏
3479,3,𦯖,3,𦯖,w524b0502,𦯖,3,22398,𦵐
3479,4,㘿,4,㘿,w524b0503,𡍤,4,22399,𡍤
3479,5,圼,5,圼,w524b0504,圼,5,22400,圼
3479,6,篞,6,篞,w524b0505,篞,6,22401,篞
3479,7,苶,7,苶,w524b0506,苶,7,22402,苶
3479,8,𥔄,8,𥔄,w524b0601,𥔄,8,22403,𥔄
3479,9,𤶚,9,𤶚,w524b0602,𤶚,9,22404,𤶚
3479,10,㖏,10,㖏,w524b0603,㖏,10,22405,㖏
3479,11,𦛠,11,𦛠,w524b0604,𦛠,11,22406,𦛠
3479,12,菍,12,菍,w524b0605,菍,12,22407,菍
3480,1,截,1,截,w524b0606,𢧵,1,22408,𢧵
3480,2,䟌,2,䟌,w524b0607,𧾢,2,22409,𧾢
3480,3,𡴺,3,𡴺,w524b0701,岊,3,22410,岊
3480,4,嶻,4,嶻,w524b0702,巀,4,22411,巀
3480,5,蠞,5,蠞,w524b0703,蠞,5,22412,蠞
3480,6,䕙,6,䕙,w524b0704,𦿐,6,22413,䕙
3480,7,𩟙,7,𩟙,w524b0705,𩟦,7,22414,𩟦
3481,1,齧,1,齧,w524b0706,齧,1,22415,齧
3481,2,霓,2,霓,w524b0801,霓,2,22416,霓
3481,3,蜺,3,蜺,w524b0802,蜺,3,22417,蜺
3481,4,嵲,4,嵲,w524b0803,嵲,4,22418,嵲
3481,5,槷,5,槷,w524b0804,槷,5,22419,槷
3481,6,臬,6,臬,w524b0805,臬,6,22420,臬
3481,7,嶭,7,嶭,w524b0901,嶭,7,22421,嶭
3481,8,臲,8,臲,w524b0902,臲,8,22422,臲
3481,9,陧,9,陧,w524b0903,隉,9,22423,隉
3481,10,䘽,10,䘽,w524b0904,䘽,10,22424,䘽
3481,11,𡴎,11,𡴎,w524b0905,𡶫,11,22425,𡶫
3481,12,闑,12,闑,w524b0906,闑,12,22426,闑
3481,13,𡿖,13,𡿖,w524b1001,𡿖,13,22427,𡿖
3482,1,蔑,1,蔑,w524b1002,蔑,1,22428,蔑
3482,2,懱,2,懱,w524b1003,懱,2,22429,懱
3482,3,𧂝,3,𧂝,w524b1004,𧂝,3,22430,𧂝
3482,4,㩢,4,㩢,w525a0101,㩢,4,22431,㩢
3482,5,蠛,5,蠛,w525a0102,蠛,5,22432,蠛
3482,6,篾,6,篾,w525a0103,篾,6,22433,篾
3482,7,幭,7,幭,w525a0104,幭,7,22434,幭
3482,8,鱴,8,鱴,w525a0105,鱴,8,22435,鱴
3482,9,𥾝,9,𥾝,w525a0106,𥾝,9,22436,𥾝
3482,10,衊,10,衊,w525a0107,衊,10,22437,衊
3482,11,䩏,11,䩏,w525a0201,䩏,11,22438,䩏
3482,12,㒝,12,㒝,w525a0202,㒝,12,22439,㒝
3482,13,𥉓,13,𥉓,w525a0203,𥉓,13,22440,𥉓
3482,14,𤊾,14,𤊾,w525a0204,𤊾,14,22441,𤊾
3482,15,覕,15,覕,w525a0205,覕,15,22442,覕
3482,16,𪇴,16,𪇴,w525a0206,𪇴,16,22443,𪇴
3482,17,𥣫,17,𥣫,w525a0207,𥣫,17,22444,𥣫
3482,18,鴓,18,鴓,w525a0301,鴓,18,22445,鴓
3482,19,瀎,19,瀎,w525a0302,瀎,19,22446,瀎
3482,20,𥸴,20,𥸴,w525a0303,𥸴,20,22447,𥸴
3482,21,𥌨,21,𥌨,w525a0304,𥌨,21,22448,𥌨
3482,22,粖,22,粖,w525a0305,粖,22,22449,粖
3482,23,𩱷,23,𩱷,w525a0306,𩱷,23,22450,𩱷
3483,1,㢼,1,㢼,w525a0307,㢼,1,22451,㢼
3483,2,䋢,2,䋢,w525a0308,䋢,2,22452,䋢
3483,3,閉,3,閉,w525a0401,閉,3,22453,閉
3483,4,𩋇,4,𩋇,w525a0402,𩋇,4,22454,𩋇
3483,5,𡘴,5,𡘴,w525a0403,𡘴,5,22455,𡘴
3483,6,䌘,6,䌘,w525a0404,䌘,6,22456,䌘
3483,7,㭭,7,㭭,w525a0405,㭭,7,22457,㭭
3483,8,䘷,8,䘷,w525a0406,䘷,8,22458,䘷
3483,9,㔡,9,㔡,w525a0501,㔡,9,22459,㔡
3484,1,噎,1,噎,w525a0502,噎,1,22460,噎
3484,2,䊦,2,䊦,w525a0503,䊦,2,22461,䊦
3484,3,㝣,3,㝣,w525a0504,㝣,3,22462,㝣
3484,4,蠮,4,蠮,w525a0505,蠮,4,22463,蠮
3484,5,𤝱,5,𤝱,w525a0506,𤝱,5,22464,𤝱
3484,6,咽,6,咽,w525a0601,咽,6,22465,咽
3485,1,猰,1,猰,w525a0602,猰,1,22466,猰
3485,2,䫔,2,䫔,w525a0603,䫔,2,22467,䫔
3485,3,挈,3,挈,w525a0604,挈,3,22468,挈
3485,4,㼤,4,㼤,w525a0605,㼤,4,22469,㼤
3485,5,𡔢,5,𡔢,w525a0606,𡔢,5,22470,𡔣
3485,6,契,6,契,w525a0701,契,6,22471,契
3485,7,栔,7,栔,w525a0702,栔,7,22472,栔
3485,8,鍥,8,鍥,w525a0703,鍥,8,22473,鍥
3485,9,蛪,9,蛪,w525a0704,蛪,9,22474,蛪
3486,1,𡘐〈㚛〉,1,𡘐〈㚛〉,w525a0705,𡘐〈㚛〉,1,22475,𡘐
3486,2,䩤,2,䩤,w525a0801,䩤,2,22476,䩤
3486,3,擷,3,擷,w525a0802,擷,3,22477,擷
3486,4,𢴲,4,𢴲,w525a0803,𢴲,4,22478,𢴲
3486,5,褉,5,褉,w525a0804,褉,5,22479,褉
3486,6,䙽,6,䙽,w525a0805,䙽,6,22480,䙽
3487,1,撆,1,撆,w525a0806,撆,1,22481,撆
3487,2,丿,2,丿,w525a0901,丿,2,22482,丿
3487,3,𢠳,3,𢠳,w525a0902,𢠳,3,22483,𢠳
3487,4,瞥,4,瞥,w525a0903,瞥,4,22484,瞥
3487,5,䭱,5,䭱,w525a0904,䭱,5,22485,䭱
3487,6,䋢,6,䋢,w525a0905,䋢,6,22486,䋢
3487,7,嫳,7,嫳,w525a0906,嫳,7,22487,嫳
3487,8,䫾,8,䫾,w525a0907,䫾,8,22488,䫾
3487,9,鐅,9,鐅,w525a1001,鐅,9,22489,鐅
3487,10,暼,10,暼,w525a1002,暼,10,22490,暼
3488,1,蹩,1,蹩,w525a1003,蹩,1,22491,蹩
3488,2,㮰〈𢱧〉,2,㮰〈𢱧〉,w525a1004,㮰〈𢱧〉,2,22492,㮰
3488,3,𩓝,3,𩓝,w525a1005,𩓝,3,22493,𩓝
3488,4,𤻋〈癟〉,4,𤻋〈癟〉,w525a1006,𤻋〈癟〉,4,22494,癟
3488,5,䭱,5,䭱,w525b0101,䭱,5,22495,䭱
3488,6,咇,6,咇,w525b0102,咇,6,22496,咇
3488,7,苾,7,苾,w525b0103,苾,7,22497,苾
3488,8,馝,8,馝,w525b0104,馝,8,22498,馝
3488,9,䏟,9,䏟,w525b0105,䏟,9,22499,䏟
3488,10,飶,10,飶,w525b0106,飶,10,22500,飶
3488,11,蛂,11,蛂,w525b0107,蛂,11,22501,蛂
3488,12,柲,12,柲,w525b0201,柲,12,22502,柲
3488,13,𢛎,13,𢛎,w525b0202,𢛎,13,22503,𢛎
3488,14,襒,14,襒,w525b0203,襒,14,22504,襒
3489,1,窒,1,窒,w525b0204,窒,1,22505,窒
3489,2,𥉺,2,𥉺,w525b0205,𥉺,2,22506,𥉺
3489,3,蛭,3,蛭,w525b0206,蛭,3,22507,蛭
3489,4,㗧,4,㗧,w525b0207,㗧,4,22508,㗧
3489,5,咥,5,咥,w525b0208,咥,5,22509,咥
3489,6,𨴗,6,𨴗,w525b0301,𨴗,6,22510,𨴗
3489,7,𡇓,7,𡇓,w525b0302,𡇓,7,22511,𡇓
3490,1,𥸸,1,𥸸,w525b0303,𥸸,1,22512,𥸸
3490,2,戾,2,戾,w525b0304,戾,2,22513,戾
3490,3,捩,3,捩,w525b0305,捩,3,22514,捩
3490,4,綟,4,綟,w525b0306,綟,4,22515,綟
3490,5,唳,5,唳,w525b0401,唳,5,22516,唳
3490,6,盭,6,盭,w525b0402,盭,6,22517,𥃎
3490,7,夨,7,夨,w525b0403,夨,7,22518,夨
3491,1,薛,1,薛,w525b0501,薛,1,22519,薛
3491,2,𨫔,2,𨫔,w525b0601,𨫔,2,22520,䥍
3491,3,紲,3,紲,w525b0602,紲,3,22521,紲
3491,4,緤,4,緤,w525b0603,緤,4,22522,緤
3491,5,褻,5,褻,w525b0701,褻,5,22523,褻
3491,6,辥,6,辥,w525b0702,辥,6,22524,辥
3491,7,泄,7,泄,w525b0703,泄,7,22525,泄
3491,8,渫,8,渫,w525b0704,渫,8,22526,渫
3491,9,禼,9,禼,w525b0801,禼,9,22527,禼
3491,10,𥝁,10,𥝁,w525b0802,𥝁,10,22528,𥝁
3491,11,媟,11,媟,w525b0803,媟,11,22529,媟
3491,12,齛,12,齛,w525b0804,齛,12,22530,齛
3491,13,䊝,13,䊝,w525b0901,䊝,13,22531,䊝
3491,14,𣽒,14,𣽒,w525b0902,𣽒,14,22532,𣽒
3491,15,暬,15,暬,w525b0903,暬,15,22533,𣊓
3491,16,絬,16,絬,w525b0904,絬,16,22534,絬
3491,17,㡜,17,㡜,w525b0905,㡜,17,22535,㡜
3491,18,疶,18,疶,w525b0906,疶,18,22536,疶
3491,19,㔎,19,㔎,w525b0907,㔎,19,22537,㔎
3492,1,列,1,列,w525b0908,列,1,22538,列
3492,2,𠛱,2,𠛱,w525b1001,𠛱,2,22539,𠛱
3492,3,迾,3,迾,w525b1002,迾,3,22540,迾
3492,4,蛚,4,蛚,w525b1003,蛚,4,22541,蛚
3492,5,鮤,5,鮤,w525b1004,鮤,5,22542,鮤
3492,6,烈,6,烈,w526a0101,烈,6,22543,烈
3492,7,洌,7,洌,w526a0102,洌,7,22544,洌
3492,8,冽,8,冽,w526a0103,冽,8,22545,冽
3492,9,裂,9,裂,w526a0104,裂,9,22546,裂
3492,10,茢,10,茢,w526a0201,茢,10,22547,茢
3492,11,颲,11,颲,w526a0202,颲,11,22548,颲
3492,12,鴷,12,鴷,w526a0203,鴷,12,22549,鴷
3492,13,栵,13,栵,w526a0204,栵,13,22550,栵
3492,14,㤠,14,㤠,w526a0301,㤠,14,22551,㤠
3492,15,挒,15,挒,w526a0302,挒,15,22552,挒
3492,16,𩢾,16,𩢾,w526a0303,𩢾,16,22553,𩢾
3492,17,𡊻,17,𡊻,w526a0304,𡊻,17,22554,𡊻
3492,18,𡿪,18,𡿪,w526a0305,𡿪,18,22555,𡿪
3492,19,姴,19,姴,w526a0306,姴,19,22556,姴
3492,20,䅀,20,䅀,w526a0307,䅀,20,22557,䅀
3493,1,哲,1,哲,w526a0308,哲,1,22558,哲
3493,2,悊,2,悊,w526a0401,悊,2,22559,悊
3493,3,喆,3,喆,w526a0402,喆,3,22560,喆
3493,4,嚞,4,嚞,w526a0403,嚞,4,22561,嚞
3493,5,蜇,5,蜇,w526a0404,蜇,5,22562,蜇
3494,1,傑,1,傑,w526a0405,傑,1,22563,傑
3494,2,桀,2,桀,w526a0406,桀,2,22564,桀
3494,3,竭,3,竭,w526a0407,竭,3,22565,竭
3494,4,碣,4,碣,w526a0501,碣,4,22566,碣
3494,5,楬,5,楬,w526a0502,楬,5,22567,楬
3494,6,榤,6,榤,w526a0503,榤,6,22568,榤
3494,7,揭,7,揭,w526a0504,揭,7,22569,揭
3494,8,渴,8,渴,w526a0601,渴,8,22570,渴
3494,9,嵥,9,嵥,w526a0602,嵥,9,22571,嵥
3494,10,滐,10,滐,w526a0603,滐,10,22572,滐
3494,11,櫭,11,櫭,w526a0604,櫭,11,22573,櫭
3494,12,偈,12,偈,w526a0605,偈,12,22574,偈
3494,13,杰,13,杰,w526a0606,杰,13,22575,杰
3494,14,搩,14,搩,w526a0607,搩,14,22576,搩
3495,1,熱,1,熱,w526a0701,熱,1,22577,熱
3495,2,苶,2,苶,w526a0702,苶,2,22578,苶
3496,1,晢,1,晢,w526a0703,晢,1,22579,晢
3496,2,晣,2,晣,w526a0704,晣,2,22580,晣
3496,3,浙,3,浙,w526a0705,浙,3,22581,浙
3496,4,折,4,折,w526a0706,折,4,22582,折
3496,5,靼,5,靼,w526a0801,靼,5,22583,靼
3496,6,𩍕,6,𩍕,w526a0802,𩍕,6,22584,𩍕
3496,7,䩢,7,䩢,w526a0803,䩢,7,22585,䩢
3496,8,䏳,8,䏳,w526a0804,䏳,8,22586,䏳
3496,9,䀸,9,䀸,w526a0805,䀿,9,22587,䀿
3497,1,舌,1,舌,w526a0806,舌,1,22588,舌
3497,2,揲,2,揲,w526a0901,揲,2,22589,揲
3497,3,蛥,3,蛥,w526a0902,蛥,3,22590,蛥
3497,4,鞨,4,鞨,w526a1001,鞨,4,22591,鞨
3498,1,折,1,折,w526a1002,折,1,22592,折
3499,1,孼,1,孼,w526a1003,孼,1,22593,孼
3499,2,糱,2,糱,w526b0101,糱,2,22594,糱
3499,3,讞,3,讞,w526b0102,讞,3,22595,讞
3499,4,𤅊,4,𤅊,w526b0103,獻〈𤅊〉,4,22596,𤅊
3499,5,蠥,5,蠥,w526b0104,蠥,5,22597,蠥
3499,6,㜸,6,㜸,w526b0201,㜸,6,22598,㜸
3499,7,闑,7,闑,w526b0202,闑,7,22599,闑
3499,8,𡴎,8,𡴎,w526b0203,𡴎,8,22600,𡴎
3499,9,钀,9,钀,w526b0204,钀,9,22601,钀
3499,10,櫱,10,櫱,w526b0205,櫱,10,22602,櫱
3499,11,䶬,11,䶬,w526b0301,䶬,11,22603,䶬
3499,12,䡾,12,䡾,w526b0302,䡾,12,22604,䡾
3500,1,滅,1,滅,w526b0303,滅,1,22605,滅
3500,2,搣,2,搣,w526b0304,搣,2,22606,搣
3501,1,朅,1,朅,w526b0401,朅,1,22607,朅
3501,2,揭,2,揭,w526b0402,揭,2,22608,揭
3501,3,藒,3,藒,w526b0403,藒,3,22609,藒
3501,4,愒,4,愒,w526b0404,愒,4,22610,愒
3501,5,𡐤,5,𡐤,w526b0405,𡐤,5,22611,𡐤
3502,1,鷩,1,鷩,w526b0406,鷩,1,22612,鷩
3502,2,鼈,2,鼈,w526b0501,鼈,2,22613,鼈
3502,3,虌,3,虌,w526b0502,虌,3,22614,虌
3502,4,鄨,4,鄨,w526b0503,鄨,4,22615,鄨
3502,5,𡐞,5,𡐞,w526b0504,𡐞,5,22616,𡐞
3502,6,憋,6,憋,w526b0505,憋,6,22617,憋
3502,7,䳤,7,䳤,w526b0506,䳤,7,22618,䳤
3503,1,絕,1,絕,w526b0507,絕,1,22619,絕
3504,1,蕝,1,蕝,w526b0601,蕝,1,22620,蕝
3504,2,㔢,2,㔢,w526b0602,㔢,2,22621,㔢
3504,3,𨼎,3,𨼎,w526b0603,𨼎,3,22622,𨼎
3505,1,雪,1,雪,w526b0604,雪,1,22623,雪
3505,2,䨮,2,䨮,w526b0701,䨮,2,22624,䨮
3505,3,㡜,3,㡜,w526b0702,㡜,3,22625,㡜
3505,4,㨹,4,㨹,w526b0703,㨹,4,22626,㨹
3506,1,𤿫,1,𤿫,w526b0704,𤿫,1,22627,𤿫
3507,1,悅,1,悅,w526b0801,恱,1,22628,悅
3507,2,說,2,說,w526b0802,說,2,22629,說
3507,3,閱,3,閱,w526b0803,閱,3,22630,閱
3507,4,蛻,4,蛻,w526b0901,蛻,4,22631,蛻
3507,5,娧,5,娧,w526b0902,娧,5,22632,娧
3507,6,𧀲,6,𧀲,w526b0903,𧀲,6,22633,𧀲
3507,7,䓲,7,䓲,w526b0904,䓲,7,22634,䓲
3508,1,缺,1,缺,w526b0905,缺,1,22635,缺
3508,2,蒛,2,蒛,w526b1001,蒛,2,22636,蒛
3509,1,噦,1,噦,w526b1002,噦,1,22637,噦
3510,1,爇,1,爇,w526b1003,𤑔,1,22638,爇
3510,2,焫,2,焫,w526b1004,焫,2,22639,焫
3510,3,蜹,3,蜹,w526b1005,蜹,3,22640,蜹
3510,4,㨎,4,㨎,w526b1006,㨎,4,22641,㨎
3510,5,㕯,5,㕯,w526b1007,㕯,5,22642,㕯
3511,1,說,1,說,w527a0101,說,1,22643,說
3512,1,拙,1,拙,w527a0102,拙,1,22644,拙
3512,2,炪,2,炪,w527a0103,炪,2,22645,炪
3512,3,䂐,3,䂐,w527a0104,䂐,3,22646,䂐
3512,4,梲,4,梲,w527a0201,梲,4,22647,梲
3512,5,蝃,5,蝃,w527a0202,蝃,5,22648,蝃
3512,6,準,6,準,w527a0203,準,6,22649,準
3512,7,䫎,7,䫎,w527a0204,䫎,7,22650,䫎
3512,8,𠭴,8,𠭴,w527a0205,𠭴,8,22651,𠭴
3512,9,䪼,9,䪼,w527a0206,䪼,9,22652,䪼
3512,10,𨢬〈𨡸〉,10,𨢬〈𨡸〉,w527a0207,𨢬〈𨡸〉,10,22653,𨢬
3512,11,䖦,11,䖦,w527a0301,䖦,11,22654,䖦
3513,1,歠,1,歠,w527a0302,歠,1,22655,歠
3513,2,啜,2,啜,w527a0303,啜,2,22656,啜
3514,1,輟,1,輟,w527a0304,輟,1,22657,輟
3514,2,畷,2,畷,w527a0305,畷,2,22658,畷
3514,3,惙,3,惙,w527a0306,惙,3,22659,惙
3514,4,餟,4,餟,w527a0307,餟,4,22660,餟
3514,5,罬,5,罬,w527a0401,罬,5,22661,罬
3514,6,剟,6,剟,w527a0402,剟,6,22662,剟
3514,7,醊,7,醊,w527a0403,醊,7,22663,醊
3514,8,啜,8,啜,w527a0404,啜,8,22664,啜
3514,9,䟾,9,䟾,w527a0405,䟾,9,22665,䟾
3514,10,綴,10,綴,w527a0406,綴,10,22666,綴
3514,11,掇,11,掇,w527a0407,掇,11,22667,掇
3514,12,腏,12,腏,w527a0501,腏,12,22668,腏
3514,13,𩋁,13,𩋁,w527a0502,𩋁,13,22669,𩋁
3514,14,叕,14,叕,w527a0503,叕,14,22670,叕
3514,15,𧖀,15,𧖀,w527a0504,𧖀,15,22671,𧖀
3515,1,劣,1,劣,w527a0505,劣,1,22672,劣
3515,2,𢚃,2,𢚃,w527a0601,𢚃,2,22673,𢚃
3515,3,埒,3,埒,w527a0602,埒,3,22674,埒
3515,4,䟹,4,䟹,w527a0603,䟹,4,22675,䟹
3515,5,鋝,5,鋝,w527a0604,鋝,5,22676,鋝
3515,6,脟,6,脟,w527a0701,脟,6,22677,脟
3515,7,㸹,7,㸹,w527a0702,㸹,7,22678,㸹
3515,8,蛶,8,蛶,w527a0703,蛶,8,22679,蛶
3515,9,㲕,9,㲕,w527a0704,㲕,9,22680,㲕
3515,10,浖,10,浖,w527a0705,浖,10,22681,浖
3515,11,哷,11,哷,w527a0706,哷,11,22682,哷
3515,12,㭩,12,㭩,w527a0801,㭩,12,22683,㭩
3515,13,𦓤,13,𦓤,w527a0802,𦓤,13,22684,𦓤
3516,1,瞥,1,瞥,w527a0803,瞥,1,22685,瞥
3516,2,潎,2,潎,w527a0804,潎,2,22686,潎
3516,3,憋,3,憋,w527a0901,憋,3,22687,憋
3516,4,𤻋〈癟〉,4,𤻋〈癟〉,w527a0902,𤻋〈癟〉,4,22688,癟
3517,1,別,1,別,w527a0903,別,1,22689,別
3517,2,𡷘,2,𡷘,w527a0904,𡷘,2,22690,𡷘
3518,1,轍,1,轍,w527a1001,轍,1,22691,轍
3518,2,徹,2,徹,w527a1002,徹,2,22692,徹
3518,3,撤,3,撤,w527a1003,撤,3,22693,撤
3518,4,澈,4,澈,w527a1004,澈,4,22694,澈
3518,5,㯙,5,㯙,w527a1005,㯙,5,22695,㯙
3519,1,䇷,1,䇷,w527a1006,䇷,1,22696,䇷
3519,2,𧧸,2,𧧸,w527b0101,𧧸,2,22697,𧧸
3519,3,莂,3,莂,w527b0102,莂,3,22698,莂
3519,4,扒,4,扒,w527b0103,扒,4,22699,扒
3519,5,別,5,別,w527b0104,別,5,22700,别
3520,1,㕞,1,㕞,w527b0105,㕞,1,22701,㕞
3520,2,刷,2,刷,w527b0106,刷,2,22702,刷
3520,3,𠴪,3,𠴪,w527b0107,𠴪,3,22703,𠴪
3520,4,𠻜,4,𠻜,w527b0201,𠻜,4,22704,𠻜
3521,1,孑,1,孑,w527b0202,𡤼,1,22705,孑
3521,2,訐,2,訐,w527b0203,訐,2,22706,訐
3521,3,𨥂,3,𨥂,w527b0204,𨥂,3,22707,𨥂
3521,4,趌,4,趌,w527b0205,趌,4,22708,趌
3521,5,䅥,5,䅥,w527b0206,䅥,5,22709,䅥
3521,6,揭,6,揭,w527b0207,揭,6,22710,揭
3522,1,設,1,設,w527b0208,設,1,22711,設
3522,2,蔎,2,蔎,w527b0301,蔎,2,22712,蔎
3523,1,吶,1,吶,w527b0302,呐,1,22713,呐
3524,1,𥄎,1,𥄎,w527b0303,𥄎,1,22714,𥄎
3524,2,𩖶,2,𩖶,w527b0304,𩖶,2,22715,𩖶
3524,3,𣧡,3,𣧡,w527b0305,𣧡,3,22716,𣧡
3524,4,烕,4,烕,w527b0306,烕,4,22717,烕
3524,5,𦐋,5,𦐋,w527b0307,𦐋,5,22718,𦐋
3524,6,吷,6,吷,w527b0401,吷,6,22719,吷
3525,1,妜,1,妜,w527b0402,妜,1,22720,妜
3526,1,蹶,1,蹶,w527b0403,蹶,1,22721,蹶
3526,2,𧱝,2,𧱝,w527b0404,𧱝,2,22722,𧱝
3526,3,𧣸,3,𧣸,w527b0501,𧣸,3,22723,𧣸
3526,4,䞵,4,䞵,w527b0502,䞵,4,22724,䞵
3526,5,罬,5,罬,w527b0503,罬,5,22725,罬
3527,1,茁,1,茁,w527b0504,茁,1,22726,茁
3527,2,䵵,2,䵵,w527b0505,䵵,2,22727,䵵
3528,1,膬,1,膬,w527b0506,膬,1,22728,膬
3528,2,絟,2,絟,w527b0507,絟,2,22729,絟
3528,3,𥕹,3,𥕹,w527b0601,𥕹,3,22730,𥕹
3528,4,敠,4,敠,w527b0602,敠,4,22731,敠
3529,1,𧕾,1,𧕾,w527b0603,蠽,1,22732,蠽
3529,2,䘁,2,䘁,w527b0604,𧓷,2,22733,𧓷
3529,3,𪇲,3,𪇲,w527b0605,𪇲,3,22734,𪇲
3529,4,尐,4,尐,w527b0606,尐,4,22735,尐
3529,5,𢪍,5,𢪍,w527b0607,𢪍,5,22736,𢪍
3529,6,𣧖,6,𣧖,w527b0608,𣧖,6,22737,𣧖
3529,7,䰏,7,䰏,w527b0701,𩯰,7,22738,𩯰
3529,8,𠯙,8,𠯙,w527b0702,𠯙,8,22739,𠯙
3530,1,榝,1,榝,w527b0703,榝,1,22740,榝
3531,1,焆,1,焆,w527b0704,焆,1,22741,焆
3531,2,𠱝,2,𠱝,w527b0705,𠱝,2,22742,𠱝
3532,1,屮,1,屮,w527b0706,屮,1,22743,屮
3532,2,撤,2,撤,w527b0801,撤,2,22744,撤
3532,3,硩,3,硩,w527b0802,硩,3,22745,硩
3532,4,徹,4,徹,w527b0803,徹,4,22746,徹
3532,5,䚢,5,䚢,w527b0804,䚢,5,22747,䚢
3532,6,聅,6,聅,w527b0805,聅,6,22748,聅
3532,7,䒆,7,䒆,w527b0806,䒆,7,22749,䒆
3533,1,娎,1,娎,w527b0807,娎,1,22750,娎
3533,2,焎,2,焎,w527b0901,焎,2,22751,焎
3534,1,啜,1,啜,w527b0902,啜,1,22752,啜
3535,1,㔍,1,㔍,w527b0903,㔍,1,22753,㔍
3536,1,㿱,1,㿱,w527b0904,㿱,1,22754,㿱
3536,2,𧋍,2,𧋍,w527b0905,𧋍,2,22755,𧋍
3537,1,掣,1,掣,w527b1001,掣,1,22756,掣
3537,2,瘛,2,瘛,w527b1002,瘛,2,22757,瘛
3538,1,抴,1,抴,w527b1003,抴,1,22758,抴
3539,1,𨵊,1,𨵊,w527b1004,𨵊,1,22759,𨵊
3540,1,藥,1,藥,w528a0101,藥,1,22760,藥
3540,2,躍,2,躍,w528a0102,躍,2,22761,躍
3540,3,礿,3,礿,w528a0103,礿,3,22762,礿
3540,4,禴,4,禴,w528a0201,禴,4,22763,禴
3540,5,蘥,5,蘥,w528a0202,蘥,5,22764,蘥
3540,6,鑰,6,鑰,w528a0203,鑰,6,22765,鑰
3540,7,𩱲,7,𩱲,w528a0204,𩱲,7,22766,𩱲
3540,8,瀹,8,瀹,w528a0205,瀹,8,22767,瀹
3540,9,𤅢,9,𤅢,w528a0206,𤅢,9,22768,𤅢
3540,10,𤄶,10,𤄶,w528a0301,𤄶,10,22769,𤄶
3540,11,爚,11,爚,w528a0302,爚,11,22770,爚
3540,12,櫟,12,櫟,w528a0303,櫟,12,22771,櫟
3540,13,龠,13,龠,w528a0304,龠,13,22772,龠
3540,14,䋤,14,䋤,w528a0305,䋤,14,22773,䋤
3540,15,𠩃,15,𠩃,w528a0306,𠩃,15,22774,𠩃
3540,16,敫,16,敫,w528a0307,敫,16,22775,敫
3540,17,籥,17,籥,w528a0401,籥,17,22776,籥
3540,18,𢅹,18,𢅹,w528a0402,𢅹,18,22777,𢅹
3540,19,𥌺,19,𥌺,w528a0403,𥌺,19,22778,𥌺
3540,20,𧕋,20,𧕋,w528a0404,𧕋,20,22779,𧕋
3540,21,纅,21,纅,w528a0405,纅,21,22780,纅
3540,22,鸙,22,鸙,w528a0406,鸙,22,22781,鸙
3540,23,㜰,23,㜰,w528a0501,㜰,23,22782,㜰
3540,24,𤒀,24,𤒀,w528a0502,𤒀,24,22783,𤒀
3540,25,䟑,25,䟑,w528a0503,䟑,25,22784,䟑
3540,26,㿑,26,㿑,w528a0504,㿑,26,22785,㿑
3540,27,𨷲,27,𨷲,w528a0505,𨷲,27,22786,𨷲
3540,28,𧢢,28,𧢢,w528a0506,𧢢,28,22787,𧢢
3540,29,䠯,29,䠯,w528a0507,䠯,29,22788,䠯
3540,30,𨈋,30,𨈋,w528a0508,𨈋,30,22789,𨈋
3540,31,䖃,31,䖃,w528a0509,䖃,31,22790,䖃
3541,1,略,1,略,w528a0601,略,1,22791,略
3541,2,䌎,2,䌎,w528a0602,䌎,2,22792,䌎
3541,3,擽,3,擽,w528a0603,擽,3,22793,擽
3541,4,掠,4,掠,w528a0604,掠,4,22794,掠
3541,5,㗉,5,㗉,w528a0701,㗉,5,22795,㗉
3541,6,䂮,6,䂮,w528a0702,䂮,6,22796,䂮
3541,7,𧎾,7,𧎾,w528a0703,𧎾,7,22797,𧎾
3541,8,䀩,8,䀩,w528a0704,䀩,8,22798,䀩
3541,9,䛚,9,䛚,w528a0705,䛚,9,22799,䛚
3542,1,腳,1,腳,w528a0801,腳,1,22800,腳
3542,2,脚,2,脚,w528a0802,脚,2,22801,脚
3542,3,蹻,3,蹻,w528a0803,蹻,3,22802,蹻
3542,4,卻,4,卻,w528a0804,卻,4,22803,卻
3542,5,屩,5,屩,w528a0805,屩,5,22804,屩
3543,1,灼,1,灼,w528a0806,灼,1,22805,灼
3543,2,斫,2,斫,w528a0901,斫,2,22806,斫
3543,3,彴,3,彴,w528a0902,彴,3,22807,彴
3543,4,㣿,4,㣿,w528a0903,㣿,4,22808,㣿
3543,5,勺,5,勺,w528a0904,勺,5,22809,勺
3543,6,酌,6,酌,w528a1001,酌,6,22810,酌
3543,7,繳,7,繳,w528a1002,繳,7,22811,繳
3543,8,焯,8,焯,w528a1003,焯,8,22812,焯
3543,9,䅵,9,䅵,w528a1004,䅵,9,22813,䅵
3543,10,妁,10,妁,w528a1005,妁,10,22814,妁
3543,11,謶,11,謶,w528b0101,謶,11,22815,謶
3543,12,𥯩,12,𥯩,w528b0102,𥯩,12,22816,𥯩
3543,13,犳,13,犳,w528b0103,犳,13,22817,犳
3543,14,䶂,14,䶂,w528b0104,䶂,14,22818,䶂
3543,15,𧘑,15,𧘑,w528b0105,𧘑,15,22819,𧘑
3543,16,禚,16,禚,w528b0106,𫌉〈禚〉,16,22820,禚
3544,1,爍,1,爍,w528b0107,爍,1,22821,爍
3544,2,鑠,2,鑠,w528b0201,鑠,2,22822,鑠
3544,3,獡,3,獡,w528b0202,獡,3,22823,獡
3544,4,㜰,4,㜰,w528b0203,㜰,4,22824,㜰
3544,5,爚,5,爚,w528b0204,爚,5,22825,爚
3544,6,䁻,6,䁻,w528b0205,䁻,6,22826,䁻
3544,7,䟏,7,䟏,w528b0206,䟏,7,22827,䟏
3545,1,若,1,若,w528b0207,若,1,22828,若
3545,2,弱,2,弱,w528b0301,弱,2,22829,弱
3545,3,鄀,3,鄀,w528b0302,鄀,3,22830,鄀
3545,4,箬,4,箬,w528b0303,箬,4,22831,箬
3545,5,蒻,5,蒻,w528b0304,蒻,5,22832,蒻
3545,6,楉,6,楉,w528b0401,楉,6,22833,楉
3545,7,溺,7,溺,w528b0402,溺,7,22834,溺
3545,8,䐞,8,䐞,w528b0403,䐞,8,22835,䐞
3545,9,惹,9,惹,w528b0404,惹,9,22836,惹
3545,10,叒,10,叒,w528b0405,叒,10,22837,叒
3545,11,𨀝,11,𨀝,w528b0501,𨀝,11,22838,𨀝
3546,1,綽,1,綽,w528b0502,綽,1,22839,綽
3546,2,繛,2,繛,w528b0503,繛,2,22840,繛
3546,3,婥,3,婥,w528b0504,婥,3,22841,婥
3546,4,磭,4,磭,w528b0505,磭,4,22842,磭
3547,1,約,1,約,w528b0506,約,1,22843,約
3547,2,葯,2,葯,w528b0601,葯,2,22844,葯
3548,1,卻,1,卻,w528b0602,卻,1,22845,卻
3548,2,却,2,却,w528b0603,却,2,22846,却
3548,3,𨟠,3,𨟠,w528b0604,𨟠,3,22847,𨟠
3548,4,𤷽,4,𤷽,w528b0605,𤷽,4,22848,𤷽
3549,1,虐,1,虐,w528b0606,虐,1,22849,虐
3549,2,磭,2,磭,w528b0701,磭,2,22850,磭
3549,3,瘧,3,瘧,w528b0702,瘧,3,22851,瘧
3550,1,妁,1,妁,w528b0703,妁,1,22852,妁
3550,2,勺,2,勺,w528b0704,勺,2,22853,勺
3550,3,汋,3,汋,w528b0801,汋,3,22854,汋
3550,4,杓,4,杓,w528b0802,杓,4,22855,杓
3550,5,仢,5,仢,w528b0803,仢,5,22856,仢
3550,6,芍,6,芍,w528b0804,芍,6,22857,芍
3551,1,㲋,1,㲋,w528b0901,㲋,1,22858,㲋
3551,2,𤟭,2,𤟭,w528b1001,𤟭,2,22859,𤟭
3551,3,婼,3,婼,w528b1002,婼,3,22860,婼
3551,4,逴,4,逴,w528b1003,逴,4,22861,逴
3551,5,辵,5,辵,w528b1004,辵,5,22862,辵
3551,6,蠚,6,蠚,w528b1005,蠚,6,22863,蠚
3552,1,削,1,削,w529a0101,削,1,22864,削
3553,1,斮,1,斮,w529a0102,斮,1,22865,斮
3554,1,爵,1,爵,w529a0103,爵,1,22866,爵
3554,2,𩰥,2,𩰥,w529a0201,𩰥,2,22867,𩰥
3554,3,雀,3,雀,w529a0202,雀,3,22868,雀
3554,4,爝,4,爝,w529a0301,爝,4,22869,爝
3554,5,燋,5,燋,w529a0302,燋,5,22870,燋
3554,6,㩱,6,㩱,w529a0303,㩱,6,22871,㩱
3554,7,䶂,7,䶂,w529a0304,䶂,7,22872,䶂
3555,1,皭,1,皭,w529a0305,皭,1,22873,皭
3555,2,嚼,2,嚼,w529a0401,嚼,2,22874,嚼
3555,3,爝,3,爝,w529a0402,爝,3,22875,爝
3556,1,鵲,1,鵲,w529a0403,鵲,1,22876,鵲
3556,2,舄,2,舄,w529a0404,舄,2,22877,舄
3556,3,趞,3,趞,w529a0405,趞,3,22878,趞
3556,4,㹱,4,㹱,w529a0501,㹱,4,22879,㹱
3556,5,碏,5,碏,w529a0502,碏,5,22880,碏
3556,6,芍,6,芍,w529a0503,芍,6,22881,芍
3556,7,皵,7,皵,w529a0504,皵,7,22882,皵
3556,8,踖,8,踖,w529a0505,踖,8,22883,踖
3556,9,䇎,9,䇎,w529a0506,䇎,9,22884,䇎
3556,10,䱜,10,䱜,w529a0601,䱜,10,22885,䱜
3557,1,噱,1,噱,w529a0602,噱,1,22886,噱
3557,2,蹻,2,蹻,w529a0603,蹻,2,22887,蹻
3557,3,𠊬,3,𠊬,w529a0604,𠊬,3,22888,𠊬
3557,4,𧍕,4,𧍕,w529a0605,𧍕,4,22889,𧍕
3557,5,𧮫,5,𧮫,w529a0701,𧮫,5,22890,𧮫
3557,6,𠶸,6,𠶸,w529a0702,𠶸,6,22891,𠶸
3557,7,臄,7,臄,w529a0703,臄,7,22892,臄
3557,8,醵,8,醵,w529a0704,醵,8,22893,醵
3557,9,䐘,9,䐘,w529a0705,䐘,9,22894,䐘
3558,1,嬳,1,嬳,w529a0706,嬳,1,22895,嬳
3558,2,𡤬,2,𡤬,w529a0801,𡤬,2,22896,𡤬
3558,3,彠,3,彠,w529a0802,彠,3,22897,彠
3558,4,臒,4,臒,w529a0803,臒,4,22898,臒
3559,1,縛,1,縛,w529a0804,縛,1,22899,縛
3560,1,䂄,1,䂄,w529a0805,䂄,1,22900,䂄
3560,2,矆,2,矆,w529a0806,矆,2,22901,矆
3560,3,彏,3,彏,w529a0807,彏,3,22902,彏
3560,4,戄,4,戄,w529a0901,戄,4,22903,戄
3561,1,籰,1,籰,w529a0902,籰,1,22904,籰
3561,2,𧤽,2,𧤽,w529a0903,𧤽,2,22905,𧤽
3561,3,𧅚,3,𧅚,w529a0904,𧅚,3,22906,𧅚
3561,4,𥸘,4,𥸘,w529a0905,𥸘,4,22907,𥸘
3561,5,䢲,5,䢲,w529a0906,䢲,5,22908,䢲
3562,1,玃,1,玃,w529a1001,玃,1,22909,玃
3562,2,貜,2,貜,w529a1002,貜,2,22910,貜
3562,3,𧾵,3,𧾵,w529a1003,𧾵,3,22911,𧾵
3562,4,钁,4,钁,w529a1004,钁,4,22912,钁
3562,5,攫,5,攫,w529b0101,攫,5,22913,攫
3562,6,矍,6,矍,w529b0102,矍,6,22914,矍
3562,7,𡚠,7,𡚠,w529b0103,𡚠,7,22915,𡚠
3562,8,彏,8,彏,w529b0104,彏,8,22916,彏
3562,9,躩,9,躩,w529b0105,躩,9,22917,躩
3562,10,𪈴,10,𪈴,w529b0201,𪈴,10,22918,𪈴
3562,11,𨏹,11,𨏹,w529b0202,𨏹,11,22919,𨏹
3563,1,芍,1,芍,w529b0203,芍,1,22920,芍
3563,2,著,2,著,w529b0204,著,2,22921,著
3563,3,𥗁,3,𥗁,w529b0205,𥗁,3,22922,𥖛
3563,4,櫡,4,櫡,w529b0206,櫡,4,22923,櫡
3563,5,鐯,5,鐯,w529b0301,鐯,5,22924,鐯
3563,6,𣃈,6,𣃈,w529b0302,𣃈,6,22925,𣃈
3563,7,擆,7,擆,w529b0303,擆,7,22926,擆
3564,1,著,1,著,w529b0304,著,1,22927,著
3565,1,躩,1,躩,w529b0305,躩,1,22928,躩
3565,2,𢖦,2,𢖦,w529b0306,𢖦,2,22929,𢖦
3566,1,戄,1,戄,w529b0307,戄,1,22930,戄
3566,2,𧾵,2,𧾵,w529b0401,𧾵,2,22931,𧾵
3566,3,𡚠,3,𡚠,w529b0402,𡚠,3,22932,𡚠
3566,4,䣤,4,䣤,w529b0403,䣤,4,22933,䣤
3566,5,貜,5,貜,w529b0404,貜,5,22934,貜
3567,1,逽,1,逽,w529b0405,逽,1,22935,逽
3567,2,𨵫,2,𨵫,w529b0406,𨵫,2,22936,𨵫
3567,3,蹃,3,蹃,w529b0501,蹃,3,22937,蹃
3568,1,𩅿,1,𩅿,w529b0502,𩅿,1,22938,𩅿
3569,1,謔,1,謔,w529b0503,謔,1,22939,謔
3570,1,鐸,1,鐸,w529b0601,鐸,1,22940,鐸
3570,2,剫,2,剫,w529b0602,剫,2,22941,剫
3570,3,度,3,度,w529b0701,度,3,22942,度
3570,4,𢜬,4,𢜬,w529b0702,𢜬,4,22943,𢜬
3570,5,踱,5,踱,w529b0703,踱,5,22944,踱
3570,6,凙,6,凙,w529b0704,凙,6,22945,凙
3570,7,襗,7,襗,w529b0705,襗,7,22946,襗
3570,8,𩑒,8,𩑒,w529b0706,𩑒,8,22947,𩑒
3570,9,𧩧,9,𧩧,w529b0707,𧩧,9,22948,𧩧
3570,10,𩍜,10,𩍜,w529b0801,𩍜,10,22949,𩍜
3570,11,䐾,11,䐾,w529b0802,䐾,11,22950,䐾
3570,12,㤞,12,㤞,w529b0803,㤞,12,22951,㤞
3570,13,喥,13,喥,w529b0804,喥,13,22952,喥
3570,14,仛,14,仛,w529b0805,仛,14,22953,仛
3570,15,𨍏,15,𨍏,w529b0806,𨍏,15,22954,𨍏
3571,1,莫,1,莫,w529b0807,莫,1,22955,莫
3571,2,幕,2,幕,w529b1001,幕,2,22956,幕
3571,3,鄚,3,鄚,w530a0101,鄚,3,22957,鄚
3571,4,膜,4,膜,w530a0102,膜,4,22958,膜
3571,5,鏌,5,鏌,w530a0103,鏌,5,22959,鏌
3571,6,摸,6,摸,w530a0104,摸,6,22960,摸
3571,7,漠,7,漠,w530a0105,漠,7,22961,漠
3571,8,瘼,8,瘼,w530a0106,瘼,8,22962,瘼
3571,9,寞,9,寞,w530a0107,寞,9,22963,寞
3571,10,瞙,10,瞙,w530a0201,瞙,10,22964,瞙
3571,11,嗼,11,嗼,w530a0202,嗼,11,22965,嗼
3571,12,塻,12,塻,w530a0203,塻,12,22966,塻
3571,13,𣩎,13,𣩎,w530a0204,𣩎,13,22967,𣩎
3571,14,𢊗,14,𢊗,w530a0205,𢊗,14,22968,𢊗
3571,15,𡈗,15,𡈗,w530a0206,𡈗,15,22969,𡈗
3571,16,𠢓,16,𠢓,w530a0301,𠢓,16,22970,𠢓
3572,1,落,1,落,w530a0302,落,1,22971,落
3572,2,絡,2,絡,w530a0401,絡,2,22972,絡
3572,3,烙,3,烙,w530a0402,烙,3,22973,烙
3572,4,洛,4,洛,w530a0403,洛,4,22974,洛
3572,5,珞,5,珞,w530a0404,珞,5,22975,珞
3572,6,酪,6,酪,w530a0501,酪,6,22976,酪
3572,7,樂,7,樂,w530a0502,樂,7,22977,樂
3572,8,𩂣,8,𩂣,w530a0503,𩂣,8,22978,𩂣
3572,9,轢,9,轢,w530a0504,轢,9,22979,轢
3572,10,笿,10,笿,w530a0505,笿,10,22980,笿
3572,11,硌,11,硌,w530a0506,硌,11,22981,硌
3572,12,駱,12,駱,w530a0507,駱,12,22982,駱
3572,13,𤽼,13,𤽼,w530a0601,𤽼,13,22983,𤽼
3572,14,𩊚,14,𩊚,w530a0602,𩊚,14,22984,𩊚
3572,15,㓢,15,㓢,w530a0603,㓢,15,22985,㓢
3572,16,鉻,16,鉻,w530a0604,鉻,16,22986,鉻
3572,17,馲,17,馲,w530a0605,馲,17,22987,馲
3572,18,𩧐,18,𩧐,w530a0606,𩧐,18,22988,𩧐
3572,19,鮥,19,鮥,w530a0607,鮥,19,22989,鮥
3572,20,䶅,20,䶅,w530a0701,䶅,20,22990,䶅
3572,21,雒,21,雒,w530a0702,雒,21,22991,雒
3572,22,𣛗,22,𣛗,w530a0703,𣛗,22,22992,𣛗
3572,23,𧭥,23,𧭥,w530a0704,𧭥,23,22993,𧭥
3572,24,躒,24,躒,w530a0705,躒,24,22994,躒
3572,25,鵅,25,鵅,w530a0801,鵅,25,22995,鵅
3572,26,𤻲,26,𤻲,w530a0802,𤻲,26,22996,𤻲
3572,27,𣧳,27,𣧳,w530a0803,𣧳,27,22997,𣧳
3572,28,𤽥,28,𤽥,w530a0804,𤽥,28,22998,𤽥
3572,29,挌,29,挌,w530a0805,挌,29,22999,挌
3572,30,𪇱,30,𪇱,w530a0806,𪇱,30,23000,𪇱
3572,31,濼,31,濼,w530a0807,濼,31,23001,濼
3572,32,袼,32,袼,w530a0808,袼,32,23002,袼
3572,33,䀩,33,䀩,w530a0901,䀩,33,23003,䀩
3572,34,𨏒,34,𨏒,w530a0902,𨏒,34,23004,𨏒
3573,1,託,1,託,w530a0903,託,1,23005,託
3573,2,袥,2,袥,w530a0904,袥,2,23006,袥
3573,3,橐,3,橐,w530a0905,橐,3,23007,橐
3573,4,魠,4,魠,w530a0906,魠,4,23008,魠
3573,5,籜,5,籜,w530a0907,籜,5,23009,籜
3573,6,柝,6,柝,w530a0908,𣔳,6,23010,𣔳
3573,7,𣟄,7,𣟄,w530a1001,𣟄,7,23011,𣟄
3573,8,拓,8,拓,w530a1002,拓,8,23012,拓
3573,9,馲,9,馲,w530b0201,馲,9,23013,馲
3573,10,𩧐,10,𩧐,w530b0202,𩧐,10,23014,𩧐
3573,11,跅,11,跅,w530b0203,𨂫,11,23015,𨂫
3573,12,蘀,12,蘀,w530b0204,蘀,12,23016,蘀
3573,13,𦚈,13,𦚈,w530b0205,𦚈,13,23017,𦚈
3573,14,侂,14,侂,w530b0301,侂,14,23018,侂
3573,15,飥,15,飥,w530b0302,飥,15,23019,飥
3573,16,魄,16,魄,w530b0303,魄,16,23020,魄
3573,17,沰,17,沰,w530b0304,沰,17,23021,沰
3573,18,矺,18,矺,w530b0305,矺,18,23022,矺
3574,1,作,1,作,w530b0306,作,1,23023,作
3574,2,迮,2,迮,w530b0401,迮,2,23024,迮
3574,3,柞,3,柞,w530b0402,柞,3,23025,柞
3574,4,糳,4,糳,w530b0403,糳,4,23026,糳
3574,5,鑿,5,鑿,w530b0501,鑿,5,23027,鑿
3574,6,㘀,6,㘀,w530b0502,㘀,6,23028,㘀
3575,1,錯,1,錯,w530b0503,錯,1,23029,錯
3575,2,厝,2,厝,w530b0601,厝,2,23030,厝
3575,3,䱜,3,䱜,w530b0602,䱜,3,23031,䱜
3575,4,逪,4,逪,w530b0603,逪,4,23032,逪
3575,5,剒,5,剒,w530b0604,剒,5,23033,剒
3575,6,縒,6,縒,w530b0605,縒,6,23034,縒
3575,7,莡,7,莡,w530b0606,莡,7,23035,莡
3576,1,各,1,各,w530b0701,各,1,23036,各
3576,2,閣,2,閣,w530b0702,閣,2,23037,閣
3576,3,格,3,格,w530b0703,格,3,23038,格
3576,4,胳,4,胳,w530b0801,胳,4,23039,胳
3576,5,袼,5,袼,w530b0802,袼,5,23040,袼
3577,1,恪,1,恪,w530b0803,恪,1,23041,恪
3577,2,㤩,2,㤩,w530b0804,㤩,2,23042,㤩
3577,3,愙,3,愙,w530b0805,愙,3,23043,愙
3578,1,咢,1,咢,w530b0806,咢,1,23044,咢
3578,2,愕,2,愕,w530b0901,愕,2,23045,愕
3578,3,鄂,3,鄂,w530b0902,鄂,3,23046,鄂
3578,4,諤,4,諤,w530b0903,諤,4,23047,諤
3578,5,𠟎,5,𠟎,w530b0904,𠟎,5,23048,𠟎
3578,6,𧊜,6,𧊜,w530b1001,𧊜,6,23049,𧊜
3578,7,𧍞,7,𧍞,w530b1002,𧍞,7,23050,𧍞
3578,8,遌,8,遌,w530b1003,遌,8,23051,遌
3578,9,萼,9,萼,w530b1004,萼,9,23052,萼
3578,10,鍔,10,鍔,w530b1005,鍔,10,23053,鍔
3578,11,𡅡,11,𡅡,w530b1006,𡅡,11,23054,𡅡
3578,12,崿,12,崿,w531a0101,崿,12,23055,崿
3578,13,鶚,13,鶚,w531a0102,鶚,13,23056,鶚
3578,14,鰐,14,鰐,w531a0103,鰐,14,23057,鰐
3578,15,噩,15,噩,w531a0104,噩,15,23058,噩
3578,16,㗁,16,㗁,w531a0105,㗁,16,23059,㗁
3578,17,齶,17,齶,w531a0106,齶,17,23060,齶
3578,18,顎,18,顎,w531a0107,顎,18,23061,顎
3578,19,𡾙,19,𡾙,w531a0201,𡾙,19,23062,𡾙
3578,20,鑩,20,鑩,w531a0202,鑩,20,23063,鑩
3578,21,偔,21,偔,w531a0203,偔,21,23064,偔
3578,22,堮,22,堮,w531a0204,堮,22,23065,堮
3578,23,𡓐,23,𡓐,w531a0205,𡓐,23,23066,𡓐
3578,24,㮙,24,㮙,w531a0206,㮙,24,23067,㮙
3578,25,湂,25,湂,w531a0207,湂,25,23068,湂
3579,1,𩔈,1,𩔈,w531a0208,𩔈,1,23069,𩔈
3579,2,奤,2,奤,w531a0209,奤,2,23070,奤
3579,3,濼,3,濼,w531a0301,濼,3,23071,濼
3579,4,䨰,4,䨰,w531a0302,䨰,4,23072,䨰
3579,5,粕,5,粕,w531a0303,粕,5,23073,粕
3579,6,膊,6,膊,w531a0304,膊,6,23074,膊
3579,7,𦢸,7,𦢸,w531a0305,𦢸,7,23075,𦢸
3579,8,䪙,8,䪙,w531a0306,䪙,8,23076,䪙
3579,9,搏,9,搏,w531a0307,搏,9,23077,搏
3579,10,胉,10,胉,w531a0308,胉,10,23078,胉
3579,11,蒪,11,蒪,w531a0309,蒪,11,23079,蒪
3579,12,𥴮,12,𥴮,w531a0401,𥴮,12,23080,𥴮
3579,13,𦿍,13,𦿍,w531a0402,𦿍,13,23081,𦿍
3579,14,𦥭,14,𦥭,w531a0403,𦥭,14,23082,𦥭
3579,15,𦐦,15,𦐦,w531a0404,𦐦,15,23083,𦐦
3580,1,惡,1,惡,w531a0405,惡,1,23084,惡
3580,2,𢙣,2,𢙣,w531a0501,𢙣,2,23085,𢙣
3580,3,堊,3,堊,w531a0502,堊,3,23086,堊
3580,4,蝁,4,蝁,w531a0503,蝁,4,23087,蝁
3581,1,泊,1,泊,w531a0504,泊,1,23088,泊
3581,2,亳,2,亳,w531a0505,亳,2,23089,亳
3581,3,箔,3,箔,w531a0601,箔,3,23090,箔
3581,4,薄,4,薄,w531a0602,薄,4,23091,薄
3581,5,礴,5,礴,w531a0603,礴,5,23092,礴
3581,6,簿,6,簿,w531a0604,簿,6,23093,簿
3581,7,𩍿,7,𩍿,w531a0605,𩍿,7,23094,𩍿
3581,8,鑮,8,鑮,w531a0606,鑮,8,23095,鑮
3581,9,踄,9,踄,w531a0701,踄,9,23096,踄
3581,10,𩽛,10,𩽛,w531a0702,𩽛,10,23097,𩽛
3581,11,䭦,11,䭦,w531a0703,䭦,11,23098,䭦
3582,1,𦞦,1,𦞦,w531a0704,𦞦,1,23099,𦞦
3582,2,鄗,2,鄗,w531a0705,鄗,2,23100,鄗
3582,3,壑,3,壑,w531a0706,壑,3,23101,壑
3582,4,㕡,4,㕡,w531a0801,𧮸,4,23102,㕡
3582,5,蠚,5,蠚,w531a0802,蠚,5,23103,蠚
3582,6,謞,6,謞,w531a0803,謞,6,23104,謞
3582,7,郝,7,郝,w531a0804,郝,7,23105,郝
3582,8,鰝,8,鰝,w531a0805,鰝,8,23106,鰝
3582,9,熇,9,熇,w531a0901,熇,9,23107,熇
3582,10,嗃,10,嗃,w531a0902,嗃,10,23108,嗃
3582,11,矐,11,矐,w531a0903,矐,11,23109,矐
3583,1,索,1,索,w531a0904,索,1,23110,索
3583,2,𢱢,2,𢱢,w531a1001,𢱢,2,23111,𢱢
3583,3,溹,3,溹,w531a1002,溹,3,23112,溹
3583,4,𩌈,4,𩌈,w531a1003,𩌈,4,23113,𩌈
3583,5,𦵫,5,𦵫,w531a1004,𦵫,5,23114,𦵫
3583,6,㮦,6,㮦,w531a1005,㮦,6,23115,㮦
3584,1,涸,1,涸,w531a1006,涸,1,23116,涸
3584,2,鶴,2,鶴,w531b0101,鶴,2,23117,鶴
3584,3,貈,3,貈,w531b0102,貈,3,23118,貈
3584,4,貉,4,貉,w531b0201,貉,4,23119,貉
3584,5,狢,5,狢,w531b0202,狢,5,23120,狢
3584,6,𠗂,6,𠗂,w531b0203,𠗂,6,23121,𠗂
3584,7,佫,7,佫,w531b0204,佫,7,23122,佫
3584,8,䮤,8,䮤,w531b0205,䮤,8,23123,䮤
3584,9,𥉑,9,𥉑,w531b0206,𥉑,9,23124,𥉑
3584,10,䅂,10,䅂,w531b0301,䅂,10,23125,䅂
3584,11,䶅,11,䶅,w531b0302,䶅,11,23126,䶅
3585,1,昨,1,昨,w531b0303,昨,1,23127,昨
3585,2,酢,2,酢,w531b0304,酢,2,23128,酢
3585,3,莋,3,莋,w531b0401,莋,3,23129,莋
3585,4,怍,4,怍,w531b0402,怍,4,23130,怍
3585,5,𣫞,5,𣫞,w531b0403,𣫞,5,23131,𣫞
3585,6,鑿,6,鑿,w531b0404,鑿,6,23132,鑿
3585,7,笮,7,笮,w531b0405,笮,7,23133,笮
3585,8,筰,8,筰,w531b0406,筰,8,23134,筰
3585,9,柞,9,柞,w531b0407,柞,9,23135,柞
3585,10,㸲,10,㸲,w531b0501,㸲,10,23136,㸲
3585,11,岝,11,岝,w531b0502,岝,11,23137,岝
3585,12,䎰〈䣢〉,12,䎰〈䣢〉,w531b0503,䎰〈䣢〉,12,23138,䎰
3585,13,飵,13,飵,w531b0504,飵,13,23139,飵
3585,14,𦁎,14,𦁎,w531b0505,𦁎,14,23140,𦁎
3585,15,𢂃,15,𢂃,w531b0506,𢂃,15,23141,𢂃
3585,16,䋏,16,䋏,w531b0507,䋏,16,23142,䋏
3585,17,秨,17,秨,w531b0601,秨,17,23143,秨
3585,18,砟,18,砟,w531b0602,砟,18,23144,砟
3585,19,葃,19,葃,w531b0603,葃,19,23145,葃
3585,20,鈼,20,鈼,w531b0604,鈼,20,23146,鈼
3586,1,博,1,博,w531b0605,博,1,23147,博
3586,2,髆,2,髆,w531b0701,髆,2,23148,髆
3586,3,搏,3,搏,w531b0702,搏,3,23149,搏
3586,4,爆,4,爆,w531b0703,爆,4,23150,爆
3586,5,鎛,5,鎛,w531b0704,鎛,5,23151,鎛
3586,6,㗘,6,㗘,w531b0801,㗘,6,23152,㗘
3586,7,𪙍,7,𪙍,w531b0802,𪙍,7,23153,𪙍
3586,8,襮,8,襮,w531b0803,襮,8,23154,襮
3586,9,鑮,9,鑮,w531b0804,鑮,9,23155,鑮
3586,10,簙,10,簙,w531b0805,簙,10,23156,簙
3586,11,䗚,11,䗚,w531b0901,䗚,11,23157,䗚
3586,12,猼,12,猼,w531b0902,猼,12,23158,猼
3586,13,䍸,13,䍸,w531b0903,䍸,13,23159,䍸
3586,14,欂,14,欂,w531b0904,欂,14,23160,欂
3586,15,𩌏,15,𩌏,w531b1001,𩌏,15,23161,𩌏
3586,16,溥,16,溥,w531b1002,溥,16,23162,溥
3586,17,䶈,17,䶈,w531b1003,䶈,17,23163,䶈
3586,18,餺,18,餺,w531b1004,餺,18,23164,餺
3586,19,䙏,19,䙏,w531b1005,䙏,19,23165,䙏
3586,20,𥴮,20,𥴮,w531b1006,𥴮,20,23166,𥴮
3587,1,諾,1,諾,w531b1007,諾,1,23167,諾
3588,1,霍,1,霍,w531b1008,霍,1,23168,霍
3588,2,靃,2,靃,w532a0101,靃,2,23169,靃
3588,3,霩,3,霩,w532a0102,霩,3,23170,霩
3588,4,䁨,4,䁨,w532a0103,䁨,4,23171,䁨
3588,5,藿,5,藿,w532a0201,藿,5,23172,藿
3588,6,矐,6,矐,w532a0202,矐,6,23173,矐
3588,7,彉,7,彉,w532a0203,彉,7,23174,彉
3588,8,彍,8,彍,w532a0204,彍,8,23175,彍
3588,9,攉,9,攉,w532a0205,攉,9,23176,攉
3588,10,瀖,10,瀖,w532a0206,瀖,10,23177,瀖
3588,11,劐,11,劐,w532a0207,劐,11,23178,劐
3588,12,癨,12,癨,w532a0301,癨,12,23179,癨
3589,1,郭,1,郭,w532a0302,郭,1,23180,郭
3589,2,𩫏,2,𩫏,w532a0401,𩫏,2,23181,𩫏
3589,3,𨟍,3,𨟍,w532a0402,𨟍,3,23182,𨟍
3589,4,崞,4,崞,w532a0403,崞,4,23183,崞
3589,5,椁,5,椁,w532a0404,椁,5,23184,椁
3589,6,槨,6,槨,w532a0501,槨,6,23185,槨
3589,7,彉,7,彉,w532a0502,彉,7,23186,彉
3589,8,彍,8,彍,w532a0503,彍,8,23187,彍
3589,9,埻,9,埻,w532a0504,埻,9,23188,埻
3589,10,𦘅,10,𦘅,w532a0505,𦘅,10,23189,𦘅
3590,1,雘,1,雘,w532a0506,雘,1,23190,雘
3590,2,蠖,2,蠖,w532a0507,蠖,2,23191,蠖
3590,3,𩟓,3,𩟓,w532a0601,𩟓,3,23192,𩟓
3590,4,臒,4,臒,w532a0602,臒,4,23193,臒
3590,5,鸌,5,鸌,w532a0603,鸌,5,23194,鸌
3590,6,嬳,6,嬳,w532a0604,嬳,6,23195,嬳
3591,1,穫,1,穫,w532a0605,穫,1,23196,穫
3591,2,鑊,2,鑊,w532a0606,鑊,2,23197,鑊
3591,3,㦜,3,㦜,w532a0607,㦜,3,23198,㦜
3591,4,檴,4,檴,w532a0608,檴,4,23199,檴
3591,5,𤐰,5,𤐰,w532a0701,𤐰,5,23200,𤐰
3591,6,濩,6,濩,w532a0702,濩,6,23201,濩
3591,7,擭,7,擭,w532a0703,擭,7,23202,擭
3591,8,䨥,8,䨥,w532a0704,䨥,8,23203,䨥
3591,9,𤻙,9,𤻙,w532a0705,𤻙,9,23204,𤻙
3591,10,𢋒,10,𢋒,w532a0706,𢋒,10,23205,𢋒
3592,1,廓,1,廓,w532a0707,廓,1,23206,廓
3592,2,鞹,2,鞹,w532a0801,鞹,2,23207,鞹
3592,3,漷,3,漷,w532a0802,漷,3,23208,漷
3592,4,𠠎,4,𠠎,w532a0803,𠠎,4,23209,𠠎
3592,5,籗,5,籗,w532a0804,籗,5,23210,籗
3592,6,噋,6,噋,w532a0901,噋,6,23211,噋
3593,1,瓁,1,瓁,w532a0902,瓁,1,23212,瓁
3594,1,硦,1,硦,w532a0903,硦,1,23213,硦
3595,1,㘀,1,㘀,w532a0904,㘀,1,23214,㘀
3596,1,陌,1,陌,w532a1001,陌,1,23215,陌
3596,2,帞,2,帞,w532a1002,帞,2,23216,帞
3596,3,袹,3,袹,w532a1003,袹,3,23217,袹
3596,4,𡠜,4,𡠜,w532a1004,𡠜,4,23218,𡠜
3596,5,𡖶,5,𡖶,w532a1005,𡖶,5,23219,㱳
3596,6,貘,6,貘,w532a1006,貘,6,23220,貘
3596,7,蛨,7,蛨,w532b0101,蛨,7,23221,蛨
3596,8,貊,8,貊,w532b0102,貊,8,23222,貊
3596,9,佰,9,佰,w532b0103,佰,9,23223,佰
3596,10,驀,10,驀,w532b0104,驀,10,23224,驀
3596,11,㹮,11,㹮,w532b0105,㹮,11,23225,㹮
3596,12,𩢷,12,𩢷,w532b0106,𩢷,12,23226,𩢷
3596,13,嗼,13,嗼,w532b0107,嗼,13,23227,嗼
3596,14,貉,14,貉,w532b0201,貉,14,23228,貉
3596,15,洦,15,洦,w532b0202,洦,15,23229,洦
3596,16,𢫦,16,𢫦,w532b0203,𢫦,16,23230,𢫦
3596,17,𧻙,17,𧻙,w532b0204,𧻙,17,23231,𧻙
3596,18,銆,18,銆,w532b0205,銆,18,23232,銆
3597,1,磔,1,磔,w532b0206,磔,1,23233,磔
3597,2,虴,2,虴,w532b0207,虴,2,23234,虴
3597,3,舴,3,舴,w532b0208,舴,3,23235,舴
3597,4,𤜤,4,𤜤,w532b0301,𤜤,4,23236,𤜤
3597,5,𪄱,5,𪄱,w532b0302,𪄱,5,23237,𪄱
3597,6,馲,6,馲,w532b0303,馲,6,23238,馲
3597,7,𩑒,7,𩑒,w532b0304,𩑒,7,23239,𩑒
3597,8,𪐏,8,𪐏,w532b0305,𪐏,8,23240,𪐏
3597,9,嫡,9,嫡,w532b0306,嫡,9,23241,嫡
3597,10,𥧮,10,𥧮,w532b0307,⿱穴商〈𥧮〉,10,23242,𥧮
3597,11,杔,11,杔,w532b0308,杔,11,23243,杔
3598,1,白,1,白,w532b0309,白,1,23244,白
3598,2,帛,2,帛,w532b0401,帛,2,23245,帛
3598,3,舶,3,舶,w532b0402,舶,3,23246,舶
3598,4,鮊,4,鮊,w532b0403,鮊,4,23247,鮊
3598,5,𦰬,5,𦰬,w532b0501,𦰬,5,23248,𦰬
3599,1,伯,1,伯,w532b0502,伯,1,23249,伯
3599,2,迫,2,迫,w532b0601,迫,2,23250,迫
3599,3,敀,3,敀,w532b0602,敀,3,23251,敀
3599,4,百,4,百,w532b0603,百,4,23252,百
3599,5,柏,5,柏,w532b0604,柏,5,23253,柏
3599,6,湐,6,湐,w532b0701,湐,6,23254,湐
3599,7,𦯉,7,𦯉,w532b0702,𦯉,7,23255,𦯉
3599,8,㼟,8,㼟,w532b0703,㼟,8,23256,㼟
3600,1,劇,1,劇,w532b0704,劇,1,23257,劇
3600,2,屐,2,屐,w532b0705,屐,2,23258,屐
3600,3,𨍺,3,𨍺,w532b0801,𨍿,3,23259,𨍺
3600,4,𤭏〈谻〉,4,𤭏〈谻〉,w532b0802,𤭏,4,23260,𤭏
3600,5,𢜭,5,𢜭,w532b0803,𢜭,5,23261,𢜭
3600,6,㘌,6,㘌,w532b0804,㘌,6,23262,㘌
3601,1,戟,1,戟,w532b0805,戟,1,23263,戟
3601,2,撠,2,撠,w532b0901,撠,2,23264,撠
3601,3,𦻝,3,𦻝,w532b0902,𦻝,3,23265,𦺩
3601,4,𤜾,4,𤜾,w532b0903,𤜾,4,23266,𤜾
3601,5,谻,5,谻,w532b0904,谻,5,23267,谻
3601,6,丮,6,丮,w532b0905,丮,6,23268,丮
3601,7,𢜭,7,𢜭,w532b0906,𢜭,7,23269,𢜭
3601,8,𩯋,8,𩯋,w532b0907,𩯋,8,23270,𩯋
3602,1,𡩡,1,𡩡,w532b0908,𡩡,1,23271,𡩡
3602,2,索,2,索,w532b1001,索,2,23272,索
3602,3,䞽,3,䞽,w532b1002,䞽,3,23273,䞽
3602,4,溹,4,溹,w532b1003,溹,4,23274,溹
3602,5,䂹,5,䂹,w532b1004,䂹,5,23275,䂹
3602,6,𥻨,6,𥻨,w532b1005,𥻨,6,23276,𥻨
3603,1,柵,1,柵,w532b1006,柵,1,23277,柵
3603,2,䜺,2,䜺,w532b1007,䜺,2,23278,䜺
3603,3,簎,3,簎,w533a0101,簎,3,23279,簎
3604,1,嚄,1,嚄,w533a0102,嚄,1,23280,嚄
3604,2,𡄴,2,𡄴,w533a0103,𡄴,2,23281,𡄴
3605,1,嘖,1,嘖,w533a0104,嘖,1,23282,嘖
3605,2,迮,2,迮,w533a0105,迮,2,23283,迮
3605,3,窄,3,窄,w533a0106,窄,3,23284,窄
3605,4,笮,4,笮,w533a0107,笮,4,23285,笮
3605,5,㳻,5,㳻,w533a0201,㳻,5,23286,㳻
3605,6,諎,6,諎,w533a0202,諎,6,23287,諎
3605,7,舴,7,舴,w533a0203,舴,7,23288,舴
3605,8,蚱,8,蚱,w533a0204,蚱,8,23289,蚱
3606,1,齚,1,齚,w533a0205,齚,1,23290,齚
3606,2,齰,2,齰,w533a0206,齰,2,23291,齰
3606,3,咋,3,咋,w533a0301,咋,3,23292,咋
3606,4,泎,4,泎,w533a0302,泎,4,23293,泎
3606,5,岝,5,岝,w533a0303,岝,5,23294,岝
3607,1,隙,1,隙,w533a0304,隙,1,23295,隙
3607,2,郤,2,郤,w533a0305,郤,2,23296,郤
3607,3,綌,3,綌,w533a0401,綌,3,23297,綌
3607,4,𠊬,4,𠊬,w533a0402,𠊬,4,23298,𠊬
3607,5,𧯈,5,𧯈,w533a0403,𧯈,5,23299,𧯈
3607,6,𡭴,6,𡭴,w533a0404,𡭴,6,23300,𡭴
3607,7,𠶸,7,𠶸,w533a0405,𠶸,7,23301,𠶸
3608,1,額,1,額,w533a0406,額,1,23302,額
3608,2,頟,2,頟,w533a0501,頟,2,23303,頟
3608,3,䱮,3,䱮,w533a0502,䱮,3,23304,䱮
3608,4,峉,4,峉,w533a0503,峉,4,23305,峉
3608,5,詻,5,詻,w533a0504,詻,5,23306,詻
3608,6,䩹,6,䩹,w533a0505,䩹,6,23307,䩹
3609,1,逆,1,逆,w533a0601,逆,1,23308,逆
3609,2,屰,2,屰,w533a0602,屰,2,23309,屰
3609,3,縌,3,縌,w533a0603,縌,3,23310,縌
3609,4,㘙,4,㘙,w533a0701,㘙,4,23311,㘙
3609,5,𥿬,5,𥿬,w533a0702,𥿬,5,23312,𥿬
3609,6,𠱘,6,𠱘,w533a0703,𠱘,6,23313,𠱘
3610,1,客,1,客,w533a0704,客,1,23314,客
3610,2,喀,2,喀,w533a0705,喀,2,23315,喀
3610,3,礊,3,礊,w533a0706,礊,3,23316,礊
3610,4,揢,4,揢,w533a0707,揢,4,23317,揢
3611,1,啞,1,啞,w533a0708,啞,1,23318,啞
3611,2,𩚬,2,𩚬,w533a0801,𩚬,2,23319,𩚬
3612,1,虩,1,虩,w533a0802,虩,1,23320,虩
3613,1,坼,1,坼,w533a0803,𡍩,1,23321,𡍩
3613,2,䞣,2,䞣,w533a0804,𧼳,2,23322,𧼳
3613,3,𩑒,3,𩑒,w533a0805,𩑒,3,23323,𩑒
3613,4,㿭,4,㿭,w533a0806,㿭,4,23324,㿭
3613,5,𤖴,5,𤖴,w533a0807,𤖴,5,23325,𤖴
3613,6,𩎚,6,𩎚,w533a0808,𩎚,6,23326,𩎚
3614,1,䪝,1,䪝,w533a0901,䪝,1,23327,䪝
3615,1,拍,1,拍,w533a0902,拍,1,23328,拍
3615,2,魄,2,魄,w533a0903,魄,2,23329,魄
3615,3,怕,3,怕,w533a0904,怕,3,23330,怕
3615,4,皛,4,皛,w533a0905,皛,4,23331,皛
3615,5,敀,5,敀,w533a0906,敀,5,23332,敀
3615,6,𠓗,6,𠓗,w533a1001,𠓗,6,23333,𠓗
3615,7,珀,7,珀,w533a1002,珀,7,23334,珀
3615,8,𧻙,8,𧻙,w533a1003,𧻙,8,23335,𧻙
3615,9,𤖼,9,𤖼,w533a1004,𤖼,9,23336,𤖼
3615,10,洦,10,洦,w533a1005,洦,10,23337,洦
3616,1,赫,1,赫,w533a1006,赫,1,23338,赫
3616,2,爀,2,爀,w533b0201,爀,2,23339,爀
3616,3,嚇,3,嚇,w533b0202,嚇,3,23340,嚇
3616,4,𢅰,4,𢅰,w533b0203,𢅰,4,23341,𢅰
3616,5,𥋿,5,𥋿,w533b0204,𥋿,5,23342,𥋿
3617,1,垎,1,垎,w533b0205,垎,1,23343,垎
3617,2,䞦,2,䞦,w533b0206,䞦,2,23344,䞦
3617,3,楁,3,楁,w533b0301,楁,3,23345,楁
3617,4,𨍇,4,𨍇,w533b0302,𨍇,4,23346,𨍇
3618,1,格,1,格,w533b0303,格,1,23347,格
3618,2,𢓜,2,𢓜,w533b0401,𢓜,2,23348,𢓜
3618,3,茖,3,茖,w533b0402,茖,3,23349,茖
3618,4,骼,4,骼,w533b0403,骼,4,23350,骼
3618,5,觡,5,觡,w533b0404,觡,5,23351,觡
3618,6,𩹺,6,𩹺,w533b0405,𩹺,6,23352,𩹺
3618,7,鵅,7,鵅,w533b0406,鵅,7,23353,鵅
3618,8,挌,8,挌,w533b0407,挌,8,23354,挌
3618,9,㦴,9,㦴,w533b0501,⿵戊各〈㦴〉,9,23355,㦴
3618,10,蛒,10,蛒,w533b0502,蛒,10,23356,蛒
3618,11,𪌣,11,𪌣,w533b0503,𪌣,11,23357,𪌣
3618,12,𢼛,12,𢼛,w533b0504,𢼛,12,23358,𢼛
3618,13,𩹿,13,𩹿,w533b0505,𩹿,13,23359,𩹿
3618,14,鉻,14,鉻,w533b0506,鉻,14,23360,鉻
3619,1,謋,1,謋,w533b0507,謋,1,23361,謋
3619,2,諕,2,諕,w533b0601,諕,2,23362,諕
3619,3,漷,3,漷,w533b0602,漷,3,23363,漷
3619,4,砉,4,砉,w533b0603,砉,4,23364,砉
3619,5,𦒧,5,𦒧,w533b0604,𦒧,5,23365,𦒧
3619,6,湱,6,湱,w533b0605,湱,6,23366,湱
3619,7,硅,7,硅,w533b0606,硅,7,23367,硅
3619,8,𢝇,8,𢝇,w533b0607,𢝇,8,23368,𢝇
3620,1,宅,1,宅,w533b0701,宅,1,23369,宅
3620,2,㡯,2,㡯,w533b0702,㡯,2,23370,㡯
3620,3,擇,3,擇,w533b0703,擇,3,23371,擇
3620,4,澤,4,澤,w533b0704,澤,4,23372,澤
3620,5,𪀥,5,𪀥,w533b0801,𪀥,5,23373,𪀥
3620,6,翟,6,翟,w533b0802,翟,6,23374,翟
3620,7,䕪,7,䕪,w533b0901,䕪,7,23375,䕪
3620,8,檡,8,檡,w533b0902,檡,8,23376,檡
3620,9,鸅,9,鸅,w533b0903,鸅,9,23377,鸅
3620,10,𩏪,10,𩏪,w533b1001,𩏪,10,23378,𩏪
3620,11,蠌,11,蠌,w533b1002,蠌,11,23379,蠌
3620,12,襗,12,襗,w533b1003,襗,12,23380,襗
3620,13,𤂥,13,𤂥,w533b1004,𤁰,13,23381,𤂥
3621,1,虢,1,虢,w533b1005,虢,1,23382,虢
3621,2,𢼛,2,𢼛,w534a0101,𢼛,2,23383,𢼛
3621,3,㶁,3,㶁,w534a0102,㶁,3,23384,㶁
3621,4,𧭣,4,𧭣,w534a0103,𧭣,4,23385,𧭣
3621,5,唬,5,唬,w534a0104,唬,5,23386,唬
3622,1,擭,1,擭,w534a0105,擭,1,23387,擭
3622,2,濩,2,濩,w534a0201,濩,2,23388,濩
3622,3,彠,3,彠,w534a0202,彠,3,23389,彠
3622,4,䪝,4,䪝,w534a0203,䪝,4,23390,䪝
3622,5,㠛,5,㠛,w534a0204,㠛,5,23391,㠛
3623,1,蹃,1,蹃,w534a0205,蹃,1,23392,蹃
3623,2,搦,2,搦,w534a0301,搦,2,23393,搦
3624,1,𧍕,1,𧍕,w534a0302,⿰虫郤〈𧍕〉,1,23394,𧍕
3624,2,𠠎,2,𠠎,w534a0303,𠠎,2,23395,𠠎
3625,1,欂,1,欂,w534a0304,欂,1,23396,欂
3625,2,𣝍,2,𣝍,w534a0305,𦼭,2,23397,𣝍
3626,1,麥,1,麥,w534a0401,麥,1,23398,麥
3626,2,𧖴,2,𧖴,w534a0402,𧖴,2,23399,𧖴
3626,3,脉,4,脉,w534a0501,脉,3,23400,脉
3626,4,衇,5,衇,w534a0502,衇,4,23401,衇
3626,5,霢,6,霢,w534a0503,霢,5,23402,霢
3626,6,眽,7,眽,w534a0504,眽,6,23403,眽
3626,7,覛,8,覛,w534a0601,覛,7,23404,覛
3626,8,𧡒,9,𧡒,w534a0602,𧡒,8,23405,𧡒
3627,1,獲,1,獲,w534a0603,獲,1,23406,獲
3627,2,畫,2,畫,w534a0701,畫,2,23407,畫
3627,3,嫿,3,嫿,w534a0702,嫿,3,23408,嫿
3627,4,劃,4,劃,w534a0703,劃,4,23409,劃
3627,5,鱯,5,鱯,w534a0704,鱯,5,23410,鱯
3627,6,彠,6,彠,w534a0705,彠,6,23411,彠
3627,7,㗲,7,㗲,w534a0706,㗲,7,23412,㗲
3627,8,咟,8,咟,w534a0707,咟,8,23413,咟
3628,1,蟈,1,蟈,w534a0801,蟈,1,23414,蟈
3628,2,馘,2,馘,w534a0802,馘,2,23415,馘
3628,3,聝,3,聝,w534a0803,聝,3,23416,聝
3628,4,幗,4,幗,w534a0804,幗,4,23417,幗
3628,5,膕,5,膕,w534a0805,膕,5,23418,膕
3628,6,𩪐,6,𩪐,w534a0806,𩪐,6,23419,𩪐
3628,7,埻,7,埻,w534a0807,埻,7,23420,埻
3628,8,摑,8,摑,w534a0901,摑,8,23421,摑
3628,9,漍,9,漍,w534a0902,漍,9,23422,漍
3628,10,𢹖,10,𢹖,w534a0903,𢹖,10,23423,𢹖
3628,11,䂸,11,䂸,w534a0904,䂸,11,23424,䂸
3628,12,慖,12,慖,w534a0905,慖,12,23425,慖
3628,13,嘓,13,嘓,w534a0906,嘓,13,23426,嘓
3628,14,䬎,14,䬎,w534a0907,䬎,14,23427,䬎
3628,15,讗,15,讗,w534a0908,讗,15,23428,讗
3628,16,𧖻,16,𧖻,w534a0909,𧖻,16,23429,𧖻
3629,1,檗,1,檗,w534a1001,檗,1,23430,檗
3629,2,擘,2,擘,w534a1002,擘,2,23431,擘
3629,3,薜,3,薜,w534a1003,薜,3,23432,薜
3629,4,𤖟,4,𤖟,w534a1004,𤖟,4,23433,𤖟
3629,5,糪,5,糪,w534a1005,糪,5,23434,糪
3630,1,䌟,1,䌟,w534b0101,䌟,1,23435,䌟
3630,2,繴,2,繴,w534b0102,繴,2,23436,繴
3630,3,𦌠,3,𦌠,w534b0103,𦌠,3,23437,𦌠
3630,4,欂,4,欂,w534b0104,欂,4,23438,欂
3631,1,賾,1,賾,w534b0105,賾,1,23439,賾
3631,2,鰿,2,鰿,w534b0106,鰿,2,23440,鰿
3631,3,葃,3,葃,w534b0201,葃,3,23441,葃
3631,4,㣱,4,㣱,w534b0202,㣱,4,23442,㣱
3631,5,矠,5,矠,w534b0203,矠,5,23443,矠
3631,6,耫,6,耫,w534b0204,耫,6,23444,耫
3631,7,嘖,7,嘖,w534b0205,嘖,7,23445,嘖
3632,1,責,1,責,w534b0301,責,1,23446,責
3632,2,𩔳,2,𩔳,w534b0302,𩔳,2,23447,𩔳
3632,3,簀,3,簀,w534b0303,簀,3,23448,簀
3632,4,幘,4,幘,w534b0304,幘,4,23449,幘
3632,5,嘖,5,嘖,w534b0401,嘖,5,23450,嘖
3632,6,謮,6,謮,w534b0402,謮,6,23451,謮
3632,7,債,7,債,w534b0403,債,7,23452,債
3632,8,𧐐,8,𧐐,w534b0404,𧐐,8,23453,𧐐
3632,9,𦟜,9,𦟜,w534b0405,𦟜,9,23454,𦟜
3632,10,嫧,10,嫧,w534b0406,嫧,10,23455,嫧
3632,11,咋,11,咋,w534b0407,咋,11,23456,咋
3633,1,䞰,1,䞰,w534b0408,䞰,1,23457,䞰
3633,2,䟄,2,䟄,w534b0501,䟄,2,23458,䟄
3634,1,策,1,策,w534b0502,策,1,23459,策
3634,2,冊,2,冊,w534b0503,𠕋,2,23460,冊
3634,3,笧,3,笧,w534b0601,𥬰,3,23461,笧
3634,4,嫧,4,嫧,w534b0602,嫧,4,23462,嫧
3634,5,䶦,5,䶦,w534b0603,䶦,5,23463,䶦
3634,6,筴,6,筴,w534b0604,筴,6,23464,筴
3634,7,𣌧,7,𣌧,w534b0605,𣆩,7,23465,𣆩
3634,8,矠,8,矠,w534b0701,矠,8,23466,矠
3634,9,憡,9,憡,w534b0702,憡,9,23467,憡
3634,10,皟,10,皟,w534b0703,皟,10,23468,皟
3634,11,㥽,11,㥽,w534b0704,㥽,11,23469,㥽
3634,12,𧶷,12,𧶷,w534b0705,𧶷,12,23470,𧶷
3634,13,拺,13,拺,w534b0706,拺,13,23471,拺
3634,14,柵,14,柵,w534b0707,柵,14,23472,柵
3635,1,礊,1,礊,w534b0708,礊,1,23473,礊
3635,2,𩱘,2,𩱘,w534b0801,𩱝,2,23474,𩱝
3635,3,䙐,3,䙐,w534b0802,䙐,3,23475,䙐
3635,4,緙,4,緙,w534b0803,緙,4,23476,緙
3635,5,罊,5,罊,w534b0804,罊,5,23477,罊
3635,6,諽,6,諽,w534b0805,諽,6,23478,諽
3636,1,剨,1,剨,w534b0806,剨,1,23479,剨
3636,2,繣,2,繣,w534b0807,繣,2,23480,繣
3636,3,𦑌,3,𦑌,w534b0808,𦑌,3,23481,𦑌
3636,4,㦎,4,㦎,w534b0901,㦎,4,23482,㦎
3636,5,劃,5,劃,w534b0902,劃,5,23483,劃
3636,6,捇,6,捇,w534b0903,捇,6,23484,捇
3636,7,掝,7,掝,w534b0904,掝,7,23485,掝
3636,8,㖪,8,㖪,w534b0905,㖪,8,23486,㖪
3636,9,礊,9,礊,w534b0906,礊,9,23487,礊
3636,10,䐸,10,䐸,w534b0907,䐸,10,23488,䐸
3636,11,焃,11,焃,w534b1001,焃,11,23489,焃
3636,12,㩇,12,㩇,w534b1002,㩇,12,23490,㩇
3636,13,𢄶,13,𢄶,w534b1003,𢄶,13,23491,𢄶
3636,14,𨐶,14,𨐶,w534b1004,𨐶,14,23492,𨐶
3636,15,𥊮,15,𥊮,w534b1005,𥊮,15,23493,𥊮
3636,16,湱,16,湱,w534b1006,湱,16,23494,湱
3636,17,𤷇,17,𤷇,w534b1007,𤷇,17,23495,𤷇
3636,18,䦝,18,䦝,w534b1008,䦝,18,23496,䦝
3636,19,𤁹,19,𤁹,w535a0101,𤁹,19,23497,𤁹
3636,20,䬉,20,䬉,w535a0102,䬉,20,23498,䬉
3636,21,𠜻,21,𠜻,w535a0103,𠜻,21,23499,𠜻
3637,1,覈,1,覈,w535a0104,覈,1,23500,覈
3637,2,繳,2,繳,w535a0105,繳,2,23501,繳
3637,3,䃒,3,䃒,w535a0106,䃒,3,23502,䃒
3637,4,翮,4,翮,w535a0107,翮,4,23503,翮
3637,5,㮝,5,㮝,w535a0108,㮝,5,23504,㮝
3637,6,核,6,核,w535a0109,核,6,23505,核
3637,7,𤈧,7,𤈧,w535a0201,𤈧〈𣒃〉,7,23506,𤈧
3637,8,滆,8,滆,w535a0202,滆,8,23507,滆
3637,9,蒚,9,蒚,w535a0301,蒚,9,23508,蒚
3638,1,隔,1,隔,w535a0302,隔,1,23509,隔
3638,2,膈,2,膈,w535a0303,膈,2,23510,膈
3638,3,搹,3,搹,w535a0304,搹,3,23511,搹
3638,4,鬲,4,鬲,w535a0305,鬲,4,23512,鬲
3638,5,槅,5,槅,w535a0401,槅,5,23513,槅
3638,6,革,6,革,w535a0402,革,6,23514,革
3638,7,𥴩,7,𥴩,w535a0403,𥴩,7,23515,𥴩
3638,8,𢡍,8,𢡍,w535a0501,𢡤,8,23516,𢡍
3638,9,諽,9,諽,w535a0502,諽,9,23517,諽
3638,10,䪂,10,䪂,w535a0503,䪂,10,23518,䪂
3638,11,𧈑,11,𧈑,w535a0504,𧈑,11,23519,𧈑
3638,12,䨣,12,䨣,w535a0505,䨣,12,23520,䨣
3638,13,𥉅,13,𥉅,w535a0506,𥉅,13,23521,𥉅
3638,14,𦑜,14,𦑜,w535a0507,𦑜,14,23522,𦑜
3638,15,𩹺,15,𩹺,w535a0508,𩹺,15,23523,𩹺
3638,16,嗝,16,嗝,w535a0509,嗝,16,23524,嗝
3639,1,摘,1,摘,w535a0510,摘,1,23525,摘
3639,2,謫,2,謫,w535a0601,謫,2,23526,謫
3639,3,讁,3,讁,w535a0602,讁,3,23527,讁
3639,4,𤟍,4,𤟍,w535a0603,𤟍,4,23528,𤟍
3639,5,棏,5,棏,w535a0604,棏,5,23529,棏
3639,6,𡇠,6,𡇠,w535a0605,𡇠,6,23530,𡇠
3639,7,䊞,7,䊞,w535a0606,䊞,7,23531,䊞
3639,8,厇,8,厇,w535a0607,厇,8,23532,厇
3639,9,矺,9,矺,w535a0608,矺,9,23533,矺
3640,1,戹,1,戹,w535a0609,戹,1,23534,戹
3640,2,厄,2,厄,w535a0701,厄,2,23535,厄
3640,3,搤,3,搤,w535a0702,搤,3,23536,搤
3640,4,㧖,4,㧖,w535a0703,㧖,4,23537,㧖
3640,5,軶,5,軶,w535a0704,軶,5,23538,軶
3640,6,阸,6,阸,w535a0705,阸,6,23539,阸
3640,7,豟,7,豟,w535a0706,豟,7,23540,豟
3640,8,呝,8,呝,w535a0801,呝,8,23541,呝
3640,9,𪕶,9,𪕶,w535a0802,𪕶,9,23542,𪕶
3640,10,貖,10,貖,w535a0803,貖,10,23543,貖
3640,11,蚅,11,蚅,w535a0804,蚅,11,23544,蚅
3640,12,𩚬,12,𩚬,w535a0805,𩚬,12,23545,𩚬
3640,13,啞,13,啞,w535a0806,啞,13,23546,啞
3640,14,𧠞,14,𧠞,w535a0807,𧠞,14,23547,𧠞
3641,1,梀〈栜〉,1,梀〈栜〉,w535a0808,梀〈栜〉,1,23548,栜
3641,2,𣽤,2,𣽤,w535a0901,𣽤,2,23549,𣽤
3641,3,𤶬〈㾊〉,3,𤶬〈㾊〉,w535a0902,𤶬〈㾊〉,3,23550,㾊
3641,4,䨛,4,䨛,w535a0903,䨛,4,23551,䨛
3641,5,摵,5,摵,w535a0904,摵,5,23552,摵
3641,6,愬,6,愬,w535a0905,愬,6,23553,愬
3641,7,擌,7,擌,w535a0906,擌,7,23554,擌
3641,8,捒〈拺〉,8,捒〈拺〉,w535a0907,捒〈拺〉,8,23555,拺
3641,9,𡩡,9,𡩡,w535a1001,𡩡,9,23556,𡩡
3641,10,索,10,索,w535a1002,索,10,23557,索
3641,11,溹,11,溹,w535a1003,溹,11,23558,溹
3641,12,𩊯,12,𩊯,w535a1004,𩊯〈⿰革朿〉,12,23559,𩊯
3641,13,虩,13,虩,w535a1005,𧈅,13,23560,虩
3641,14,㳻,14,㳻,w535a1006,㳻,14,23561,㳻
3642,1,𢶉,1,𢶉,w535a1007,𢶉,1,23562,𢶉
3642,2,糪,2,糪,w535b0101,糪,2,23563,糪
3643,1,虉,1,虉,w535b0102,虉,1,23564,虉
3643,2,鳽,2,鳽,w535b0103,鳽,2,23565,鳽
3643,3,䩹,3,䩹,w535b0104,䩹,3,23566,䩹
3643,4,㣂,4,㣂,w535b0105,㣂,4,23567,㣂
3644,1,礐,1,礐,w535b0201,礐,1,23568,礐
3644,2,𥖪,2,𥖪,w535b0202,𥖪,2,23569,𥖪
3645,1,㩇,1,㩇,w535b0203,㩇,1,23570,㩇
3646,1,𢷾,1,𢷾,w535b0204,𢷾,1,23571,𢷾
3647,1,𧾛,1,𧾛,w535b0301,𧾛,1,23572,𧾛
3648,1,疒,1,疒,w535b0302,疒,1,23573,疒
3648,2,䭆,2,䭆,w535b0303,䭆,2,23574,䭆
3648,3,眲,3,眲,w535b0304,眲,3,23575,眲
3649,1,昔,1,昔,w535b0401,昔,1,23576,昔
3649,2,𦠡,2,𦠡,w535b0402,𦠡,2,23577,𦠡
3649,3,腊,3,腊,w535b0403,腊,3,23578,腊
3649,4,惜,4,惜,w535b0501,惜,4,23579,惜
3649,5,潟,5,潟,w535b0502,潟,5,23580,潟
3649,6,磶,6,磶,w535b0503,磶,6,23581,磶
3649,7,舄,7,舄,w535b0504,舄,7,23582,舄
3649,8,𩍆,8,𩍆,w535b0505,𩍆,8,23583,𩍆
3649,9,蕮,9,蕮,w535b0506,蕮,9,23584,蕮
3649,10,鬄,10,鬄,w535b0601,鬄,10,23585,鬄
3649,11,䯜,11,䯜,w535b0602,䯜,11,23586,䯜
3649,12,𩾼,12,𩾼,w535b0603,𩾼,12,23587,𩾼
3649,13,焟,13,焟,w535b0604,焟,13,23588,焟
3649,14,棤,14,棤,w535b0605,棤,14,23589,棤
3650,1,積,1,積,w535b0606,積,1,23590,積
3650,2,脊,2,脊,w535b0607,脊,2,23591,脊
3650,3,蹐,3,蹐,w535b0701,蹐,3,23592,蹐
3650,4,借,4,借,w535b0702,借,4,23593,借
3650,5,迹,5,迹,w535b0703,迹,5,23594,迹
3650,6,跡,6,跡,w535b0704,跡,6,23595,跡
3650,7,𨒪,7,𨒪,w535b0705,𨒪,7,23596,速
3650,8,踖,8,踖,w535b0706,踖,8,23597,踖
3650,9,𪃹,9,𪃹,w535b0801,𪃹,9,23598,𪃹
3650,10,鰿,10,鰿,w535b0802,鰿,10,23599,鰿
3650,11,𧐐,11,𧐐,w535b0803,𧐐,11,23600,𧐐
3650,12,𩺀,12,𩺀,w535b0901,𩺀,12,23601,𩺀
3650,13,鯽,13,鯽,w535b0902,鯽,13,23602,鯽
3650,14,蹟,14,蹟,w535b0903,蹟,14,23603,蹟
3650,15,㵶,15,㵶,w535b0904,𤁢,15,23604,𤁢
3650,16,襀,16,襀,w535b0905,襀,16,23605,襀
3650,17,䃊,17,䃊,w535b0906,䃊,17,23606,䃊
3650,18,庴,18,庴,w535b0907,庴,18,23607,庴
3651,1,益,1,益,w535b0908,益,1,23608,益
3651,2,謚,2,謚,w535b1001,謚,2,23609,謚
3651,3,嗌,3,嗌,w535b1002,嗌,3,23610,嗌
3651,4,𨜶,4,𨜶,w535b1003,𨜶,4,23611,𨜶
3651,5,齸,5,齸,w535b1004,齸,5,23612,齸
3651,6,膉,6,膉,w535b1005,膉,6,23613,膉
3651,7,𦶩,7,𦶩,w536a0101,𦶩,7,23614,𦶩
3651,8,𪕶,8,𪕶,w536a0102,𪕶,8,23615,𪕶
3652,1,繹,1,繹,w536a0103,繹,1,23616,繹
3652,2,睪,2,睪,w536a0104,睪,2,23617,睪
3652,3,亦,3,亦,w536a0201,亦,3,23618,亦
3652,4,弈,4,弈,w536a0202,弈,4,23619,弈
3652,5,奕,5,奕,w536a0203,奕,5,23620,奕
3652,6,帟,6,帟,w536a0204,帟,6,23621,帟
3652,7,譯,7,譯,w536a0301,譯,7,23622,譯
3652,8,懌,8,懌,w536a0302,懌,8,23623,懌
3652,9,斁,9,斁,w536a0303,斁,9,23624,斁
3652,10,驛,10,驛,w536a0304,驛,10,23625,驛
3652,11,嶧,11,嶧,w536a0305,嶧,11,23626,嶧
3652,12,醳,12,醳,w536a0401,醳,12,23627,醳
3652,13,腋,13,腋,w536a0402,腋,13,23628,腋
3652,14,掖,14,掖,w536a0403,掖,14,23629,掖
3652,15,䘸,15,䘸,w536a0404,䘸,15,23630,䘸
3652,16,易,16,易,w536a0405,易,16,23631,易
3652,17,液,17,液,w536a0501,液,17,23632,液
3652,18,痬,18,痬,w536a0601,痬,18,23633,痬
3652,19,蜴,19,蜴,w536a0602,蜴,19,23634,蜴
3652,20,埸,20,埸,w536a0603,埸,20,23635,埸
3652,21,圛,21,圛,w536a0604,圛,21,23636,圛
3652,22,襗,22,襗,w536a0605,襗,22,23637,襗
3652,23,射,23,射,w536a0606,射,23,23638,射
3652,24,墿,24,墿,w536a0701,墿,24,23639,墿
3652,25,焲,25,焲,w536a0702,焲,25,23640,焲
3652,26,襗〈𥜃〉,26,襗〈𥜃〉,w536a0703,襗〈𥜃〉,26,23641,𥜃
3652,27,㴒,27,㴒,w536a0704,㴒,27,23642,㴒
3652,28,燡,28,燡,w536a0705,燡,28,23643,燡
3652,29,𦔥,29,𦔥,w536a0706,𦔥,29,23644,𦔥
3652,30,𡱿,30,𡱿,w536a0707,𡱿,30,23645,𡱿
3652,31,㘁,31,㘁,w536a0801,㘁,31,23646,㘁
3652,32,𤑹,32,𤑹,w536a0802,𤑹,32,23647,𤑹
3652,33,𠓋,33,𠓋,w536a0803,𠓋,33,23648,𠓋
3653,1,釋,1,釋,w536a0804,釋,1,23649,釋
3653,2,𥼶,2,𥼶,w536a0805,𥼶,2,23650,𥼶
3653,3,檡,3,檡,w536a0806,檡,3,23651,檡
3653,4,適,4,適,w536a0901,適,4,23652,適
3653,5,奭,5,奭,w536a0902,奭,5,23653,奭
3653,6,郝,6,郝,w536a0903,郝,6,23654,郝
3653,7,睗,7,睗,w536a0904,睗,7,23655,睗
3653,8,晹,8,晹,w536a0905,晹,8,23656,晹
3653,9,𡣪,9,𡣪,w536a0906,𡣪,9,23657,𡣪
3653,10,𦔥,10,𦔥,w536a1001,𦔥,10,23658,𦔥
3653,11,螫,11,螫,w536a1002,螫,11,23659,螫
3653,12,𩮜,12,𩮜,w536a1003,𩮜,12,23660,𩮜
3653,13,㚒,13,㚒,w536a1004,㚒,13,23661,㚒
3653,14,冟,14,冟,w536a1005,冟,14,23662,冟
3653,15,䁺,15,䁺,w536a1006,䁺,15,23663,䁺
3653,16,襫,16,襫,w536b0101,襫,16,23664,襫
3654,1,尺,1,尺,w536b0102,尺,1,23665,尺
3654,2,赤,2,赤,w536b0103,赤,2,23666,赤
3654,3,烾,3,烾,w536b0201,烾,3,23667,烾
3654,4,蚇,4,蚇,w536b0202,蚇,4,23668,蚇
3654,5,㡿,5,㡿,w536b0301,㡿,5,23669,㡿
3654,6,斥,6,斥,w536b0302,斥,6,23670,斥
3654,7,㚖,7,㚖,w536b0303,㚖,7,23671,㚖
3654,8,郝,8,郝,w536b0304,郝,8,23672,郝
3654,9,滷,9,滷,w536b0305,滷,9,23673,滷
3654,10,𠧚,10,𠧚,w536b0306,𠧚,10,23674,𠧚
3654,11,𠧵,11,𠧵,w536b0401,𠧵,11,23675,𠧵
3655,1,石,1,石,w536b0402,石,1,23676,石
3655,2,碩,2,碩,w536b0501,碩,2,23677,碩
3655,3,祏,3,祏,w536b0502,祏,3,23678,祏
3655,4,鉐,4,鉐,w536b0503,鉐,4,23679,鉐
3655,5,䄷,5,䄷,w536b0504,䄷,5,23680,䄷
3655,6,鼫,6,鼫,w536b0505,鼫,6,23681,鼫
3655,7,䲽,7,䲽,w536b0601,䲽,7,23682,䲽
3656,1,隻,1,隻,w536b0602,隻,1,23683,隻
3656,2,適,2,適,w536b0603,適,2,23684,適
3656,3,炙,3,炙,w536b0604,炙,3,23685,炙
3656,4,墌,4,墌,w536b0701,墌,4,23686,墌
3656,5,摭,5,摭,w536b0702,摭,5,23687,摭
3656,6,拓,6,拓,w536b0703,拓,6,23688,拓
3656,7,蹠,7,蹠,w536b0704,蹠,7,23689,蹠
3656,8,跖,8,跖,w536b0705,跖,8,23690,跖
3656,9,䗪,9,䗪,w536b0706,䗪,9,23691,䗪
3656,10,䨥,10,䨥,w536b0707,䨥,10,23692,𩀝
3656,11,䞠,11,䞠,w536b0801,䞠,11,23693,䞠
3656,12,𠪮,12,𠪮,w536b0802,𠪮,12,23694,𠪮
3656,13,䘸,13,䘸,w536b0803,䘸,13,23695,䘸
3657,1,擲,1,擲,w536b0804,擲,1,23696,擲
3657,2,擿,2,擿,w536b0805,擿,2,23697,擿
3657,3,䵂,3,䵂,w536b0806,䵂,3,23698,䵂
3657,4,躑,4,躑,w536b0807,躑,4,23699,躑
3657,5,蹢,5,蹢,w536b0808,蹢,5,23700,蹢
3657,6,𧓸,6,𧓸,w536b0809,𧓸,6,23701,𧓸
3657,7,潪,7,潪,w536b0901,潪,7,23702,潪
3658,1,皵,1,皵,w536b0902,皵,1,23703,皵
3658,2,磧,2,磧,w536b0903,磧,2,23704,磧
3658,3,刺,3,刺,w536b0904,刺,3,23705,刺
3658,4,𧻕,4,𧻕,w536b0905,𧻕,4,23706,𧻕
3658,5,洓,5,洓,w536b0906,洓,5,23707,洓
3658,6,䟄,6,䟄,w536b0907,䟄,6,23708,䟄
3658,7,𧙞,7,𧙞,w536b0908,𧙞,7,23709,𧙞
3658,8,嫧,8,嫧,w536b1001,嫧,8,23710,嫧
3659,1,席,1,席,w536b1002,席,1,23711,席
3659,2,夕,2,夕,w537a0101,夕,2,23712,夕
3659,3,穸,3,穸,w537a0102,穸,3,23713,穸
3659,4,汐,4,汐,w537a0103,汐,4,23714,汐
3659,5,𨛳,5,𨛳,w537a0201,𨛳,5,23715,𨛳
3659,6,蓆,6,蓆,w537a0202,蓆,6,23716,蓆
3660,1,籍,1,籍,w537a0203,籍,1,23717,籍
3660,2,踖,2,踖,w537a0204,踖,2,23718,踖
3660,3,𨆮,3,𨆮,w537a0205,𨆮,3,23719,𨆮
3660,4,藉,4,藉,w537a0206,藉,4,23720,藉
3660,5,耤,5,耤,w537a0207,耤,5,23721,耤
3660,6,塉,6,塉,w537a0301,塉,6,23722,塉
3660,7,瘠,7,瘠,w537a0302,瘠,7,23723,瘠
3660,8,庴,8,庴,w537a0303,庴,8,23724,庴
3660,9,猎,9,猎,w537a0401,猎,9,23725,猎
3660,10,葃,10,葃,w537a0402,葃,10,23726,葃
3660,11,膌,11,膌,w537a0403,膌,11,23727,膌
3660,12,䣢,12,䣢,w537a0404,䣢,12,23728,䣢
3660,13,簎,13,簎,w537a0405,簎,13,23729,簎
3661,1,擗,1,擗,w537a0406,擗,1,23730,擗
3661,2,椑,2,椑,w537a0407,椑,2,23731,椑
3661,3,躄,3,躄,w537a0408,躃,3,23732,躃
3661,4,闢,4,闢,w537a0501,闢,4,23733,闢
3661,5,辟,5,辟,w537a0502,辟,5,23734,辟
3661,6,㱸,6,㱸,w537a0503,㱸,6,23735,㱸
3661,7,𩪧,7,𩪧,w537a0504,𩪧,7,23736,𩪧
3661,8,萆,8,萆,w537a0505,萆,8,23737,萆
3661,9,𣮐,9,𣮐,w537a0506,𣮐,9,23738,𣮐
3662,1,役,1,役,w537a0601,役,1,23739,役
3662,2,䓈,2,䓈,w537a0602,䓈,2,23740,䓈
3662,3,疫,3,疫,w537a0603,疫,3,23741,疫
3662,4,𩷍,4,𩷍,w537a0604,𩷍,4,23742,𩷍
3662,5,坄,5,坄,w537a0701,坄,5,23743,坄
3662,6,垼,6,垼,w537a0702,垼,6,23744,垼
3662,7,炈,7,炈,w537a0703,炈,7,23745,炈
3662,8,𪁛,8,𪁛,w537a0704,𪁛,8,23746,𪁛
3662,9,鈠,9,鈠,w537a0705,鈠,9,23747,鈠
3662,10,𩂹,10,𩂹,w537a0706,𩂹,10,23748,𩂹
3662,11,豛,11,豛,w537a0707,豛,11,23749,豛
3662,12,𧈻,12,𧈻,w537a0708,𧈻,12,23750,𧈻
3663,1,瞁,1,瞁,w537a0801,瞁,1,23751,瞁
3663,2,𥆛,2,𥆛,w537a0802,𥆛,2,23752,𥆛
3664,1,辟,1,辟,w537a0803,辟,1,23753,辟
3664,2,璧,2,璧,w537a0804,璧,2,23754,璧
3664,3,鐴,3,鐴,w537a0901,鐴,3,23755,鐴
3664,4,躄,4,躄,w537a0902,躄,4,23756,躄
3664,5,𣦢,5,𣦢,w537a0903,𣦢,5,23757,𣦢
3664,6,襞,6,襞,w537a0904,襞,6,23758,襞
3664,7,𨐨,7,𨐨,w537a1001,𨐨,7,23759,𨐨
3665,1,僻,1,僻,w537a1002,僻,1,23760,僻
3665,2,辟,2,辟,w537a1003,辟,2,23761,辟
3665,3,癖,3,癖,w537a1004,癖,3,23762,癖
3665,4,廦,4,廦,w537a1005,廦,4,23763,廦
3666,1,麝,1,麝,w537a1006,麝,1,23764,麝
3666,2,射,2,射,w537a1007,射,2,23765,射
3667,1,碧,1,碧,w537b0101,碧,1,23766,碧
3668,1,𪐏,1,𪐏,w537b0201,𪐏,1,23767,𪐏
3669,1,彳,1,彳,w537b0202,彳,1,23768,彳
3669,2,𤭏,2,𤭏,w537b0203,𤭏,2,23769,𤭏
3670,1,𦳮,1,𦳮,w537b0204,𦳮,1,23770,𦳮
3671,1,𥄎,1,𥄎,w537b0205,𥄎,1,23771,𥄎
3671,2,𢔠,2,𢔠,w537b0301,𢔠,2,23772,𢔠
3672,1,錫,1,錫,w537b0401,錫,1,23773,錫
3672,2,析,2,析,w537b0402,析,2,23774,析
3672,3,㭊,3,㭊,w537b0501,㭊,3,23775,㭊
3672,4,裼,4,裼,w537b0502,裼,4,23776,裼
3672,5,皙,5,皙,w537b0503,皙,5,23777,皙
3672,6,緆,6,緆,w537b0504,緆,6,23778,緆
3672,7,𪎥,7,𪎥,w537b0505,𪎥,7,23779,𪎥
3672,8,𧋍〈蜥〉,8,𧋍〈蜥〉,w537b0506,𧋍〈蜥〉,8,23780,蜥
3672,9,菥,9,菥,w537b0601,菥,9,23781,菥
3672,10,淅,10,淅,w537b0602,淅,10,23782,淅
3672,11,惁,11,惁,w537b0603,惁,11,23783,惁
3672,12,𧊸,12,𧊸,w537b0604,𧋐,12,23784,𧊸
3672,13,㱤,13,㱤,w537b0605,㱤,13,23785,㱤
3673,1,激,1,激,w537b0606,激,1,23786,激
3673,2,擊,2,擊,w537b0607,擊,2,23787,擊
3673,3,墼,3,墼,w537b0608,墼,3,23788,墼
3673,4,轚,4,轚,w537b0701,轚,4,23789,轚
3673,5,獥,5,獥,w537b0702,獥,5,23790,獥
3673,6,敫〈㰾〉,6,敫〈㰾〉,w537b0703,敫〈㰾〉,6,23791,敫
3673,7,𦼷,7,𦼷,w537b0704,𦼷,7,23792,𦼷
3673,8,𡫀,8,𡫀,w537b0705,𡫀,8,23793,𡫀
3673,9,鸄,9,鸄,w537b0706,鸄,9,23794,鸄
3674,1,霹,1,霹,w537b0707,霹,1,23795,霹
3674,2,劈,2,劈,w537b0708,劈,2,23796,劈
3674,3,澼,3,澼,w537b0709,澼,3,23797,澼
3674,4,憵,4,憵,w537b0801,憵,4,23798,憵
3674,5,䤨,5,䤨,w537b0802,䤨,5,23799,䤨
3674,6,癖,6,癖,w537b0803,癖,6,23800,癖
3674,7,僻,7,僻,w537b0804,僻,7,23801,僻
3675,1,靂,1,靂,w537b0805,靂,1,23802,靂
3675,2,䟐,2,䟐,w537b0806,䟐,2,23803,䟐
3675,3,酈,3,酈,w537b0901,酈,3,23804,酈
3675,4,癧,4,癧,w537b0902,癧,4,23805,癧
3675,5,轢,5,轢,w537b0903,轢,5,23806,轢
3675,6,鎘,6,鎘,w537b0904,鎘,6,23807,鎘
3675,7,䥶,7,䥶,w537b0905,䥶,7,23808,䥶
3675,8,礫,8,礫,w537b0906,礫,8,23809,礫
3675,9,瓅,9,瓅,w537b0907,瓅,9,23810,瓅
3675,10,秝,10,秝,w537b0908,秝,10,23811,秝
3675,11,櫪,11,櫪,w537b1001,櫪,11,23812,櫪
3675,12,䍽,12,䍽,w537b1002,䍽,12,23813,䍽
3675,13,櫟,13,櫟,w537b1003,櫟,13,23814,櫟
3675,14,𩽏,14,𩽏,w537b1004,𩽏,14,23815,𩽏
3675,15,歷,15,歷,w537b1005,歷,15,23816,歷
3675,16,曆,16,曆,w538a0101,曆,16,23817,曆
3675,17,藶,17,藶,w538a0102,藶,17,23818,藶
3675,18,瀝,18,瀝,w538a0103,瀝,18,23819,瀝
3675,19,磿,19,磿,w538a0104,磿,19,23820,磿
3675,20,寥,20,寥,w538a0105,寥,20,23821,寥
3675,21,鬲,21,鬲,w538a0201,鬲,21,23822,鬲
3675,22,㽁,22,㽁,w538a0202,㽁,22,23823,㽁
3675,23,蒚,23,蒚,w538a0301,蒚,23,23824,蒚
3675,24,皪,24,皪,w538a0302,皪,24,23825,皪
3675,25,𥌮,25,𥌮,w538a0303,𥌮,25,23826,𥌮
3675,26,䍥,26,䍥,w538a0304,䍥,26,23827,䍥
3675,27,躒,27,躒,w538a0305,躒,27,23828,躒
3675,28,䟏,28,䟏,w538a0306,䟏,28,23829,䟏
3675,29,𪙽,29,𪙽,w538a0307,𪙽,29,23830,𪙽
3675,30,𤩚,30,𤩚,w538a0308,𤩚,30,23831,𤪢
3675,31,厤,31,厤,w538a0309,厤,31,23832,厤
3675,32,攊,32,攊,w538a0401,攊,32,23833,攊
3675,33,䮥,33,䮥,w538a0402,䮥,33,23834,䮥
3675,34,𧙉,34,𧙉,w538a0403,𧙉,34,23835,𧙉
3675,35,䤙,35,䤙,w538a0404,䤙,35,23836,䤙
3675,36,𡳸,36,𡳸,w538a0405,𡳸,36,23837,𡳸
3675,37,𦠓,37,𦠓,w538a0406,𦠓,37,23838,𦠓
3675,38,𨢌,38,𨢌,w538a0407,𨢌,38,23839,𨢌
3675,39,㔏,39,㔏,w538a0408,㔏,39,23840,㔏
3675,40,𪅼,40,𪅼,w538a0409,𪅼,40,23841,𪅼
3675,41,觻,41,觻,w538a0410,觻,41,23842,觻
3675,42,𥽗,42,𥽗,w538a0411,𥽗,42,23843,𥽗
3675,43,擽,43,擽,w538a0501,擽,43,23844,擽
3675,44,濼,44,濼,w538a0502,濼,44,23845,濼
3675,45,蚸,45,蚸,w538a0503,蝷,45,23846,蝷
3676,1,的,1,的,w538a0504,的,1,23847,的
3676,2,適,2,適,w538a0601,適,2,23848,適
3676,3,嫡,3,嫡,w538a0602,嫡,3,23849,嫡
3676,4,甋,4,甋,w538a0603,甋,4,23850,甋
3676,5,靮,5,靮,w538a0604,靮,5,23851,靮
3676,6,鏑,6,鏑,w538a0605,鏑,6,23852,鏑
3676,7,馰,7,馰,w538a0606,馰,7,23853,馰
3676,8,滴,8,滴,w538a0701,滴,8,23854,滴
3676,9,肑,9,肑,w538a0702,肑,9,23855,肑
3676,10,弔,10,弔,w538a0703,弔,10,23856,弔
3676,11,芍,11,芍,w538a0704,芍,11,23857,芍
3676,12,蹢,12,蹢,w538a0705,蹢,12,23858,蹢
3676,13,䶂,13,䶂,w538a0706,䶂,13,23859,䶂
3676,14,玓,14,玓,w538a0801,玓,14,23860,玓
3676,15,樀,15,樀,w538a0802,樀,15,23861,樀
3676,16,𪄱,16,𪄱,w538a0803,𪄱,16,23862,𪄱
3676,17,𦉹,17,𦉹,w538a0804,𦉹,17,23863,𦉹
3676,18,𥕐,18,𥕐,w538a0805,𥕐,18,23864,𥕐
3676,19,𥐝,19,𥐝,w538a0806,𥐝,19,23865,𥐝
3676,20,扚,20,扚,w538a0807,扚,20,23866,扚
3676,21,𣂉,21,𣂉,w538a0808,𣂉,21,23867,𣂉
3676,22,啇,22,啇,w538a0809,啇,22,23868,啇
3676,23,魡,23,魡,w538a0810,魡,23,23869,魡
3676,24,㣿,24,㣿,w538a0901,㣿,24,23870,㣿
3676,25,𨑩,25,𨑩,w538a0902,𨑩,25,23871,𨑩
3676,26,杓,26,杓,w538a0903,杓,26,23872,杓
3677,1,檄,1,檄,w538a0904,檄,1,23873,檄
3677,2,覡,2,覡,w538a0905,覡,2,23874,覡
3677,3,薂,3,薂,w538a0906,薂,3,23875,薂
3677,4,𪕯,4,𪕯,w538a0907,𪕯〈鼳〉,4,23876,𪕯
3677,5,鸄,5,鸄,w538a1001,鸄,5,23877,鸄
3677,6,獥,6,獥,w538a1002,獥,6,23878,獥
3677,7,椺,7,椺,w538a1003,椺〈𣒃〉,7,23879,椺
3677,8,䚫,8,䚫,w538a1004,䚫,8,23880,䚫
3678,1,鷁,1,鷁,w538a1005,鷁,1,23881,鷁
3678,2,鶂,2,鶂,w538b0101,鶂,2,23882,鶂
3678,3,艗,3,艗,w538b0102,艗,3,23883,艗
3678,4,𠩫,4,𠩫,w538b0103,𠩫,4,23884,𠩫
3678,5,虉,5,虉,w538b0104,虉,5,23885,虉
3679,1,荻,1,荻,w538b0105,荻,1,23886,荻
3679,2,狄,2,狄,w538b0201,狄,2,23887,狄
3679,3,敵,3,敵,w538b0202,敵,3,23888,敵
3679,4,籊,4,籊,w538b0203,籊,4,23889,籊
3679,5,翟,5,翟,w538b0204,翟,5,23890,翟
3679,6,迪,6,迪,w538b0301,迪,6,23891,迪
3679,7,覿,7,覿,w538b0302,覿,7,23892,覿
3679,8,𧠫,8,𧠫,w538b0303,𧠫,8,23893,𧠫
3679,9,笛,9,笛,w538b0304,笛,9,23894,笛
3679,10,篴,10,篴,w538b0305,篴,10,23895,篴
3679,11,糴,11,糴,w538b0401,糴,11,23896,糴
3679,12,籴,12,籴,w538b0402,籴,12,23897,籴
3679,13,邮,13,邮,w538b0403,邮,13,23898,邮
3679,14,滌,14,滌,w538b0404,滌,14,23899,滌
3679,15,蓧,15,蓧,w538b0405,蓧,15,23900,蓧
3679,16,蔋,16,蔋,w538b0406,蔋〈𦵦〉,16,23901,蔋
3679,17,踧,17,踧,w538b0501,踧,17,23902,踧
3679,18,䌦,18,䌦,w538b0502,䌦,18,23903,䌦
3679,19,𩷎,19,𩷎,w538b0503,𩷎,19,23904,𩷎
3679,20,䵂,20,䵂,w538b0504,䵂,20,23905,䵂
3679,21,樀,21,樀,w538b0505,樀,21,23906,樀
3679,22,頔,22,頔,w538b0506,頔,22,23907,頔
3679,23,梑,23,梑,w538b0507,梑,23,23908,梑
3679,24,䊮,24,䊮,w538b0601,䊮,24,23909,䊮
3679,25,䢮〈䨤〉,25,䢮〈䨤〉,w538b0602,䢮〈⿱雨⿺辶田〉,25,23910,䢮
3679,26,㹍,26,㹍,w538b0603,㹍,26,23911,㹍
3679,27,苖,27,苖,w538b0604,苖,27,23912,苖
3679,28,滷,28,滷,w538b0605,滷,28,23913,滷
3679,29,㣙,29,㣙,w538b0606,㣙,29,23914,㣙
3680,1,逖,1,逖,w538b0607,逖,1,23915,逖
3680,2,逷,2,逷,w538b0608,逷,2,23916,逷
3680,3,倜,3,倜,w538b0701,倜,3,23917,倜
3680,4,趯,4,趯,w538b0702,趯,4,23918,趯
3680,5,䢰,5,䢰,w538b0703,䢰,5,23919,䢰
3680,6,剔,6,剔,w538b0704,剔,6,23920,剔
3680,7,𠜓,7,𠜓,w538b0705,𠜓,7,23921,𠜓
3680,8,𧦄〈詆〉,8,𧦄〈詆〉,w538b0706,𧦄〈詆〉,8,23922,詆
3680,9,惕,9,惕,w538b0707,惕,9,23923,惕
3680,10,䯜,10,䯜,w538b0708,䯜,10,23924,䯜
3680,11,硩,11,硩,w538b0709,硩,11,23925,硩
3680,12,摘,12,摘,w538b0801,摘,12,23926,摘
3680,13,踢,13,踢,w538b0802,踢,13,23927,踢
3680,14,䚐,14,䚐,w538b0803,䚐,14,23928,䚐
3680,15,𩮜,15,𩮜,w538b0901,𩮜,15,23929,𩮜
3680,16,𤈥,16,𤈥,w538b0902,𤈥,16,23930,𤈥
3680,17,蓨,17,蓨,w538b0903,蓨,17,23931,蓨
3680,18,籊,18,籊,w538b0904,籊,18,23932,籊
3680,19,悐,19,悐,w538b0905,悐,19,23933,悐
3680,20,𢞒,20,𢞒,w538b0906,𢞒〈𢢞〉,20,23934,𢞒
3680,21,𥉈,21,𥉈,w538b0907,𥉈,21,23935,𥊕
3681,1,績,1,績,w538b0908,績,1,23936,績
3681,2,勣,2,勣,w538b1001,勣,2,23937,勣
3681,3,樍,3,樍,w538b1002,樍,3,23938,樍
3681,4,𪄸,4,𪄸,w538b1003,𪄸,4,23939,𪄸
3682,1,燩,1,燩,w538b1004,燩,1,23940,燩
3682,2,𢶡,2,𢶡,w538b1005,𢶡,2,23941,𢶡
3682,3,𣪠,3,𣪠,w538b1006,𣪠,3,23942,𣪠
3682,4,喫,4,喫,w539a0101,喫,4,23943,喫
3682,5,𠿊,5,𠿊,w539a0102,𠿊,5,23944,𠿊
3682,6,𥍰,6,𥍰,w539a0103,𥍰,6,23945,𥍰
3682,7,𢿣,7,𢿣,w539a0104,𢿣,7,23946,𢿣
3682,8,𢞒,8,𢞒,w539a0105,𢞒,8,23947,𢞒
3682,9,䍊,9,䍊,w539a0106,䍊,9,23948,䍊
3683,1,惄,1,惄,w539a0107,惄,1,23949,惄
3683,2,𧗂〈𧖷〉,2,𧗂〈𧖷〉,w539a0108,𧗂〈𧖷〉,2,23950,𧗂
3683,3,溺,3,溺,w539a0201,溺,3,23951,溺
3683,4,愵,4,愵,w539a0202,愵,4,23952,愵
3684,1,寂,1,寂,w539a0203,寂,1,23953,寂
3684,2,𡧘,2,𡧘,w539a0204,𡧘,2,23954,𡧘
3684,3,𡧯,3,𡧯,w539a0205,𡧯,3,23955,𡧯
3684,4,𠴫,4,𠴫,w539a0206,𠴫,4,23956,𠴫
3684,5,䚐,5,䚐,w539a0207,䚐,5,23957,䚐
3685,1,覓,1,覓,w539a0208,覓,1,23958,覓
3685,2,覛,2,覛,w539a0301,覛,2,23959,覛
3685,3,幎,3,幎,w539a0302,幎,3,23960,幎
3685,4,幦,4,幦,w539a0303,幦,4,23961,幦
3685,5,𧜀,5,𧜀,w539a0304,𧜀,5,23962,𧜀
3685,6,䮭,6,䮭,w539a0305,䮭,6,23963,䮭
3685,7,糸,7,糸,w539a0306,糸,7,23964,糸
3685,8,鼏,8,鼏,w539a0401,鼏,8,23965,鼏
3685,9,羃,9,羃,w539a0402,羃,9,23966,羃
3685,10,汨,10,汨,w539a0403,汨,10,23967,汨
3685,11,㵋,11,㵋,w539a0404,㵋,11,23968,㵋
3685,12,漞,12,漞,w539a0405,漞,12,23969,漞
3685,13,冂,13,冂,w539a0406,冂,13,23970,冂
3685,14,䖑,14,䖑,w539a0501,䖑,14,23971,䖑
3685,15,蓂,15,蓂,w539a0502,蓂,15,23972,蓂
3685,16,𧱻,16,𧱻,w539a0503,𧱻,16,23973,𧱻
3685,17,覭,17,覭,w539a0504,覭,17,23974,覭
3685,18,䌐,18,䌐,w539a0505,䌐,18,23975,䌐
3685,19,𪒄,19,𪒄,w539a0506,𪒄,19,23976,𪒄
3685,20,䈿,20,䈿,w539a0507,䈿,20,23977,䈿
3685,21,濗,21,濗,w539a0508,濗,21,23978,濗
3685,22,𧐎,22,𧐎,w539a0509,𧐎,22,23979,𧐎
3685,23,塓,23,塓,w539a0601,塓,23,23980,塓
3686,1,甓,1,甓,w539a0602,甓,1,23981,甓
3686,2,鷿,2,鷿,w539a0603,鷿,2,23982,鷿
3686,3,椑,3,椑,w539a0604,椑,3,23983,椑
3686,4,㱸,4,㱸,w539a0605,㱸,4,23984,㱸
3687,1,壁,1,壁,w539a0606,壁,1,23985,壁
3687,2,鼊,2,鼊,w539a0701,鼊,2,23986,鼊
3687,3,繴,3,繴,w539a0801,繴,3,23987,繴
3687,4,廦,4,廦,w539a0802,廦,4,23988,廦
3687,5,綼,5,綼,w539a0803,綼,5,23989,綼
3687,6,𧲜,6,𧲜,w539a0804,𧲜,6,23990,𧲜
3688,1,闃,1,闃,w539a0901,闃,1,23991,闃
3688,2,䠐,2,䠐,w539a0902,䠐,2,23992,䠐
3689,1,郹,1,郹,w539a0903,郹,1,23993,郹
3689,2,狊,2,狊,w539a0904,狊,2,23994,狊
3689,3,鶪,3,鶪,w539a0905,鶪,3,23995,鶪
3689,4,湨,4,湨,w539a0906,湨,4,23996,湨
3689,5,鼳,5,鼳,w539a1001,鼳,5,23997,鼳
3689,6,犑,6,犑,w539a1002,犑,6,23998,犑
3689,7,𠋬,7,𠋬,w539a1003,𠋬,7,23999,𠋬
3690,1,戚,1,戚,w539a1004,戚,1,24000,戚
3690,2,慼,2,慼,w539b0101,慼,2,24001,慼
3690,3,𧒕,3,𧒕,w539b0102,𧒕,3,24002,𧒕
3690,4,鼜,4,鼜,w539b0103,鼜,4,24003,鼜
3690,5,鏚,5,鏚,w539b0104,鏚,5,24004,鏚
3690,6,𪒑,6,𪒑,w539b0105,𪒑,6,24005,𪒑
3690,7,𧠪,7,𧠪,w539b0106,𧠪,7,24006,𧠪
3690,8,慽,8,慽,w539b0201,慽,8,24007,慽
3690,9,𧐶,9,𧐶,w539b0202,𧐶,9,24008,𧐶
3690,10,𦸗,10,𦸗,w539b0203,𦸗,10,24009,𦸗
3690,11,磩,11,磩,w539b0204,磩,11,24010,磩
3691,1,赥,1,赥,w539b0205,赥,1,24011,赥
3691,2,䦧〈鬩〉,2,䦧〈鬩〉,w539b0206,䦧〈鬩〉,2,24012,䦧
3691,3,𥍠,3,𥍠,w539b0301,𥍠,3,24013,𥍠
3691,4,𤄎,4,𤄎,w539b0302,⿰氵䦧〈𤄎〉,4,24014,𤄎
3691,5,𧨃,5,𧨃,w539b0303,𧨃,5,24015,𧨃
3691,6,䈪,6,䈪,w539b0304,䈪,6,24016,䈪
3691,7,㤸,7,㤸,w539b0305,㤸,7,24017,㤸
3691,8,𣣉,8,𣣉,w539b0306,𣣉,8,24018,𣣉
3691,9,㦦,9,㦦,w539b0307,㦦,9,24019,㦦
3692,1,𥍟,1,𥍟,w539b0308,𥍟,1,24020,𥍟
3692,2,砉,2,砉,w539b0401,砉,2,24021,砉
3692,3,瞁,3,瞁,w539b0402,瞁,3,24022,瞁
3692,4,𥆛,4,𥆛,w539b0403,𥆛,4,24023,𥆛
3692,5,狊,5,狊,w539b0404,狊,5,24024,狊
3692,6,焱,6,焱,w539b0405,焱,6,24025,焱
3692,7,殈,7,殈,w539b0406,殈,7,24026,殈
3693,1,𣤩,1,𣤩,w539b0407,𣤩,1,24027,𣤩
3693,2,𥛚,2,𥛚,w539b0501,𥛚,2,24028,𥛚
3694,1,職,1,職,w539b0601,職,1,24029,職
3694,2,軄,2,軄,w539b0701,軄,2,24030,軄
3694,3,戠,3,戠,w539b0702,戠,3,24031,戠
3694,4,織,4,織,w539b0703,織,4,24032,織
3694,5,𥋏〈膱〉,5,𥋏〈膱〉,w539b0704,𥋏〈膱〉,5,24033,𥋏
3694,6,蟙,6,蟙,w539b0705,蟙,6,24034,蟙
3694,7,𧄕,7,𧄕,w539b0706,𧄕,7,24035,𧄕
3694,8,䐈,8,䐈,w539b0801,䐈,8,24036,䐈
3694,9,樴,9,樴,w539b0802,樴,9,24037,樴
3695,1,直,1,直,w539b0803,直,1,24038,直
3695,2,犆,2,犆,w539b0804,犆,2,24039,犆
3695,3,䐈,3,䐈,w539b0901,䐈,3,24040,䐈
3695,4,𡸜,4,𡸜,w539b0902,𡸜,4,24041,𡸜
3696,1,力,1,力,w539b0903,力,1,24042,力
3696,2,朸,2,朸,w539b0904,朸,2,24043,朸
3696,3,屴,3,屴,w539b0905,屴,3,24044,屴
3696,4,仂,4,仂,w539b0906,仂,4,24045,仂
3696,5,鳨,5,鳨,w539b0907,鳨,5,24046,鳨
3696,6,𠢠,6,𠢠,w539b1001,𠢠,6,24047,𠢠
3696,7,𣲒,7,𣲒,w539b1002,𣲒〈泐〉,7,24048,𣲒
3696,8,𡯄,8,𡯄,w539b1003,𡯄,8,24049,𡯄
3696,9,𧲡,9,𧲡,w539b1004,𧲡,9,24050,𧲡
3697,1,敕,1,敕,w539b1005,敕,1,24051,敕
3697,2,勅,2,勅,w540a0101,勅,2,24052,勅
3697,3,飭,3,飭,w540a0102,飭,3,24053,飭
3697,4,淔,4,淔,w540a0103,淔,4,24054,淔
3697,5,趩,5,趩,w540a0104,趩,5,24055,趩
3697,6,栻,6,栻,w540a0105,栻,6,24056,栻
3697,7,侙,7,侙,w540a0106,侙,7,24057,侙
3697,8,𪀦,8,𪀦,w540a0107,𪀦,8,24058,𪀦
3697,9,鷘,9,鷘,w540a0201,鷘,9,24059,鷘
3697,10,恜,10,恜,w540a0202,恜,10,24060,恜
3697,11,慗,11,慗,w540a0203,慗,11,24061,慗
3697,12,遫,12,遫,w540a0204,遫,12,24062,遫
3697,13,荲,13,荲,w540a0205,荲,13,24063,荲
3697,14,㽚,14,㽚,w540a0206,㽚,14,24064,㽚
3698,1,陟,1,陟,w540a0207,陟,1,24065,陟
3698,2,稙,2,稙,w540a0208,稙,2,24066,稙
3699,1,食,1,食,w540a0301,食,1,24067,食
3699,2,蝕,2,蝕,w540a0401,蝕,2,24068,蝕
3700,1,息,1,息,w540a0501,息,1,24069,息
3700,2,㮩,2,㮩,w540a0601,㮩,2,24070,㮩
3700,3,鄎,3,鄎,w540a0602,鄎,3,24071,鄎
3700,4,瘜,4,瘜,w540a0603,瘜,4,24072,瘜
3700,5,蒠,5,蒠,w540a0604,蒠,5,24073,蒠
3700,6,熄,6,熄,w540a0605,熄,6,24074,熄
3700,7,𦞜,7,𦞜,w540a0606,𦞜,7,24075,𦞜
3700,8,䭒,8,䭒,w540a0607,䭒,8,24076,䭒
3700,9,㴧,9,㴧,w540a0701,㴧,9,24077,㴧
3700,10,𥰝,10,𥰝,w540a0702,𥰝,10,24078,𥰝
3700,11,𪄛,11,𪄛,w540a0703,𪄛,11,24079,𪄛
3701,1,寔,1,寔,w540a0704,寔,1,24080,寔
3701,2,湜,2,湜,w540a0705,湜,2,24081,湜
3701,3,殖,3,殖,w540a0706,殖,3,24082,殖
3701,4,植,4,植,w540a0707,植,4,24083,植
3701,5,埴,5,埴,w540a0708,埴,5,24084,埴
3701,6,𡑠,6,𡑠,w540a0801,𢨀,6,24085,𢨀
3701,7,㨁,7,㨁,w540a0802,㨁,7,24086,㨁
3701,8,遈,8,遈,w540a0803,遈,8,24087,遈
3702,1,識,1,識,w540a0804,識,1,24088,識
3702,2,式,2,式,w540a0805,式,2,24089,式
3702,3,拭,3,拭,w540a0806,拭,3,24090,拭
3702,4,𢂑,4,𢂑,w540a0901,𢂑,4,24091,𢂑
3702,5,軾,5,軾,w540a0902,軾,5,24092,軾
3702,6,飾,6,飾,w540a0903,飾,6,24093,飾
3702,7,𥿮,7,𥿮,w540a0904,𥿮,7,24094,𥿮
3702,8,鉽,8,鉽,w540a0905,鉽,8,24095,鉽
3702,9,烒,9,烒,w540a0906,烒,9,24096,烒
3702,10,𧄹,10,𧄹,w540a0907,𧄹,10,24097,𧄹
3703,1,赩,1,赩,w540a0908,赩,1,24098,赩
3703,2,衋,2,衋,w540a1001,衋,2,24099,䀌
3703,3,䵱,3,䵱,w540a1002,䵱,3,24100,䵱
3703,4,𥈜,4,𥈜,w540a1003,𥈜,4,24101,𥈜
3703,5,𢤋,5,𢤋,w540a1004,𢤋,5,24102,𢤋
3704,1,崱,1,崱,w540a1005,崱,1,24103,崱
3704,2,𡸦,2,𡸦,w540a1006,𡸦,2,24104,𡸦
3704,3,溭,3,溭,w540a1007,溭,3,24105,溭
3704,4,萴,4,萴,w540a1008,萴,4,24106,萴
3705,1,極,1,極,w540b0101,極,1,24107,極
3706,1,匿,1,匿,w540b0102,匿,1,24108,匿
3706,2,𧈟,2,𧈟,w540b0103,𧈟,2,24109,𧈟
3706,3,𧏾,3,𧏾,w540b0104,𧏾,3,24110,𧏾
3706,4,㥾,4,㥾,w540b0105,㥾,4,24111,㥾
3706,5,恧,5,恧,w540b0201,恧,5,24112,恧
3706,6,𩺱,6,𩺱,w540b0202,𩺱,6,24113,𩺱
3707,1,測,1,測,w540b0203,測,1,24114,測
3707,2,惻,2,惻,w540b0204,惻,2,24115,惻
3707,3,畟,3,畟,w540b0205,畟,3,24116,畟
3707,4,𦔎,4,𦔎,w540b0206,𦔎,4,24117,𦔎
3707,5,𡍫,5,𡍫,w540b0301,𡍫,5,24118,𡍫
3707,6,䔴,6,䔴,w540b0302,䔴,6,24119,䔴
3708,1,憶,1,憶,w540b0303,憶,1,24120,憶
3708,2,億,2,億,w540b0304,億,2,24121,億
3708,3,臆,3,臆,w540b0305,臆,3,24122,臆
3708,4,肊,4,肊,w540b0306,肊,4,24123,肊
3708,5,𠶷,5,𠶷,w540b0307,𠶷,5,24124,𠶷
3708,6,繶,6,繶,w540b0308,繶,6,24125,繶
3708,7,醷,7,醷,w540b0401,醷,7,24126,醷
3708,8,澺,8,澺,w540b0402,澺,8,24127,澺
3708,9,薏,9,薏,w540b0403,薏,9,24128,薏
3708,10,𦺳,10,𦺳,w540b0404,𦺳,10,24129,𦺳
3708,11,䗷,11,䗷,w540b0405,䗷,11,24130,䗷
3708,12,𩍖,12,𩍖,w540b0406,𩍖,12,24131,𩍖
3708,13,檍,13,檍,w540b0407,檍,13,24132,檍
3708,14,𣚍,14,𣚍,w540b0408,𣚍,14,24133,𣚍
3708,15,抑,15,抑,w540b0501,抑,15,24134,抑
3708,16,𡊁,16,𡊁,w540b0502,𡊁,16,24135,𡊁
3708,17,癔,17,癔,w540b0503,癔,17,24136,癔
3709,1,色,1,色,w540b0504,色,1,24137,色
3709,2,㱇,2,㱇,w540b0505,㱇,2,24138,㱇
3709,3,嗇,3,嗇,w540b0506,嗇,3,24139,嗇
3709,4,𩍙,4,𩍙,w540b0601,𩍙,4,24140,𩍙
3709,5,穡,5,穡,w540b0602,穡,5,24141,穡
3709,6,薔,6,薔,w540b0603,薔,6,24142,薔
3709,7,轖,7,轖,w540b0701,轖,7,24143,轖
3709,8,繬,8,繬,w540b0702,繬,8,24144,繬
3709,9,濇,9,濇,w540b0703,濇,9,24145,濇
3709,10,䉢,10,䉢,w540b0704,䉢,10,24146,䉢
3709,11,嬙,11,嬙,w540b0705,嬙,11,24147,嬙
3709,12,𧒗,12,𧒗,w540b0706,𧒗,12,24148,𧒗
3709,13,懎,13,懎,w540b0707,懎,13,24149,懎
3709,14,𩕡,14,𩕡,w540b0708,𩕡,14,24150,𩕡
3709,15,𠢳,15,𠢳,w540b0709,𠢳,15,24151,𠢳
3710,1,䩯,1,䩯,w540b0710,䩯,1,24152,䩯
3711,1,殛,1,殛,w540b0801,殛,1,24153,殛
3711,2,㥛,2,㥛,w540b0802,㥛,2,24154,㥛
3711,3,襋,3,襋,w540b0803,襋,3,24155,襋
3711,4,棘,4,棘,w540b0804,棘,4,24156,棘
3711,5,亟,5,亟,w540b0901,亟,5,24157,亟
3711,6,㻷,6,㻷,w540b0902,㻷,6,24158,㻷
3711,7,悈,7,悈,w540b0903,悈,7,24159,悈
3711,8,𡕮,8,𡕮,w540b1001,𡕮,8,24160,𡕮
3711,9,蕀,9,蕀,w540b1002,蕀,9,24161,蕀
3711,10,茍,10,茍,w540b1003,茍,10,24162,苟
3711,11,𧩦,11,𧩦,w540b1004,𧩦,11,24163,𧩦
3712,1,弋,1,弋,w540b1005,弋,1,24164,弋
3712,2,翊,2,翊,w541a0101,翊,2,24165,翊
3712,3,翌,3,翌,w541a0102,翌,3,24166,翌
3712,4,廙,4,廙,w541a0103,廙,4,24167,廙
3712,5,黓,5,黓,w541a0104,黓,5,24168,黓
3712,6,翼,6,翼,w541a0105,翼,6,24169,翼
3712,7,𩙺,7,𩙺,w541a0201,𩙺,7,24170,𩙺
3712,8,𦏵,8,𦏵,w541a0202,𦏵,8,24171,𦏵
3712,9,䴬,9,䴬,w541a0203,䴬,9,24172,䴬
3712,10,隿,10,隿,w541a0204,隿,10,24173,隿
3712,11,𧃟,11,𧃟,w541a0205,𧃟,11,24174,𧃟
3712,12,㚤,12,㚤,w541a0301,㚤,12,24175,㚤
3712,13,潩,13,潩,w541a0302,潩,13,24176,潩
3712,14,杙,14,杙,w541a0303,杙,14,24177,杙
3712,15,芅,15,芅,w541a0304,芅,15,24178,芅
3712,16,㔴,16,㔴,w541a0401,㔴,16,24179,㔴
3712,17,𧾰,17,𧾰,w541a0402,𧾰,17,24180,𧾰
3712,18,𨙒,18,𨙒,w541a0403,𨙒,18,24181,𨙒
3712,19,𥡪,19,𥡪,w541a0404,𥡪,19,24182,𥡪
3712,20,蛡,20,蛡,w541a0405,蛡,20,24183,蛡
3712,21,𢦭〈𤬩〉,21,𢦭〈𤬩〉,w541a0406,𢦭〈𤬩〉,21,24184,𢦭
3712,22,𢖺,22,𢖺,w541a0407,𢖺,22,24185,𢖺
3712,23,瀷,23,瀷,w541a0408,瀷,23,24186,瀷
3712,24,𢎀,24,𢎀,w541a0501,𢎀,24,24187,𢎀
3712,25,𠥦,25,𠥦,w541a0502,𠥦,25,24188,𠥦
3712,26,熼,26,熼,w541a0503,熼,26,24189,熼
3712,27,釴,27,釴,w541a0504,釴,27,24190,釴
3712,28,𤼌,28,𤼌,w541a0505,𤼌,28,24191,𤼌
3712,29,𧑌,29,𧑌,w541a0506,𧑌,29,24192,𧑌
3712,30,𦔜,30,𦔜,w541a0507,𦔜,30,24193,𦔜
3712,31,䄩,31,䄩,w541a0508,䄩,31,24194,䄩
3712,32,𢓀,32,𢓀,w541a0509,𢓀,32,24195,𢓀
3712,33,䘝,33,䘝,w541a0510,䘝,33,24196,䘝
3712,34,䣧,34,䣧,w541a0601,䣧,34,24197,䣧
3713,1,即,1,即,w541a0602,即,1,24198,即
3713,2,卽,2,卽,w541a0603,卽,2,24199,卽
3713,3,稷,3,稷,w541a0701,稷,3,24200,稷
3713,4,㮨,4,㮨,w541a0801,㮨,4,24201,㮨
3713,5,㹄,5,㹄,w541a0802,㹄,5,24202,㹄
3713,6,蝍,6,蝍,w541a0803,蝍,6,24203,蝍
3713,7,楖,7,楖,w541a0804,楖〈揤〉,7,24204,楖
3713,8,畟,8,畟,w541a0805,畟,8,24205,畟
3713,9,𨂢,9,𨂢,w541a0806,𨂢,9,24206,𨂢
3713,10,鯽,10,鯽,w541a0901,鯽,10,24207,鯽
3713,11,𤠎,11,𤠎,w541a0902,𤠎,11,24208,𤠎
3713,12,堲,12,堲,w541a0903,堲,12,24209,堲
3713,13,䐚,13,䐚,w541a0904,䐚,13,24210,䐚
3713,14,唧,14,唧,w541a0905,唧,14,24211,唧
3713,15,𪃹,15,𪃹,w541a0906,𪃹,15,24212,𪃹
3713,16,揤,16,揤,w541a0907,揤,16,24213,揤
3714,1,逼,1,逼,w541a0908,逼,1,24214,逼
3714,2,偪,2,偪,w541a0909,偪,2,24215,偪
3714,3,皕,3,皕,w541a1001,皕,3,24216,皕
3714,4,幅,4,幅,w541a1002,幅,4,24217,幅
3714,5,楅,5,楅,w541a1003,楅,5,24218,楅
3714,6,䮠,6,䮠,w541a1004,䮠,6,24219,䮠
3714,7,湢,7,湢,w541a1005,湢,7,24220,湢
3714,8,䫾,8,䫾,w541a1006,䫾,8,24221,䫾
3714,9,㘠,9,㘠,w541a1007,㘠,9,24222,㘠
3714,10,皀,10,皀,w541a1008,皀,10,24223,皀
3715,1,域,1,域,w541b0101,域,1,24224,域
3715,2,蜮,2,蜮,w541b0102,蜮,2,24225,蜮
3715,3,罭,3,罭,w541b0103,罭,3,24226,罭
3715,4,棫,4,棫,w541b0104,棫,4,24227,棫
3715,5,㚜,5,㚜,w541b0105,㚜,5,24228,㚜
3715,6,𪂉,6,𪂉,w541b0106,𪂉,6,24229,𪂉
3715,7,𦈸,7,𦈸,w541b0107,𦈸,7,24230,𦈸
3715,8,琙,8,琙,w541b0108,琙,8,24231,琙
3715,9,𪑝,9,𪑝,w541b0201,𪑝,9,24232,𪑝
3715,10,緎,10,緎,w541b0202,緎,10,24233,緎
3715,11,䮙,11,䮙,w541b0203,䮙,11,24234,䮙
3715,12,魊,12,魊,w541b0204,魊,12,24235,魊
3715,13,淢,13,淢,w541b0205,淢,13,24236,淢
3715,14,𦱂,14,𦱂,w541b0206,𦱂,14,24237,𦱂
3716,1,洫,1,洫,w541b0207,洫,1,24238,洫
3716,2,侐,2,侐,w541b0301,侐,2,24239,侐
3716,3,䦗,3,䦗,w541b0302,䦗,3,24240,䦗
3716,4,閾,4,閾,w541b0303,閾,4,24241,閾
3716,5,𨵨,5,𨵨,w541b0304,𨵨,5,24242,𨵨
3716,6,𥄎,6,𥄎,w541b0305,𡕥,6,24243,𥄎
3716,7,㰲,7,㰲,w541b0306,㰲,7,24244,㰲
3716,8,𤷇,8,𤷇,w541b0307,𤷇,8,24245,𤷇
3716,9,𪑝,9,𪑝,w541b0308,𪑝,9,24246,𪑝
3716,10,緎,10,緎,w541b0309,緎,10,24247,緎
3716,11,𦑌,11,𦑌,w541b0401,𦑍,11,24248,𦑍
3716,12,𠷾,12,𠷾,w541b0402,𠷾,12,24249,𠷾
3716,13,淢,13,淢,w541b0403,淢,13,24250,淢
3716,14,𧹭,14,𧹭,w541b0404,𧹭,14,24251,𧹭
3717,1,堛,1,堛,w541b0405,堛,1,24252,堛
3717,2,愊,2,愊,w541b0406,愊,2,24253,愊
3717,3,踾,3,踾,w541b0407,踾,3,24254,踾
3717,4,𤗚,4,𤗚,w541b0408,𤗚,4,24255,𤗚
3717,5,𩜰,5,𩜰,w541b0409,𩜰,5,24256,𩜰
3717,6,揊,6,揊,w541b0501,揊,6,24257,揊
3717,7,稫,7,稫,w541b0502,稫,7,24258,稫
3717,8,副,8,副,w541b0503,副,8,24259,副
3717,9,畐,9,畐,w541b0504,畐,9,24260,畐
3717,10,䦼,10,䦼,w541b0505,䦼,10,24261,䦼
3717,11,𢾇,11,𢾇,w541b0506,𢾇,11,24262,𢾇
3717,12,㽬,12,㽬,w541b0507,㽬,12,24263,㽬
3717,13,疈,13,疈,w541b0601,疈,13,24264,疈
3718,1,稄,1,稄,w541b0602,稄,1,24265,稄
3718,2,𥟔,2,𥟔,w541b0603,𥟔,2,24266,𥟔
3718,3,𣅔,3,𣅔,w541b0604,𣅳,3,24267,𣅔
3718,4,𢯩,4,𢯩,w541b0605,𢯩,4,24268,𢯩
3718,5,仄,5,仄,w541b0606,仄,5,24269,仄
3718,6,昃,6,昃,w541b0701,𣅦,6,24270,𣅦
3718,7,㳁,7,㳁,w541b0702,㳁,7,24271,㳁
3718,8,萴,8,萴,w541b0703,萴,8,24272,萴
3718,9,側,9,側,w541b0704,側,9,24273,側
3718,10,夨,10,夨,w541b0705,夨,10,24274,夨
3718,11,𠨮,11,𠨮,w541b0801,𠨮,11,24275,𠨮
3719,1,愎,1,愎,w541b0802,愎,1,24276,愎
3719,2,腷,2,腷,w541b0803,腷,2,24277,腷
3719,3,𤐧,3,𤐧,w541b0804,𤐧,3,24278,𤐧
3719,4,𥻅,4,𥻅,w541b0805,𥻅〈煏〉,4,24279,𥻅
3719,5,𤗚,5,𤗚,w541b0806,𤗚,5,24280,𤗚
3719,6,馥,6,馥,w541b0807,馥,6,24281,馥
3719,7,踾,7,踾,w541b0808,踾,7,24282,踾
3719,8,鶝,8,鶝,w541b0901,鶝,8,24283,鶝
3720,1,嶷,1,嶷,w541b0902,嶷,1,24284,嶷
3720,2,薿,2,薿,w541b0903,薿,2,24285,薿
3720,3,㘈,3,㘈,w541b0904,㘈,3,24286,㘈
3720,4,懝,4,懝,w541b0905,懝,4,24287,懝
3720,5,觺,5,觺,w541b0906,觺,5,24288,觺
3721,1,堲,1,堲,w541b1001,堲,1,24289,堲
3721,2,垐,2,垐,w541b1002,垐,2,24290,垐
3721,3,𢯩,3,𢯩,w541b1003,𢯩,3,24291,𢯩
3722,1,𡮞,1,𡮞,w541b1004,𡮞,1,24292,𡮞
3722,2,𣮊,2,𣮊,w541b1005,𣮊,2,24293,𣮊
3722,3,𢕚,3,𢕚,w541b1006,𢕚,3,24294,𢕚
3723,1,䁇,1,䁇,w542a0101,䁇,1,24295,䁇
3724,1,瀷,1,瀷,w542a0102,瀷,1,24296,瀷
3724,2,𦔫,2,𦔫,w542a0103,𦔫,2,24297,𦔫
3725,1,德,1,德,w542a0201,德,1,24298,德
3725,2,惪,2,惪,w542a0202,惪,2,24299,惪
3725,3,𢛳,3,𢛳,w542a0301,𢛳,3,24300,㥁
3725,4,䙷,4,䙷,w542a0302,䙷,4,24301,䙷
3725,5,得,5,得,w542a0303,得,5,24302,得
3725,6,淂,6,淂,w542a0304,淂,6,24303,淂
3725,7,𨁽,7,𨁽,w542a0305,𨁽,7,24304,𨁽
3725,8,𣌏,8,𣌏,w542a0306,𣌏,8,24305,𣌏
3725,9,𠮊,9,𠮊,w542a0307,𠮊,9,24306,𠮊
3726,1,則,1,則,w542a0401,則,1,24307,則
3726,2,𠟻,2,𠟻,w542a0402,𠟻,2,24308,𠟻
3726,3,𠟭,3,𠟭,w542a0403,𠟭,3,24309,𠟭
3727,1,勒,1,勒,w542a0404,勒,1,24310,勒
3727,2,肋,2,肋,w542a0405,肋,2,24311,肋
3727,3,扐,3,扐,w542a0501,扐,3,24312,扐
3727,4,仂,4,仂,w542a0502,仂,4,24313,仂
3727,5,艻,5,艻,w542a0503,艻,5,24314,艻
3727,6,朸,6,朸,w542a0504,朸,6,24315,朸
3727,7,𤨕,7,𤨕,w542a0505,𤨕,7,24316,𤨕
3727,8,玏,8,玏,w542a0506,玏,8,24317,玏
3727,9,泐,9,泐,w542a0507,泐,9,24318,泐
3727,10,㔹,10,㔹,w542a0508,㔹,10,24319,㔹
3727,11,阞,11,阞,w542a0601,阞,11,24320,阞
3727,12,竻,12,竻,w542a0602,竻,12,24321,竻
3728,1,忒,1,忒,w542a0603,忒,1,24322,忒
3728,2,㧹,2,㧹,w542a0604,㧹,2,24323,㧹
3728,3,慝,3,慝,w542a0605,慝,3,24324,慝
3728,4,貣,4,貣,w542a0606,貣,4,24325,貣
3728,5,𥊸,5,𥊸,w542a0607,𥊸,5,24326,𥊸
3728,6,㥂,6,㥂,w542a0701,㥂,6,24327,㥂
3729,1,刻,1,刻,w542a0702,刻,1,24328,刻
3729,2,克,2,克,w542a0703,克,2,24329,克
3729,3,剋,3,剋,w542a0704,剋,3,24330,剋
3729,4,勀,4,勀,w542a0705,勊,4,24331,勀
3729,5,𡞢,5,𡞢,w542a0706,𡞢,5,24332,𡞢
3730,1,特,1,特,w542a0801,特,1,24333,特
3730,2,貣,2,貣,w542a0802,𧴮,2,24334,貣
3730,3,𧈩,3,𧈩,w542a0803,𧈱,3,24335,𧈩
3730,4,𧎢,4,𧎢,w542a0804,𧎢,4,24336,𧎢
3730,5,樴,5,樴,w542a0805,樴,5,24337,樴
3730,6,𤙰,6,𤙰,w542a0901,𤙰,6,24338,𤙰
3730,7,棏,7,棏,w542a0902,棏,7,24339,棏
3730,8,鴏,8,鴏,w542a0903,鴏,8,24340,鴏
3730,9,螣,9,螣,w542a0904,螣,9,24341,螣
3731,1,黑,1,黑,w542a0905,黒,1,24342,黑
3731,2,潶,2,潶,w542a0906,潶,2,24343,潶
3731,3,㱄,3,㱄,w542a0907,㱄,3,24344,㱄
3732,1,墨,1,墨,w542a0908,墨,1,24345,墨
3732,2,默,2,默,w542a1001,默,2,24346,默
3732,3,冒,3,冒,w542a1002,冒,3,24347,冒
3732,4,䘃,4,䘃,w542a1003,䘃,4,24348,䘃
3732,5,纆,5,纆,w542a1004,纆,5,24349,纆
3732,6,万,6,万,w542a1005,万,6,24350,万
3732,7,𢄏,7,𢄏,w542b0101,𢄏,7,24351,𢄏
3732,8,艒,8,艒,w542b0102,艒,8,24352,艒
3732,9,𡣫,9,𡣫,w542b0103,𡣫,9,24353,𡣫
3732,10,䁇,10,䁇,w542b0104,䁇,10,24354,䁇
3732,11,𥊷〈䁿〉,11,𥊷〈䁿〉,w542b0105,𥊷〈䁿〉,11,24355,䁿
3732,12,𤲰,12,𤲰,w542b0106,𤲰,12,24356,𤲰
3733,1,賊,1,賊,w542b0107,賊,1,24357,賊
3733,2,𧵪,2,𧵪,w542b0201,𧵪,2,24358,𧵪
3733,3,鱡,3,鱡,w542b0202,鱡,3,24359,鱡
3733,4,鰂,4,鰂,w542b0203,鰂,4,24360,鰂
3733,5,蠈,5,蠈,w542b0204,蠈,5,24361,蠈
3733,6,𣿐,6,𣿐,w542b0205,𣿐,6,24362,𣿐
3733,7,𦽒,7,𦽒,w542b0301,𦽒,7,24363,𦽒
3734,1,塞,1,塞,w542b0302,塞,1,24364,塞
3734,2,𡫼,2,𡫼,w542b0303,𡫼,2,24365,𡫼
3734,3,寨,3,寨,w542b0304,寨,3,24366,寨
3734,4,㥶,4,㥶,w542b0305,㥶,4,24367,㥶
3734,5,𢥛,5,𢥛,w542b0306,𢥛,5,24368,𢥛
3735,1,北,1,北,w542b0401,北,1,24369,北
3735,2,𧉥,2,𧉥,w542b0501,𧉥,2,24370,𧉥
3736,1,菔,1,菔,w542b0601,菔,1,24371,菔
3736,2,蔔,2,蔔,w542b0602,蔔,2,24372,蔔
3736,3,僰,3,僰,w542b0603,僰,3,24373,僰
3736,4,匐,4,匐,w542b0604,匐,4,24374,匐
3736,5,𠣵,5,𠣵,w542b0605,𠣵,5,24375,𠣵
3736,6,踣,6,踣,w542b0606,踣,6,24376,踣
3736,7,仆,7,仆,w542b0701,仆,7,24377,仆
3736,8,菩,8,菩,w542b0702,菩,8,24378,菩
3736,9,垘,9,垘,w542b0703,垘,9,24379,垘
3736,10,䞳,10,䞳,w542b0704,䞳,10,24380,䞳
3736,11,䵗,11,䵗,w542b0705,䵗,11,24381,䵗
3736,12,𧟱,12,𧟱,w542b0706,𧟱,12,24382,𧟱
3736,13,𢫯,13,𢫯,w542b0707,𢫯,13,24383,𢫯
3737,1,或,1,或,w542b0801,或,1,24384,或
3737,2,惑,2,惑,w542b0802,惑,2,24385,惑
3737,3,蜮,3,蜮,w542b0803,蜮,3,24386,蜮
3737,4,魊,4,魊,w542b0901,䰥,4,24387,䰥
3737,5,𡿿,5,𡿿,w542b0902,𡿿,5,24388,𡿿
3738,1,國,1,國,w542b0903,國,1,24389,國
3739,1,餩,1,餩,w542b0904,餩,1,24390,餩
3739,2,殕,2,殕,w542b1001,殕,2,24391,殕
3740,1,劾,1,劾,w542b1002,劾,1,24392,劾
3741,1,䘅,1,䘅,w542b1003,䘅,1,24393,䘅
3741,2,䎪,2,䎪,w542b1004,䎪,2,24394,䎪
3741,3,𣉘,3,𣉘,w542b1005,𣉘,3,24395,𣉘
3742,1,裓,1,裓,w543a0101,裓,1,24396,裓
3742,2,𢧧,2,𢧧,w543a0102,𢧧,2,24397,𢧧
3742,3,孂,3,孂,w543a0103,孂,3,24398,孂
3743,1,墄,1,墄,w543a0104,墄,1,24399,墄
3744,1,覆,1,覆,w543a0105,覆,1,24400,覆
3744,2,𧕡,2,𧕡,w543a0106,𧕡,2,24401,𧕡
3744,3,𠣾,3,𠣾,w543a0201,𠣾,3,24402,𠣾
3745,1,𢃤,1,𢃤,w543a0202,𢃤,1,24403,𢃤
3745,2,𥇙,2,𥇙,w543a0203,𥇙,2,24404,𥇙
3746,1,緝,1,緝,w543a0301,緝,1,24405,緝
3746,2,葺,2,葺,w543a0302,葺,2,24406,葺
3746,3,諿,3,諿,w543a0303,諿,3,24407,諿
3746,4,𧚨,4,𧚨,w543a0304,𧚨,4,24408,𧚨
3746,5,𪔪,5,𪔪,w543a0305,𪔪,5,24409,𪔪
3746,6,咠,6,咠,w543a0306,咠,6,24410,咠
3747,1,十,1,十,w543a0401,十,1,24411,十
3747,2,什,2,什,w543a0402,什,2,24412,什
3747,3,拾,3,拾,w543a0403,拾,3,24413,拾
3747,4,褶,4,褶,w543a0404,褶,4,24414,褶
3748,1,執,1,執,w543a0405,執,1,24415,執
3748,2,汁,2,汁,w543a0501,汁,2,24416,汁
3748,3,瓡,3,瓡,w543a0502,瓡,3,24417,瓡
3748,4,䥍,4,䥍,w543a0503,䥍,4,24418,䥍
3748,5,𡠗,5,𡠗,w543a0504,𡠗,5,24419,𡠗
3748,6,慹,6,慹,w543a0505,慹,6,24420,慹
3749,1,習,1,習,w543a0506,習,1,24421,習
3749,2,襲,2,襲,w543a0601,襲,2,24422,襲
3749,3,隰,3,隰,w543a0602,隰,3,24423,隰
3749,4,鰼,4,鰼,w543a0701,鰼,4,24424,鰼
3749,5,騽,5,騽,w543a0801,騽,5,24425,騽
3749,6,飁,6,飁,w543a0802,飁,6,24426,飁
3749,7,槢,7,槢,w543a0803,槢,7,24427,槢
3749,8,𪄶,8,𪄶,w543a0804,𪄶,8,24428,𪄶
3749,9,𦸚,9,𦸚,w543a0901,𦸚,9,24429,𦸚
3749,10,𥱵,10,𥱵,w543a0902,𥱵,10,24430,𥱵
3749,11,䒁,11,䒁,w543a0903,䒁,11,24431,䒁
3749,12,褶,12,褶,w543a0904,褶,12,24432,褶
3749,13,霫,13,霫,w543a0905,霫,13,24433,霫
3750,1,集,1,集,w543a0906,集,1,24434,集
3750,2,輯,2,輯,w543a1001,輯,2,24435,輯
3750,3,檝,3,檝,w543b0101,檝,3,24436,檝
3750,4,亼,4,亼,w543b0102,𠓛,4,24437,亼
3750,5,𠦫,5,𠦫,w543b0103,𠦫,5,24438,𠦫
3750,6,𦺴,6,𦺴,w543b0104,𦺴,6,24439,𦺴
3750,7,鏶,7,鏶,w543b0105,鏶,7,24440,鏶
3750,8,慹,8,慹,w543b0201,慹,8,24441,慹
3750,9,箿,9,箿,w543b0202,箿,9,24442,箿
3751,1,入,1,入,w543b0203,入,1,24443,入
3751,2,廿,2,廿,w543b0204,廿,2,24444,廿
3752,1,揖,1,揖,w543b0205,揖,1,24445,揖
3752,2,挹,2,挹,w543b0301,挹,2,24446,挹
3753,1,溼,1,溼,w543b0302,溼,1,24447,溼
3753,2,濕,2,濕,w543b0303,濕,2,24448,濕
3753,3,䏉,3,䏉,w543b0304,䏉,3,24449,䏉
3754,1,㗱,1,㗱,w543b0305,㗱,1,24450,㗱
3754,2,潗,2,潗,w543b0401,潗,2,24451,潗
3754,3,䌖,3,䌖,w543b0402,䌖,3,24452,䌖
3754,4,湒,4,湒,w543b0403,湒,4,24453,湒
3754,5,咠,5,咠,w543b0404,咠,5,24454,咠
3754,6,蓻,6,蓻,w543b0405,蓻,6,24455,蓻
3754,7,𧚨,7,𧚨,w543b0406,𧚨,7,24456,𧚨
3754,8,葺,8,葺,w543b0407,葺,8,24457,葺
3754,9,䁒,9,䁒,w543b0408,䁒,9,24458,䁒
3754,10,𥠋,10,𥠋,w543b0501,𥠋,10,24459,𥠋
3754,11,㠍,11,㠍,w543b0502,㠍,11,24460,㠍
3755,1,及,1,及,w543b0503,及,1,24461,及
3755,2,𨕤,2,𨕤,w543b0504,𨕤,2,24462,𨕤
3755,3,𦶍,3,𦶍,w543b0505,𦶍,3,24463,𦶍
3755,4,苙,4,苙,w543b0506,苙,4,24464,苙
3755,5,䲯,5,䲯,w543b0507,䲯,5,24465,䲯
3755,6,笈,6,笈,w543b0508,笈,6,24466,笈
3755,7,㧀,7,㧀,w543b0601,㧀,7,24467,㧀
3756,1,蟄,1,蟄,w543b0602,蟄,1,24468,蟄
3756,2,䐲,2,䐲,w543b0603,䐲,2,24469,䐲
3756,3,俋,3,俋,w543b0604,俋,3,24470,俋
3756,4,㙷,4,㙷,w543b0605,㙷,4,24471,㙷
3756,5,㞏,5,㞏,w543b0606,㞏,5,24472,㞏
3756,6,譶,6,譶,w543b0701,譶,6,24473,譶
3757,1,縶,1,縶,w543b0702,縶,1,24474,縶
3757,2,𩅀,2,𩅀,w543b0703,𩅀,2,24475,𩅀
3757,3,𩢏〈馽〉,3,𩢏〈馽〉,w543b0704,𩢏,3,24476,𩢏
3757,4,𡂣〈𡁉〉,4,𡂣〈𡁉〉,w543b0705,𡂣,4,24477,𡂣
3758,1,立,1,立,w543b0706,立,1,24478,立
3758,2,䶘,2,䶘,w543b0801,䶘,2,24479,䶘
3758,3,粒,3,粒,w543b0802,粒,3,24480,粒
3758,4,笠,4,笠,w543b0803,笠,4,24481,笠
3758,5,鴗,5,鴗,w543b0804,鴗,5,24482,鴗
3758,6,苙,6,苙,w543b0901,苙,6,24483,苙
3758,7,䇐,7,䇐,w543b0902,䇐,7,24484,䇐
3758,8,岦,8,岦,w543b0903,岦,8,24485,岦
3758,9,砬,9,砬,w543b0904,砬,9,24486,砬
3759,1,急,1,急,w543b0905,急,1,24487,急
3759,2,汲,2,汲,w543b0906,汲,2,24488,汲
3759,3,給,3,給,w543b1001,給,3,24489,給
3759,4,伋,4,伋,w543b1002,伋,4,24490,伋
3759,5,級,5,級,w543b1003,級,5,24491,級
3759,6,芨,6,芨,w544a0101,芨,6,24492,芨
3759,7,𦳌,7,𦳌,w544a0102,𦳌,7,24493,𦳌
3759,8,㽺,8,㽺,w544a0103,㽺,8,24494,㽺
3759,9,彶,9,彶,w544a0104,彶,9,24495,彶
3759,10,皀,10,皀,w544a0105,皀,10,24496,皀
3759,11,𩾳〈𪀐〉,11,𩾳〈𪀐〉,w544a0106,𩾳〈⿰鳥𠂜〉,11,24497,𩾳
3760,1,岌,1,岌,w544a0107,岌,1,24498,岌
3760,2,㱞,2,㱞,w544a0201,㱞,2,24499,㱞
3761,1,泣,1,泣,w544a0202,泣,1,24500,泣
3761,2,㬤,2,㬤,w544a0203,㬤,2,24501,㬤
3761,3,湆,3,湆,w544a0204,湆,3,24502,湆
3762,1,𩎕,1,𩎕,w544a0205,𩎕,1,24503,𩎕
3762,2,卌,2,卌,w544a0206,卌,2,24504,卌
3762,3,霫,3,霫,w544a0301,霫,3,24505,霫
3762,4,𧿅,4,𧿅,w544a0302,𧿅,4,24506,𧿅
3762,5,㗩,5,㗩,w544a0303,㗩,5,24507,㗩
3763,1,歰,1,歰,w544a0304,歰,1,24508,歰
3763,2,澀,2,澀,w544a0305,澀,2,24509,澀
3763,3,澁,3,澁,w544a0306,澁,3,24510,澁
3763,4,鈒,4,鈒,w544a0401,鈒,4,24511,鈒
3763,5,雭,5,雭,w544a0402,雭,5,24512,雭
3763,6,濇,6,濇,w544a0403,濇,6,24513,濇
3763,7,㒊,7,㒊,w544a0404,㒊,7,24514,㒊
3763,8,翜,8,翜,w544a0405,翜,8,24515,翜
3764,1,吸,1,吸,w544a0406,吸,1,24516,吸
3764,2,噏,2,噏,w544a0407,噏,2,24517,噏
3764,3,歙,3,歙,w544a0408,歙,3,24518,歙
3764,4,翕,4,翕,w544a0501,翕,4,24519,翕
3764,5,𧬈,5,𧬈,w544a0502,𧬈,5,24520,𧬈
3764,6,潝,6,潝,w544a0503,潝,6,24521,潝
3764,7,熻,7,熻,w544a0504,熻,7,24522,熻
3764,8,嬆,8,嬆,w544a0505,嬆,8,24523,嬆
3764,9,翖,9,翖,w544a0601,翖,9,24524,翖
3764,10,𨝫,10,𨝫,w544a0602,𨝫,10,24525,𨝫
3764,11,闟,11,闟,w544a0603,闟,11,24526,闟
3764,12,𪅲,12,𪅲,w544a0604,𪅲,12,24527,𪅲
3765,1,戢,1,戢,w544a0605,戢,1,24528,戢
3765,2,𥊬,2,𥊬,w544a0606,𥊬,2,24529,𥊬
3765,3,𧤏,3,𧤏,w544a0607,𧤏,3,24530,𧤏
3765,4,𧥄,4,𧥄,w544a0608,𧥄,4,24531,𧥄
3765,5,㗊,5,㗊,w544a0609,㗊,5,24532,㗊
3765,6,蕺,6,蕺,w544a0701,蕺,6,24533,蕺
3765,7,濈,7,濈,w544a0702,濈,7,24534,濈
3765,8,𠿠,8,𠿠,w544a0703,𠿠,8,24535,𠿠
3765,9,霵,9,霵,w544a0704,霵,9,24536,霵
3766,1,邑,1,邑,w544a0705,邑,1,24537,邑
3766,2,悒,2,悒,w544a0801,悒,2,24538,悒
3766,3,唈,3,唈,w544a0802,唈,3,24539,唈
3766,4,裛,4,裛,w544a0803,裛,4,24540,裛
3766,5,浥,5,浥,w544a0804,浥,5,24541,浥
3766,6,䓃,6,䓃,w544a0805,䓃,6,24542,䓃
3766,7,䭂,7,䭂,w544a0806,䭂,7,24543,䭂
3766,8,𦶂,8,𦶂,w544a0807,𦶂,8,24544,𦶂
3767,1,湁,1,湁,w544a0808,湁,1,24545,湁
3767,2,雴,2,雴,w544a0901,雴,2,24546,雴
3767,3,漐,3,漐,w544a0902,漐,3,24547,漐
3768,1,煜,1,煜,w544a0903,煜,1,24548,煜
3768,2,曄,2,曄,w544a0904,曄,2,24549,曄
3768,3,熠,3,熠,w544a0905,熠,3,24550,熠
3768,4,騽,4,騽,w544a0906,騽,4,24551,騽
3769,1,熠,1,熠,w544a0907,熠,1,24552,熠
3769,2,孴,2,孴,w544a1001,孴,2,24553,孴
3770,1,孨,1,孨,w544a1002,孨,1,24554,孨
3770,2,㵫,2,㵫,w544a1003,㵫,2,24555,㵫
3770,3,𣲷,3,𣲷,w544a1004,𣲷,3,24556,𣲷
3770,4,㘝,4,㘝,w544a1005,㘝,4,24557,㘝
3770,5,𦮾,5,𦮾,w544a1006,𦮾,5,24558,𦮾
3771,1,霵,1,霵,w544b0101,霵,1,24559,霵
3771,2,䯂,2,䯂,w544b0102,䯂,2,24560,䯂
3772,1,𩾳〈𪀐〉,1,𩾳〈𪀐〉,w544b0103,𩾳〈⿰鳥𠂜〉,1,24561,𩾳
3773,1,鵖,1,鵖,w544b0104,鵖,1,24562,鵖
3773,2,皀,2,皀,w544b0105,皀,2,24563,皀
3774,1,㞚,1,㞚,w544b0106,㞚,1,24564,㞚
3774,2,𡍪,2,𡍪,w544b0201,𡍪,2,24565,𡍪
3774,3,䙄,3,䙄,w544b0202,䙄,3,24566,䙄
3774,4,𢕬,4,𢕬,w544b0203,𢕬,4,24567,𢕬
3775,1,卙,1,卙,w544b0204,卙,1,24568,卙
3776,1,合,1,合,w544b0301,合,1,24569,合
3776,2,郃,2,郃,w544b0401,郃,2,24570,郃
3776,3,榙,3,榙,w544b0501,榙,3,24571,榙
3776,4,䢔,4,䢔,w544b0502,䢔,4,24572,䢔
3776,5,㭘,5,㭘,w544b0503,㭘,5,24573,㭘
3776,6,詥,6,詥,w544b0504,詥,6,24574,詥
3776,7,耠,7,耠,w544b0505,耠,7,24575,耠
3776,8,𡇶,8,𡇶,w544b0506,𡇶,8,24576,𡇶
3776,9,𪘁,9,𪘁,w544b0507,𪘁,9,24577,𪘁
3776,10,𦳬,10,𦳬,w544b0508,𦳬,10,24578,𦳬
3776,11,盒,11,盒,w544b0601,盒,11,24579,盒
3777,1,閤,1,閤,w544b0602,閤,1,24580,閤
3777,2,鴿,2,鴿,w544b0603,鴿,2,24581,鴿
3777,3,合,3,合,w544b0604,合,3,24582,合
3777,4,敆,4,敆,w544b0605,㪉,4,24583,㪉
3777,5,鉿,5,鉿,w544b0606,鉿,5,24584,鉿
3777,6,鮯,6,鮯,w544b0607,鮯,6,24585,鮯
3777,7,蛤,7,蛤,w544b0701,蛤,7,24586,蛤
3777,8,郃,8,郃,w544b0702,郃,8,24587,郃
3777,9,浩,9,浩,w544b0703,浩,9,24588,浩
3777,10,匌,10,匌,w544b0704,匌,10,24589,匌
3777,11,頜,11,頜,w544b0705,頜,11,24590,頜
3777,12,佮,12,佮,w544b0706,佮,12,24591,佮
3777,13,㧁,13,㧁,w544b0801,㧁,13,24592,㧁
3777,14,𣭝,14,𣭝,w544b0802,𣭝,14,24593,𣭝
3777,15,㭘,15,㭘,w544b0803,㭘,15,24594,㭘
3777,16,㠷,16,㠷,w544b0804,㠷,16,24595,㠷
3777,17,鞈,17,鞈,w544b0805,鞈,17,24596,鞈
3777,18,韐,18,韐,w544b0806,韐,18,24597,韐
3777,19,𢂷,19,𢂷,w544b0807,𢂷,19,24598,𢂷
3778,1,答,1,答,w544b0808,答,1,24599,答
3778,2,畣,2,畣,w544b0901,畣,2,24600,畣
3778,3,𨅞,3,𨅞,w544b0902,𨅞,3,24601,𨅞
3778,4,撘,4,撘,w544b0903,撘,4,24602,撘
3778,5,荅,5,荅,w544b0904,荅,5,24603,荅
3778,6,褡,6,褡,w544b0905,褡,6,24604,褡
3778,7,㜓,7,㜓,w544b0906,㜓,7,24605,㜓
3778,8,㾑,8,㾑,w544b1001,㾑,8,24606,㾑
3778,9,嗒,9,嗒,w544b1002,嗒,9,24607,嗒
3778,10,𤝰,10,𤝰,w544b1003,𤝰,10,24608,𤝰
3778,11,㿯,11,㿯,w544b1004,㿯,11,24609,㿯
3778,12,㯚,12,㯚,w544b1005,㯚,12,24610,㯚
3779,1,趿,1,趿,w544b1006,趿,1,24611,趿
3779,2,颯,2,颯,w544b1007,颯,2,24612,颯
3779,3,靸,3,靸,w544b1008,靸,3,24613,靸
3779,4,𩎕,4,𩎕,w545a0101,𩎕,4,24614,𩎕
3779,5,馺,5,馺,w545a0102,馺,5,24615,馺
3779,6,霅,6,霅,w545a0103,霅,6,24616,霅
3779,7,卅,7,卅,w545a0104,𠦃,7,24617,𠦄
3779,8,㚫,8,㚫,w545a0105,㚫,8,24618,㚫
3779,9,𣬬,9,𣬬,w545a0106,𣬬,9,24619,𣬬
3779,10,𢕬,10,𢕬,w545a0201,𢕬,10,24620,𢕬
3779,11,鈒,11,鈒,w545a0202,鈒,11,24621,鈒
3780,1,沓,1,沓,w545a0203,沓,1,24622,沓
3780,2,誻,2,誻,w545a0204,誻,2,24623,誻
3780,3,遝,3,遝,w545a0301,遝,3,24624,遝
3780,4,㧺,4,㧺,w545a0302,㧺,4,24625,㧺
3780,5,㭼,5,㭼,w545a0303,㭼,5,24626,㭼
3780,6,涾,6,涾,w545a0304,涾,6,24627,涾
3780,7,𩣯,7,𩣯,w545a0305,𩣯,7,24628,𩣯
3780,8,龖,8,龖,w545a0306,龖,8,24629,龖
3780,9,𠉤,9,𠉤,w545a0307,𠉤,9,24630,𠉤
3780,10,譶,10,譶,w545a0308,譶,10,24631,譶
3780,11,𣝋,11,𣝋,w545a0309,𣝋,11,24632,𣝋
3780,12,蹹,12,蹹,w545a0401,蹹,12,24633,蹹
3780,13,䂿,13,䂿,w545a0402,䂿,13,24634,䂿
3780,14,䜚,14,䜚,w545a0403,䜚,14,24635,䜚
3780,15,𦂀,15,𦂀,w545a0404,𦂀,15,24636,𦂀
3780,16,𦾽,16,𦾽,w545a0405,𦾽,16,24637,𦾽
3780,17,𧌏,17,𧌏,w545a0406,𧌏,17,24638,𧌏
3780,18,眔,18,眔,w545a0407,𥄳,18,24639,眔
3781,1,錔,1,錔,w545a0501,錔,1,24640,錔
3781,2,嚃,2,嚃,w545a0502,嚃,2,24641,嚃
3781,3,䓠,3,䓠,w545a0503,䓠,3,24642,䓠
3781,4,㛥,4,㛥,w545a0504,㛥,4,24643,㛥
3781,5,踏,5,踏,w545a0505,踏,5,24644,踏
3781,6,𢃕,6,𢃕,w545a0506,𢃕,6,24645,𢃕
3781,7,鞜,7,鞜,w545a0601,鞜,7,24646,鞜
3781,8,𦑇,8,𦑇,w545a0602,𦑇,8,24647,𦑇
3781,9,漯,9,漯,w545a0603,漯,9,24648,漯
3781,10,濕,10,濕,w545a0604,濕,10,24649,濕
3781,11,㹺,11,㹺,w545a0605,㹺,11,24650,㹺
3781,12,𦧟,12,𦧟,w545a0606,𦧟,12,24651,𦧟
3781,13,䶀,13,䶀,w545a0607,䶀,13,24652,䶀
3781,14,佮,14,佮,w545a0608,佮,14,24653,佮
3781,15,䵬,15,䵬,w545a0609,䵬,15,24654,䵬
3781,16,𪘁,16,𪘁,w545a0701,𪘁,16,24655,𪘁
3781,17,𨌭,17,𨌭,w545a0702,𨌭,17,24656,𨌭
3781,18,㭼,18,㭼,w545a0703,㭼,18,24657,㭼
3781,19,䍝,19,䍝,w545a0704,䍝,19,24658,䍝
3781,20,濌,20,濌,w545a0705,濌,20,24659,濌
3781,21,𪂌,21,𪂌,w545a0706,𪂌,21,24660,𪂌
3781,22,䈋,22,䈋,w545a0707,䈋,22,24661,䈋
3782,1,雜,1,雜,w545a0708,雜,1,24662,雜
3782,2,韴,2,韴,w545a0801,韴,2,24663,韴
3782,3,磼,3,磼,w545a0802,磼,3,24664,磼
3782,4,雥,4,雥,w545a0803,雥,4,24665,雥
3782,5,䕹,5,䕹,w545a0804,䕹,5,24666,䕹
3782,6,𨅔,6,𨅔,w545a0805,𨅔,6,24667,𨅔
3782,7,䣟,7,䣟,w545a0806,䣟,7,24668,䣟
3783,1,帀,1,帀,w545a0807,帀,1,24669,帀
3783,2,迊,2,迊,w545a0901,迊,2,24670,迊
3783,3,𠯗,3,𠯗,w545a0902,𠯗,3,24671,𠯗
3783,4,噆,4,噆,w545a0903,噆,4,24672,噆
3783,5,𣤶,5,𣤶,w545a0904,𣤶,5,24673,𣤶
3783,6,魳,6,魳,w545a0905,魳,6,24674,魳
3783,7,䍼,7,䍼,w545a0906,䍼,7,24675,䍼
3783,8,嘁,8,嘁,w545a0907,嘁,8,24676,嘁
3783,9,沞,9,沞,w545a0908,沞,9,24677,沞
3783,10,䞙,10,䞙,w545a0909,䞙,10,24678,䞙
3784,1,拉,1,拉,w545a1001,拉,1,24679,拉
3784,2,搚,2,搚,w545a1002,搚,2,24680,搚
3784,3,㩉,3,㩉,w545a1003,㩉,3,24681,㩉
3784,4,摺,4,摺,w545a1004,摺,4,24682,摺
3784,5,𦒆,5,𦒆,w545a1005,𦒆,5,24683,𦒆
3784,6,磖,6,磖,w545a1006,磖,6,24684,磖
3784,7,𪇹,7,𪇹,w545a1007,𪇹,7,24685,𪇹
3784,8,菈,8,菈,w545a1008,菈,8,24686,菈
3784,9,𣤊,9,𣤊,w545b0101,𣤊,9,24687,𣤊
3784,10,㕇,10,㕇,w545b0102,㕇,10,24688,㕇
3784,11,𤛊,11,𤛊,w545b0103,𤛊,11,24689,𤛊
3785,1,納,1,納,w545b0104,納,1,24690,納
3785,2,䪏,2,䪏,w545b0105,䪏,2,24691,䪏
3785,3,蒳,3,蒳,w545b0106,蒳,3,24692,蒳
3785,4,軜,4,軜,w545b0201,軜,4,24693,軜
3785,5,衲,5,衲,w545b0202,衲,5,24694,衲
3785,6,魶,6,魶,w545b0203,魶,6,24695,魶
3785,7,妠,7,妠,w545b0204,妠,7,24696,妠
3785,8,㨥,8,㨥,w545b0301,㨥,8,24697,㨥
3786,1,溘,1,溘,w545b0302,溘,1,24698,溘
3786,2,𣩄,2,𣩄,w545b0303,𣩄,2,24699,𣩄
3786,3,㧁,3,㧁,w545b0304,㧁,3,24700,㧁
3786,4,𠩧〈厒〉,4,𠩧〈厒〉,w545b0305,𠩧〈厒〉,4,24701,𠩧
3786,5,䆟,5,䆟,w545b0306,䆟,5,24702,䆟
3786,6,匌,6,匌,w545b0307,匌,6,24703,匌
3786,7,歁,7,歁,w545b0401,歁,7,24704,歁
3787,1,姶,1,姶,w545b0402,姶,1,24705,姶
3787,2,𤸱,2,𤸱,w545b0403,𤸱,2,24706,𤸱
3787,3,罨,3,罨,w545b0404,罨,3,24707,罨
3787,4,罯,4,罯,w545b0405,罯,4,24708,罯
3787,5,媕,5,媕,w545b0406,媕,5,24709,媕
3787,6,㔩,6,㔩,w545b0407,㔩,6,24710,㔩
3787,7,庵,7,庵,w545b0501,庵,7,24711,庵
3787,8,𨂁,8,𨂁,w545b0502,𨂁,8,24712,𨂁
3787,9,𩋊,9,𩋊,w545b0503,𩋊,9,24713,𩋊
3787,10,𩇠,10,𩇠,w545b0504,𩇠,10,24714,𩇠
3787,11,搕,11,搕,w545b0505,搕,11,24715,搕
3787,12,鞥,12,鞥,w545b0601,鞥,12,24716,鞥
3787,13,佮,13,佮,w545b0602,佮,13,24717,佮
3788,1,欱,1,欱,w545b0603,欱,1,24718,欱
3788,2,㽺,2,㽺,w545b0604,㽺,2,24719,㽺
3788,3,𣣹,3,𣣹,w545b0605,𣣹,3,24720,𣣹
3788,4,㾑,4,㾑,w545b0606,㾑,4,24721,㾑
3789,1,𣊡,1,𣊡,w545b0607,𣊡,1,24722,㬎
3789,2,礏,2,礏,w545b0608,礏,2,24723,礏
3789,3,哈,3,哈,w545b0701,哈,3,24724,哈
3789,4,儑,4,儑,w545b0702,儑,4,24725,儑
3789,5,𡀾,5,𡀾,w545b0703,𡀾,5,24726,𡀾
3789,6,砐,6,砐,w545b0704,砐,6,24727,砐
3789,7,礘,7,礘,w545b0705,礘,7,24728,礘
3789,8,㾑,8,㾑,w545b0706,㾑,8,24729,㾑
3789,9,䑥,9,䑥,w545b0707,䑥,9,24730,䑥
3789,10,魥,10,魥,w545b0708,魥,10,24731,魥
3790,1,䟃,1,䟃,w545b0709,䟃,1,24732,䟃
3790,2,㜗,2,㜗,w545b0801,㜗,2,24733,㜗
3791,1,遪,1,遪,w545b0802,遪,1,24734,遪
3792,1,唈,1,唈,w545b0803,唈,1,24735,唈
3793,1,盍,1,盍,w545b0901,盍,1,24736,盍
3793,2,闔,2,闔,w545b0902,闔,2,24737,闔
3793,3,𨶩,3,𨶩,w545b0903,𨶩,3,24738,𨶩
3793,4,嗑,4,嗑,w545b0904,嗑,4,24739,嗑
3793,5,蓋,5,蓋,w545b0905,蓋,5,24740,蓋
3793,6,𧪞,6,𧪞,w545b1001,｛𧪞｝,6,24741,𧪞
3793,7,篕,7,篕,w545b1002,篕,7,24742,篕
3793,8,㧁,8,㧁,w545b1003,㧁,8,24743,㧁
3793,9,𨜴,9,𨜴,w545b1004,𨜴,9,24744,𨜴
3793,10,熆,10,熆,w545b1005,熆,10,24745,熆
3794,1,臘,1,臘,w545b1006,臘,1,24746,臘
3794,2,臈,2,臈,w545b1007,臈,2,24747,臈
3794,3,𪙷,3,𪙷,w546a0101,𪙷,3,24748,𪙷
3794,4,䶘,4,䶘,w546a0102,䶘,4,24749,䶘
3794,5,鑞,5,鑞,w546a0103,鑞,5,24750,鑞
3794,6,蠟,6,蠟,w546a0104,蠟,6,24751,蠟
3794,7,䗶,7,䗶,w546a0105,䗶,7,24752,䗶
3794,8,擸,8,擸,w546a0106,擸,8,24753,擸
3794,9,𥀰,9,𥀰,w546a0107,𥀰,9,24754,𥀰
3794,10,𪇹,10,𪇹,w546a0108,𪇹,10,24755,𪇹
3794,11,搚,11,搚,w546a0109,搚,11,24756,搚
3794,12,𦒦,12,𦒦,w546a0201,𦒦,12,24757,𦒦
3794,13,𦅶,13,𦅶,w546a0202,䋵,13,24758,𦅶
3794,14,邋,14,邋,w546a0203,邋,14,24759,邋
3795,1,㿴,1,㿴,w546a0204,㿴,1,24760,㿴
3795,2,耷,2,耷,w546a0205,耷,2,24761,耷
3795,3,𢴄〈搨〉,3,𢴄〈搨〉,w546a0206,𢴄〈搨〉,3,24762,𢴄
3795,4,㩉,4,㩉,w546a0207,㩉,4,24763,㩉
3795,5,矺,5,矺,w546a0208,矺,5,24764,矺
3795,6,𠞈,6,𠞈,w546a0301,𠞈,6,24765,𠞈
3795,7,笚,7,笚,w546a0302,笚,7,24766,笚
3795,8,䓠,8,䓠,w546a0303,䓠,8,24767,䓠
3795,9,褡,9,褡,w546a0304,褡,9,24768,褡
3795,10,𩝣,10,𩝣,w546a0305,𩝣,10,24769,𩝣
3795,11,䪚,11,䪚,w546a0306,䪚,11,24770,䪚
3796,1,榻,1,榻,w546a0307,榻,1,24771,榻
3796,2,㯓,2,㯓,w546a0401,㯓,2,24772,㯓
3796,3,𦪙,3,𦪙,w546a0402,𦪙,3,24773,𦪙
3796,4,毾,4,毾,w546a0403,毾,4,24774,毾
3796,5,鰈,5,鰈,w546a0404,鰈,5,24775,鰈
3796,6,魼,6,魼,w546a0405,魼,6,24776,魼
3796,7,鰨,7,鰨,w546a0406,鰨,7,24777,鰨
3796,8,𦶑,8,𦶑,w546a0407,𦶑,8,24778,𦶑
3796,9,傝,9,傝,w546a0408,傝,9,24779,傝
3796,10,狧,10,狧,w546a0501,狧,10,24780,狧
3796,11,𦧭,11,𦧭,w546a0502,𦧭,11,24781,𦧭
3796,12,𧪦,12,𧪦,w546a0503,𧪦,12,24782,𧪦
3796,13,𦐇,13,𦐇,w546a0504,𦐇,13,24783,𦐇
3796,14,鞳,14,鞳,w546a0505,鞳,14,24784,鞳
3796,15,塔,15,塔,w546a0506,塔,15,24785,塔
3796,16,搭,16,搭,w546a0507,搭,16,24786,搭
3796,17,嗒,17,嗒,w546a0601,嗒,17,24787,嗒
3796,18,遢,18,遢,w546a0602,遢,18,24788,遢
3796,19,𩥑,19,𩥑,w546a0603,𩥑,19,24789,𩥑
3797,1,𣣹,1,𣣹,w546a0604,𣣹,1,24790,𣣹
3797,2,𩵢,2,𩵢,w546a0605,𩵢,2,24791,𩵢
3797,3,㽺,3,㽺,w546a0606,㽺,3,24792,㽺
3798,1,魶,1,魶,w546a0607,魶,1,24793,魶
3798,2,笝,2,笝,w546a0701,笝,2,24794,笝
3798,3,𩚛,3,𩚛,w546a0702,𩚛,3,24795,𩚛
3799,1,蹋,1,蹋,w546a0703,蹋,1,24796,蹋
3799,2,躢,2,躢,w546a0704,躢,2,24797,躢
3799,3,闒,3,闒,w546a0705,闒,3,24798,闒
3799,4,𤒻,4,𤒻,w546a0706,𤒻,4,24799,𤒻
3799,5,𧮑,5,𧮑,w546a0801,𧮑,5,24800,𧮑
3799,6,譫,6,譫,w546a0802,譫,6,24801,譫
3799,7,䍇,7,䍇,w546a0803,䍇,7,24802,䍇
3799,8,䳴,8,䳴,w546a0804,䳴,8,24803,䳴
3799,9,䈳,9,䈳,w546a0805,䈳,9,24804,䈳
3799,10,𦑲,10,𦑲,w546a0806,𦑲,10,24805,𦑲
3800,1,𠎷,1,𠎷,w546a0807,𠎷,1,24806,𠎷
3800,2,𠿓,2,𠿓,w546a0808,𠿓,2,24807,𠿓
3800,3,𢶍,3,𢶍,w546a0901,𢶍,3,24808,𢶍
3800,4,卅,4,卅,w546a0902,𠦃,4,24809,𠦃
3800,5,𨆂,5,𨆂,w546a0903,𨆂,5,24810,𨆂
3800,6,靸,6,靸,w546a0904,靸,6,24811,靸
3800,7,𩐅,7,𩐅,w546a0905,𩐅,7,24812,㪪
3801,1,儑,1,儑,w546a0906,儑,1,24813,儑
3801,2,𥋙,2,𥋙,w546a0907,𥋙,2,24814,𥋙
3802,1,䪞,1,䪞,w546a1001,䪞,1,24815,䪞
3802,2,𢶍,2,𢶍,w546a1002,𢶍,2,24816,𢶍
3803,1,䫦,1,䫦,w546a1003,䫦,1,24817,䫦
3803,2,𧪞,2,𧪞,w546a1004,𧪞,2,24818,𧪞
3803,3,嗑,3,嗑,w546a1005,嗑,3,24819,嗑
3803,4,蓋,4,蓋,w546a1006,蓋,4,24820,蓋
3803,5,閘,5,閘,w546b0101,閘,5,24821,閘
3803,6,鉀,6,鉀,w546b0102,鉀,6,24822,鉀
3803,7,䗘,7,䗘,w546b0103,䗘,7,24823,䗘
3803,8,𨜴,8,𨜴,w546b0104,𨜴,8,24824,𨜴
3804,1,榼,1,榼,w546b0105,榼,1,24825,榼
3804,2,磕,2,磕,w546b0106,磕,2,24826,磕
3804,3,𧛾,3,𧛾,w546b0107,𧛾,3,24827,𧛾
3804,4,㕎,4,㕎,w546b0108,㕎,4,24828,㕎
3804,5,䶀,5,䶀,w546b0201,䶀,5,24829,䶀
3804,6,𨍰,6,𨍰,w546b0202,𨍰,6,24830,𨍰
3805,1,鰪,1,鰪,w546b0203,鰪,1,24831,鰪
3805,2,盦,2,盦,w546b0204,盦,2,24832,盦
3805,3,廅,3,廅,w546b0205,廅,3,24833,廅
3805,4,𤸱,4,𤸱,w546b0206,𤸱,4,24834,𤸱
3806,1,囃,1,囃,w546b0207,囃,1,24835,囃
3806,2,𥗭,2,𥗭,w546b0301,𥗭,2,24836,𥗭
3806,3,䵽,3,䵽,w546b0302,䵽,3,24837,䵽
3807,1,砝,1,砝,w546b0303,砝,1,24838,砝
3807,2,𪁍,2,𪁍,w546b0304,𪁍,2,24839,𪁍
3808,1,譫,1,譫,w546b0305,譫,1,24840,譫
3809,1,葉,1,葉,w546b0401,葉,1,24841,葉
3809,2,楪,2,楪,w546b0402,楪,2,24842,楪
3809,3,揲,3,揲,w546b0403,揲,3,24843,揲
3809,4,鍱,4,鍱,w546b0404,鍱,4,24844,鍱
3809,5,偞,5,偞,w546b0405,偞,5,24845,偞
3809,6,枼,6,枼,w546b0501,枼,6,24846,枼
3809,7,㯿,7,㯿,w546b0502,㯿,7,24847,㯿
3809,8,煠,8,煠,w546b0503,煠,8,24848,煠
3809,9,䈎,9,䈎,w546b0504,䈎,9,24849,䈎
3809,10,殜,10,殜,w546b0505,殜,10,24850,殜
3810,1,接,1,接,w546b0506,接,1,24851,接
3810,2,椄,2,椄,w546b0601,椄,2,24852,椄
3810,3,睫,3,睫,w546b0602,睫,3,24853,睫
3810,4,䀹,4,䀹,w546b0603,䀹,4,24854,䀹
3810,5,楫,5,楫,w546b0604,楫,5,24855,楫
3810,6,檝,6,檝,w546b0605,檝,6,24856,檝
3810,7,婕,7,婕,w546b0701,婕,7,24857,婕
3810,8,菨,8,菨,w546b0702,菨,8,24858,菨
3810,9,𣶏,9,𣶏,w546b0703,𣶏,9,24859,𣶏
3810,10,鯜,10,鯜,w546b0704,鯜,10,24860,鯜
3810,11,䈉,11,䈉,w546b0705,䈉,11,24861,䈉
3811,1,攝,1,攝,w546b0706,攝,1,24862,攝
3811,2,灄,2,灄,w546b0801,灄,2,24863,灄
3811,3,葉,3,葉,w546b0802,葉,3,24864,葉
3811,4,歙,4,歙,w546b0803,歙,4,24865,歙
3811,5,欇,5,欇,w546b0804,欇,5,24866,欇
3811,6,𥍉,6,𥍉,w546b0901,𥍉,6,24867,𥍉
3811,7,弽,7,弽,w546b0902,弽,7,24868,弽
3811,8,韘,8,韘,w546b0903,韘,8,24869,韘
3812,1,涉,1,涉,w546b0904,涉,1,24870,涉
3812,2,𣻣,2,𣻣,w546b1001,𣻣,2,24871,𣻣
3812,3,欇,3,欇,w546b1002,欇,3,24872,欇
3812,4,䤮,4,䤮,w546b1003,䤮,4,24873,䤮
3813,1,獵,1,獵,w546b1004,獵,1,24874,獵
3813,2,鬣,2,鬣,w547a0101,鬣,2,24875,鬣
3813,3,㲱,3,㲱,w547a0102,㲱,3,24876,㲱
3813,4,躐,4,躐,w547a0103,躐,4,24877,躐
3813,5,䁽,5,䁽,w547a0104,䁽,5,24878,䁽
3813,6,𣋲,6,𣋲,w547a0105,𣋲,6,24879,𣋲
3813,7,擸,7,擸,w547a0106,擸,7,24880,擸
3813,8,儠,8,儠,w547a0201,儠,8,24881,儠
3813,9,犣,9,犣,w547a0202,犣,9,24882,犣
3813,10,䪉,10,䪉,w547a0203,䪉,10,24883,䪉
3813,11,㼲,11,㼲,w547a0204,㼲,11,24884,㼲
3813,12,䉭,12,䉭,w547a0205,𥶢,12,24885,䉭
3813,13,鱲,13,鱲,w547a0206,鱲,13,24886,鱲
3813,14,𡂏,14,𡂏,w547a0207,𡂏,14,24887,𡂏
3813,15,𥪂,15,𥪂,w547a0208,𥪂,15,24888,𥪂
3813,16,𠠗,16,𠠗,w547a0301,𠠌,16,24889,𠠗
3813,17,邋,17,邋,w547a0302,邋,17,24890,邋
3813,18,㯿,18,㯿,w547a0303,㯿,18,24891,㯿
3813,19,䜲,19,䜲,w547a0304,䜲,19,24892,䜲
3813,20,䃳,20,䃳,w547a0305,䃳,20,24893,䃳
3813,21,巤,21,巤,w547a0306,巤,21,24894,巤
3813,22,獦,22,獦,w547a0307,獦,22,24895,獦
3814,1,捷,1,捷,w547a0308,捷,1,24896,捷
3814,2,疌,2,疌,w547a0401,疌,2,24897,疌
3814,3,寁,3,寁,w547a0402,寁,3,24898,寁
3814,4,倢,4,倢,w547a0501,倢,4,24899,倢
3814,5,崨,5,崨,w547a0502,崨,5,24900,崨
3814,6,踕,6,踕,w547a0503,踕,6,24901,踕
3814,7,䌖,7,䌖,w547a0504,䌖,7,24902,䌖
3814,8,誱,8,誱,w547a0505,誱,8,24903,誱
3815,1,䐑,1,䐑,w547a0506,䐑,1,24904,䐑
3815,2,㙷,2,㙷,w547a0507,㙷,2,24905,㙷
3815,3,殜,3,殜,w547a0601,殜,3,24906,殜
3816,1,㪑,1,㪑,w547a0602,𢽱,1,24907,𢽱
3816,2,裛,2,裛,w547a0603,裛,2,24908,裛
3816,3,腌,3,腌,w547a0604,腌,3,24909,腌
3816,4,𦀖,4,𦀖,w547a0605,𦀖,4,24910,𦀖
3817,1,聶,1,聶,w547a0606,聶,1,24911,聶
3817,2,躡,2,躡,w547a0701,躡,2,24912,躡
3817,3,鑷,3,鑷,w547a0702,鑷,3,24913,鑷
3817,4,𤴘,3.5,𤴘,w547a0703,𤴘,4,24914,⿱入疌
3817,5,㚔,4,㚔,w547a0704,㚔,5,24915,㚔
3817,6,睪,5,睪,w547a0801,睪,6,24916,睪
3817,7,帇,6,帇,w547a0802,帇,7,24917,帇
3817,8,𩣘,7,𩣘,w547a0803,𩣘,8,24918,𩣘
3817,9,籋,8,籋,w547a0804,籋,9,24919,籋
3817,10,䌜,9,䌜,w547a0805,䌜,10,24920,䌜
3817,11,𣌍,10,𣌍,w547a0806,𣌍,11,24921,𣌍
3817,12,㸎,11,㸎,w547a0901,㸎,12,24922,㸎
3817,13,踂,12,踂,w547a0902,踂,13,24923,踂
3817,14,𥬬,13,𥬬,w547a0903,𥬬,14,24924,𥬬
3817,15,䳖,14,䳖,w547a0904,䳖,15,24925,䳖
3817,16,𣀳,15,𣀳,w547a0905,𣀳,16,24926,𣀳
3818,1,謵,1,謵,w547a0906,謵,1,24927,謵
3818,2,𣠞,2,𣠞,w547a0907,𣠞,2,24928,𣠞
3818,3,㚲,3,㚲,w547a0908,㚲,3,24929,㚲
3818,4,詀,4,詀,w547a0909,詀,4,24930,詀
3818,5,䧪,5,䧪,w547a0910,䧪,5,24931,䧪
3818,6,喢,6,喢,w547a1001,喢,6,24932,喢
3818,7,㤴,7,㤴,w547a1002,㤴,7,24933,㤴
3818,8,㳧,8,㳧,w547a1003,㳧,8,24934,㳧
3818,9,𦛖,9,𦛖,w547a1004,𦛖,9,24935,𦛖
3819,1,讘,1,讘,w547a1005,讘,1,24936,讘
3819,2,顳,2,顳,w547b0101,顳,2,24937,顳
3819,3,喦,3,喦,w547b0102,喦,3,24938,喦
3819,4,囁,4,囁,w547b0103,囁,4,24939,囁
3819,5,𦣀,5,𦣀,w547b0104,𦣀,5,24940,𦣀
3820,1,讋,1,讋,w547b0105,讋,1,24941,讋
3820,2,囁,2,囁,w547b0106,囁,2,24942,囁
3820,3,懾,3,懾,w547b0107,懾,3,24943,懾
3820,4,慴,4,慴,w547b0201,慴,4,24944,慴
3820,5,慹,5,慹,w547b0202,慹,5,24945,慹
3820,6,霅,6,霅,w547b0203,霅,6,24946,霅
3820,7,摺,7,摺,w547b0204,摺,7,24947,摺
3820,8,𣠞,8,𣠞,w547b0205,𣠞,8,24948,𣠞
3820,9,䜆,9,䜆,w547b0301,䜆,9,24949,䜆
3820,10,謺,10,謺,w547b0302,謺,10,24950,謺
3820,11,襵,11,襵,w547b0303,襵,11,24951,襵
3820,12,䝕,12,䝕,w547b0304,䝕,12,24952,䝕
3821,1,妾,1,妾,w547b0305,妾,1,24953,妾
3821,2,緁,2,緁,w547b0306,緁,2,24954,緁
3821,3,䌌,3,䌌,w547b0307,䌌,3,24955,䌌
3821,4,𠟪,4,𠟪,w547b0308,𠟪,4,24956,𠟪
3821,5,鏶,5,鏶,w547b0401,鏶,5,24957,鏶
3821,6,淁,6,淁,w547b0402,淁,6,24958,淁
3821,7,鯜,7,鯜,w547b0403,鯜,7,24959,鯜
3821,8,𣠺,8,𣠺,w547b0404,𣠺,8,24960,𣠺
3821,9,穕,9,穕,w547b0405,穕,9,24961,穕
3821,10,踥,10,踥,w547b0406,踥,10,24962,踥
3822,1,鍤,1,鍤,w547b0407,鍤,1,24963,鍤
3822,2,煠,2,煠,w547b0408,煠,2,24964,煠
3822,3,㤴,3,㤴,w547b0501,㤴,3,24965,㤴
3822,4,𩂻,4,𩂻,w547b0502,𩂻,4,24966,𩂻
3822,5,䈎,5,䈎,w547b0503,䈎,5,24967,䈎
3822,6,𥯥,6,𥯥,w547b0504,𥯥,6,24968,𥯥
3823,1,衱,1,衱,w547b0505,衱,1,24969,衱
3823,2,极,2,极,w547b0506,极,2,24970,极
3823,3,笈,3,笈,w547b0507,笈,3,24971,笈
3823,4,㭘,4,㭘,w547b0601,㭘,4,24972,㭘
3823,5,𩾳〈𪀐〉,5,𩾳〈𪀐〉,w547b0602,𩾳〈⿰鳥𠂜〉,5,24973,𩾳
3824,1,輒,1,輒,w547b0603,輒,1,24974,輒
3824,2,耴,2,耴,w547b0604,耴,2,24975,耴
3824,3,襵,3,襵,w547b0605,襵,3,24976,襵
3824,4,𦯍,4,𦯍,w547b0606,𦯍,4,24977,𦯍
3824,5,𢬴,5,𢬴,w547b0701,𢬴,5,24978,𢬴
3824,6,鮿,6,鮿,w547b0702,鮿,6,24979,鮿
3824,7,㡇,7,㡇,w547b0703,㡇,7,24980,㡇
3824,8,㭯,8,㭯,w547b0704,㭯,8,24981,㭯
3825,1,曄,1,曄,w547b0705,曄,1,24982,曄
3825,2,曅,2,曅,w547b0706,曅,2,24983,曅
3825,3,饁,3,饁,w547b0801,饁,3,24984,饁
3825,4,燁,4,燁,w547b0802,燁,4,24985,燁
3825,5,爗,5,爗,w547b0803,㷸,5,24986,爗
3825,6,皣,6,皣,w547b0804,皣,6,24987,皣
3825,7,瞱,7,瞱,w547b0805,瞱,7,24988,瞱
3826,1,𤷾,1,𤷾,w547b0806,𤷾,1,24989,𤷾
3827,1,萐,1,萐,w547b0807,萐,1,24990,萐
3827,2,箑,2,箑,w547b0901,箑,2,24991,箑
3827,3,歃,3,歃,w547b0902,歃,3,24992,歃
3827,4,霎,4,霎,w547b0903,霎,4,24993,霎
3827,5,喢,5,喢,w547b0904,喢,5,24994,喢
3827,6,㰼,6,㰼,w547b0905,㰼,6,24995,㰼
3828,1,𦀖,1,𦀖,w547b0906,𦀖,1,24996,𦀖
3828,2,鵖,2,鵖,w547b0907,鵖,2,24997,鵖
3829,1,魘,1,魘,w547b1001,魘,1,24998,魘
3829,2,擪,2,擪,w547b1002,擪,2,24999,擪
3829,3,靨,3,靨,w547b1003,靨,3,25000,靨
3829,4,嬮,4,嬮,w547b1004,嬮,4,25001,嬮
3829,5,𣄉〈𣃳〉,5,𣄉,w547b1005,𣄉〈𣃳〉,5,25002,𣄉
3829,6,厭,6,厭,w547b1006,厭,6,25003,厭
3829,7,𣚕,7,𣚕,w547b1007,𣚕,7,25004,𣚕
3830,1,怗,1,怗,w548a0101,怗,1,25005,怗
3830,2,帖,2,帖,w548a0102,帖,2,25006,帖
3830,3,𪔧,3,𪔧,w548a0103,𪔧,3,25007,𪔧
3830,4,鉆,4,鉆,w548a0104,鉆,4,25008,鉆
3830,5,䩞,5,䩞,w548a0105,䩞,5,25009,䩞
3830,6,貼,6,貼,w548a0106,貼,6,25010,貼
3830,7,跕,7,跕,w548a0201,跕,7,25011,跕
3830,8,蝶,8,蝶,w548a0202,蝶,8,25012,蝶
3830,9,䑜,9,䑜,w548a0203,䑜,9,25013,䑜
3830,10,呫,10,呫,w548a0204,呫,10,25014,呫
3830,11,㡇,11,㡇,w548a0205,㡇,11,25015,㡇
3831,1,協,1,協,w548a0206,協,1,25016,協
3831,2,叶,2,叶,w548a0207,叶,2,25017,叶
3831,3,勰,3,勰,w548a0208,勰,3,25018,勰
3831,4,綊,4,綊,w548a0209,綊,4,25019,綊
3831,5,挾,5,挾,w548a0301,挾,5,25020,挾
3831,6,俠,6,俠,w548a0302,俠,6,25021,俠
3831,7,𠗉,7,𠗉,w548a0303,𠗉,7,25022,𠗉
3831,8,劦,8,劦,w548a0304,劦,8,25023,劦
3831,9,𤙒,9,𤙒,w548a0305,𤙒,9,25024,𤙒
3831,10,𢂐,10,𢂐,w548a0306,𢂐,10,25025,𢂐
3832,1,頰,1,頰,w548a0307,頰,1,25026,頰
3832,2,𩠣,2,𩠣,w548a0401,𩠣,2,25027,𩠣
3832,3,鋏,3,鋏,w548a0402,鋏,3,25028,鋏
3832,4,筴,4,筴,w548a0403,筴,4,25029,筴
3832,5,梜,5,梜,w548a0404,梜,5,25030,梜
3832,6,莢,6,莢,w548a0405,莢,6,25031,莢
3832,7,蛺,7,蛺,w548a0406,蛺,7,25032,蛺
3832,8,唊,8,唊,w548a0407,唊,8,25033,唊
3832,9,𥞵,9,𥞵,w548a0501,𥞵,9,25034,𥞵
3833,1,愜,1,愜,w548a0502,愜,1,25035,愜
3833,2,㥦,2,㥦,w548a0503,㥦,2,25036,㥦
3833,3,悏,3,悏,w548a0504,悏,3,25037,悏
3833,4,㾜,4,㾜,w548a0505,㾜,4,25038,㾜
3833,5,匧,5,匧,w548a0506,匧,5,25039,匧
3833,6,篋,6,篋,w548a0507,篋,6,25040,篋
3833,7,㤲,7,㤲,w548a0601,㤲,7,25041,㤲
3833,8,㛍,8,㛍,w548a0602,㛍,8,25042,㛍
3834,1,牒,1,牒,w548a0603,牒,1,25043,牒
3834,2,喋,2,喋,w548a0604,喋,2,25044,喋
3834,3,蹀,3,蹀,w548a0605,蹀,3,25045,蹀
3834,4,諜,4,諜,w548a0606,諜,4,25046,諜
3834,5,堞,5,堞,w548a0701,堞,5,25047,堞
3834,6,𨈈,6,𨈈,w548a0702,𨈈,6,25048,𨈈
3834,7,氎,7,氎,w548a0703,㲲,7,25049,㲲
3834,8,𣯉,8,𣯉,w548a0704,𣯉,8,25050,𣯉
3834,9,褺,9,褺,w548a0705,褺,9,25051,褺
3834,10,曡,10,曡,w548a0706,曡,10,25052,曡
3834,11,疊,11,疊,w548a0901,疊,11,25053,疊
3834,12,䥡,12,䥡,w548a0902,䥡,12,25054,䥡
3834,13,慴,13,慴,w548a0903,慴,13,25055,慴
3834,14,䠟,14,䠟,w548a0904,䠟,14,25056,䠟
3834,15,㥈,15,㥈,w548a0905,㥈,15,25057,㥈
3834,16,𥷕,16,𥷕,w548a0906,𥷕,16,25058,𥷕
3834,17,牃,17,牃,w548a0907,牃,17,25059,牃
3834,18,褋,18,褋,w548a0908,褋,18,25060,褋
3834,19,墊,19,墊,w548a1001,墊,19,25061,墊
3834,20,惵,20,惵,w548a1002,惵,20,25062,惵
3834,21,褶,21,褶,w548a1003,褶,21,25063,褶
3834,22,𨐁,22,𨐁,w548a1004,𨐁,22,25064,𨐁
3834,23,蝶,23,蝶,w548a1005,蝶,23,25065,蝶
3834,24,𠗨,24,𠗨,w548a1006,𠗨,24,25066,𠗨
3834,25,䴑,25,䴑,w548a1007,䴑,25,25067,䴑
3834,26,揲,26,揲,w548b0101,揲,26,25068,揲
3834,27,㩹,27,㩹,w548b0102,㩹,27,25069,㩹
3834,28,𪑧,28,𪑧,w548b0103,𪑧,28,25070,𪑧
3834,29,䁋,29,䁋,w548b0104,䁋,29,25071,䁋
3834,30,𤗨,30,𤗨,w548b0105,𤗨,30,25072,𤗨
3835,1,苶,1,苶,w548b0106,苶,1,25073,苶
3835,2,埝,2,埝,w548b0201,埝,2,25074,埝
3835,3,暬,3,暬,w548b0202,暬,3,25075,暬
3835,4,𩐭,4,𩐭,w548b0203,𩐭,4,25076,𩐭
3835,5,捻,5,捻,w548b0204,捻,5,25077,捻
3835,6,錜,6,錜,w548b0205,錜,6,25078,錜
3835,7,慹,7,慹,w548b0206,慹,7,25079,慹
3835,8,敜,8,敜,w548b0207,敜,8,25080,敜
3835,9,攝,9,攝,w548b0208,攝,9,25081,攝
3835,10,㘨,10,㘨,w548b0301,㘨,10,25082,㘨
3835,11,籋,11,籋,w548b0302,籋,11,25083,籋
3835,12,鑈,12,鑈,w548b0303,鑈,12,25084,鑈
3835,13,惗,13,惗,w548b0304,惗,13,25085,惗
3835,14,𩋏,14,𩋏,w548b0305,𩋏,14,25086,𩋏
3835,15,菍,15,菍,w548b0306,菍,15,25087,菍
3836,1,燮,1,燮,w548b0307,燮,1,25088,燮
3836,2,屧,2,屧,w548b0401,屧,2,25089,屧
3836,3,屟,3,屟,w548b0402,屟,3,25090,屟
3836,4,躞,4,躞,w548b0403,躞,4,25091,躞
3836,5,韘,5,韘,w548b0404,韘,5,25092,韘
3836,6,𤫉,6,𤫉,w548b0405,𤫉,6,25093,𤫉
3836,7,𤏻,7,𤏻,w548b0406,𤏻,7,25094,𤏻
3836,8,鞢,8,鞢,w548b0407,鞢,8,25095,鞢
3836,9,徢,9,徢,w548b0501,徢,9,25096,徢
3836,10,𦔼,10,𦔼,w548b0502,𦔼,10,25097,𦔼
3836,11,𤗈,11,𤗈,w548b0503,𤗈,11,25098,𤗈
3836,12,蜨,12,蜨,w548b0504,蜨,12,25099,蜨
3836,13,𧕊,13,𧕊,w548b0505,𧕊,13,25100,𧕊
3836,14,䕈,14,䕈,w548b0506,䕈,14,25101,䕈
3836,15,𡞘,15,𡞘,w548b0507,𡞘,15,25102,𡞘
3836,16,𦩌,16,𦩌,w548b0508,𦩌,16,25103,𦩌
3837,1,㼲,1,㼲,w548b0509,㼲,1,25104,㼲
3837,2,𪑧,2,𪑧,w548b0601,𪑧,2,25105,𪑧
3837,3,𡂩,3,𡂩,w548b0602,𡂩,3,25106,𡂩
3837,4,𦖩,4,𦖩,w548b0603,𦖩,4,25107,𦖩
3838,1,聑,1,聑,w548b0604,聑,1,25108,聑
3838,2,𠲷,2,𠲷,w548b0605,𠲷,2,25109,𠲷
3838,3,𢬴,3,𢬴,w548b0606,𢬴,3,25110,𢬴
3838,4,笘,4,笘,w548b0607,笘,4,25111,笘
3838,5,喋,5,喋,w548b0608,喋,5,25112,喋
3838,6,㝪,6,㝪,w548b0701,㝪,6,25113,㝪
3838,7,跕,7,跕,w548b0702,跕,7,25114,跕
3838,8,䩞,8,䩞,w548b0703,䩞,8,25115,䩞
3838,9,𧚊,9,𧚊,w548b0704,𧚊,9,25116,𧚊
3838,10,㑙,10,㑙,w548b0705,㑙,10,25117,㑙
3838,11,𨓊,11,𨓊,w548b0706,𨓊,11,25118,𨓊
3838,12,涉,12,涉,w548b0707,涉,12,25119,涉
3839,1,䕹,1,䕹,w548b0708,䕹,1,25120,䕹
3840,1,浹,1,浹,w548b0801,浹,1,25121,浹
3840,2,𠗉,2,𠗉,w548b0802,𠗉,2,25122,𠗉
3840,3,㼪,3,㼪,w548b0803,㼪,3,25123,㼪
3841,1,弽,1,弽,w548b0804,弽,1,25124,弽
3841,2,䁋,2,䁋,w548b0805,䁋,2,25125,䁋
3841,3,㛍,3,㛍,w548b0806,㛍,3,25126,㛍
3841,4,偞,4,偞,w548b0807,偞,4,25127,偞
3842,1,䢡,1,䢡,w548b0901,䢡,1,25128,䢡
3843,1,洽,1,洽,w548b1001,洽,1,25129,洽
3843,2,䨐,2,䨐,w548b1002,䨐,2,25130,䨐
3843,3,狹,3,狹,w548b1003,狹,3,25131,狹
3843,4,陜,4,陜,w548b1004,陜,4,25132,陜
3843,5,陿,5,陿,w548b1005,陿,5,25133,陿
3843,6,祫,6,祫,w548b1006,祫,6,25134,祫
3843,7,峽,7,峽,w548b1007,峽,7,25135,峽
3843,8,硤,8,硤,w548b1008,硤,8,25136,硤
3843,9,𢈙,9,𢈙,w549a0101,𢈙,9,25137,𢈙
3843,10,𪘘,10,𪘘,w549a0102,𪘘,10,25138,𪘘
3843,11,𤲍,11,𤲍,w549a0201,𤲍,11,25139,𤲍
3843,12,烚,12,烚,w549a0202,烚,12,25140,烚
3843,13,珨,13,珨,w549a0203,珨,13,25141,珨
3843,14,䞩,14,䞩,w549a0204,䞩,14,25142,䞩
3844,1,恰,1,恰,w549a0205,恰,1,25143,恰
3844,2,掐,2,掐,w549a0206,掐,2,25144,掐
3844,3,䁍,3,䁍,w549a0207,䁍,3,25145,䁍
3844,4,㓣,4,㓣,w549a0208,㓣,4,25146,㓣
3844,5,䶢,5,䶢,w549a0209,䶢,5,25147,䶢
3844,6,帢,6,帢,w549a0210,帢,6,25148,帢
3844,7,𠕣,7,𠕣,w549a0401,𠕣,7,25149,𠕣
3844,8,𢂿,8,𢂿,w549a0402,𢂿,8,25150,𢂿
3844,9,㡊,9,㡊,w549a0403,㡊,9,25151,㡊
3844,10,𣁴,10,𣁴,w549a0404,𣁴,10,25152,𣁴
3845,1,𨖷〈箑〉,1,𨖷〈箑〉,w549a0405,𨖷〈箑〉,1,25153,𥯦
3845,2,煠,2,煠,w549a0406,煠,2,25154,煠
3845,3,䮢,3,䮢,w549a0407,䮢,3,25155,䮢
3845,4,渫,4,渫,w549a0408,渫,4,25156,渫
3845,5,牐,5,牐,w549a0501,牐,5,25157,牐
3845,6,𧼰,6,𧼰,w549a0502,𧼰,6,25158,𧼰
3846,1,夾,1,夾,w549a0503,夾,1,25159,夾
3846,2,郟,2,郟,w549a0504,郟,2,25160,郟
3846,3,筴,3,筴,w549a0601,筴,3,25161,筴
3846,4,韐,4,韐,w549a0602,韐,4,25162,韐
3846,5,𢂷,5,𢂷,w549a0603,𢂷,5,25163,𢂷
3846,6,跲,6,跲,w549a0604,跲,6,25164,跲
3846,7,袷,7,袷,w549a0605,袷,7,25165,袷
3846,8,裌,8,裌,w549a0606,裌,8,25166,裌
3846,9,䀫,9,䀫,w549a0607,䀫,9,25167,䀫
3846,10,餄,10,餄,w549a0608,餄,10,25168,餄
3846,11,㿓,11,㿓,w549a0701,㿓,11,25169,㿓
3846,12,䶢,12,䶢,w549a0702,䶢,12,25170,䶢
3846,13,鵊,13,鵊,w549a0703,鵊,13,25171,鵊
3846,14,䩡,14,䩡,w549a0704,䩡,14,25172,䩡
3846,15,鞈,15,鞈,w549a0705,鞈,15,25173,鞈
3847,1,眨,1,眨,w549a0706,眨,1,25174,眨
3847,2,㞚,2,㞚,w549a0707,㞚,2,25175,㞚
3847,3,偛,3,偛,w549a0708,偛,3,25176,偛
3847,4,䙄,4,䙄,w549a0801,䙄,4,25177,䙄
3847,5,𥀈,5,𥀈,w549a0802,𥀈,5,25178,𥀈
3847,6,䛽,6,䛽,w549a0803,䛽,6,25179,䛽
3848,1,插,1,插,w549a0804,插,1,25180,插
3848,2,臿,2,臿,w549a0805,臿,2,25181,臿
3848,3,疀,3,疀,w549a0806,疀,3,25182,疀
3848,4,鍤,4,鍤,w549a0901,鍤,4,25183,鍤
3848,5,扱,5,扱,w549a0902,扱,5,25184,扱
3848,6,笈,6,笈,w549a0903,笈,6,25185,笈
3848,7,㛼,7,㛼,w549a0904,㛼,7,25186,㛼
3848,8,㷅,8,㷅,w549a0905,㷅,8,25187,㷅
3848,9,喢,9,喢,w549a1001,喢,9,25188,喢
3848,10,𤜯,10,𤜯,w549a1002,𤜯,10,25189,𤜯
3849,1,㘝,1,㘝,w549a1003,㘝,1,25190,㘝
3849,2,𡤙,2,𡤙,w549a1004,𡤙,2,25191,𡤙
3849,3,㗙,3,㗙,w549a1005,㗙,3,25192,㗙
3849,4,㑳,4,㑳,w549a1006,㑳,4,25193,㑳
3850,1,䶎,1,䶎,w549a1007,䶎,1,25194,䶎
3850,2,欱,2,欱,w549b0101,欱,2,25195,欱
3850,3,㰰,3,㰰,w549b0102,㰰,3,25196,㰰
3850,4,敮,4,敮,w549b0103,敮,4,25197,敮
3851,1,霎,1,霎,w549b0104,霎,1,25198,霎
3851,2,歃,2,歃,w549b0105,歃,2,25199,歃
3851,3,箑,3,箑,w549b0106,箑,3,25200,箑
3851,4,䈉,4,䈉,w549b0107,䈉,4,25201,䈉
3851,5,萐,5,萐,w549b0108,萐,5,25202,萐
3851,6,喢,6,喢,w549b0201,喢,6,25203,喢
3851,7,𧳛,7,𧳛,w549b0202,𧳛,7,25204,𧳛
3852,1,劄,1,劄,w549b0203,劄,1,25205,劄
3852,2,𠍹,2,𠍹,w549b0204,𠍹,2,25206,𠍹
3852,3,𧉫,3,𧉫,w549b0205,𧉫,3,25207,𧉫
3853,1,𨂁,1,𨂁,w549b0301,𨂁,1,25208,𨂁
3853,2,凹,2,凹,w549b0302,凹,2,25209,凹
3853,3,浥,3,浥,w549b0303,浥,3,25210,浥
3853,4,圔,4,圔,w549b0304,圔,4,25211,圔
3854,1,䀴,1,䀴,w549b0305,䀴,1,25212,䀴
3855,1,𥃐,1,𥃐,w549b0306,𥃐〈𥃀〉,1,25213,𥃐
3856,1,狎,1,狎,w549b0501,狎,1,25214,狎
3856,2,翈,2,翈,w549b0502,翈,2,25215,翈
3856,3,霅,3,霅,w549b0503,霅,3,25216,霅
3856,4,𠗉,4,𠗉,w549b0504,𠗉,4,25217,𠗉
3856,5,柙,5,柙,w549b0601,柙,5,25218,柙
3856,6,匣,6,匣,w549b0602,匣,6,25219,匣
3856,7,𧆥,7,𧆥,w549b0603,𧆥,7,25220,𧆥
3856,8,𩉾〈𦾏〉,8,𩉾〈𦾏〉,w549b0604,𩉾〈𦾏〉,8,25221,𦾏
3856,9,𢘉,9,𢘉,w549b0605,𢘉,9,25222,𢘉
3856,10,炠,10,炠,w549b0606,炠,10,25223,炠
3856,11,笚,11,笚,w549b0607,笚,11,25224,笚
3857,1,𠗨,1,𠗨,w549b0608,𠗨,1,25225,𠗨
3857,2,喋,2,喋,w549b0701,喋,2,25226,喋
3857,3,擖,3,擖,w549b0702,擖,3,25227,擖
3857,4,霅,4,霅,w549b0703,霅,4,25228,霅
3857,5,𤁳,5,𤁳,w549b0704,𤁳,5,25229,𤁳
3857,6,鞢〈𧃹〉,6,鞢〈𧃹〉,w549b0705,鞢〈𧃹〉,6,25230,鞢
3858,1,鴨,1,鴨,w549b0706,鴨,1,25231,鴨
3858,2,壓,2,壓,w549b0801,壓,2,25232,壓
3858,3,庘,3,庘,w549b0802,庘,3,25233,庘
3858,4,䆘,4,䆘,w549b0803,䆘,4,25234,䆘
3858,5,閘,5,閘,w549b0804,閘,5,25235,閘
3858,6,押,6,押,w549b0805,押,6,25236,押
3859,1,甲,1,甲,w549b0901,甲,1,25237,甲
3859,2,胛,2,胛,w549b0902,胛,2,25238,胛
3859,3,梜,3,梜,w549b0903,梜,3,25239,梜
3859,4,押,4,押,w549b0904,押,4,25240,押
3859,5,𥑐,5,𥑐,w549b1001,𥑐,5,25241,𥑐
3859,6,鉀,6,鉀,w549b1002,鉀,6,25242,鉀
3859,7,玾,7,玾,w549b1003,玾,7,25243,玾
3859,8,𨒇,8,𨒇,w549b1004,𨒇,8,25244,𨒇
3859,9,𠩘,9,𠩘,w549b1005,𠩘,9,25245,𠩘
3859,10,𩌍,10,𩌍,w549b1006,𩌍,10,25246,𩌍
3860,1,翣,1,翣,w549b1007,翣,1,25247,翣
3860,2,𧲌,2,𧲌,w550a0101,𧲌,2,25248,𧲌
3860,3,啑,3,啑,w550a0102,啑,3,25249,啑
3860,4,帹,4,帹,w550a0103,帹,4,25250,帹
3860,5,翜,5,翜,w550a0104,翜,5,25251,翜
3860,6,䬊,6,䬊,w550a0105,䬊,6,25252,䬊
3860,7,㞚,7,㞚,w550a0106,㞚,7,25253,㞚
3860,8,𧻵,8,𧻵,w550a0107,𧻵,8,25254,𧻵
3861,1,呷,1,呷,w550a0108,呷,1,25255,呷
3861,2,譀,2,譀,w550a0201,譀,2,25256,譀
3861,3,䛅,3,䛅,w550a0202,䛅,3,25257,䛅
3861,4,𣢗,4,𣢗,w550a0203,𣢗,4,25258,𣢗
3862,1,業,1,業,w550a0301,業,1,25259,業
3862,2,㸣,2,㸣,w550a0401,㸣,2,25260,㸣
3862,3,鄴,3,鄴,w550a0402,鄴,3,25261,鄴
3862,4,驜,4,驜,w550a0403,驜,4,25262,驜
3862,5,嶪,5,嶪,w550a0501,嶪,5,25263,嶪
3862,6,𠟪,6,𠟪,w550a0502,𠟪,6,25264,𠟪
3862,7,䧨,7,䧨,w550a0503,䧨,7,25265,䧨
3862,8,㗼,8,㗼,w550a0504,㗼,8,25266,㗼
3862,9,𠄅,9,𠄅,w550a0505,𠄅,9,25267,𠄅
3862,10,𩑃,10,𩑃,w550a0506,𩑃,10,25268,𩑃
3862,11,䲜,11,䲜,w550a0507,䲜,11,25269,䲜
3862,12,𢢜,12,𢢜,w550a0508,𢢜,12,25270,𢢜
3862,13,𩼋,13,𩼋,w550a0509,𩼋,13,25271,𩼋
3862,14,鸈,14,鸈,w550a0601,鸈,14,25272,鸈
3862,15,澲,15,澲,w550a0602,澲,15,25273,澲
3863,1,脅,1,脅,w550a0603,脅,1,25274,脅
3863,2,𣣲,2,𣣲,w550a0604,𣣲,2,25275,𣣲
3863,3,𣢩,3,𣢩,w550a0605,𣢩,3,25276,𣢩
3863,4,愶,4,愶,w550a0606,愶,4,25277,愶
3863,5,㢵,5,㢵,w550a0607,㢵,5,25278,㢵
3863,6,嗋,6,嗋,w550a0608,嗋,6,25279,嗋
3863,7,熁,7,熁,w550a0701,熁,7,25280,熁
3863,8,𣹩,8,𣹩,w550a0702,𣹩,8,25281,𣹩
3863,9,拹,9,拹,w550a0703,拹,9,25282,拹
3864,1,怯,1,怯,w550a0704,怯,1,25283,怯
3864,2,㹤,2,㹤,w550a0705,㹤,2,25284,㹤
3864,3,抾,3,抾,w550a0706,抾,3,25285,抾
3864,4,呿,4,呿,w550a0707,呿,4,25286,呿
3864,5,魥,5,魥,w550a0801,魥,5,25287,魥
3864,6,胠,6,胠,w550a0802,胠,6,25288,胠
3864,7,𠩂,7,𠩂,w550a0803,𠩂,7,25289,𠩂
3864,8,㾀,8,㾀,w550a0804,㾀,8,25290,㾀
3864,9,𤴼,9,𤴼,w550a0805,𤴼,9,25291,𤴼
3865,1,劫,1,劫,w550a0806,劫,1,25292,劫
3865,2,衱,2,衱,w550a0901,衱,2,25293,衱
3865,3,袷,3,袷,w550a0902,袷,3,25294,袷
3865,4,蜐,4,蜐,w550a0903,蜐,4,25295,蜐
3865,5,跲,5,跲,w550a0904,跲,5,25296,跲
3865,6,鉣,6,鉣,w550a1001,鉣,6,25297,鉣
3865,7,砝,7,砝,w550a1002,砝,7,25298,砝
3865,8,𦀖,8,𦀖,w550a1003,𦀖,8,25299,𦀖
3865,9,䀷,9,䀷,w550a1004,䀷,9,25300,䀷
3866,1,腌,1,腌,w550a1005,腌,1,25301,腌
3866,2,䱒,2,䱒,w550a1006,䱒,2,25302,䱒
3866,3,罨,3,罨,w550a1007,罨,3,25303,罨
3866,4,裛,4,裛,w550a1008,裛,4,25304,裛
3866,5,䎨,5,䎨,w550b0101,䎨,5,25305,䎨
3866,6,殗,6,殗,w550b0102,殗,6,25306,殗
3866,7,㡋,7,㡋,w550b0103,㡋,7,25307,㡋
3866,8,浥,8,浥,w550b0104,浥,8,25308,浥
3866,9,㪑,9,㪑,w550b0105,𢽱,9,25309,㪑
3866,10,䤶,10,䤶,w550b0106,䤶,10,25310,䤶
3866,11,𩋊,11,𩋊,w550b0107,𩋊,11,25311,𩋊
3866,12,𦤡,12,𦤡,w550b0201,𦤡,12,25312,鄓
3866,13,餣,13,餣,w550b0202,餣,13,25313,餣
3866,14,䁆,14,䁆,w550b0203,䁆,14,25314,䁆
3867,1,殜,1,殜,w550b0204,殜,1,25315,殜
3867,2,𩐱,2,𩐱,w550b0205,𩐱,2,25316,𩐱
3868,1,跲,1,跲,w550b0206,跲,1,25317,跲
3868,2,㭘,2,㭘,w550b0207,㭘,2,25318,㭘
3868,3,昅,3,昅,w550b0301,昅,3,25319,昅
3868,4,极,4,极,w550b0302,极,4,25320,极
3868,5,笈,5,笈,w550b0303,笈,5,25321,笈
3869,1,乏,1,乏,w550b0401,乏,1,25322,乏
3869,2,泛,2,泛,w550b0402,泛,2,25323,泛
3869,3,姂,3,姂,w550b0403,姂,3,25324,姂
3870,1,法,1,法,w550b0404,法,1,25325,法
3870,2,灋,2,灋,w550b0501,灋,2,25326,灋
3871,1,𥎰,1,𥎰,w550b0502,𥎰,1,25327,𥎰
3872,1,猲,1,猲,w550b0503,猲,1,25328,猲
3872,2,姂,2,姂,w550b0601,姂,2,25329,姂
3873,1,䎎,1,䎎,w550b0602,䎎,1,25330,䎎
3873,2,𣹵,2,𣹵,w550b0603,𣹵,2,25331,𣹵
3873,3,𡷝,3,𡷝,w550b0604,𡷝,3,25332,𡷝
3874,1,𦑣,1,𦑣,w550b0605,𦑣,1,25333,𦑣
